time,temperature_2m,relative_humidity_2m,wind_speed_10m,wind_direction_10m,precipitation,boundary_layer_height,lat,lon
2024-01-01 00:00:00,17.5,80,6.1,357,0.0,50.0,23.03,72.58
2024-01-01 01:00:00,16.8,84,6.3,13,0.0,55.0,23.03,72.58
2024-01-01 02:00:00,16.0,88,5.8,4,0.0,55.0,23.03,72.58
2024-01-01 03:00:00,15.6,88,6.3,31,0.0,55.0,23.03,72.58
2024-01-01 04:00:00,15.5,88,7.4,47,0.0,50.0,23.03,72.58
2024-01-01 05:00:00,15.5,92,7.9,51,0.0,,23.03,72.58
2024-01-01 06:00:00,16.0,94,8.4,59,0.0,,23.03,72.58
2024-01-01 07:00:00,15.9,95,8.5,54,0.0,,23.03,72.58
2024-01-01 08:00:00,17.5,89,10.7,48,0.0,,23.03,72.58
2024-01-01 09:00:00,20.0,78,9.1,56,0.0,,23.03,72.58
2024-01-01 10:00:00,22.8,68,8.0,63,0.0,,23.03,72.58
2024-01-01 11:00:00,25.3,58,7.9,66,0.0,,23.03,72.58
2024-01-01 12:00:00,26.8,50,5.4,53,0.0,,23.03,72.58
2024-01-01 13:00:00,27.6,45,4.0,27,0.0,,23.03,72.58
2024-01-01 14:00:00,28.1,41,5.4,4,0.0,,23.03,72.58
2024-01-01 15:00:00,28.3,38,8.7,355,0.0,,23.03,72.58
2024-01-01 16:00:00,27.7,39,9.4,353,0.0,,23.03,72.58
2024-01-01 17:00:00,26.1,46,5.9,349,0.0,,23.03,72.58
2024-01-01 18:00:00,22.7,62,7.3,349,0.0,,23.03,72.58
2024-01-01 19:00:00,21.6,68,6.3,336,0.0,,23.03,72.58
2024-01-01 20:00:00,21.0,71,9.0,331,0.0,,23.03,72.58
2024-01-01 21:00:00,20.2,75,8.4,340,0.0,,23.03,72.58
2024-01-01 22:00:00,19.2,78,7.2,357,0.0,,23.03,72.58
2024-01-01 23:00:00,18.5,80,7.9,24,0.0,,23.03,72.58
2024-01-02 00:00:00,17.8,82,7.1,15,0.0,,23.03,72.58
2024-01-02 01:00:00,17.0,87,6.9,28,0.0,,23.03,72.58
2024-01-02 02:00:00,16.6,91,7.4,43,0.0,,23.03,72.58
2024-01-02 03:00:00,16.4,93,7.9,47,0.0,,23.03,72.58
2024-01-02 04:00:00,16.1,93,8.4,47,0.0,,23.03,72.58
2024-01-02 05:00:00,15.9,93,8.7,45,0.0,,23.03,72.58
2024-01-02 06:00:00,16.3,94,11.0,49,0.0,,23.03,72.58
2024-01-02 07:00:00,16.1,94,10.7,48,0.0,,23.03,72.58
2024-01-02 08:00:00,17.6,87,11.5,51,0.0,,23.03,72.58
2024-01-02 09:00:00,19.9,77,11.5,58,0.0,,23.03,72.58
2024-01-02 10:00:00,22.5,68,10.6,62,0.0,,23.03,72.58
2024-01-02 11:00:00,24.6,61,9.0,61,0.0,,23.03,72.58
2024-01-02 12:00:00,26.0,57,6.9,43,0.0,,23.03,72.58
2024-01-02 13:00:00,27.1,51,6.2,7,0.0,,23.03,72.58
2024-01-02 14:00:00,27.8,46,8.8,348,0.0,,23.03,72.58
2024-01-02 15:00:00,27.9,43,10.8,345,0.0,,23.03,72.58
2024-01-02 16:00:00,27.6,43,11.4,342,0.0,,23.03,72.58
2024-01-02 17:00:00,26.2,47,10.0,330,0.0,,23.03,72.58
2024-01-02 18:00:00,22.7,61,9.0,323,0.0,,23.03,72.58
2024-01-02 19:00:00,21.6,63,9.9,327,0.0,,23.03,72.58
2024-01-02 20:00:00,20.4,67,8.4,329,0.0,,23.03,72.58
2024-01-02 21:00:00,19.5,71,8.4,335,0.0,,23.03,72.58
2024-01-02 22:00:00,18.6,74,7.9,336,0.0,,23.03,72.58
2024-01-02 23:00:00,17.8,77,7.8,338,0.0,,23.03,72.58
2024-01-03 00:00:00,17.2,78,8.6,338,0.0,,23.03,72.58
2024-01-03 01:00:00,16.2,79,7.8,13,0.0,,23.03,72.58
2024-01-03 02:00:00,15.4,82,6.1,3,0.0,,23.03,72.58
2024-01-03 03:00:00,15.1,84,8.1,21,0.0,,23.03,72.58
2024-01-03 04:00:00,14.9,89,8.2,41,0.0,,23.03,72.58
2024-01-03 05:00:00,15.1,94,8.4,50,0.0,,23.03,72.58
2024-01-03 06:00:00,15.6,96,9.7,59,0.0,,23.03,72.58
2024-01-03 07:00:00,15.4,96,8.7,60,0.0,,23.03,72.58
2024-01-03 08:00:00,16.8,90,10.7,57,0.0,,23.03,72.58
2024-01-03 09:00:00,19.1,79,10.1,55,0.0,,23.03,72.58
2024-01-03 10:00:00,21.6,70,10.1,55,0.0,,23.03,72.58
2024-01-03 11:00:00,23.8,62,10.0,49,0.0,,23.03,72.58
2024-01-03 12:00:00,25.4,52,10.5,31,0.0,,23.03,72.58
2024-01-03 13:00:00,26.3,44,11.8,20,0.0,,23.03,72.58
2024-01-03 14:00:00,26.8,40,12.3,15,0.0,,23.03,72.58
2024-01-03 15:00:00,26.9,38,11.9,14,0.0,,23.03,72.58
2024-01-03 16:00:00,26.5,36,12.1,10,0.0,,23.03,72.58
2024-01-03 17:00:00,24.9,40,8.6,360,0.0,,23.03,72.58
2024-01-03 18:00:00,21.3,51,8.3,358,0.0,,23.03,72.58
2024-01-03 19:00:00,20.4,50,10.1,360,0.0,,23.03,72.58
2024-01-03 20:00:00,19.1,54,8.0,8,0.0,,23.03,72.58
2024-01-03 21:00:00,17.5,63,7.0,35,0.0,,23.03,72.58
2024-01-03 22:00:00,16.7,69,7.7,37,0.0,,23.03,72.58
2024-01-03 23:00:00,16.2,75,8.5,36,0.0,,23.03,72.58
2024-01-04 00:00:00,15.9,79,10.0,38,0.0,,23.03,72.58
2024-01-04 01:00:00,15.7,80,10.8,37,0.0,,23.03,72.58
2024-01-04 02:00:00,15.4,80,11.1,36,0.0,,23.03,72.58
2024-01-04 03:00:00,15.1,82,12.0,39,0.0,,23.03,72.58
2024-01-04 04:00:00,14.8,85,12.0,44,0.0,,23.03,72.58
2024-01-04 05:00:00,14.5,87,11.8,50,0.0,,23.03,72.58
2024-01-04 06:00:00,14.7,89,13.1,58,0.0,,23.03,72.58
2024-01-04 07:00:00,14.4,90,13.0,56,0.0,,23.03,72.58
2024-01-04 08:00:00,15.9,83,14.7,54,0.0,,23.03,72.58
2024-01-04 09:00:00,18.2,73,13.4,59,0.0,,23.03,72.58
2024-01-04 10:00:00,20.6,65,12.0,57,0.0,,23.03,72.58
2024-01-04 11:00:00,22.8,59,11.8,52,0.0,,23.03,72.58
2024-01-04 12:00:00,24.6,54,11.2,42,0.0,,23.03,72.58
2024-01-04 13:00:00,25.7,44,11.5,32,0.0,,23.03,72.58
2024-01-04 14:00:00,26.3,36,12.6,20,0.0,,23.03,72.58
2024-01-04 15:00:00,26.4,33,13.0,14,0.0,,23.03,72.58
2024-01-04 16:00:00,25.9,32,12.5,12,0.0,,23.03,72.58
2024-01-04 17:00:00,23.9,39,6.5,6,0.0,,23.03,72.58
2024-01-04 18:00:00,19.9,52,7.0,348,0.0,,23.03,72.58
2024-01-04 19:00:00,18.8,55,8.4,340,0.0,,23.03,72.58
2024-01-04 20:00:00,17.9,59,8.0,350,0.0,,23.03,72.58
2024-01-04 21:00:00,16.5,63,7.2,37,0.0,,23.03,72.58
2024-01-04 22:00:00,15.7,69,7.1,41,0.0,,23.03,72.58
2024-01-04 23:00:00,15.2,76,7.9,43,0.0,,23.03,72.58
2024-01-05 00:00:00,15.0,78,8.9,43,0.0,,23.03,72.58
2024-01-05 01:00:00,14.6,79,8.7,42,0.0,,23.03,72.58
2024-01-05 02:00:00,14.3,80,9.4,40,0.0,,23.03,72.58
2024-01-05 03:00:00,14.0,81,9.4,40,0.0,,23.03,72.58
2024-01-05 04:00:00,13.8,83,9.9,44,0.0,,23.03,72.58
2024-01-05 05:00:00,13.6,85,9.7,45,0.0,,23.03,72.58
2024-01-05 06:00:00,13.9,91,10.7,48,0.0,,23.03,72.58
2024-01-05 07:00:00,13.8,91,11.0,49,0.0,,23.03,72.58
2024-01-05 08:00:00,15.4,84,13.0,48,0.0,,23.03,72.58
2024-01-05 09:00:00,17.8,73,11.5,58,0.0,,23.03,72.58
2024-01-05 10:00:00,20.3,66,11.1,61,0.0,,23.03,72.58
2024-01-05 11:00:00,22.5,61,10.5,59,0.0,,23.03,72.58
2024-01-05 12:00:00,24.1,56,9.5,53,0.0,,23.03,72.58
2024-01-05 13:00:00,25.1,49,8.7,38,0.0,,23.03,72.58
2024-01-05 14:00:00,25.7,43,9.3,28,0.0,,23.03,72.58
2024-01-05 15:00:00,25.9,42,10.0,15,0.0,,23.03,72.58
2024-01-05 16:00:00,25.6,41,11.2,6,0.0,,23.03,72.58
2024-01-05 17:00:00,24.0,46,6.9,6,0.0,,23.03,72.58
2024-01-05 18:00:00,20.3,53,8.6,2,0.0,,23.03,72.58
2024-01-05 19:00:00,19.0,54,8.0,5,0.0,,23.03,72.58
2024-01-05 20:00:00,17.8,60,7.6,360,0.0,,23.03,72.58
2024-01-05 21:00:00,16.3,69,6.5,360,0.0,,23.03,72.58
2024-01-05 22:00:00,15.6,73,7.6,31,0.0,,23.03,72.58
2024-01-05 23:00:00,15.1,73,7.7,28,0.0,,23.03,72.58
2024-01-06 00:00:00,14.8,67,9.4,32,0.0,,23.03,72.58
2024-01-06 01:00:00,14.7,67,10.3,36,0.0,,23.03,72.58
2024-01-06 02:00:00,14.6,76,10.7,48,0.0,,23.03,72.58
2024-01-06 03:00:00,14.6,80,11.3,59,0.0,,23.03,72.58
2024-01-06 04:00:00,14.5,82,12.5,57,0.0,,23.03,72.58
2024-01-06 05:00:00,14.3,85,13.2,55,0.0,,23.03,72.58
2024-01-06 06:00:00,14.7,89,13.5,56,0.0,,23.03,72.58
2024-01-06 07:00:00,14.4,90,14.0,55,0.0,,23.03,72.58
2024-01-06 08:00:00,15.8,83,15.6,52,0.0,,23.03,72.58
2024-01-06 09:00:00,18.1,72,15.2,54,0.0,,23.03,72.58
2024-01-06 10:00:00,20.4,64,15.2,54,0.0,,23.03,72.58
2024-01-06 11:00:00,22.5,57,15.4,53,0.0,,23.03,72.58
2024-01-06 12:00:00,24.2,50,14.5,55,0.0,,23.03,72.58
2024-01-06 13:00:00,25.3,45,13.3,49,0.0,,23.03,72.58
2024-01-06 14:00:00,25.9,41,13.0,44,0.0,,23.03,72.58
2024-01-06 15:00:00,26.1,38,13.6,40,0.0,,23.03,72.58
2024-01-06 16:00:00,25.7,38,13.6,37,0.0,,23.03,72.58
2024-01-06 17:00:00,24.0,45,8.9,40,0.0,,23.03,72.58
2024-01-06 18:00:00,19.9,60,7.9,39,0.0,,23.03,72.58
2024-01-06 19:00:00,18.9,63,8.7,48,0.0,,23.03,72.58
2024-01-06 20:00:00,18.0,67,9.2,51,0.0,,23.03,72.58
2024-01-06 21:00:00,17.4,69,10.2,39,0.0,,23.03,72.58
2024-01-06 22:00:00,17.1,71,12.3,38,0.0,,23.03,72.58
2024-01-06 23:00:00,16.9,72,14.3,41,0.0,,23.03,72.58
2024-01-07 00:00:00,16.6,72,14.0,48,0.0,,23.03,72.58
2024-01-07 01:00:00,16.2,73,14.1,50,0.0,,23.03,72.58
2024-01-07 02:00:00,15.9,75,14.5,48,0.0,,23.03,72.58
2024-01-07 03:00:00,15.6,77,14.8,45,0.0,,23.03,72.58
2024-01-07 04:00:00,15.3,78,15.0,48,0.0,,23.03,72.58
2024-01-07 05:00:00,15.1,79,14.8,49,0.0,,23.03,72.58
2024-01-07 06:00:00,15.7,78,15.0,55,0.0,,23.03,72.58
2024-01-07 07:00:00,15.7,78,15.9,57,0.0,,23.03,72.58
2024-01-07 08:00:00,16.9,74,15.9,57,0.0,,23.03,72.58
2024-01-07 09:00:00,18.7,67,18.2,60,0.0,,23.03,72.58
2024-01-07 10:00:00,20.9,61,17.6,59,0.0,,23.03,72.58
2024-01-07 11:00:00,22.9,57,16.9,61,0.0,,23.03,72.58
2024-01-07 12:00:00,24.5,54,15.9,62,0.0,,23.03,72.58
2024-01-07 13:00:00,25.6,52,15.8,60,0.0,,23.03,72.58
2024-01-07 14:00:00,26.3,51,15.4,57,0.0,,23.03,72.58
2024-01-07 15:00:00,26.5,51,14.5,55,0.0,,23.03,72.58
2024-01-07 16:00:00,26.2,52,14.3,49,0.0,,23.03,72.58
2024-01-07 17:00:00,25.1,56,11.7,47,0.0,,23.03,72.58
2024-01-07 18:00:00,22.2,65,8.9,43,0.0,,23.03,72.58
2024-01-07 19:00:00,21.4,68,10.2,45,0.0,,23.03,72.58
2024-01-07 20:00:00,20.7,70,10.0,41,0.0,,23.03,72.58
2024-01-07 21:00:00,20.3,70,10.6,35,0.0,,23.03,72.58
2024-01-07 22:00:00,19.8,70,11.5,39,0.0,,23.03,72.58
2024-01-07 23:00:00,19.5,70,13.2,45,0.0,,23.03,72.58
2024-01-08 00:00:00,19.0,72,13.1,53,0.0,,23.03,72.58
2024-01-08 01:00:00,18.5,78,13.5,56,0.0,,23.03,72.58
2024-01-08 02:00:00,18.0,82,12.8,58,0.0,,23.03,72.58
2024-01-08 03:00:00,17.6,86,12.8,58,0.0,,23.03,72.58
2024-01-08 04:00:00,17.3,87,13.2,55,0.0,,23.03,72.58
2024-01-08 05:00:00,17.0,88,13.8,49,0.0,,23.03,72.58
2024-01-08 06:00:00,18.1,84,13.6,50,0.0,,23.03,72.58
2024-01-08 07:00:00,17.7,85,13.5,48,0.0,,23.03,72.58
2024-01-08 08:00:00,18.9,79,12.7,47,0.0,,23.03,72.58
2024-01-08 09:00:00,20.9,71,15.0,55,0.0,,23.03,72.58
2024-01-08 10:00:00,22.4,66,15.2,59,0.0,,23.03,72.58
2024-01-08 11:00:00,24.5,61,13.9,65,0.0,,23.03,72.58
2024-01-08 12:00:00,25.9,58,11.6,64,0.0,,23.03,72.58
2024-01-08 13:00:00,26.4,57,10.8,53,0.0,,23.03,72.58
2024-01-08 14:00:00,26.9,56,10.7,50,0.0,,23.03,72.58
2024-01-08 15:00:00,27.5,54,9.4,40,0.0,,23.03,72.58
2024-01-08 16:00:00,27.4,54,10.3,29,0.0,,23.03,72.58
2024-01-08 17:00:00,26.4,58,9.0,23,0.0,,23.03,72.58
2024-01-08 18:00:00,23.1,71,5.8,30,0.0,,23.03,72.58
2024-01-08 19:00:00,23.3,71,6.6,29,0.0,,23.03,72.58
2024-01-08 20:00:00,23.1,72,8.0,5,0.0,,23.03,72.58
2024-01-08 21:00:00,22.5,74,10.9,354,0.0,,23.03,72.58
2024-01-08 22:00:00,21.3,78,12.8,350,0.0,,23.03,72.58
2024-01-08 23:00:00,20.5,68,14.4,347,0.0,,23.03,72.58
2024-01-09 00:00:00,20.0,65,14.4,356,0.0,,23.03,72.58
2024-01-09 01:00:00,19.6,73,13.6,17,0.0,,23.03,72.58
2024-01-09 02:00:00,19.4,79,13.0,34,0.0,,23.03,72.58
2024-01-09 03:00:00,19.4,80,9.2,26,0.0,,23.03,72.58
2024-01-09 04:00:00,19.2,81,7.3,9,0.0,,23.03,72.58
2024-01-09 05:00:00,18.7,84,7.2,354,0.0,,23.03,72.58
2024-01-09 06:00:00,18.4,84,8.2,23,0.0,,23.03,72.58
2024-01-09 07:00:00,18.1,87,11.4,11,0.0,,23.03,72.58
2024-01-09 08:00:00,19.7,80,13.9,17,0.0,,23.03,72.58
2024-01-09 09:00:00,21.5,73,11.6,22,0.0,,23.03,72.58
2024-01-09 10:00:00,23.7,65,12.4,17,0.0,,23.03,72.58
2024-01-09 11:00:00,25.6,57,14.3,18,0.0,,23.03,72.58
2024-01-09 12:00:00,26.4,53,12.6,20,0.0,,23.03,72.58
2024-01-09 13:00:00,27.3,50,12.3,21,0.0,,23.03,72.58
2024-01-09 14:00:00,27.9,47,14.0,18,0.0,,23.03,72.58
2024-01-09 15:00:00,27.9,46,14.7,17,0.0,,23.03,72.58
2024-01-09 16:00:00,27.5,46,13.3,13,0.0,,23.03,72.58
2024-01-09 17:00:00,26.4,47,11.2,356,0.0,,23.03,72.58
2024-01-09 18:00:00,24.2,52,10.2,352,0.0,,23.03,72.58
2024-01-09 19:00:00,23.1,50,10.1,360,0.0,,23.03,72.58
2024-01-09 20:00:00,21.9,54,10.5,4,0.0,,23.03,72.58
2024-01-09 21:00:00,21.0,56,10.5,4,0.0,,23.03,72.58
2024-01-09 22:00:00,20.1,56,10.8,4,0.0,,23.03,72.58
2024-01-09 23:00:00,19.6,57,10.6,10,0.0,,23.03,72.58
2024-01-10 00:00:00,19.3,63,11.5,14,0.0,,23.03,72.58
2024-01-10 01:00:00,19.2,72,12.1,23,0.0,,23.03,72.58
2024-01-10 02:00:00,19.0,78,12.4,26,0.0,,23.03,72.58
2024-01-10 03:00:00,18.8,80,12.7,29,0.0,,23.03,72.58
2024-01-10 04:00:00,18.6,80,13.6,37,0.0,,23.03,72.58
2024-01-10 05:00:00,18.3,81,13.5,48,0.0,,23.03,72.58
2024-01-10 06:00:00,18.2,83,15.1,57,0.0,,23.03,72.58
2024-01-10 07:00:00,18.0,83,14.3,56,0.0,,23.03,72.58
2024-01-10 08:00:00,19.0,78,14.1,52,0.0,,23.03,72.58
2024-01-10 09:00:00,20.6,71,15.4,53,0.0,,23.03,72.58
2024-01-10 10:00:00,22.7,64,15.1,52,0.0,,23.03,72.58
2024-01-10 11:00:00,24.6,58,14.7,54,0.0,,23.03,72.58
2024-01-10 12:00:00,26.1,55,13.2,55,0.0,,23.03,72.58
2024-01-10 13:00:00,27.2,53,12.5,51,0.0,,23.03,72.58
2024-01-10 14:00:00,27.8,52,11.7,43,0.0,,23.03,72.58
2024-01-10 15:00:00,27.9,51,11.9,35,0.0,,23.03,72.58
2024-01-10 16:00:00,27.6,51,12.0,39,0.0,,23.03,72.58
2024-01-10 17:00:00,26.6,55,9.7,42,0.0,,23.03,72.58
2024-01-10 18:00:00,23.0,70,7.7,49,0.0,,23.03,72.58
2024-01-10 19:00:00,21.7,77,7.2,27,0.0,,23.03,72.58
2024-01-10 20:00:00,21.1,79,5.4,352,0.0,,23.03,72.58
2024-01-10 21:00:00,20.4,78,7.6,3,0.0,,23.03,72.58
2024-01-10 22:00:00,19.8,76,8.7,5,0.0,,23.03,72.58
2024-01-10 23:00:00,19.2,75,9.0,5,0.0,,23.03,72.58
2024-01-11 00:00:00,18.4,78,8.0,10,0.0,,23.03,72.58
2024-01-11 01:00:00,17.8,82,8.2,23,0.0,,23.03,72.58
2024-01-11 02:00:00,17.4,87,8.5,28,0.0,,23.03,72.58
2024-01-11 03:00:00,17.1,87,9.0,23,0.0,,23.03,72.58
2024-01-11 04:00:00,16.9,86,8.7,30,0.0,,23.03,72.58
2024-01-11 05:00:00,16.7,84,9.1,34,0.0,,23.03,72.58
2024-01-11 06:00:00,17.0,85,10.4,46,0.0,,23.03,72.58
2024-01-11 07:00:00,17.0,85,10.9,46,0.0,,23.03,72.58
2024-01-11 08:00:00,18.4,79,12.5,51,0.0,,23.03,72.58
2024-01-11 09:00:00,20.7,70,12.1,60,0.0,,23.03,72.58
2024-01-11 10:00:00,23.3,63,12.1,63,0.0,,23.03,72.58
2024-01-11 11:00:00,25.4,59,12.1,63,0.0,,23.03,72.58
2024-01-11 12:00:00,27.0,55,10.8,60,0.0,,23.03,72.58
2024-01-11 13:00:00,28.0,50,9.2,45,0.0,,23.03,72.58
2024-01-11 14:00:00,28.5,47,8.7,24,0.0,,23.03,72.58
2024-01-11 15:00:00,28.6,46,9.8,17,0.0,,23.03,72.58
2024-01-11 16:00:00,28.3,46,10.5,16,0.0,,23.03,72.58
2024-01-11 17:00:00,27.0,51,7.0,12,0.0,,23.03,72.58
2024-01-11 18:00:00,22.9,66,7.0,35,0.0,,23.03,72.58
2024-01-11 19:00:00,21.6,72,6.7,36,0.0,,23.03,72.58
2024-01-11 20:00:00,20.3,78,6.0,25,0.0,,23.03,72.58
2024-01-11 21:00:00,19.5,80,6.3,24,0.0,,23.03,72.58
2024-01-11 22:00:00,18.8,83,6.5,19,0.0,,23.03,72.58
2024-01-11 23:00:00,18.1,85,6.5,19,0.0,,23.03,72.58
2024-01-12 00:00:00,17.2,89,6.1,28,0.0,,23.03,72.58
2024-01-12 01:00:00,16.5,91,6.4,43,0.0,,23.03,72.58
2024-01-12 02:00:00,16.1,92,7.1,30,0.0,,23.03,72.58
2024-01-12 03:00:00,15.8,93,7.4,39,0.0,,23.03,72.58
2024-01-12 04:00:00,15.6,93,7.8,56,0.0,,23.03,72.58
2024-01-12 05:00:00,15.5,93,8.1,58,0.0,,23.03,72.58
2024-01-12 06:00:00,16.1,94,7.4,47,0.0,,23.03,72.58
2024-01-12 07:00:00,16.0,94,8.1,45,0.0,,23.03,72.58
2024-01-12 08:00:00,17.7,89,10.9,44,0.0,,23.03,72.58
2024-01-12 09:00:00,20.3,79,9.2,48,0.0,,23.03,72.58
2024-01-12 10:00:00,23.1,71,8.2,52,0.0,,23.03,72.58
2024-01-12 11:00:00,25.4,65,6.4,52,0.0,,23.03,72.58
2024-01-12 12:00:00,27.0,61,4.9,54,0.0,,23.03,72.58
2024-01-12 13:00:00,28.2,52,2.0,45,0.0,,23.03,72.58
2024-01-12 14:00:00,28.8,45,3.1,315,0.0,,23.03,72.58
2024-01-12 15:00:00,28.9,43,5.4,307,0.0,,23.03,72.58
2024-01-12 16:00:00,28.6,42,6.1,298,0.0,,23.03,72.58
2024-01-12 17:00:00,26.8,54,4.0,297,0.0,,23.03,72.58
2024-01-12 18:00:00,24.5,55,7.1,300,0.0,,23.03,72.58
2024-01-12 19:00:00,23.1,60,7.8,326,0.0,,23.03,72.58
2024-01-12 20:00:00,22.2,62,8.4,350,0.0,,23.03,72.58
2024-01-12 21:00:00,21.3,62,8.4,353,0.0,,23.03,72.58
2024-01-12 22:00:00,20.5,64,8.6,360,0.0,,23.03,72.58
2024-01-12 23:00:00,19.5,68,7.6,19,0.0,,23.03,72.58
2024-01-13 00:00:00,18.7,70,7.4,23,0.0,,23.03,72.58
2024-01-13 01:00:00,17.9,73,6.9,43,0.0,,23.03,72.58
2024-01-13 02:00:00,17.4,78,7.6,71,0.0,,23.03,72.58
2024-01-13 03:00:00,16.7,85,6.2,69,0.0,,23.03,72.58
2024-01-13 04:00:00,16.3,89,6.0,73,0.0,,23.03,72.58
2024-01-13 05:00:00,15.8,92,6.2,69,0.0,,23.03,72.58
2024-01-13 06:00:00,15.6,94,5.2,25,0.0,,23.03,72.58
2024-01-13 07:00:00,15.3,94,4.0,360,0.0,,23.03,72.58
2024-01-13 08:00:00,17.3,86,6.7,344,0.0,,23.03,72.58
2024-01-13 09:00:00,20.8,73,5.9,346,0.0,,23.03,72.58
2024-01-13 10:00:00,24.0,61,7.1,345,0.0,,23.03,72.58
2024-01-13 11:00:00,26.2,52,8.9,333,0.0,,23.03,72.58
2024-01-13 12:00:00,27.7,47,8.7,322,0.0,,23.03,72.58
2024-01-13 13:00:00,28.5,42,9.2,312,0.0,,23.03,72.58
2024-01-13 14:00:00,28.8,38,11.4,305,0.0,,23.03,72.58
2024-01-13 15:00:00,28.6,36,11.1,306,0.0,,23.03,72.58
2024-01-13 16:00:00,27.9,36,9.7,312,0.0,,23.03,72.58
2024-01-13 17:00:00,26.1,42,6.4,308,0.0,,23.03,72.58
2024-01-13 18:00:00,22.3,50,7.6,289,0.0,,23.03,72.58
2024-01-13 19:00:00,20.6,56,9.1,288,0.0,,23.03,72.58
2024-01-13 20:00:00,19.5,59,8.9,302,0.0,,23.03,72.58
2024-01-13 21:00:00,18.9,61,7.4,321,0.0,,23.03,72.58
2024-01-13 22:00:00,18.5,61,8.3,326,0.0,,23.03,72.58
2024-01-13 23:00:00,18.2,57,9.8,332,0.0,,23.03,72.58
2024-01-14 00:00:00,17.2,51,9.2,334,0.0,,23.03,72.58
2024-01-14 01:00:00,16.1,51,7.6,341,0.0,,23.03,72.58
2024-01-14 02:00:00,15.2,54,7.2,354,0.0,,23.03,72.58
2024-01-14 03:00:00,14.4,57,7.2,357,0.0,,23.03,72.58
2024-01-14 04:00:00,13.4,61,6.4,344,0.0,,23.03,72.58
2024-01-14 05:00:00,13.2,61,7.4,346,0.0,,23.03,72.58
2024-01-14 06:00:00,13.0,65,6.8,360,0.0,,23.03,72.58
2024-01-14 07:00:00,12.6,66,6.9,6,0.0,,23.03,72.58
2024-01-14 08:00:00,14.8,59,8.4,7,0.0,,23.03,72.58
2024-01-14 09:00:00,18.2,52,4.4,9,0.0,,23.03,72.58
2024-01-14 10:00:00,21.7,44,4.3,360,0.0,,23.03,72.58
2024-01-14 11:00:00,24.4,34,5.2,344,0.0,,23.03,72.58
2024-01-14 12:00:00,26.2,28,7.9,330,0.0,,23.03,72.58
2024-01-14 13:00:00,27.2,24,10.9,326,0.0,,23.03,72.58
2024-01-14 14:00:00,27.7,23,12.2,326,0.0,,23.03,72.58
2024-01-14 15:00:00,27.6,23,12.7,325,0.0,,23.03,72.58
2024-01-14 16:00:00,26.9,24,12.0,321,0.0,,23.03,72.58
2024-01-14 17:00:00,24.8,33,6.6,319,0.0,,23.03,72.58
2024-01-14 18:00:00,20.5,46,9.2,315,0.0,,23.03,72.58
2024-01-14 19:00:00,19.4,48,9.0,331,0.0,,23.03,72.58
2024-01-14 20:00:00,18.6,47,9.0,331,0.0,,23.03,72.58
2024-01-14 21:00:00,18.2,47,8.4,340,0.0,,23.03,72.58
2024-01-14 22:00:00,17.3,49,9.0,344,0.0,,23.03,72.58
2024-01-14 23:00:00,16.8,51,11.1,335,0.0,,23.03,72.58
2024-01-15 00:00:00,16.3,50,10.3,335,0.0,,23.03,72.58
2024-01-15 01:00:00,15.0,52,8.3,360,0.0,,23.03,72.58
2024-01-15 02:00:00,14.0,55,7.9,360,0.0,,23.03,72.58
2024-01-15 03:00:00,13.0,59,7.2,3,0.0,,23.03,72.58
2024-01-15 04:00:00,12.4,62,7.3,11,0.0,,23.03,72.58
2024-01-15 05:00:00,12.0,64,7.0,12,0.0,,23.03,72.58
2024-01-15 06:00:00,12.4,65,7.4,23,0.0,,23.03,72.58
2024-01-15 07:00:00,12.0,68,7.5,35,0.0,,23.03,72.58
2024-01-15 08:00:00,13.9,67,9.4,50,0.0,,23.03,72.58
2024-01-15 09:00:00,16.8,63,6.8,58,0.0,,23.03,72.58
2024-01-15 10:00:00,19.7,58,6.4,74,0.0,,23.03,72.58
2024-01-15 11:00:00,22.3,54,5.1,86,0.0,,23.03,72.58
2024-01-15 12:00:00,24.4,46,4.7,94,0.0,,23.03,72.58
2024-01-15 13:00:00,25.7,40,3.7,101,0.0,,23.03,72.58
2024-01-15 14:00:00,26.5,36,2.4,117,0.0,,23.03,72.58
2024-01-15 15:00:00,26.7,35,1.6,153,0.0,,23.03,72.58
2024-01-15 16:00:00,26.4,36,1.3,214,0.0,,23.03,72.58
2024-01-15 17:00:00,24.8,56,3.1,249,0.0,,23.03,72.58
2024-01-15 18:00:00,22.1,51,6.7,286,0.0,,23.03,72.58
2024-01-15 19:00:00,20.0,60,7.7,307,0.0,,23.03,72.58
2024-01-15 20:00:00,19.2,63,7.1,294,0.0,,23.03,72.58
2024-01-15 21:00:00,17.2,72,9.7,301,0.0,,23.03,72.58
2024-01-15 22:00:00,17.0,71,7.8,326,0.0,,23.03,72.58
2024-01-15 23:00:00,16.3,74,8.0,333,0.0,,23.03,72.58
2024-01-16 00:00:00,15.4,79,8.4,353,0.0,,23.03,72.58
2024-01-16 01:00:00,14.8,81,6.8,3,0.0,,23.03,72.58
2024-01-16 02:00:00,14.2,81,6.5,354,0.0,,23.03,72.58
2024-01-16 03:00:00,13.7,81,6.6,9,0.0,,23.03,72.58
2024-01-16 04:00:00,13.2,82,6.6,13,0.0,,23.03,72.58
2024-01-16 05:00:00,12.5,85,7.0,12,0.0,,23.03,72.58
2024-01-16 06:00:00,12.4,86,6.7,16,0.0,,23.03,72.58
2024-01-16 07:00:00,11.8,91,7.7,62,0.0,,23.03,72.58
2024-01-16 08:00:00,14.4,82,6.8,93,0.0,,23.03,72.58
2024-01-16 09:00:00,17.9,71,1.8,233,0.0,,23.03,72.58
2024-01-16 10:00:00,21.0,59,3.4,252,0.0,,23.03,72.58
2024-01-16 11:00:00,23.6,45,3.6,264,0.0,,23.03,72.58
2024-01-16 12:00:00,25.2,35,4.3,275,0.0,,23.03,72.58
2024-01-16 13:00:00,26.0,31,5.4,270,0.0,,23.03,72.58
2024-01-16 14:00:00,26.4,30,6.2,263,0.0,,23.03,72.58
2024-01-16 15:00:00,26.5,29,6.8,273,0.0,,23.03,72.58
2024-01-16 16:00:00,26.1,29,7.5,287,0.0,,23.03,72.58
2024-01-16 17:00:00,24.3,39,4.9,287,0.0,,23.03,72.58
2024-01-16 18:00:00,20.5,48,8.3,288,0.0,,23.03,72.58
2024-01-16 19:00:00,19.6,50,7.5,287,0.0,,23.03,72.58
2024-01-16 20:00:00,17.9,55,11.0,289,0.0,,23.03,72.58
2024-01-16 21:00:00,18.3,53,6.5,326,0.0,,23.03,72.58
2024-01-16 22:00:00,17.1,59,4.7,360,0.0,,23.03,72.58
2024-01-16 23:00:00,15.8,65,6.8,342,0.0,,23.03,72.58
2024-01-17 00:00:00,15.5,65,7.5,343,0.0,,23.03,72.58
2024-01-17 01:00:00,15.1,65,7.6,3,0.0,,23.03,72.58
2024-01-17 02:00:00,14.6,69,7.2,18,0.0,,23.03,72.58
2024-01-17 03:00:00,13.9,74,6.6,22,0.0,,23.03,72.58
2024-01-17 04:00:00,13.1,79,7.2,18,0.0,,23.03,72.58
2024-01-17 05:00:00,12.7,81,7.1,24,0.0,,23.03,72.58
2024-01-17 06:00:00,13.7,82,6.0,17,0.0,,23.03,72.58
2024-01-17 07:00:00,13.4,85,6.4,16,0.0,,23.03,72.58
2024-01-17 08:00:00,15.7,76,6.4,27,0.0,,23.03,72.58
2024-01-17 09:00:00,19.1,65,3.3,41,0.0,,23.03,72.58
2024-01-17 10:00:00,22.4,55,3.8,41,0.0,,23.03,72.58
2024-01-17 11:00:00,24.2,52,3.6,6,0.0,,23.03,72.58
2024-01-17 12:00:00,25.4,47,6.3,336,0.0,,23.03,72.58
2024-01-17 13:00:00,26.0,43,6.4,333,0.0,,23.03,72.58
2024-01-17 14:00:00,26.3,40,5.5,328,0.0,,23.03,72.58
2024-01-17 15:00:00,26.5,40,5.7,325,0.0,,23.03,72.58
2024-01-17 16:00:00,26.2,41,5.6,320,0.0,,23.03,72.58
2024-01-17 17:00:00,25.0,48,3.7,331,0.0,,23.03,72.58
2024-01-17 18:00:00,21.2,56,9.0,323,0.0,,23.03,72.58
2024-01-17 19:00:00,20.4,55,7.3,327,0.0,,23.03,72.58
2024-01-17 20:00:00,19.5,56,7.5,325,0.0,,23.03,72.58
2024-01-17 21:00:00,18.6,61,7.3,327,0.0,,23.03,72.58
2024-01-17 22:00:00,17.5,67,8.9,320,0.0,,23.03,72.58
2024-01-17 23:00:00,16.6,72,9.0,337,0.0,,23.03,72.58
2024-01-18 00:00:00,15.9,75,7.0,348,0.0,,23.03,72.58
2024-01-18 01:00:00,16.0,73,9.0,358,0.0,,23.03,72.58
2024-01-18 02:00:00,15.3,72,8.1,13,0.0,,23.03,72.58
2024-01-18 03:00:00,14.7,70,7.6,19,0.0,,23.03,72.58
2024-01-18 04:00:00,14.3,66,7.6,5,0.0,,23.03,72.58
2024-01-18 05:00:00,13.9,64,8.1,13,0.0,,23.03,72.58
2024-01-18 06:00:00,14.2,67,9.9,33,0.0,,23.03,72.58
2024-01-18 07:00:00,13.7,69,9.5,37,0.0,,23.03,72.58
2024-01-18 08:00:00,15.6,65,11.7,47,0.0,,23.03,72.58
2024-01-18 09:00:00,18.7,60,9.6,56,0.0,,23.03,72.58
2024-01-18 10:00:00,21.6,55,8.2,61,0.0,,23.03,72.58
2024-01-18 11:00:00,24.2,51,7.3,57,0.0,,23.03,72.58
2024-01-18 12:00:00,26.0,45,6.6,45,0.0,,23.03,72.58
2024-01-18 13:00:00,27.0,39,6.3,31,0.0,,23.03,72.58
2024-01-18 14:00:00,27.5,36,7.1,24,0.0,,23.03,72.58
2024-01-18 15:00:00,27.7,34,7.1,24,0.0,,23.03,72.58
2024-01-18 16:00:00,27.4,34,6.4,16,0.0,,23.03,72.58
2024-01-18 17:00:00,25.8,53,4.0,5,0.0,,23.03,72.58
2024-01-18 18:00:00,24.3,45,5.2,16,0.0,,23.03,72.58
2024-01-18 19:00:00,20.8,58,7.8,338,0.0,,23.03,72.58
2024-01-18 20:00:00,20.0,59,7.1,345,0.0,,23.03,72.58
2024-01-18 21:00:00,18.7,63,6.8,18,0.0,,23.03,72.58
2024-01-18 22:00:00,18.2,64,7.1,15,0.0,,23.03,72.58
2024-01-18 23:00:00,17.8,64,7.2,3,0.0,,23.03,72.58
2024-01-19 00:00:00,17.6,62,9.9,350,0.0,,23.03,72.58
2024-01-19 01:00:00,16.8,63,8.8,351,0.0,,23.03,72.58
2024-01-19 02:00:00,16.0,65,10.6,18,0.0,,23.03,72.58
2024-01-19 03:00:00,15.4,67,10.2,45,0.0,,23.03,72.58
2024-01-19 04:00:00,15.4,68,10.0,60,0.0,,23.03,72.58
2024-01-19 05:00:00,15.4,68,10.5,63,0.0,,23.03,72.58
2024-01-19 06:00:00,15.7,68,11.4,72,0.0,,23.03,72.58
2024-01-19 07:00:00,15.6,68,12.0,74,0.0,,23.03,72.58
2024-01-19 08:00:00,17.0,64,14.5,71,0.0,,23.03,72.58
2024-01-19 09:00:00,19.4,58,13.1,74,0.0,,23.03,72.58
2024-01-19 10:00:00,21.9,53,12.5,78,0.0,,23.03,72.58
2024-01-19 11:00:00,24.2,47,11.7,79,0.0,,23.03,72.58
2024-01-19 12:00:00,26.0,40,12.1,80,0.0,,23.03,72.58
2024-01-19 13:00:00,27.0,32,11.0,67,0.0,,23.03,72.58
2024-01-19 14:00:00,27.3,30,9.8,54,0.0,,23.03,72.58
2024-01-19 15:00:00,27.2,29,9.2,48,0.0,,23.03,72.58
2024-01-19 16:00:00,26.8,29,8.7,48,0.0,,23.03,72.58
2024-01-19 17:00:00,25.3,37,5.1,51,0.0,,23.03,72.58
2024-01-19 18:00:00,21.7,43,7.1,60,0.0,,23.03,72.58
2024-01-19 19:00:00,20.4,46,7.9,66,0.0,,23.03,72.58
2024-01-19 20:00:00,19.3,47,7.6,65,0.0,,23.03,72.58
2024-01-19 21:00:00,18.1,49,8.3,56,0.0,,23.03,72.58
2024-01-19 22:00:00,17.2,50,6.7,16,0.0,,23.03,72.58
2024-01-19 23:00:00,16.6,53,8.6,345,0.0,,23.03,72.58
2024-01-20 00:00:00,15.6,59,6.8,357,0.0,,23.03,72.58
2024-01-20 01:00:00,15.0,63,7.0,21,0.0,,23.03,72.58
2024-01-20 02:00:00,15.1,59,10.4,46,0.0,,23.03,72.58
2024-01-20 03:00:00,15.1,58,10.2,51,0.0,,23.03,72.58
2024-01-20 04:00:00,14.8,60,10.2,58,0.0,,23.03,72.58
2024-01-20 05:00:00,14.3,63,10.0,60,0.0,,23.03,72.58
2024-01-20 06:00:00,14.5,64,9.5,61,0.0,,23.03,72.58
2024-01-20 07:00:00,14.0,67,8.7,52,0.0,,23.03,72.58
2024-01-20 08:00:00,15.6,63,11.8,50,0.0,,23.03,72.58
2024-01-20 09:00:00,18.1,56,10.6,55,0.0,,23.03,72.58
2024-01-20 10:00:00,20.9,50,9.8,62,0.0,,23.03,72.58
2024-01-20 11:00:00,23.7,42,9.3,62,0.0,,23.03,72.58
2024-01-20 12:00:00,25.5,35,8.4,47,0.0,,23.03,72.58
2024-01-20 13:00:00,26.5,29,10.0,13,0.0,,23.03,72.58
2024-01-20 14:00:00,26.8,26,11.2,4,0.0,,23.03,72.58
2024-01-20 15:00:00,26.8,25,11.9,2,0.0,,23.03,72.58
2024-01-20 16:00:00,26.5,24,11.5,360,0.0,,23.03,72.58
2024-01-20 17:00:00,25.0,29,7.8,347,0.0,,23.03,72.58
2024-01-20 18:00:00,21.0,38,8.3,326,0.0,,23.03,72.58
2024-01-20 19:00:00,20.4,36,9.0,323,0.0,,23.03,72.58
2024-01-20 20:00:00,19.2,39,8.7,336,0.0,,23.03,72.58
2024-01-20 21:00:00,18.7,40,11.4,342,0.0,,23.03,72.58
2024-01-20 22:00:00,18.3,37,12.6,360,0.0,,23.03,72.58
2024-01-20 23:00:00,17.3,37,12.4,17,0.0,,23.03,72.58
2024-01-21 00:00:00,16.9,38,13.0,19,0.0,,23.03,72.58
2024-01-21 01:00:00,16.6,40,12.4,26,0.0,,23.03,72.58
2024-01-21 02:00:00,15.8,43,11.1,36,0.0,,23.03,72.58
2024-01-21 03:00:00,14.9,47,10.4,44,0.0,,23.03,72.58
2024-01-21 04:00:00,14.3,51,10.5,52,0.0,,23.03,72.58
2024-01-21 05:00:00,14.1,57,10.7,57,0.0,,23.03,72.58
2024-01-21 06:00:00,14.7,65,11.8,59,0.0,,23.03,72.58
2024-01-21 07:00:00,14.4,67,12.4,60,0.0,,23.03,72.58
2024-01-21 08:00:00,15.8,63,14.3,65,0.0,,23.03,72.58
2024-01-21 09:00:00,18.1,55,13.4,70,0.0,,23.03,72.58
2024-01-21 10:00:00,20.6,49,12.9,72,0.0,,23.03,72.58
2024-01-21 11:00:00,23.0,42,11.7,72,0.0,,23.03,72.58
2024-01-21 12:00:00,24.9,36,11.2,69,0.0,,23.03,72.58
2024-01-21 13:00:00,26.0,30,10.2,58,0.0,,23.03,72.58
2024-01-21 14:00:00,26.6,27,9.9,46,0.0,,23.03,72.58
2024-01-21 15:00:00,26.7,26,10.7,40,0.0,,23.03,72.58
2024-01-21 16:00:00,26.4,26,10.5,38,0.0,,23.03,72.58
2024-01-21 17:00:00,24.8,35,4.8,48,0.0,,23.03,72.58
2024-01-21 18:00:00,22.1,43,6.9,99,0.0,,23.03,72.58
2024-01-21 19:00:00,23.1,38,5.2,78,0.0,,23.03,72.58
2024-01-21 20:00:00,18.4,55,7.1,30,0.0,,23.03,72.58
2024-01-21 21:00:00,17.3,58,7.2,37,0.0,,23.03,72.58
2024-01-21 22:00:00,16.0,62,7.6,45,0.0,,23.03,72.58
2024-01-21 23:00:00,15.4,64,5.9,47,0.0,,23.03,72.58
2024-01-22 00:00:00,14.2,69,6.2,36,0.0,,23.03,72.58
2024-01-22 01:00:00,13.6,71,4.9,17,0.0,,23.03,72.58
2024-01-22 02:00:00,13.2,70,7.4,29,0.0,,23.03,72.58
2024-01-22 03:00:00,13.3,66,10.1,55,0.0,,23.03,72.58
2024-01-22 04:00:00,13.1,62,9.2,59,0.0,,23.03,72.58
2024-01-22 05:00:00,13.1,59,10.1,55,0.0,,23.03,72.58
2024-01-22 06:00:00,13.4,60,10.8,60,0.0,,23.03,72.58
2024-01-22 07:00:00,13.2,61,10.8,69,0.0,,23.03,72.58
2024-01-22 08:00:00,14.9,58,13.7,72,0.0,,23.03,72.58
2024-01-22 09:00:00,17.6,51,12.1,80,0.0,,23.03,72.58
2024-01-22 10:00:00,20.4,45,11.7,81,0.0,,23.03,72.58
2024-01-22 11:00:00,23.2,39,10.5,82,0.0,,23.03,72.58
2024-01-22 12:00:00,25.3,32,10.1,86,0.0,,23.03,72.58
2024-01-22 13:00:00,26.3,28,7.3,79,0.0,,23.03,72.58
2024-01-22 14:00:00,26.8,25,5.8,60,0.0,,23.03,72.58
2024-01-22 15:00:00,27.0,24,5.2,34,0.0,,23.03,72.58
2024-01-22 16:00:00,26.7,23,6.0,25,0.0,,23.03,72.58
2024-01-22 17:00:00,24.7,40,4.5,29,0.0,,23.03,72.58
2024-01-22 18:00:00,20.4,43,9.7,4,0.0,,23.03,72.58
2024-01-22 19:00:00,18.8,49,9.8,352,0.0,,23.03,72.58
2024-01-22 20:00:00,18.0,48,8.7,336,0.0,,23.03,72.58
2024-01-22 21:00:00,17.6,45,8.5,348,0.0,,23.03,72.58
2024-01-22 22:00:00,17.1,44,9.0,5,0.0,,23.03,72.58
2024-01-22 23:00:00,16.2,46,9.4,4,0.0,,23.03,72.58
2024-01-23 00:00:00,15.6,49,8.1,13,0.0,,23.03,72.58
2024-01-23 01:00:00,15.1,51,8.2,15,0.0,,23.03,72.58
2024-01-23 02:00:00,15.2,50,9.0,16,0.0,,23.03,72.58
2024-01-23 03:00:00,14.3,53,9.0,37,0.0,,23.03,72.58
2024-01-23 04:00:00,13.2,57,7.3,33,0.0,,23.03,72.58
2024-01-23 05:00:00,12.5,60,7.9,24,0.0,,23.03,72.58
2024-01-23 06:00:00,12.6,66,6.6,49,0.0,,23.03,72.58
2024-01-23 07:00:00,12.1,67,6.5,56,0.0,,23.03,72.58
2024-01-23 08:00:00,14.2,60,8.6,57,0.0,,23.03,72.58
2024-01-23 09:00:00,17.3,52,6.2,69,0.0,,23.03,72.58
2024-01-23 10:00:00,20.9,45,6.8,72,0.0,,23.03,72.58
2024-01-23 11:00:00,24.0,36,8.0,72,0.0,,23.03,72.58
2024-01-23 12:00:00,26.0,30,6.9,62,0.0,,23.03,72.58
2024-01-23 13:00:00,27.1,23,8.2,41,0.0,,23.03,72.58
2024-01-23 14:00:00,27.3,24,8.5,36,0.0,,23.03,72.58
2024-01-23 15:00:00,27.2,24,7.7,37,0.0,,23.03,72.58
2024-01-23 16:00:00,26.8,24,7.1,30,0.0,,23.03,72.58
2024-01-23 17:00:00,25.1,38,3.9,34,0.0,,23.03,72.58
2024-01-23 18:00:00,22.9,37,6.5,6,0.0,,23.03,72.58
2024-01-23 19:00:00,19.9,44,8.4,329,0.0,,23.03,72.58
2024-01-23 20:00:00,19.6,40,8.6,345,0.0,,23.03,72.58
2024-01-23 21:00:00,18.7,42,9.2,349,0.0,,23.03,72.58
2024-01-23 22:00:00,18.5,42,9.0,2,0.0,,23.03,72.58
2024-01-23 23:00:00,17.2,47,8.0,5,0.0,,23.03,72.58
2024-01-24 00:00:00,16.5,50,9.0,2,0.0,,23.03,72.58
2024-01-24 01:00:00,16.7,49,10.2,18,0.0,,23.03,72.58
2024-01-24 02:00:00,15.4,53,8.9,47,0.0,,23.03,72.58
2024-01-24 03:00:00,14.5,56,8.1,45,0.0,,23.03,72.58
2024-01-24 04:00:00,14.2,58,8.4,43,0.0,,23.03,72.58
2024-01-24 05:00:00,13.9,59,8.2,38,0.0,,23.03,72.58
2024-01-24 06:00:00,13.6,68,7.2,27,0.0,,23.03,72.58
2024-01-24 07:00:00,13.6,67,9.2,42,0.0,,23.03,72.58
2024-01-24 08:00:00,15.5,61,11.0,52,0.0,,23.03,72.58
2024-01-24 09:00:00,18.2,54,7.1,49,0.0,,23.03,72.58
2024-01-24 10:00:00,21.4,47,6.9,62,0.0,,23.03,72.58
2024-01-24 11:00:00,24.3,39,7.5,73,0.0,,23.03,72.58
2024-01-24 12:00:00,26.1,31,7.7,62,0.0,,23.03,72.58
2024-01-24 13:00:00,26.9,28,6.9,39,0.0,,23.03,72.58
2024-01-24 14:00:00,27.1,28,6.2,36,0.0,,23.03,72.58
2024-01-24 15:00:00,27.1,27,6.1,40,0.0,,23.03,72.58
2024-01-24 16:00:00,26.8,27,6.9,51,0.0,,23.03,72.58
2024-01-24 17:00:00,25.3,35,4.9,54,0.0,,23.03,72.58
2024-01-24 18:00:00,21.1,48,9.3,77,0.0,,23.03,72.58
2024-01-24 19:00:00,19.9,51,8.0,80,0.0,,23.03,72.58
2024-01-24 20:00:00,19.1,53,7.6,82,0.0,,23.03,72.58
2024-01-24 21:00:00,18.6,51,7.9,93,0.0,,23.03,72.58
2024-01-24 22:00:00,18.2,50,8.8,102,0.0,,23.03,72.58
2024-01-24 23:00:00,16.3,58,10.1,86,0.0,,23.03,72.58
2024-01-25 00:00:00,15.4,61,9.0,61,0.0,,23.03,72.58
2024-01-25 01:00:00,14.9,63,8.7,45,0.0,,23.03,72.58
2024-01-25 02:00:00,14.4,65,7.7,41,0.0,,23.03,72.58
2024-01-25 03:00:00,14.1,66,5.8,22,0.0,,23.03,72.58
2024-01-25 04:00:00,12.6,73,7.9,39,0.0,,23.03,72.58
2024-01-25 05:00:00,13.0,68,8.5,54,0.0,,23.03,72.58
2024-01-25 06:00:00,14.0,63,10.8,60,0.0,,23.03,72.58
2024-01-25 07:00:00,14.2,59,12.7,61,0.0,,23.03,72.58
2024-01-25 08:00:00,15.8,53,14.8,72,0.0,,23.03,72.58
2024-01-25 09:00:00,18.6,46,13.4,76,0.0,,23.03,72.58
2024-01-25 10:00:00,21.4,41,13.1,82,0.0,,23.03,72.58
2024-01-25 11:00:00,23.9,37,12.6,88,0.0,,23.03,72.58
2024-01-25 12:00:00,25.7,34,10.9,99,0.0,,23.03,72.58
2024-01-25 13:00:00,26.9,30,9.6,110,0.0,,23.03,72.58
2024-01-25 14:00:00,27.4,29,7.8,112,0.0,,23.03,72.58
2024-01-25 15:00:00,27.5,29,6.3,114,0.0,,23.03,72.58
2024-01-25 16:00:00,27.2,29,4.6,108,0.0,,23.03,72.58
2024-01-25 17:00:00,25.7,47,3.1,54,0.0,,23.03,72.58
2024-01-25 18:00:00,21.7,48,7.6,31,0.0,,23.03,72.58
2024-01-25 19:00:00,20.6,48,7.3,33,0.0,,23.03,72.58
2024-01-25 20:00:00,19.4,50,7.8,34,0.0,,23.03,72.58
2024-01-25 21:00:00,18.5,54,7.2,27,0.0,,23.03,72.58
2024-01-25 22:00:00,17.6,56,8.3,34,0.0,,23.03,72.58
2024-01-25 23:00:00,17.0,58,8.7,52,0.0,,23.03,72.58
2024-01-26 00:00:00,16.0,61,7.8,56,0.0,,23.03,72.58
2024-01-26 01:00:00,15.3,62,7.4,61,0.0,,23.03,72.58
2024-01-26 02:00:00,14.9,63,8.1,69,0.0,,23.03,72.58
2024-01-26 03:00:00,14.6,63,8.3,72,0.0,,23.03,72.58
2024-01-26 04:00:00,14.1,66,8.0,63,0.0,,23.03,72.58
2024-01-26 05:00:00,13.6,68,8.4,59,0.0,,23.03,72.58
2024-01-26 06:00:00,13.7,69,9.2,51,0.0,,23.03,72.58
2024-01-26 07:00:00,13.3,70,10.0,52,0.0,,23.03,72.58
2024-01-26 08:00:00,15.2,64,12.9,60,0.0,,23.03,72.58
2024-01-26 09:00:00,18.2,57,10.9,63,0.0,,23.03,72.58
2024-01-26 10:00:00,21.5,49,11.5,70,0.0,,23.03,72.58
2024-01-26 11:00:00,24.3,40,12.2,76,0.0,,23.03,72.58
2024-01-26 12:00:00,26.4,34,12.5,78,0.0,,23.03,72.58
2024-01-26 13:00:00,27.5,29,11.6,74,0.0,,23.03,72.58
2024-01-26 14:00:00,27.9,28,11.0,67,0.0,,23.03,72.58
2024-01-26 15:00:00,27.9,28,10.6,62,0.0,,23.03,72.58
2024-01-26 16:00:00,27.6,29,9.3,62,0.0,,23.03,72.58
2024-01-26 17:00:00,26.1,36,5.4,53,0.0,,23.03,72.58
2024-01-26 18:00:00,21.4,46,10.3,36,0.0,,23.03,72.58
2024-01-26 19:00:00,20.0,49,9.0,29,0.0,,23.03,72.58
2024-01-26 20:00:00,19.2,52,7.4,29,0.0,,23.03,72.58
2024-01-26 21:00:00,18.4,51,8.1,32,0.0,,23.03,72.58
2024-01-26 22:00:00,17.4,52,8.3,34,0.0,,23.03,72.58
2024-01-26 23:00:00,16.7,55,7.8,22,0.0,,23.03,72.58
2024-01-27 00:00:00,15.5,60,8.2,29,0.0,,23.03,72.58
2024-01-27 01:00:00,14.6,65,7.1,41,0.0,,23.03,72.58
2024-01-27 02:00:00,14.2,67,7.4,39,0.0,,23.03,72.58
2024-01-27 03:00:00,13.5,71,7.6,45,0.0,,23.03,72.58
2024-01-27 04:00:00,13.6,70,9.8,36,0.0,,23.03,72.58
2024-01-27 05:00:00,13.8,65,10.2,39,0.0,,23.03,72.58
2024-01-27 06:00:00,14.9,61,11.6,54,0.0,,23.03,72.58
2024-01-27 07:00:00,14.6,63,11.0,67,0.0,,23.03,72.58
2024-01-27 08:00:00,16.3,59,12.7,75,0.0,,23.03,72.58
2024-01-27 09:00:00,19.2,52,9.9,80,0.0,,23.03,72.58
2024-01-27 10:00:00,22.4,45,9.9,80,0.0,,23.03,72.58
2024-01-27 11:00:00,25.1,39,10.5,86,0.0,,23.03,72.58
2024-01-27 12:00:00,27.2,34,10.4,92,0.0,,23.03,72.58
2024-01-27 13:00:00,28.4,29,10.5,98,0.0,,23.03,72.58
2024-01-27 14:00:00,29.1,27,8.6,92,0.0,,23.03,72.58
2024-01-27 15:00:00,29.2,26,6.9,84,0.0,,23.03,72.58
2024-01-27 16:00:00,28.9,26,6.3,66,0.0,,23.03,72.58
2024-01-27 17:00:00,27.1,39,4.1,38,0.0,,23.03,72.58
2024-01-27 18:00:00,22.4,46,9.2,21,0.0,,23.03,72.58
2024-01-27 19:00:00,21.4,47,7.8,22,0.0,,23.03,72.58
2024-01-27 20:00:00,20.2,49,8.0,18,0.0,,23.03,72.58
2024-01-27 21:00:00,18.9,51,7.9,24,0.0,,23.03,72.58
2024-01-27 22:00:00,17.6,56,7.6,31,0.0,,23.03,72.58
2024-01-27 23:00:00,17.0,57,7.8,34,0.0,,23.03,72.58
2024-01-28 00:00:00,16.5,58,8.0,27,0.0,,23.03,72.58
2024-01-28 01:00:00,15.7,60,7.4,23,0.0,,23.03,72.58
2024-01-28 02:00:00,14.8,63,6.9,28,0.0,,23.03,72.58
2024-01-28 03:00:00,14.1,66,7.9,51,0.0,,23.03,72.58
2024-01-28 04:00:00,13.4,68,7.5,55,0.0,,23.03,72.58
2024-01-28 05:00:00,12.7,70,7.3,57,0.0,,23.03,72.58
2024-01-28 06:00:00,13.0,75,7.6,59,0.0,,23.03,72.58
2024-01-28 07:00:00,12.8,77,7.5,55,0.0,,23.03,72.58
2024-01-28 08:00:00,15.1,69,10.0,60,0.0,,23.03,72.58
2024-01-28 09:00:00,18.7,59,6.0,65,0.0,,23.03,72.58
2024-01-28 10:00:00,22.7,50,5.1,82,0.0,,23.03,72.58
2024-01-28 11:00:00,26.0,41,4.5,104,0.0,,23.03,72.58
2024-01-28 12:00:00,27.8,32,1.5,166,0.0,,23.03,72.58
2024-01-28 13:00:00,28.8,28,3.3,264,0.0,,23.03,72.58
2024-01-28 14:00:00,29.5,26,6.2,277,0.0,,23.03,72.58
2024-01-28 15:00:00,29.6,25,8.0,278,0.0,,23.03,72.58
2024-01-28 16:00:00,29.2,25,9.3,283,0.0,,23.03,72.58
2024-01-28 17:00:00,27.6,31,7.0,291,0.0,,23.03,72.58
2024-01-28 18:00:00,23.1,46,9.8,262,0.0,,23.03,72.58
2024-01-28 19:00:00,25.0,38,5.1,262,0.0,,23.03,72.58
2024-01-28 20:00:00,24.3,39,3.0,346,0.0,,23.03,72.58
2024-01-28 21:00:00,23.8,40,4.4,325,0.0,,23.03,72.58
2024-01-28 22:00:00,19.5,53,8.1,328,0.0,,23.03,72.58
2024-01-28 23:00:00,18.2,56,9.7,315,0.0,,23.03,72.58
2024-01-29 00:00:00,17.8,54,8.3,304,0.0,,23.03,72.58
2024-01-29 01:00:00,16.8,55,7.9,317,0.0,,23.03,72.58
2024-01-29 02:00:00,15.5,61,9.1,342,0.0,,23.03,72.58
2024-01-29 03:00:00,15.2,62,7.1,345,0.0,,23.03,72.58
2024-01-29 04:00:00,14.3,65,6.6,338,0.0,,23.03,72.58
2024-01-29 05:00:00,14.0,66,6.6,351,0.0,,23.03,72.58
2024-01-29 06:00:00,15.2,59,7.6,341,0.0,,23.03,72.58
2024-01-29 07:00:00,14.7,62,7.0,339,0.0,,23.03,72.58
2024-01-29 08:00:00,17.0,57,8.9,339,0.0,,23.03,72.58
2024-01-29 09:00:00,19.8,51,5.2,326,0.0,,23.03,72.58
2024-01-29 10:00:00,22.5,45,4.7,328,0.0,,23.03,72.58
2024-01-29 11:00:00,24.7,40,4.2,329,0.0,,23.03,72.58
2024-01-29 12:00:00,26.3,37,4.7,337,0.0,,23.03,72.58
2024-01-29 13:00:00,27.1,36,4.9,324,0.0,,23.03,72.58
2024-01-29 14:00:00,27.7,35,5.1,321,0.0,,23.03,72.58
2024-01-29 15:00:00,27.9,35,5.6,320,0.0,,23.03,72.58
2024-01-29 16:00:00,27.8,35,6.3,329,0.0,,23.03,72.58
2024-01-29 17:00:00,27.0,37,6.6,331,0.0,,23.03,72.58
2024-01-29 18:00:00,23.2,49,6.9,317,0.0,,23.03,72.58
2024-01-29 19:00:00,22.1,52,7.1,311,0.0,,23.03,72.58
2024-01-29 20:00:00,20.9,56,7.1,315,0.0,,23.03,72.58
2024-01-29 21:00:00,19.6,61,8.3,326,0.0,,23.03,72.58
2024-01-29 22:00:00,18.6,65,10.9,333,0.0,,23.03,72.58
2024-01-29 23:00:00,18.0,66,10.4,340,0.0,,23.03,72.58
2024-01-30 00:00:00,17.5,68,8.6,345,0.0,,23.03,72.58
2024-01-30 01:00:00,17.1,69,6.5,357,0.0,,23.03,72.58
2024-01-30 02:00:00,16.1,73,6.5,360,0.0,,23.03,72.58
2024-01-30 03:00:00,15.1,79,5.8,22,0.0,,23.03,72.58
2024-01-30 04:00:00,14.3,84,6.8,25,0.0,,23.03,72.58
2024-01-30 05:00:00,14.1,85,5.8,4,0.0,,23.03,72.58
2024-01-30 06:00:00,14.8,83,5.4,352,0.0,,23.03,72.58
2024-01-30 07:00:00,14.5,84,6.4,16,0.0,,23.03,72.58
2024-01-30 08:00:00,16.8,72,8.2,23,0.0,,23.03,72.58
2024-01-30 09:00:00,20.3,59,6.5,71,0.0,,23.03,72.58
2024-01-30 10:00:00,23.6,49,6.8,93,0.0,,23.03,72.58
2024-01-30 11:00:00,26.0,42,7.3,99,0.0,,23.03,72.58
2024-01-30 12:00:00,27.5,37,4.0,90,0.0,,23.03,72.58
2024-01-30 13:00:00,28.3,35,2.9,97,0.0,,23.03,72.58
2024-01-30 14:00:00,28.9,33,2.2,81,0.0,,23.03,72.58
2024-01-30 15:00:00,29.1,32,2.1,59,0.0,,23.03,72.58
2024-01-30 16:00:00,28.9,31,3.3,41,0.0,,23.03,72.58
2024-01-30 17:00:00,28.0,35,3.9,56,0.0,,23.03,72.58
2024-01-30 18:00:00,26.7,38,4.6,135,0.0,,23.03,72.58
2024-01-30 19:00:00,25.2,43,4.2,110,0.0,,23.03,72.58
2024-01-30 20:00:00,23.0,51,4.9,126,0.0,,23.03,72.58
2024-01-30 21:00:00,23.4,48,2.3,162,0.0,,23.03,72.58
2024-01-30 22:00:00,23.1,48,1.1,270,0.0,,23.03,72.58
2024-01-30 23:00:00,22.9,48,1.0,45,0.0,,23.03,72.58
2024-01-31 00:00:00,18.9,64,4.5,61,0.0,,23.03,72.58
2024-01-31 01:00:00,18.0,67,4.9,54,0.0,,23.03,72.58
2024-01-31 02:00:00,17.2,70,5.2,16,0.0,,23.03,72.58
2024-01-31 03:00:00,17.2,68,7.2,342,0.0,,23.03,72.58
2024-01-31 04:00:00,16.7,69,6.8,18,0.0,,23.03,72.58
2024-01-31 05:00:00,15.7,75,8.4,43,0.0,,23.03,72.58
2024-01-31 06:00:00,15.9,78,8.6,22,0.0,,23.03,72.58
2024-01-31 07:00:00,15.6,80,6.6,68,0.0,,23.03,72.58
2024-01-31 08:00:00,17.8,71,5.1,86,0.0,,23.03,72.58
2024-01-31 09:00:00,20.9,61,0.4,270,0.0,,23.03,72.58
2024-01-31 10:00:00,23.9,50,0.0,270,0.0,,23.03,72.58
2024-01-31 11:00:00,26.3,43,1.3,326,0.0,,23.03,72.58
2024-01-31 12:00:00,27.6,40,3.5,336,0.0,,23.03,72.58
2024-01-31 13:00:00,28.4,37,5.0,300,0.0,,23.03,72.58
2024-01-31 14:00:00,29.1,35,8.2,293,0.0,,23.03,72.58
2024-01-31 15:00:00,29.1,34,10.8,291,0.0,,23.03,72.58
2024-01-31 16:00:00,28.4,35,12.0,286,0.0,,23.03,72.58
2024-01-31 17:00:00,27.4,38,10.8,272,0.0,,23.03,72.58
2024-01-31 18:00:00,24.9,50,6.4,297,0.0,,23.03,72.58
2024-01-31 19:00:00,23.9,52,5.7,342,0.0,,23.03,72.58
2024-01-31 20:00:00,23.2,54,4.8,13,0.0,,23.03,72.58
2024-01-31 21:00:00,21.4,60,4.8,77,0.0,,23.03,72.58
2024-01-31 22:00:00,20.3,65,6.2,80,0.0,,23.03,72.58
2024-01-31 23:00:00,19.3,70,8.0,117,0.0,,23.03,72.58
2024-02-01 00:00:00,18.7,72,6.6,209,0.0,,23.03,72.58
2024-02-01 01:00:00,19.3,68,8.8,261,0.0,,23.03,72.58
2024-02-01 02:00:00,20.2,60,11.5,268,0.0,,23.03,72.58
2024-02-01 03:00:00,20.3,59,14.3,282,0.0,,23.03,72.58
2024-02-01 04:00:00,19.9,72,13.6,287,0.0,,23.03,72.58
2024-02-01 05:00:00,19.3,80,10.7,284,0.0,,23.03,72.58
2024-02-01 06:00:00,18.8,87,7.9,273,0.0,,23.03,72.58
2024-02-01 07:00:00,18.2,93,7.1,285,0.0,,23.03,72.58
2024-02-01 08:00:00,20.0,88,8.9,297,0.0,,23.03,72.58
2024-02-01 09:00:00,22.3,80,8.9,302,0.0,,23.03,72.58
2024-02-01 10:00:00,24.2,71,8.5,306,0.0,,23.03,72.58
2024-02-01 11:00:00,25.8,61,6.1,298,0.0,,23.03,72.58
2024-02-01 12:00:00,27.3,51,6.5,273,0.0,,23.03,72.58
2024-02-01 13:00:00,28.2,43,7.6,273,0.0,,23.03,72.58
2024-02-01 14:00:00,28.8,37,6.9,276,0.0,,23.03,72.58
2024-02-01 15:00:00,29.0,35,6.5,289,0.0,,23.03,72.58
2024-02-01 16:00:00,28.7,36,8.2,299,0.0,,23.03,72.58
2024-02-01 17:00:00,27.8,40,8.9,297,0.0,,23.03,72.58
2024-02-01 18:00:00,24.4,52,5.9,308,0.0,,23.03,72.58
2024-02-01 19:00:00,23.1,57,6.3,329,0.0,,23.03,72.58
2024-02-01 20:00:00,22.2,61,6.6,351,0.0,,23.03,72.58
2024-02-01 21:00:00,21.0,66,8.3,5,0.0,,23.03,72.58
2024-02-01 22:00:00,21.3,64,4.3,360,0.0,,23.03,72.58
2024-02-01 23:00:00,20.3,68,5.1,356,0.0,,23.03,72.58
2024-02-02 00:00:00,19.7,69,7.4,14,0.0,,23.03,72.58
2024-02-02 01:00:00,20.5,65,5.6,27,0.0,,23.03,72.58
2024-02-02 02:00:00,20.7,64,2.7,23,0.0,,23.03,72.58
2024-02-02 03:00:00,19.2,71,2.6,16,0.0,,23.03,72.58
2024-02-02 04:00:00,18.9,72,2.2,9,0.0,,23.03,72.58
2024-02-02 05:00:00,18.3,75,1.3,56,0.0,,23.03,72.58
2024-02-02 06:00:00,16.4,91,4.0,100,0.0,,23.03,72.58
2024-02-02 07:00:00,16.0,93,4.9,107,0.0,,23.03,72.58
2024-02-02 08:00:00,18.6,82,1.8,79,0.0,,23.03,72.58
2024-02-02 09:00:00,22.2,68,1.6,63,0.0,,23.03,72.58
2024-02-02 10:00:00,25.0,56,2.0,45,0.0,,23.03,72.58
2024-02-02 11:00:00,26.9,47,2.3,18,0.0,,23.03,72.58
2024-02-02 12:00:00,28.3,39,4.0,10,0.0,,23.03,72.58
2024-02-02 13:00:00,29.2,35,5.4,20,0.0,,23.03,72.58
2024-02-02 14:00:00,29.6,33,5.4,20,0.0,,23.03,72.58
2024-02-02 15:00:00,29.7,33,5.4,20,0.0,,23.03,72.58
2024-02-02 16:00:00,29.5,32,6.3,13,0.0,,23.03,72.58
2024-02-02 17:00:00,28.7,33,6.4,16,0.0,,23.03,72.58
2024-02-02 18:00:00,25.0,44,7.9,47,0.0,,23.03,72.58
2024-02-02 19:00:00,23.7,48,8.7,45,0.0,,23.03,72.58
2024-02-02 20:00:00,22.3,53,6.3,347,0.0,,23.03,72.58
2024-02-02 21:00:00,21.7,54,5.8,330,0.0,,23.03,72.58
2024-02-02 22:00:00,20.3,58,9.0,2,0.0,,23.03,72.58
2024-02-02 23:00:00,19.7,56,8.4,31,0.0,,23.03,72.58
2024-02-03 00:00:00,19.3,54,7.0,55,0.0,,23.03,72.58
2024-02-03 01:00:00,18.4,55,6.3,66,0.0,,23.03,72.58
2024-02-03 02:00:00,17.9,57,5.7,72,0.0,,23.03,72.58
2024-02-03 03:00:00,17.4,61,5.8,60,0.0,,23.03,72.58
2024-02-03 04:00:00,16.9,64,6.2,54,0.0,,23.03,72.58
2024-02-03 05:00:00,16.6,66,6.0,65,0.0,,23.03,72.58
2024-02-03 06:00:00,17.5,67,8.4,65,0.0,,23.03,72.58
2024-02-03 07:00:00,17.4,70,7.8,77,0.0,,23.03,72.58
2024-02-03 08:00:00,19.5,65,10.2,82,0.0,,23.03,72.58
2024-02-03 09:00:00,22.7,56,7.2,84,0.0,,23.03,72.58
2024-02-03 10:00:00,26.2,46,6.9,96,0.0,,23.03,72.58
2024-02-03 11:00:00,28.9,38,8.0,117,0.0,,23.03,72.58
2024-02-03 12:00:00,30.4,34,7.0,145,0.0,,23.03,72.58
2024-02-03 13:00:00,31.1,31,6.0,155,0.0,,23.03,72.58
2024-02-03 14:00:00,31.7,30,5.2,168,0.0,,23.03,72.58
2024-02-03 15:00:00,31.9,29,4.7,176,0.0,,23.03,72.58
2024-02-03 16:00:00,31.7,29,4.0,175,0.0,,23.03,72.58
2024-02-03 17:00:00,31.0,32,3.0,194,0.0,,23.03,72.58
2024-02-03 18:00:00,27.0,45,6.9,298,0.0,,23.03,72.58
2024-02-03 19:00:00,24.8,52,8.8,289,0.0,,23.03,72.58
2024-02-03 20:00:00,23.8,54,8.7,287,0.0,,23.03,72.58
2024-02-03 21:00:00,23.1,56,8.2,331,0.0,,23.03,72.58
2024-02-03 22:00:00,22.0,60,6.6,22,0.0,,23.03,72.58
2024-02-03 23:00:00,21.2,62,6.1,28,0.0,,23.03,72.58
2024-02-04 00:00:00,20.5,65,6.1,45,0.0,,23.03,72.58
2024-02-04 01:00:00,19.6,69,7.4,67,0.0,,23.03,72.58
2024-02-04 02:00:00,19.4,70,5.9,47,0.0,,23.03,72.58
2024-02-04 03:00:00,18.8,74,5.8,30,0.0,,23.03,72.58
2024-02-04 04:00:00,18.4,76,4.6,39,0.0,,23.03,72.58
2024-02-04 05:00:00,19.0,72,2.3,39,0.0,,23.03,72.58
2024-02-04 06:00:00,17.7,82,5.8,86,0.0,,23.03,72.58
2024-02-04 07:00:00,17.5,84,5.9,104,0.0,,23.03,72.58
2024-02-04 08:00:00,20.4,70,8.2,142,0.0,,23.03,72.58
2024-02-04 09:00:00,24.2,58,5.2,155,0.0,,23.03,72.58
2024-02-04 10:00:00,27.9,45,6.5,180,0.0,,23.03,72.58
2024-02-04 11:00:00,30.2,38,9.0,209,0.0,,23.03,72.58
2024-02-04 12:00:00,31.6,34,10.4,226,0.0,,23.03,72.58
2024-02-04 13:00:00,32.4,31,12.0,237,0.0,,23.03,72.58
2024-02-04 14:00:00,32.8,30,13.4,246,0.0,,23.03,72.58
2024-02-04 15:00:00,32.6,30,14.3,258,0.0,,23.03,72.58
2024-02-04 16:00:00,32.1,32,12.6,257,0.0,,23.03,72.58
2024-02-04 17:00:00,31.4,33,5.7,252,0.0,,23.03,72.58
2024-02-04 18:00:00,28.3,40,7.9,344,0.0,,23.03,72.58
2024-02-04 19:00:00,26.9,40,7.6,335,0.0,,23.03,72.58
2024-02-04 20:00:00,25.5,39,9.9,341,0.0,,23.03,72.58
2024-02-04 21:00:00,24.4,42,8.7,353,0.0,,23.03,72.58
2024-02-04 22:00:00,23.1,51,6.9,6,0.0,,23.03,72.58
2024-02-04 23:00:00,22.3,60,6.5,354,0.0,,23.03,72.58
2024-02-05 00:00:00,21.3,68,5.4,352,0.0,,23.03,72.58
2024-02-05 01:00:00,20.5,76,6.8,357,0.0,,23.03,72.58
2024-02-05 02:00:00,20.0,80,6.1,3,0.0,,23.03,72.58
2024-02-05 03:00:00,19.4,84,5.8,7,0.0,,23.03,72.58
2024-02-05 04:00:00,19.0,86,5.1,4,0.0,,23.03,72.58
2024-02-05 05:00:00,18.7,88,5.1,356,0.0,,23.03,72.58
2024-02-05 06:00:00,19.6,90,7.3,340,0.0,,23.03,72.58
2024-02-05 07:00:00,19.4,92,7.6,341,0.0,,23.03,72.58
2024-02-05 08:00:00,21.3,83,7.9,344,0.0,,23.03,72.58
2024-02-05 09:00:00,24.0,69,7.0,348,0.0,,23.03,72.58
2024-02-05 10:00:00,26.2,59,10.0,334,0.0,,23.03,72.58
2024-02-05 11:00:00,27.6,54,9.9,316,0.0,,23.03,72.58
2024-02-05 12:00:00,28.8,49,10.1,305,0.0,,23.03,72.58
2024-02-05 13:00:00,29.7,44,11.9,299,0.0,,23.03,72.58
2024-02-05 14:00:00,30.0,42,12.4,292,0.0,,23.03,72.58
2024-02-05 15:00:00,30.0,42,12.6,290,0.0,,23.03,72.58
2024-02-05 16:00:00,29.5,42,11.6,286,0.0,,23.03,72.58
2024-02-05 17:00:00,28.8,43,10.2,288,0.0,,23.03,72.58
2024-02-05 18:00:00,26.1,52,6.2,277,0.0,,23.03,72.58
2024-02-05 19:00:00,25.0,55,6.9,321,0.0,,23.03,72.58
2024-02-05 20:00:00,24.2,56,5.9,346,0.0,,23.03,72.58
2024-02-05 21:00:00,23.6,57,8.0,350,0.0,,23.03,72.58
2024-02-05 22:00:00,23.2,57,10.8,358,0.0,,23.03,72.58
2024-02-05 23:00:00,22.3,60,8.8,9,0.0,,23.03,72.58
2024-02-06 00:00:00,21.6,63,8.0,18,0.0,,23.03,72.58
2024-02-06 01:00:00,20.9,66,6.4,27,0.0,,23.03,72.58
2024-02-06 02:00:00,19.9,70,5.9,38,0.0,,23.03,72.58
2024-02-06 03:00:00,19.2,73,6.0,33,0.0,,23.03,72.58
2024-02-06 04:00:00,18.9,74,5.2,34,0.0,,23.03,72.58
2024-02-06 05:00:00,18.5,76,5.2,34,0.0,,23.03,72.58
2024-02-06 06:00:00,18.5,80,4.9,36,0.0,,23.03,72.58
2024-02-06 07:00:00,18.4,81,4.9,36,0.0,,23.03,72.58
2024-02-06 08:00:00,20.7,71,5.9,38,0.0,,23.03,72.58
2024-02-06 09:00:00,24.0,60,3.8,41,0.0,,23.03,72.58
2024-02-06 10:00:00,26.6,50,3.3,49,0.0,,23.03,72.58
2024-02-06 11:00:00,28.0,47,2.2,360,0.0,,23.03,72.58
2024-02-06 12:00:00,29.0,44,2.7,293,0.0,,23.03,72.58
2024-02-06 13:00:00,29.8,42,5.0,270,0.0,,23.03,72.58
2024-02-06 14:00:00,30.4,39,7.7,259,0.0,,23.03,72.58
2024-02-06 15:00:00,30.6,37,10.2,260,0.0,,23.03,72.58
2024-02-06 16:00:00,30.2,37,10.9,264,0.0,,23.03,72.58
2024-02-06 17:00:00,29.5,39,9.4,274,0.0,,23.03,72.58
2024-02-06 18:00:00,26.6,45,7.7,311,0.0,,23.03,72.58
2024-02-06 19:00:00,25.2,48,8.4,329,0.0,,23.03,72.58
2024-02-06 20:00:00,24.2,51,7.2,354,0.0,,23.03,72.58
2024-02-06 21:00:00,23.3,52,6.6,13,0.0,,23.03,72.58
2024-02-06 22:00:00,22.2,55,6.0,33,0.0,,23.03,72.58
2024-02-06 23:00:00,21.6,57,6.1,40,0.0,,23.03,72.58
2024-02-07 00:00:00,20.7,61,5.6,27,0.0,,23.03,72.58
2024-02-07 01:00:00,20.0,64,5.8,7,0.0,,23.03,72.58
2024-02-07 02:00:00,19.3,68,5.8,356,0.0,,23.03,72.58
2024-02-07 03:00:00,18.8,71,5.8,356,0.0,,23.03,72.58
2024-02-07 04:00:00,18.6,72,5.8,360,0.0,,23.03,72.58
2024-02-07 05:00:00,18.0,74,6.9,9,0.0,,23.03,72.58
2024-02-07 06:00:00,18.4,77,5.5,67,0.0,,23.03,72.58
2024-02-07 07:00:00,17.6,83,7.0,55,0.0,,23.03,72.58
2024-02-07 08:00:00,19.8,70,5.2,65,0.0,,23.03,72.58
2024-02-07 09:00:00,22.3,61,4.1,45,0.0,,23.03,72.58
2024-02-07 10:00:00,25.3,52,3.6,84,0.0,,23.03,72.58
2024-02-07 11:00:00,27.2,45,0.4,360,0.0,,23.03,72.58
2024-02-07 12:00:00,28.6,41,5.4,312,0.0,,23.03,72.58
2024-02-07 13:00:00,29.6,38,10.2,315,0.0,,23.03,72.58
2024-02-07 14:00:00,30.1,36,12.0,321,0.0,,23.03,72.58
2024-02-07 15:00:00,30.3,34,12.2,317,0.0,,23.03,72.58
2024-02-07 16:00:00,30.1,32,13.0,312,0.0,,23.03,72.58
2024-02-07 17:00:00,29.5,33,13.8,321,0.0,,23.03,72.58
2024-02-07 18:00:00,26.4,40,7.3,349,0.0,,23.03,72.58
2024-02-07 19:00:00,25.1,42,8.6,358,0.0,,23.03,72.58
2024-02-07 20:00:00,24.5,43,10.9,354,0.0,,23.03,72.58
2024-02-07 21:00:00,24.0,42,14.9,353,0.0,,23.03,72.58
2024-02-07 22:00:00,23.0,45,14.8,1,0.0,,23.03,72.58
2024-02-07 23:00:00,22.1,48,14.9,7,0.0,,23.03,72.58
2024-02-08 00:00:00,21.5,50,13.5,9,0.0,,23.03,72.58
2024-02-08 01:00:00,20.9,52,12.9,18,0.0,,23.03,72.58
2024-02-08 02:00:00,20.5,53,12.9,23,0.0,,23.03,72.58
2024-02-08 03:00:00,19.8,55,11.6,26,0.0,,23.03,72.58
2024-02-08 04:00:00,19.5,56,12.0,33,0.0,,23.03,72.58
2024-02-08 05:00:00,19.3,57,12.9,36,0.0,,23.03,72.58
2024-02-08 06:00:00,19.8,56,17.0,54,0.0,,23.03,72.58
2024-02-08 07:00:00,19.3,57,16.6,56,0.0,,23.03,72.58
2024-02-08 08:00:00,19.9,54,16.5,54,0.0,,23.03,72.58
2024-02-08 09:00:00,21.3,46,19.1,58,0.0,,23.03,72.58
2024-02-08 10:00:00,23.0,39,18.7,65,0.0,,23.03,72.58
2024-02-08 11:00:00,24.8,34,17.1,72,0.0,,23.03,72.58
2024-02-08 12:00:00,26.5,30,15.8,73,0.0,,23.03,72.58
2024-02-08 13:00:00,27.4,29,14.6,74,0.0,,23.03,72.58
2024-02-08 14:00:00,27.9,29,11.7,72,0.0,,23.03,72.58
2024-02-08 15:00:00,28.0,29,9.7,48,0.0,,23.03,72.58
2024-02-08 16:00:00,27.8,28,9.4,40,0.0,,23.03,72.58
2024-02-08 17:00:00,27.0,28,9.8,36,0.0,,23.03,72.58
2024-02-08 18:00:00,23.4,37,6.4,38,0.0,,23.03,72.58
2024-02-08 19:00:00,22.2,38,6.5,19,0.0,,23.03,72.58
2024-02-08 20:00:00,21.3,39,7.4,14,0.0,,23.03,72.58
2024-02-08 21:00:00,20.3,40,7.0,21,0.0,,23.03,72.58
2024-02-08 22:00:00,19.8,42,8.1,32,0.0,,23.03,72.58
2024-02-08 23:00:00,18.7,43,7.5,35,0.0,,23.03,72.58
2024-02-09 00:00:00,18.1,41,7.9,30,0.0,,23.03,72.58
2024-02-09 01:00:00,17.5,38,8.1,32,0.0,,23.03,72.58
2024-02-09 02:00:00,16.9,36,8.4,40,0.0,,23.03,72.58
2024-02-09 03:00:00,16.4,35,9.2,42,0.0,,23.03,72.58
2024-02-09 04:00:00,16.0,36,9.9,44,0.0,,23.03,72.58
2024-02-09 05:00:00,15.9,36,11.0,52,0.0,,23.03,72.58
2024-02-09 06:00:00,15.8,43,11.1,54,0.0,,23.03,72.58
2024-02-09 07:00:00,15.7,44,11.8,63,0.0,,23.03,72.58
2024-02-09 08:00:00,17.5,42,14.2,63,0.0,,23.03,72.58
2024-02-09 09:00:00,20.1,36,14.0,67,0.0,,23.03,72.58
2024-02-09 10:00:00,22.8,32,14.1,71,0.0,,23.03,72.58
2024-02-09 11:00:00,25.1,30,12.2,76,0.0,,23.03,72.58
2024-02-09 12:00:00,26.7,30,9.9,80,0.0,,23.03,72.58
2024-02-09 13:00:00,27.7,29,6.6,77,0.0,,23.03,72.58
2024-02-09 14:00:00,28.3,27,4.7,58,0.0,,23.03,72.58
2024-02-09 15:00:00,28.5,25,4.4,35,0.0,,23.03,72.58
2024-02-09 16:00:00,28.3,25,5.5,23,0.0,,23.03,72.58
2024-02-09 17:00:00,27.6,25,5.8,22,0.0,,23.03,72.58
2024-02-09 18:00:00,23.9,37,7.9,24,0.0,,23.03,72.58
2024-02-09 19:00:00,22.6,38,7.1,15,0.0,,23.03,72.58
2024-02-09 20:00:00,21.6,39,7.7,11,0.0,,23.03,72.58
2024-02-09 21:00:00,20.8,39,7.4,14,0.0,,23.03,72.58
2024-02-09 22:00:00,19.7,41,7.5,17,0.0,,23.03,72.58
2024-02-09 23:00:00,18.5,45,7.0,12,0.0,,23.03,72.58
2024-02-10 00:00:00,17.6,48,7.6,25,0.0,,23.03,72.58
2024-02-10 01:00:00,16.7,51,7.0,21,0.0,,23.03,72.58
2024-02-10 02:00:00,15.7,54,6.3,13,0.0,,23.03,72.58
2024-02-10 03:00:00,15.5,50,7.6,25,0.0,,23.03,72.58
2024-02-10 04:00:00,15.7,43,9.1,34,0.0,,23.03,72.58
2024-02-10 05:00:00,15.9,40,11.2,42,0.0,,23.03,72.58
2024-02-10 06:00:00,16.1,45,12.5,44,0.0,,23.03,72.58
2024-02-10 07:00:00,15.9,46,13.3,49,0.0,,23.03,72.58
2024-02-10 08:00:00,17.7,44,15.7,53,0.0,,23.03,72.58
2024-02-10 09:00:00,20.5,38,16.2,58,0.0,,23.03,72.58
2024-02-10 10:00:00,23.2,33,16.1,61,0.0,,23.03,72.58
2024-02-10 11:00:00,25.7,30,15.1,65,0.0,,23.03,72.58
2024-02-10 12:00:00,27.5,28,12.6,66,0.0,,23.03,72.58
2024-02-10 13:00:00,28.6,28,10.9,63,0.0,,23.03,72.58
2024-02-10 14:00:00,29.3,27,9.3,54,0.0,,23.03,72.58
2024-02-10 15:00:00,29.5,27,8.9,47,0.0,,23.03,72.58
2024-02-10 16:00:00,29.3,27,9.0,37,0.0,,23.03,72.58
2024-02-10 17:00:00,28.6,28,8.2,23,0.0,,23.03,72.58
2024-02-10 18:00:00,24.3,34,7.0,12,0.0,,23.03,72.58
2024-02-10 19:00:00,23.1,35,8.4,353,0.0,,23.03,72.58
2024-02-10 20:00:00,22.3,35,10.0,345,0.0,,23.03,72.58
2024-02-10 21:00:00,21.2,33,9.1,351,0.0,,23.03,72.58
2024-02-10 22:00:00,20.3,32,8.8,9,0.0,,23.03,72.58
2024-02-10 23:00:00,19.1,34,8.7,17,0.0,,23.03,72.58
2024-02-11 00:00:00,18.2,37,8.7,17,0.0,,23.03,72.58
2024-02-11 01:00:00,17.3,40,10.2,18,0.0,,23.03,72.58
2024-02-11 02:00:00,16.7,44,10.4,34,0.0,,23.03,72.58
2024-02-11 03:00:00,16.6,48,11.2,42,0.0,,23.03,72.58
2024-02-11 04:00:00,16.5,51,11.7,47,0.0,,23.03,72.58
2024-02-11 05:00:00,16.4,52,13.3,49,0.0,,23.03,72.58
2024-02-11 06:00:00,17.0,53,13.8,51,0.0,,23.03,72.58
2024-02-11 07:00:00,16.8,53,13.7,55,0.0,,23.03,72.58
2024-02-11 08:00:00,18.5,49,14.6,50,0.0,,23.03,72.58
2024-02-11 09:00:00,21.0,41,16.0,54,0.0,,23.03,72.58
2024-02-11 10:00:00,23.6,35,16.5,58,0.0,,23.03,72.58
2024-02-11 11:00:00,25.9,31,15.9,62,0.0,,23.03,72.58
2024-02-11 12:00:00,27.7,30,13.5,65,0.0,,23.03,72.58
2024-02-11 13:00:00,28.8,29,11.3,59,0.0,,23.03,72.58
2024-02-11 14:00:00,29.3,29,9.3,54,0.0,,23.03,72.58
2024-02-11 15:00:00,29.5,28,7.9,39,0.0,,23.03,72.58
2024-02-11 16:00:00,29.4,27,8.4,31,0.0,,23.03,72.58
2024-02-11 17:00:00,28.6,28,8.9,32,0.0,,23.03,72.58
2024-02-11 18:00:00,25.0,34,6.3,31,0.0,,23.03,72.58
2024-02-11 19:00:00,22.7,40,8.5,28,0.0,,23.03,72.58
2024-02-11 20:00:00,21.6,43,7.1,30,0.0,,23.03,72.58
2024-02-11 21:00:00,20.6,46,7.1,15,0.0,,23.03,72.58
2024-02-11 22:00:00,19.7,46,8.3,5,0.0,,23.03,72.58
2024-02-11 23:00:00,19.3,43,9.4,7,0.0,,23.03,72.58
2024-02-12 00:00:00,18.8,41,10.9,9,0.0,,23.03,72.58
2024-02-12 01:00:00,18.5,38,9.3,13,0.0,,23.03,72.58
2024-02-12 02:00:00,17.3,40,10.0,38,0.0,,23.03,72.58
2024-02-12 03:00:00,16.9,44,11.0,52,0.0,,23.03,72.58
2024-02-12 04:00:00,16.8,50,11.3,53,0.0,,23.03,72.58
2024-02-12 05:00:00,16.8,51,11.5,51,0.0,,23.03,72.58
2024-02-12 06:00:00,17.2,54,11.8,50,0.0,,23.03,72.58
2024-02-12 07:00:00,17.2,53,12.5,51,0.0,,23.03,72.58
2024-02-12 08:00:00,19.0,49,13.8,51,0.0,,23.03,72.58
2024-02-12 09:00:00,21.2,42,13.3,57,0.0,,23.03,72.58
2024-02-12 10:00:00,23.4,38,13.5,65,0.0,,23.03,72.58
2024-02-12 11:00:00,25.6,35,12.1,73,0.0,,23.03,72.58
2024-02-12 12:00:00,27.3,34,9.1,83,0.0,,23.03,72.58
2024-02-12 13:00:00,28.5,32,4.4,81,0.0,,23.03,72.58
2024-02-12 14:00:00,29.2,29,1.4,360,0.0,,23.03,72.58
2024-02-12 15:00:00,29.4,27,3.1,306,0.0,,23.03,72.58
2024-02-12 16:00:00,29.1,27,2.8,320,0.0,,23.03,72.58
2024-02-12 17:00:00,28.5,28,3.3,319,0.0,,23.03,72.58
2024-02-12 18:00:00,24.6,43,6.9,321,0.0,,23.03,72.58
2024-02-12 19:00:00,23.4,44,6.4,317,0.0,,23.03,72.58
2024-02-12 20:00:00,22.4,47,6.6,315,0.0,,23.03,72.58
2024-02-12 21:00:00,22.1,48,9.9,314,0.0,,23.03,72.58
2024-02-12 22:00:00,22.1,45,11.8,333,0.0,,23.03,72.58
2024-02-12 23:00:00,21.4,46,13.2,334,0.0,,23.03,72.58
2024-02-13 00:00:00,21.0,40,14.9,340,0.0,,23.03,72.58
2024-02-13 01:00:00,20.4,37,12.3,355,0.0,,23.03,72.58
2024-02-13 02:00:00,19.7,39,10.6,10,0.0,,23.03,72.58
2024-02-13 03:00:00,18.9,41,9.5,11,0.0,,23.03,72.58
2024-02-13 04:00:00,18.5,40,11.0,19,0.0,,23.03,72.58
2024-02-13 05:00:00,18.0,40,9.6,20,0.0,,23.03,72.58
2024-02-13 06:00:00,17.7,52,9.7,42,0.0,,23.03,72.58
2024-02-13 07:00:00,17.6,60,10.2,51,0.0,,23.03,72.58
2024-02-13 08:00:00,19.3,58,10.5,52,0.0,,23.03,72.58
2024-02-13 09:00:00,21.9,52,10.0,60,0.0,,23.03,72.58
2024-02-13 10:00:00,24.6,46,9.9,71,0.0,,23.03,72.58
2024-02-13 11:00:00,26.9,41,8.1,77,0.0,,23.03,72.58
2024-02-13 12:00:00,28.4,35,4.5,76,0.0,,23.03,72.58
2024-02-13 13:00:00,29.2,31,1.4,360,0.0,,23.03,72.58
2024-02-13 14:00:00,29.6,30,3.8,319,0.0,,23.03,72.58
2024-02-13 15:00:00,29.6,29,4.6,309,0.0,,23.03,72.58
2024-02-13 16:00:00,29.5,29,6.2,291,0.0,,23.03,72.58
2024-02-13 17:00:00,29.0,29,6.6,292,0.0,,23.03,72.58
2024-02-13 18:00:00,25.8,42,5.9,308,0.0,,23.03,72.58
2024-02-13 19:00:00,24.4,43,6.2,291,0.0,,23.03,72.58
2024-02-13 20:00:00,23.4,44,7.6,295,0.0,,23.03,72.58
2024-02-13 21:00:00,22.9,44,8.9,317,0.0,,23.03,72.58
2024-02-13 22:00:00,22.2,44,13.5,318,0.0,,23.03,72.58
2024-02-13 23:00:00,21.6,32,13.4,329,0.0,,23.03,72.58
2024-02-14 00:00:00,20.8,32,12.2,336,0.0,,23.03,72.58
2024-02-14 01:00:00,19.9,34,11.2,345,0.0,,23.03,72.58
2024-02-14 02:00:00,19.3,36,9.8,352,0.0,,23.03,72.58
2024-02-14 03:00:00,19.6,37,9.2,349,0.0,,23.03,72.58
2024-02-14 04:00:00,18.6,40,8.2,345,0.0,,23.03,72.58
2024-02-14 05:00:00,17.3,44,7.4,346,0.0,,23.03,72.58
2024-02-14 06:00:00,17.7,54,8.0,355,0.0,,23.03,72.58
2024-02-14 07:00:00,17.1,57,9.5,351,0.0,,23.03,72.58
2024-02-14 08:00:00,19.1,52,10.8,356,0.0,,23.03,72.58
2024-02-14 09:00:00,22.3,46,8.6,22,0.0,,23.03,72.58
2024-02-14 10:00:00,24.8,45,8.9,47,0.0,,23.03,72.58
2024-02-14 11:00:00,26.9,42,6.4,52,0.0,,23.03,72.58
2024-02-14 12:00:00,28.4,34,4.8,27,0.0,,23.03,72.58
2024-02-14 13:00:00,29.3,30,5.4,8,0.0,,23.03,72.58
2024-02-14 14:00:00,29.9,27,6.5,354,0.0,,23.03,72.58
2024-02-14 15:00:00,30.1,26,7.7,349,0.0,,23.03,72.58
2024-02-14 16:00:00,29.9,26,9.1,351,0.0,,23.03,72.58
2024-02-14 17:00:00,29.2,26,9.4,360,0.0,,23.03,72.58
2024-02-14 18:00:00,25.3,36,8.6,358,0.0,,23.03,72.58
2024-02-14 19:00:00,23.2,39,8.9,328,0.0,,23.03,72.58
2024-02-14 20:00:00,23.0,34,8.2,322,0.0,,23.03,72.58
2024-02-14 21:00:00,23.0,30,12.2,341,0.0,,23.03,72.58
2024-02-14 22:00:00,22.2,30,12.3,345,0.0,,23.03,72.58
2024-02-14 23:00:00,21.2,32,13.4,352,0.0,,23.03,72.58
2024-02-15 00:00:00,20.4,35,12.6,357,0.0,,23.03,72.58
2024-02-15 01:00:00,19.7,39,12.0,7,0.0,,23.03,72.58
2024-02-15 02:00:00,19.3,43,11.3,22,0.0,,23.03,72.58
2024-02-15 03:00:00,19.3,48,11.8,38,0.0,,23.03,72.58
2024-02-15 04:00:00,19.2,54,12.2,47,0.0,,23.03,72.58
2024-02-15 05:00:00,19.0,59,12.6,53,0.0,,23.03,72.58
2024-02-15 06:00:00,19.0,66,12.8,50,0.0,,23.03,72.58
2024-02-15 07:00:00,19.1,66,13.7,55,0.0,,23.03,72.58
2024-02-15 08:00:00,21.1,59,14.9,58,0.0,,23.03,72.58
2024-02-15 09:00:00,23.6,50,17.6,64,0.0,,23.03,72.58
2024-02-15 10:00:00,26.2,42,19.0,71,0.0,,23.03,72.58
2024-02-15 11:00:00,28.5,35,18.4,79,0.0,,23.03,72.58
2024-02-15 12:00:00,30.2,34,17.3,86,0.0,,23.03,72.58
2024-02-15 13:00:00,31.3,31,15.1,87,0.0,,23.03,72.58
2024-02-15 14:00:00,31.8,29,13.5,81,0.0,,23.03,72.58
2024-02-15 15:00:00,32.0,28,12.8,79,0.0,,23.03,72.58
2024-02-15 16:00:00,31.8,28,11.5,76,0.0,,23.03,72.58
2024-02-15 17:00:00,31.0,28,10.5,68,0.0,,23.03,72.58
2024-02-15 18:00:00,27.4,35,8.1,45,0.0,,23.03,72.58
2024-02-15 19:00:00,25.9,38,9.9,33,0.0,,23.03,72.58
2024-02-15 20:00:00,25.0,40,11.0,23,0.0,,23.03,72.58
2024-02-15 21:00:00,24.2,42,11.8,20,0.0,,23.03,72.58
2024-02-15 22:00:00,23.6,43,12.7,25,0.0,,23.03,72.58
2024-02-15 23:00:00,23.0,43,12.2,28,0.0,,23.03,72.58
2024-02-16 00:00:00,22.4,43,12.9,36,0.0,,23.03,72.58
2024-02-16 01:00:00,22.1,43,15.5,42,0.0,,23.03,72.58
2024-02-16 02:00:00,21.6,45,15.5,42,0.0,,23.03,72.58
2024-02-16 03:00:00,21.1,47,15.3,41,0.0,,23.03,72.58
2024-02-16 04:00:00,20.6,48,15.3,43,0.0,,23.03,72.58
2024-02-16 05:00:00,20.3,49,16.1,50,0.0,,23.03,72.58
2024-02-16 06:00:00,20.3,50,17.4,60,0.0,,23.03,72.58
2024-02-16 07:00:00,20.1,51,17.4,63,0.0,,23.03,72.58
2024-02-16 08:00:00,21.7,48,16.6,63,0.0,,23.03,72.58
2024-02-16 09:00:00,24.0,42,19.0,65,0.0,,23.03,72.58
2024-02-16 10:00:00,26.6,37,19.1,68,0.0,,23.03,72.58
2024-02-16 11:00:00,29.1,33,18.3,74,0.0,,23.03,72.58
2024-02-16 12:00:00,31.2,30,16.8,75,0.0,,23.03,72.58
2024-02-16 13:00:00,32.7,29,14.6,74,0.0,,23.03,72.58
2024-02-16 14:00:00,33.6,27,12.0,69,0.0,,23.03,72.58
2024-02-16 15:00:00,33.9,26,10.8,60,0.0,,23.03,72.58
2024-02-16 16:00:00,33.8,25,11.2,57,0.0,,23.03,72.58
2024-02-16 17:00:00,32.9,26,11.0,52,0.0,,23.03,72.58
2024-02-16 18:00:00,28.8,36,6.7,36,0.0,,23.03,72.58
2024-02-16 19:00:00,27.0,39,7.6,25,0.0,,23.03,72.58
2024-02-16 20:00:00,25.9,41,7.9,24,0.0,,23.03,72.58
2024-02-16 21:00:00,25.1,43,8.9,21,0.0,,23.03,72.58
2024-02-16 22:00:00,24.4,43,10.4,20,0.0,,23.03,72.58
2024-02-16 23:00:00,23.6,43,10.5,22,0.0,,23.03,72.58
2024-02-17 00:00:00,22.9,42,9.8,24,0.0,,23.03,72.58
2024-02-17 01:00:00,22.2,41,10.5,27,0.0,,23.03,72.58
2024-02-17 02:00:00,21.5,42,12.0,39,0.0,,23.03,72.58
2024-02-17 03:00:00,21.1,45,13.0,42,0.0,,23.03,72.58
2024-02-17 04:00:00,20.8,48,13.2,43,0.0,,23.03,72.58
2024-02-17 05:00:00,20.5,51,13.6,50,0.0,,23.03,72.58
2024-02-17 06:00:00,20.7,57,12.5,49,0.0,,23.03,72.58
2024-02-17 07:00:00,20.7,57,13.4,54,0.0,,23.03,72.58
2024-02-17 08:00:00,22.6,52,12.7,61,0.0,,23.03,72.58
2024-02-17 09:00:00,25.1,46,13.0,71,0.0,,23.03,72.58
2024-02-17 10:00:00,28.1,40,13.7,67,0.0,,23.03,72.58
2024-02-17 11:00:00,30.8,36,11.5,70,0.0,,23.03,72.58
2024-02-17 12:00:00,32.6,34,8.4,70,0.0,,23.03,72.58
2024-02-17 13:00:00,33.8,29,5.1,51,0.0,,23.03,72.58
2024-02-17 14:00:00,34.4,26,4.1,345,0.0,,23.03,72.58
2024-02-17 15:00:00,34.7,24,6.0,303,0.0,,23.03,72.58
2024-02-17 16:00:00,34.6,22,6.9,276,0.0,,23.03,72.58
2024-02-17 17:00:00,33.8,23,9.4,263,0.0,,23.03,72.58
2024-02-17 18:00:00,29.9,24,7.9,317,0.0,,23.03,72.58
2024-02-17 19:00:00,28.0,27,8.6,360,0.0,,23.03,72.58
2024-02-17 20:00:00,26.8,29,9.1,18,0.0,,23.03,72.58
2024-02-17 21:00:00,25.8,30,9.3,16,0.0,,23.03,72.58
2024-02-17 22:00:00,25.0,31,9.5,11,0.0,,23.03,72.58
2024-02-17 23:00:00,24.1,33,10.9,8,0.0,,23.03,72.58
2024-02-18 00:00:00,23.6,32,10.2,18,0.0,,23.03,72.58
2024-02-18 01:00:00,22.4,32,8.9,27,0.0,,23.03,72.58
2024-02-18 02:00:00,21.2,33,7.1,15,0.0,,23.03,72.58
2024-02-18 03:00:00,20.0,39,8.5,28,0.0,,23.03,72.58
2024-02-18 04:00:00,20.1,38,6.8,65,0.0,,23.03,72.58
2024-02-18 05:00:00,18.7,44,8.7,60,0.0,,23.03,72.58
2024-02-18 06:00:00,18.4,54,8.6,75,0.0,,23.03,72.58
2024-02-18 07:00:00,18.8,53,8.0,95,0.0,,23.03,72.58
2024-02-18 08:00:00,21.4,48,5.9,104,0.0,,23.03,72.58
2024-02-18 09:00:00,24.6,42,0.8,207,0.0,,23.03,72.58
2024-02-18 10:00:00,27.8,36,2.3,231,0.0,,23.03,72.58
2024-02-18 11:00:00,30.3,30,3.4,238,0.0,,23.03,72.58
2024-02-18 12:00:00,32.3,25,4.8,228,0.0,,23.03,72.58
2024-02-18 13:00:00,33.8,19,10.9,243,0.0,,23.03,72.58
2024-02-18 14:00:00,34.3,16,13.9,249,0.0,,23.03,72.58
2024-02-18 15:00:00,34.1,17,15.3,243,0.0,,23.03,72.58
2024-02-18 16:00:00,33.8,18,11.6,234,0.0,,23.03,72.58
2024-02-18 17:00:00,33.7,17,8.7,232,0.0,,23.03,72.58
2024-02-18 18:00:00,30.1,20,8.6,272,0.0,,23.03,72.58
2024-02-18 19:00:00,26.3,28,10.2,312,0.0,,23.03,72.58
2024-02-18 20:00:00,26.4,26,8.9,328,0.0,,23.03,72.58
2024-02-18 21:00:00,25.4,28,8.0,288,0.0,,23.03,72.58
2024-02-18 22:00:00,23.2,34,7.9,227,0.0,,23.03,72.58
2024-02-18 23:00:00,22.5,36,9.0,233,0.0,,23.03,72.58
2024-02-19 00:00:00,22.7,33,8.8,261,0.0,,23.03,72.58
2024-02-19 01:00:00,22.3,33,8.7,265,0.0,,23.03,72.58
2024-02-19 02:00:00,21.1,36,8.3,265,0.0,,23.03,72.58
2024-02-19 03:00:00,20.3,37,7.9,270,0.0,,23.03,72.58
2024-02-19 04:00:00,19.9,37,8.3,272,0.0,,23.03,72.58
2024-02-19 05:00:00,19.5,38,8.4,260,0.0,,23.03,72.58
2024-02-19 06:00:00,20.6,43,10.1,235,0.0,,23.03,72.58
2024-02-19 07:00:00,20.6,46,10.5,239,0.0,,23.03,72.58
2024-02-19 08:00:00,22.9,42,11.9,245,0.0,,23.03,72.58
2024-02-19 09:00:00,25.9,34,11.1,241,0.0,,23.03,72.58
2024-02-19 10:00:00,28.6,30,14.2,240,0.0,,23.03,72.58
2024-02-19 11:00:00,30.7,26,17.1,248,0.0,,23.03,72.58
2024-02-19 12:00:00,32.3,22,17.1,252,0.0,,23.03,72.58
2024-02-19 13:00:00,33.3,20,15.9,252,0.0,,23.03,72.58
2024-02-19 14:00:00,34.1,20,15.6,255,0.0,,23.03,72.58
2024-02-19 15:00:00,34.3,20,14.7,259,0.0,,23.03,72.58
2024-02-19 16:00:00,34.2,19,12.8,259,0.0,,23.03,72.58
2024-02-19 17:00:00,33.4,21,10.7,258,0.0,,23.03,72.58
2024-02-19 18:00:00,29.0,31,8.8,258,0.0,,23.03,72.58
2024-02-19 19:00:00,27.0,35,9.3,283,0.0,,23.03,72.58
2024-02-19 20:00:00,26.9,31,8.5,282,0.0,,23.03,72.58
2024-02-19 21:00:00,25.4,32,8.2,218,0.0,,23.03,72.58
2024-02-19 22:00:00,24.7,35,9.8,242,0.0,,23.03,72.58
2024-02-19 23:00:00,24.6,28,12.1,260,0.0,,23.03,72.58
2024-02-20 00:00:00,23.9,26,13.8,277,0.0,,23.03,72.58
2024-02-20 01:00:00,23.0,33,12.8,292,0.0,,23.03,72.58
2024-02-20 02:00:00,21.9,47,10.0,291,0.0,,23.03,72.58
2024-02-20 03:00:00,21.0,63,9.6,304,0.0,,23.03,72.58
2024-02-20 04:00:00,20.1,78,6.8,295,0.0,,23.03,72.58
2024-02-20 05:00:00,19.1,89,5.4,278,0.0,,23.03,72.58
2024-02-20 06:00:00,19.7,95,5.1,262,0.0,,23.03,72.58
2024-02-20 07:00:00,19.5,97,5.1,231,0.0,,23.03,72.58
2024-02-20 08:00:00,21.7,89,7.5,235,0.0,,23.03,72.58
2024-02-20 09:00:00,23.5,79,8.6,255,0.0,,23.03,72.58
2024-02-20 10:00:00,25.4,69,7.8,257,0.0,,23.03,72.58
2024-02-20 11:00:00,27.4,61,7.0,258,0.0,,23.03,72.58
2024-02-20 12:00:00,29.4,49,7.6,262,0.0,,23.03,72.58
2024-02-20 13:00:00,30.9,38,9.0,254,0.0,,23.03,72.58
2024-02-20 14:00:00,32.0,31,10.6,242,0.0,,23.03,72.58
2024-02-20 15:00:00,32.4,28,12.6,239,0.0,,23.03,72.58
2024-02-20 16:00:00,32.1,30,12.9,240,0.0,,23.03,72.58
2024-02-20 17:00:00,31.6,29,11.8,243,0.0,,23.03,72.58
2024-02-20 18:00:00,28.0,42,4.9,234,0.0,,23.03,72.58
2024-02-20 19:00:00,28.1,41,1.4,360,0.0,,23.03,72.58
2024-02-20 20:00:00,27.5,42,0.4,90,0.0,,23.03,72.58
2024-02-20 21:00:00,25.1,48,9.4,187,0.0,,23.03,72.58
2024-02-20 22:00:00,24.0,54,10.1,215,0.0,,23.03,72.58
2024-02-20 23:00:00,23.2,63,11.9,235,0.0,,23.03,72.58
2024-02-21 00:00:00,23.2,61,11.2,268,0.0,,23.03,72.58
2024-02-21 01:00:00,23.1,64,14.1,274,0.0,,23.03,72.58
2024-02-21 02:00:00,22.6,70,14.7,281,0.0,,23.03,72.58
2024-02-21 03:00:00,22.0,77,15.1,288,0.0,,23.03,72.58
2024-02-21 04:00:00,21.4,85,15.7,290,0.0,,23.03,72.58
2024-02-21 05:00:00,20.9,91,13.8,290,0.0,,23.03,72.58
2024-02-21 06:00:00,22.1,90,12.9,293,0.0,,23.03,72.58
2024-02-21 07:00:00,22.4,87,15.6,293,0.0,,23.03,72.58
2024-02-21 08:00:00,22.8,81,15.5,292,0.1,,23.03,72.58
2024-02-21 09:00:00,24.1,72,15.6,285,0.0,,23.03,72.58
2024-02-21 10:00:00,25.7,61,14.1,283,0.0,,23.03,72.58
2024-02-21 11:00:00,27.2,53,12.8,281,0.0,,23.03,72.58
2024-02-21 12:00:00,28.3,46,13.5,279,0.0,,23.03,72.58
2024-02-21 13:00:00,29.3,40,15.6,278,0.0,,23.03,72.58
2024-02-21 14:00:00,30.0,35,17.3,274,0.0,,23.03,72.58
2024-02-21 15:00:00,30.4,31,19.1,272,0.0,,23.03,72.58
2024-02-21 16:00:00,30.2,29,21.0,282,0.0,,23.03,72.58
2024-02-21 17:00:00,29.5,27,20.6,289,0.0,,23.03,72.58
2024-02-21 18:00:00,27.4,40,15.1,282,0.0,,23.03,72.58
2024-02-21 19:00:00,26.0,38,11.0,281,0.0,,23.03,72.58
2024-02-21 20:00:00,24.6,39,7.9,270,0.0,,23.03,72.58
2024-02-21 21:00:00,22.9,43,9.4,263,0.0,,23.03,72.58
2024-02-21 22:00:00,22.6,45,9.1,261,0.0,,23.03,72.58
2024-02-21 23:00:00,22.1,49,10.2,190,0.0,,23.03,72.58
2024-02-22 00:00:00,20.9,88,10.0,206,0.0,,23.03,72.58
2024-02-22 01:00:00,20.6,96,9.0,209,0.0,,23.03,72.58
2024-02-22 02:00:00,20.0,93,8.2,247,0.0,,23.03,72.58
2024-02-22 03:00:00,19.7,78,8.6,268,0.0,,23.03,72.58
2024-02-22 04:00:00,19.6,78,11.0,281,0.0,,23.03,72.58
2024-02-22 05:00:00,19.2,84,9.8,276,0.0,,23.03,72.58
2024-02-22 06:00:00,19.8,87,12.6,283,0.0,,23.03,72.58
2024-02-22 07:00:00,19.8,87,13.2,281,0.0,,23.03,72.58
2024-02-22 08:00:00,21.3,81,13.8,276,0.0,,23.03,72.58
2024-02-22 09:00:00,23.1,73,15.9,276,0.0,,23.03,72.58
2024-02-22 10:00:00,24.9,61,14.8,283,0.0,,23.03,72.58
2024-02-22 11:00:00,26.6,50,13.1,279,0.0,,23.03,72.58
2024-02-22 12:00:00,28.1,39,13.7,273,0.0,,23.03,72.58
2024-02-22 13:00:00,29.2,33,15.1,270,0.0,,23.03,72.58
2024-02-22 14:00:00,29.9,31,16.6,270,0.0,,23.03,72.58
2024-02-22 15:00:00,29.9,29,16.0,278,0.0,,23.03,72.58
2024-02-22 16:00:00,29.7,27,16.0,284,0.0,,23.03,72.58
2024-02-22 17:00:00,29.1,25,15.0,287,0.0,,23.03,72.58
2024-02-22 18:00:00,27.2,32,9.6,283,0.0,,23.03,72.58
2024-02-22 19:00:00,25.3,36,8.0,265,0.0,,23.03,72.58
2024-02-22 20:00:00,24.2,38,8.0,275,0.0,,23.03,72.58
2024-02-22 21:00:00,23.5,35,11.5,319,0.0,,23.03,72.58
2024-02-22 22:00:00,23.1,35,13.6,328,0.0,,23.03,72.58
2024-02-22 23:00:00,22.1,36,11.1,324,0.0,,23.03,72.58
2024-02-23 00:00:00,20.7,38,8.5,324,0.0,,23.03,72.58
2024-02-23 01:00:00,19.4,40,8.4,320,0.0,,23.03,72.58
2024-02-23 02:00:00,18.7,38,9.4,317,0.0,,23.03,72.58
2024-02-23 03:00:00,18.0,39,10.0,339,0.0,,23.03,72.58
2024-02-23 04:00:00,17.4,42,9.7,345,0.0,,23.03,72.58
2024-02-23 05:00:00,16.9,42,10.0,345,0.0,,23.03,72.58
2024-02-23 06:00:00,16.4,54,7.6,357,0.0,,23.03,72.58
2024-02-23 07:00:00,16.0,54,7.3,9,0.0,,23.03,72.58
2024-02-23 08:00:00,18.5,47,8.8,12,0.0,,23.03,72.58
2024-02-23 09:00:00,22.4,36,8.5,36,0.0,,23.03,72.58
2024-02-23 10:00:00,25.9,27,11.5,46,0.0,,23.03,72.58
2024-02-23 11:00:00,27.7,28,10.2,42,0.0,,23.03,72.58
2024-02-23 12:00:00,28.9,20,9.8,28,0.0,,23.03,72.58
2024-02-23 13:00:00,29.5,19,9.4,18,0.0,,23.03,72.58
2024-02-23 14:00:00,29.8,19,8.9,14,0.0,,23.03,72.58
2024-02-23 15:00:00,29.8,18,9.1,7,0.0,,23.03,72.58
2024-02-23 16:00:00,29.5,18,7.6,357,0.0,,23.03,72.58
2024-02-23 17:00:00,29.0,18,6.4,344,0.0,,23.03,72.58
2024-02-23 18:00:00,25.5,22,8.0,350,0.0,,23.03,72.58
2024-02-23 19:00:00,23.8,22,7.8,326,0.0,,23.03,72.58
2024-02-23 20:00:00,22.6,22,7.8,326,0.0,,23.03,72.58
2024-02-23 21:00:00,21.7,22,9.7,329,0.0,,23.03,72.58
2024-02-23 22:00:00,21.5,20,13.2,331,0.0,,23.03,72.58
2024-02-23 23:00:00,20.3,17,11.3,333,0.0,,23.03,72.58
2024-02-24 00:00:00,19.3,16,10.4,340,0.0,,23.03,72.58
2024-02-24 01:00:00,18.5,17,10.0,345,0.0,,23.03,72.58
2024-02-24 02:00:00,17.9,18,11.3,343,0.0,,23.03,72.58
2024-02-24 03:00:00,17.6,19,12.6,336,0.0,,23.03,72.58
2024-02-24 04:00:00,17.2,20,12.6,340,0.0,,23.03,72.58
2024-02-24 05:00:00,16.7,21,10.2,352,0.0,,23.03,72.58
2024-02-24 06:00:00,15.9,28,8.3,358,0.0,,23.03,72.58
2024-02-24 07:00:00,15.7,30,7.9,3,0.0,,23.03,72.58
2024-02-24 08:00:00,18.9,26,10.8,360,0.0,,23.03,72.58
2024-02-24 09:00:00,22.6,23,7.6,5,0.0,,23.03,72.58
2024-02-24 10:00:00,26.0,19,8.9,14,0.0,,23.03,72.58
2024-02-24 11:00:00,28.2,13,11.6,5,0.0,,23.03,72.58
2024-02-24 12:00:00,29.3,11,11.6,5,0.0,,23.03,72.58
2024-02-24 13:00:00,30.0,11,11.5,2,0.0,,23.03,72.58
2024-02-24 14:00:00,30.5,10,11.7,351,0.0,,23.03,72.58
2024-02-24 15:00:00,30.6,10,13.6,348,0.0,,23.03,72.58
2024-02-24 16:00:00,30.3,9,14.3,342,0.0,,23.03,72.58
2024-02-24 17:00:00,29.3,10,13.9,343,0.0,,23.03,72.58
2024-02-24 18:00:00,25.0,17,8.1,315,0.0,,23.03,72.58
2024-02-24 19:00:00,22.4,21,9.7,315,0.0,,23.03,72.58
2024-02-24 20:00:00,21.3,22,9.2,329,0.0,,23.03,72.58
2024-02-24 21:00:00,20.7,22,7.2,323,0.0,,23.03,72.58
2024-02-24 22:00:00,20.5,20,10.9,343,0.0,,23.03,72.58
2024-02-24 23:00:00,19.5,20,10.1,356,0.0,,23.03,72.58
2024-02-25 00:00:00,18.3,21,9.4,7,0.0,,23.03,72.58
2024-02-25 01:00:00,17.9,21,10.9,8,0.0,,23.03,72.58
2024-02-25 02:00:00,17.5,22,10.1,6,0.0,,23.03,72.58
2024-02-25 03:00:00,17.1,22,9.8,6,0.0,,23.03,72.58
2024-02-25 04:00:00,15.8,25,8.2,52,0.0,,23.03,72.58
2024-02-25 05:00:00,15.5,26,12.0,46,0.0,,23.03,72.58
2024-02-25 06:00:00,17.0,29,13.7,14,0.0,,23.03,72.58
2024-02-25 07:00:00,17.3,28,13.3,19,0.0,,23.03,72.58
2024-02-25 08:00:00,19.6,26,11.7,56,0.0,,23.03,72.58
2024-02-25 09:00:00,22.4,22,11.9,85,0.0,,23.03,72.58
2024-02-25 10:00:00,25.2,19,12.1,80,0.0,,23.03,72.58
2024-02-25 11:00:00,28.1,15,12.8,74,0.0,,23.03,72.58
2024-02-25 12:00:00,29.8,11,14.0,42,0.0,,23.03,72.58
2024-02-25 13:00:00,30.6,11,13.5,34,0.0,,23.03,72.58
2024-02-25 14:00:00,31.2,9,11.6,36,0.0,,23.03,72.58
2024-02-25 15:00:00,31.4,8,11.5,32,0.0,,23.03,72.58
2024-02-25 16:00:00,31.0,8,12.6,24,0.0,,23.03,72.58
2024-02-25 17:00:00,30.0,9,12.8,22,0.0,,23.03,72.58
2024-02-25 18:00:00,25.3,19,8.9,43,0.0,,23.03,72.58
2024-02-25 19:00:00,23.1,20,8.1,45,0.0,,23.03,72.58
2024-02-25 20:00:00,22.6,22,7.2,53,0.0,,23.03,72.58
2024-02-25 21:00:00,22.0,24,6.3,24,0.0,,23.03,72.58
2024-02-25 22:00:00,21.0,25,7.6,360,0.0,,23.03,72.58
2024-02-25 23:00:00,20.7,24,9.1,7,0.0,,23.03,72.58
2024-02-26 00:00:00,20.5,24,11.4,24,0.0,,23.03,72.58
2024-02-26 01:00:00,20.5,27,12.5,39,0.0,,23.03,72.58
2024-02-26 02:00:00,20.8,33,13.5,46,0.0,,23.03,72.58
2024-02-26 03:00:00,20.6,36,13.8,49,0.0,,23.03,72.58
2024-02-26 04:00:00,20.4,37,13.8,51,0.0,,23.03,72.58
2024-02-26 05:00:00,20.1,38,14.7,54,0.0,,23.03,72.58
2024-02-26 06:00:00,20.4,41,16.9,63,0.0,,23.03,72.58
2024-02-26 07:00:00,20.5,41,18.0,61,0.0,,23.03,72.58
2024-02-26 08:00:00,21.8,38,17.4,63,0.0,,23.03,72.58
2024-02-26 09:00:00,23.6,34,21.0,68,0.0,,23.03,72.58
2024-02-26 10:00:00,25.1,32,20.5,68,0.0,,23.03,72.58
2024-02-26 11:00:00,27.0,29,19.8,71,0.0,,23.03,72.58
2024-02-26 12:00:00,28.4,28,18.0,70,0.0,,23.03,72.58
2024-02-26 13:00:00,31.0,25,16.1,70,0.0,,23.03,72.58
2024-02-26 14:00:00,32.5,23,14.1,75,0.0,,23.03,72.58
2024-02-26 15:00:00,33.1,21,11.1,77,0.0,,23.03,72.58
2024-02-26 16:00:00,32.9,20,10.0,77,0.0,,23.03,72.58
2024-02-26 17:00:00,32.1,22,9.4,90,0.0,,23.03,72.58
2024-02-26 18:00:00,27.9,32,5.9,47,0.0,,23.03,72.58
2024-02-26 19:00:00,27.3,32,8.4,31,0.0,,23.03,72.58
2024-02-26 20:00:00,26.6,33,8.3,18,0.0,,23.03,72.58
2024-02-26 21:00:00,25.7,35,9.1,9,0.0,,23.03,72.58
2024-02-26 22:00:00,24.9,36,12.1,17,0.0,,23.03,72.58
2024-02-26 23:00:00,23.7,38,11.8,31,0.0,,23.03,72.58
2024-02-27 00:00:00,23.0,40,13.1,37,0.0,,23.03,72.58
2024-02-27 01:00:00,22.2,43,13.3,38,0.0,,23.03,72.58
2024-02-27 02:00:00,21.5,47,13.6,40,0.0,,23.03,72.58
2024-02-27 03:00:00,21.1,48,13.2,43,0.0,,23.03,72.58
2024-02-27 04:00:00,20.6,49,12.7,45,0.0,,23.03,72.58
2024-02-27 05:00:00,20.1,50,12.0,41,0.0,,23.03,72.58
2024-02-27 06:00:00,20.5,51,12.5,44,0.0,,23.03,72.58
2024-02-27 07:00:00,20.6,51,12.7,43,0.0,,23.03,72.58
2024-02-27 08:00:00,22.8,46,13.4,59,0.0,,23.03,72.58
2024-02-27 09:00:00,25.8,41,13.0,66,0.0,,23.03,72.58
2024-02-27 10:00:00,28.8,38,12.4,64,0.0,,23.03,72.58
2024-02-27 11:00:00,30.9,38,10.5,68,0.0,,23.03,72.58
2024-02-27 12:00:00,32.5,35,7.1,66,0.0,,23.03,72.58
2024-02-27 13:00:00,33.7,31,2.9,60,0.0,,23.03,72.58
2024-02-27 14:00:00,34.4,26,2.6,304,0.0,,23.03,72.58
2024-02-27 15:00:00,34.7,24,5.9,313,0.0,,23.03,72.58
2024-02-27 16:00:00,34.6,23,8.0,324,0.0,,23.03,72.58
2024-02-27 17:00:00,33.9,23,9.2,329,0.0,,23.03,72.58
2024-02-27 18:00:00,29.5,32,6.3,329,0.0,,23.03,72.58
2024-02-27 19:00:00,27.8,35,9.8,332,0.0,,23.03,72.58
2024-02-27 20:00:00,27.0,34,10.8,339,0.0,,23.03,72.58
2024-02-27 21:00:00,25.9,36,11.2,339,0.0,,23.03,72.58
2024-02-27 22:00:00,25.0,37,14.1,347,0.0,,23.03,72.58
2024-02-27 23:00:00,23.9,40,13.8,353,0.0,,23.03,72.58
2024-02-28 00:00:00,23.0,44,12.7,8,0.0,,23.03,72.58
2024-02-28 01:00:00,22.3,47,12.4,22,0.0,,23.03,72.58
2024-02-28 02:00:00,21.8,49,13.1,37,0.0,,23.03,72.58
2024-02-28 03:00:00,21.3,55,12.5,51,0.0,,23.03,72.58
2024-02-28 04:00:00,20.8,61,12.9,60,0.0,,23.03,72.58
2024-02-28 05:00:00,20.4,65,13.1,58,0.0,,23.03,72.58
2024-02-28 06:00:00,20.4,63,13.5,56,0.0,,23.03,72.58
2024-02-28 07:00:00,20.3,63,14.1,52,0.0,,23.03,72.58
2024-02-28 08:00:00,22.2,56,14.8,56,0.0,,23.03,72.58
2024-02-28 09:00:00,24.8,48,15.3,66,0.0,,23.03,72.58
2024-02-28 10:00:00,27.7,41,14.5,76,0.0,,23.03,72.58
2024-02-28 11:00:00,30.1,36,14.1,84,0.0,,23.03,72.58
2024-02-28 12:00:00,31.9,31,13.0,87,0.0,,23.03,72.58
2024-02-28 13:00:00,33.1,27,10.5,82,0.0,,23.03,72.58
2024-02-28 14:00:00,33.9,24,8.3,72,0.0,,23.03,72.58
2024-02-28 15:00:00,34.1,22,7.6,65,0.0,,23.03,72.58
2024-02-28 16:00:00,34.0,22,6.6,61,0.0,,23.03,72.58
2024-02-28 17:00:00,33.4,23,6.6,61,0.0,,23.03,72.58
2024-02-28 18:00:00,29.7,34,7.0,21,0.0,,23.03,72.58
2024-02-28 19:00:00,27.8,36,7.6,8,0.0,,23.03,72.58
2024-02-28 20:00:00,27.1,36,7.2,3,0.0,,23.03,72.58
2024-02-28 21:00:00,25.7,40,8.9,21,0.0,,23.03,72.58
2024-02-28 22:00:00,25.4,40,9.7,2,0.0,,23.03,72.58
2024-02-28 23:00:00,24.8,39,11.0,19,0.0,,23.03,72.58
2024-02-29 00:00:00,24.1,39,12.5,18,0.0,,23.03,72.58
2024-02-29 01:00:00,23.3,39,11.9,25,0.0,,23.03,72.58
2024-02-29 02:00:00,22.6,40,13.3,38,0.0,,23.03,72.58
2024-02-29 03:00:00,22.0,43,12.7,55,0.0,,23.03,72.58
2024-02-29 04:00:00,21.4,49,13.0,62,0.0,,23.03,72.58
2024-02-29 05:00:00,21.2,52,13.6,68,0.0,,23.03,72.58
2024-02-29 06:00:00,21.0,57,10.5,63,0.0,,23.03,72.58
2024-02-29 07:00:00,21.1,57,10.7,57,0.0,,23.03,72.58
2024-02-29 08:00:00,23.5,50,12.6,66,0.0,,23.03,72.58
2024-02-29 09:00:00,26.4,42,14.8,77,0.0,,23.03,72.58
2024-02-29 10:00:00,29.6,35,13.8,83,0.0,,23.03,72.58
2024-02-29 11:00:00,32.4,31,11.2,86,0.0,,23.03,72.58
2024-02-29 12:00:00,34.4,27,7.3,101,0.0,,23.03,72.58
2024-02-29 13:00:00,35.8,23,4.4,145,0.0,,23.03,72.58
2024-02-29 14:00:00,36.8,18,3.5,204,0.0,,23.03,72.58
2024-02-29 15:00:00,37.0,17,3.9,236,0.0,,23.03,72.58
2024-02-29 16:00:00,36.9,17,6.3,239,0.0,,23.03,72.58
2024-02-29 17:00:00,36.2,17,8.4,230,0.0,,23.03,72.58
2024-02-29 18:00:00,31.7,25,9.0,247,0.0,,23.03,72.58
2024-02-29 19:00:00,29.2,28,8.8,305,0.0,,23.03,72.58
2024-02-29 20:00:00,30.0,25,3.7,349,0.0,,23.03,72.58
2024-02-29 21:00:00,26.4,31,6.6,45,0.0,,23.03,72.58
2024-02-29 22:00:00,24.8,36,8.1,122,0.0,,23.03,72.58
2024-02-29 23:00:00,24.3,38,8.8,125,0.0,,23.03,72.58
2024-03-01 00:00:00,24.1,38,6.9,141,0.0,,23.03,72.58
2024-03-01 01:00:00,23.0,46,12.1,197,0.0,,23.03,72.58
2024-03-01 02:00:00,24.6,40,11.2,270,0.0,,23.03,72.58
2024-03-01 03:00:00,23.5,43,8.2,285,0.0,,23.03,72.58
2024-03-01 04:00:00,21.5,51,9.8,287,0.0,,23.03,72.58
2024-03-01 05:00:00,21.6,51,8.4,313,0.0,,23.03,72.58
2024-03-01 06:00:00,21.4,56,7.4,203,0.0,,23.03,72.58
2024-03-01 07:00:00,22.3,51,8.7,173,0.0,,23.03,72.58
2024-03-01 08:00:00,25.1,44,5.7,198,0.0,,23.03,72.58
2024-03-01 09:00:00,28.3,38,7.9,231,0.0,,23.03,72.58
2024-03-01 10:00:00,30.7,32,8.4,245,0.0,,23.03,72.58
2024-03-01 11:00:00,33.0,26,9.4,230,0.0,,23.03,72.58
2024-03-01 12:00:00,34.8,23,11.7,223,0.0,,23.03,72.58
2024-03-01 13:00:00,36.0,21,16.7,217,0.0,,23.03,72.58
2024-03-01 14:00:00,36.6,19,19.1,216,0.0,,23.03,72.58
2024-03-01 15:00:00,36.9,18,19.3,213,0.0,,23.03,72.58
2024-03-01 16:00:00,36.9,18,17.9,214,0.0,,23.03,72.58
2024-03-01 17:00:00,36.2,18,19.7,220,0.0,,23.03,72.58
2024-03-01 18:00:00,33.0,23,11.9,245,0.0,,23.03,72.58
2024-03-01 19:00:00,31.0,27,9.1,236,0.0,,23.03,72.58
2024-03-01 20:00:00,29.7,30,8.5,216,0.0,,23.03,72.58
2024-03-01 21:00:00,28.7,32,8.7,246,0.0,,23.03,72.58
2024-03-01 22:00:00,27.1,40,10.9,279,0.0,,23.03,72.58
2024-03-01 23:00:00,26.0,51,15.3,279,0.0,,23.03,72.58
2024-03-02 00:00:00,25.2,51,16.0,278,0.0,,23.03,72.58
2024-03-02 01:00:00,24.3,47,11.7,279,0.0,,23.03,72.58
2024-03-02 02:00:00,22.6,53,6.2,277,0.0,,23.03,72.58
2024-03-02 03:00:00,21.9,58,5.8,274,0.0,,23.03,72.58
2024-03-02 04:00:00,22.1,65,8.7,275,0.0,,23.03,72.58
2024-03-02 05:00:00,21.8,73,9.7,274,0.0,,23.03,72.58
2024-03-02 06:00:00,22.5,74,9.1,277,0.0,,23.03,72.58
2024-03-02 07:00:00,22.9,77,4.7,212,0.3,,23.03,72.58
2024-03-02 08:00:00,24.3,73,7.7,229,0.0,,23.03,72.58
2024-03-02 09:00:00,26.1,66,9.2,239,0.0,,23.03,72.58
2024-03-02 10:00:00,27.9,57,10.8,249,0.0,,23.03,72.58
2024-03-02 11:00:00,29.2,51,12.8,248,0.0,,23.03,72.58
2024-03-02 12:00:00,29.3,52,15.5,248,0.0,,23.03,72.58
2024-03-02 13:00:00,30.1,50,18.1,247,0.0,,23.03,72.58
2024-03-02 14:00:00,26.0,67,15.9,274,0.5,,23.03,72.58
2024-03-02 15:00:00,27.1,59,15.6,262,1.4,,23.03,72.58
2024-03-02 16:00:00,27.1,62,18.1,265,0.4,,23.03,72.58
2024-03-02 17:00:00,26.3,63,14.8,273,0.3,,23.03,72.58
2024-03-02 18:00:00,27.4,47,12.0,254,0.0,,23.03,72.58
2024-03-02 19:00:00,26.5,46,15.3,285,0.0,,23.03,72.58
2024-03-02 20:00:00,25.3,49,23.1,285,0.0,,23.03,72.58
2024-03-02 21:00:00,21.1,70,18.0,237,1.6,,23.03,72.58
2024-03-02 22:00:00,21.6,67,10.2,225,0.1,,23.03,72.58
2024-03-02 23:00:00,21.1,63,9.8,262,0.0,,23.03,72.58
2024-03-03 00:00:00,20.1,58,11.3,287,0.0,,23.03,72.58
2024-03-03 01:00:00,18.9,49,11.2,291,0.0,,23.03,72.58
2024-03-03 02:00:00,17.6,46,10.6,288,0.0,,23.03,72.58
2024-03-03 03:00:00,16.4,48,10.8,285,0.0,,23.03,72.58
2024-03-03 04:00:00,15.5,51,11.1,283,0.0,,23.03,72.58
2024-03-03 05:00:00,14.6,52,10.3,282,0.0,,23.03,72.58
2024-03-03 06:00:00,15.2,66,9.3,283,0.0,,23.03,72.58
2024-03-03 07:00:00,14.9,66,9.8,278,0.0,,23.03,72.58
2024-03-03 08:00:00,16.5,55,12.4,278,0.0,,23.03,72.58
2024-03-03 09:00:00,18.2,45,12.7,277,0.0,,23.03,72.58
2024-03-03 10:00:00,20.0,37,11.9,272,0.0,,23.03,72.58
2024-03-03 11:00:00,21.7,31,11.9,273,0.0,,23.03,72.58
2024-03-03 12:00:00,23.2,26,12.3,275,0.0,,23.03,72.58
2024-03-03 13:00:00,24.4,23,12.7,277,0.0,,23.03,72.58
2024-03-03 14:00:00,25.1,20,13.4,275,0.0,,23.03,72.58
2024-03-03 15:00:00,25.3,19,14.2,277,0.0,,23.03,72.58
2024-03-03 16:00:00,25.2,19,14.1,283,0.0,,23.03,72.58
2024-03-03 17:00:00,24.5,19,13.2,287,0.0,,23.03,72.58
2024-03-03 18:00:00,22.0,29,5.9,281,0.0,,23.03,72.58
2024-03-03 19:00:00,19.4,37,7.9,344,0.0,,23.03,72.58
2024-03-03 20:00:00,19.0,36,8.8,12,0.0,,23.03,72.58
2024-03-03 21:00:00,17.6,39,8.2,15,0.0,,23.03,72.58
2024-03-03 22:00:00,16.7,43,7.9,24,0.0,,23.03,72.58
2024-03-03 23:00:00,16.0,46,7.0,21,0.0,,23.03,72.58
2024-03-04 00:00:00,15.1,49,6.3,13,0.0,,23.03,72.58
2024-03-04 01:00:00,15.1,50,5.9,346,0.0,,23.03,72.58
2024-03-04 02:00:00,15.6,48,3.4,288,0.0,,23.03,72.58
2024-03-04 03:00:00,14.0,55,6.4,333,0.0,,23.03,72.58
2024-03-04 04:00:00,13.7,55,6.5,3,0.0,,23.03,72.58
2024-03-04 05:00:00,13.8,53,4.7,356,0.0,,23.03,72.58
2024-03-04 06:00:00,13.9,60,4.3,5,0.0,,23.03,72.58
2024-03-04 07:00:00,14.3,59,7.2,342,0.0,,23.03,72.58
2024-03-04 08:00:00,17.0,51,3.4,32,0.0,,23.03,72.58
2024-03-04 09:00:00,20.3,39,3.6,90,0.0,,23.03,72.58
2024-03-04 10:00:00,22.9,30,3.6,84,0.0,,23.03,72.58
2024-03-04 11:00:00,24.7,24,3.6,90,0.0,,23.03,72.58
2024-03-04 12:00:00,25.8,23,1.3,56,0.0,,23.03,72.58
2024-03-04 13:00:00,26.7,22,0.5,45,0.0,,23.03,72.58
2024-03-04 14:00:00,27.3,21,0.7,360,0.0,,23.03,72.58
2024-03-04 15:00:00,27.6,20,1.8,349,0.0,,23.03,72.58
2024-03-04 16:00:00,27.5,20,2.2,9,0.0,,23.03,72.58
2024-03-04 17:00:00,27.0,20,3.8,17,0.0,,23.03,72.58
2024-03-04 18:00:00,24.2,25,7.1,336,0.0,,23.03,72.58
2024-03-04 19:00:00,22.1,27,10.6,332,0.0,,23.03,72.58
2024-03-04 20:00:00,21.1,27,12.2,336,0.0,,23.03,72.58
2024-03-04 21:00:00,20.0,28,10.6,336,0.0,,23.03,72.58
2024-03-04 22:00:00,19.1,29,10.6,336,0.0,,23.03,72.58
2024-03-04 23:00:00,18.3,31,9.9,350,0.0,,23.03,72.58
2024-03-05 00:00:00,17.3,33,9.5,11,0.0,,23.03,72.58
2024-03-05 01:00:00,15.9,39,7.7,28,0.0,,23.03,72.58
2024-03-05 02:00:00,15.4,42,10.0,26,0.0,,23.03,72.58
2024-03-05 03:00:00,14.9,44,9.9,33,0.0,,23.03,72.58
2024-03-05 04:00:00,14.7,44,11.0,41,0.0,,23.03,72.58
2024-03-05 05:00:00,14.6,44,12.0,39,0.0,,23.03,72.58
2024-03-05 06:00:00,14.7,46,9.9,33,0.0,,23.03,72.58
2024-03-05 07:00:00,14.9,46,10.5,38,0.0,,23.03,72.58
2024-03-05 08:00:00,17.7,41,11.5,44,0.0,,23.03,72.58
2024-03-05 09:00:00,21.2,35,11.9,55,0.0,,23.03,72.58
2024-03-05 10:00:00,24.2,31,13.4,63,0.0,,23.03,72.58
2024-03-05 11:00:00,26.5,27,11.5,70,0.0,,23.03,72.58
2024-03-05 12:00:00,28.2,22,7.8,68,0.0,,23.03,72.58
2024-03-05 13:00:00,29.2,20,3.8,49,0.0,,23.03,72.58
2024-03-05 14:00:00,30.0,18,3.6,360,0.0,,23.03,72.58
2024-03-05 15:00:00,30.4,17,5.2,344,0.0,,23.03,72.58
2024-03-05 16:00:00,30.3,16,7.1,345,0.0,,23.03,72.58
2024-03-05 17:00:00,29.6,16,8.0,342,0.0,,23.03,72.58
2024-03-05 18:00:00,25.5,26,7.0,339,0.0,,23.03,72.58
2024-03-05 19:00:00,22.8,32,7.9,330,0.0,,23.03,72.58
2024-03-05 20:00:00,22.4,32,11.3,329,0.0,,23.03,72.58
2024-03-05 21:00:00,21.6,32,10.2,342,0.0,,23.03,72.58
2024-03-05 22:00:00,20.5,35,10.4,340,0.0,,23.03,72.58
2024-03-05 23:00:00,19.5,38,9.1,351,0.0,,23.03,72.58
2024-03-06 00:00:00,18.5,41,9.4,2,0.0,,23.03,72.58
2024-03-06 01:00:00,17.5,44,9.4,360,0.0,,23.03,72.58
2024-03-06 02:00:00,17.0,46,10.1,6,0.0,,23.03,72.58
2024-03-06 03:00:00,16.5,47,9.7,31,0.0,,23.03,72.58
2024-03-06 04:00:00,15.8,49,9.0,29,0.0,,23.03,72.58
2024-03-06 05:00:00,15.4,52,9.2,26,0.0,,23.03,72.58
2024-03-06 06:00:00,16.3,51,9.3,28,0.0,,23.03,72.58
2024-03-06 07:00:00,16.6,52,8.5,36,0.0,,23.03,72.58
2024-03-06 08:00:00,19.5,46,7.9,51,0.0,,23.03,72.58
2024-03-06 09:00:00,22.7,39,8.0,63,0.0,,23.03,72.58
2024-03-06 10:00:00,25.8,34,8.6,75,0.0,,23.03,72.58
2024-03-06 11:00:00,28.1,29,6.0,73,0.0,,23.03,72.58
2024-03-06 12:00:00,29.6,25,3.0,14,0.0,,23.03,72.58
2024-03-06 13:00:00,30.8,22,4.8,312,0.0,,23.03,72.58
2024-03-06 14:00:00,31.6,20,9.0,299,0.0,,23.03,72.58
2024-03-06 15:00:00,31.8,18,11.0,302,0.0,,23.03,72.58
2024-03-06 16:00:00,31.6,17,10.7,303,0.0,,23.03,72.58
2024-03-06 17:00:00,30.7,17,11.9,305,0.0,,23.03,72.58
2024-03-06 18:00:00,28.0,21,8.2,293,0.0,,23.03,72.58
2024-03-06 19:00:00,25.5,25,9.7,297,0.0,,23.03,72.58
2024-03-06 20:00:00,24.0,27,8.0,306,0.0,,23.03,72.58
2024-03-06 21:00:00,22.0,34,7.9,344,0.0,,23.03,72.58
2024-03-06 22:00:00,21.1,39,7.2,357,0.0,,23.03,72.58
2024-03-06 23:00:00,20.4,41,8.0,333,0.0,,23.03,72.58
2024-03-07 00:00:00,20.3,39,10.8,334,0.0,,23.03,72.58
2024-03-07 01:00:00,19.9,36,10.8,345,0.0,,23.03,72.58
2024-03-07 02:00:00,19.3,36,11.2,354,0.0,,23.03,72.58
2024-03-07 03:00:00,18.3,40,10.1,2,0.0,,23.03,72.58
2024-03-07 04:00:00,17.6,44,10.1,6,0.0,,23.03,72.58
2024-03-07 05:00:00,17.0,44,8.6,15,0.0,,23.03,72.58
2024-03-07 06:00:00,16.4,54,5.9,11,0.0,,23.03,72.58
2024-03-07 07:00:00,16.7,56,4.5,14,0.0,,23.03,72.58
2024-03-07 08:00:00,19.8,46,3.0,346,0.0,,23.03,72.58
2024-03-07 09:00:00,23.4,36,2.4,27,0.0,,23.03,72.58
2024-03-07 10:00:00,26.9,28,3.4,58,0.0,,23.03,72.58
2024-03-07 11:00:00,29.3,21,3.5,66,0.0,,23.03,72.58
2024-03-07 12:00:00,30.7,18,3.3,49,0.0,,23.03,72.58
2024-03-07 13:00:00,31.5,17,1.1,342,0.0,,23.03,72.58
2024-03-07 14:00:00,32.0,17,3.3,283,0.0,,23.03,72.58
2024-03-07 15:00:00,32.3,16,6.3,283,0.0,,23.03,72.58
2024-03-07 16:00:00,32.1,16,9.4,293,0.0,,23.03,72.58
2024-03-07 17:00:00,31.2,16,11.0,302,0.0,,23.03,72.58
2024-03-07 18:00:00,28.3,22,9.3,298,0.0,,23.03,72.58
2024-03-07 19:00:00,26.2,24,10.7,315,0.0,,23.03,72.58
2024-03-07 20:00:00,24.3,27,8.9,320,0.0,,23.03,72.58
2024-03-07 21:00:00,22.9,32,9.4,328,0.0,,23.03,72.58
2024-03-07 22:00:00,21.7,34,8.0,352,0.0,,23.03,72.58
2024-03-07 23:00:00,21.1,37,7.9,344,0.0,,23.03,72.58
2024-03-08 00:00:00,20.3,40,8.6,360,0.0,,23.03,72.58
2024-03-08 01:00:00,19.7,42,8.7,7,0.0,,23.03,72.58
2024-03-08 02:00:00,18.8,44,7.6,3,0.0,,23.03,72.58
2024-03-08 03:00:00,18.1,46,7.6,8,0.0,,23.03,72.58
2024-03-08 04:00:00,17.3,49,6.9,6,0.0,,23.03,72.58
2024-03-08 05:00:00,16.7,52,6.8,360,0.0,,23.03,72.58
2024-03-08 06:00:00,17.4,51,7.2,354,0.0,,23.03,72.58
2024-03-08 07:00:00,17.5,53,7.8,13,0.0,,23.03,72.58
2024-03-08 08:00:00,20.4,47,5.7,18,0.0,,23.03,72.58
2024-03-08 09:00:00,24.5,37,3.9,22,0.0,,23.03,72.58
2024-03-08 10:00:00,28.3,27,5.7,18,0.0,,23.03,72.58
2024-03-08 11:00:00,30.5,20,9.0,360,0.0,,23.03,72.58
2024-03-08 12:00:00,31.4,19,7.3,340,0.0,,23.03,72.58
2024-03-08 13:00:00,32.1,18,7.9,321,0.0,,23.03,72.58
2024-03-08 14:00:00,32.4,17,8.4,310,0.0,,23.03,72.58
2024-03-08 15:00:00,32.5,17,9.4,302,0.0,,23.03,72.58
2024-03-08 16:00:00,32.2,16,11.9,299,0.0,,23.03,72.58
2024-03-08 17:00:00,31.1,17,13.9,301,0.0,,23.03,72.58
2024-03-08 18:00:00,28.8,21,12.1,293,0.0,,23.03,72.58
2024-03-08 19:00:00,26.7,23,12.8,302,0.0,,23.03,72.58
2024-03-08 20:00:00,25.5,23,13.3,322,0.0,,23.03,72.58
2024-03-08 21:00:00,24.2,26,13.0,332,0.0,,23.03,72.58
2024-03-08 22:00:00,23.2,27,13.7,337,0.0,,23.03,72.58
2024-03-08 23:00:00,22.5,27,13.8,345,0.0,,23.03,72.58
2024-03-09 00:00:00,21.7,28,13.0,354,0.0,,23.03,72.58
2024-03-09 01:00:00,21.0,28,12.2,360,0.0,,23.03,72.58
2024-03-09 02:00:00,20.1,31,11.8,12,0.0,,23.03,72.58
2024-03-09 03:00:00,19.1,36,10.0,13,0.0,,23.03,72.58
2024-03-09 04:00:00,18.3,40,8.8,12,0.0,,23.03,72.58
2024-03-09 05:00:00,17.3,45,8.3,2,0.0,,23.03,72.58
2024-03-09 06:00:00,17.3,46,7.9,357,0.0,,23.03,72.58
2024-03-09 07:00:00,17.6,48,9.5,9,0.0,,23.03,72.58
2024-03-09 08:00:00,20.9,41,9.3,13,0.0,,23.03,72.58
2024-03-09 09:00:00,24.7,32,7.8,22,0.0,,23.03,72.58
2024-03-09 10:00:00,27.6,26,7.1,49,0.0,,23.03,72.58
2024-03-09 11:00:00,29.8,22,3.1,36,0.0,,23.03,72.58
2024-03-09 12:00:00,31.2,17,4.3,318,0.0,,23.03,72.58
2024-03-09 13:00:00,31.9,16,6.4,313,0.0,,23.03,72.58
2024-03-09 14:00:00,32.4,16,8.5,306,0.0,,23.03,72.58
2024-03-09 15:00:00,32.4,16,9.5,299,0.0,,23.03,72.58
2024-03-09 16:00:00,32.0,16,10.2,302,0.0,,23.03,72.58
2024-03-09 17:00:00,31.2,16,11.8,301,0.0,,23.03,72.58
2024-03-09 18:00:00,28.9,22,10.2,288,0.0,,23.03,72.58
2024-03-09 19:00:00,26.8,25,11.8,297,0.0,,23.03,72.58
2024-03-09 20:00:00,25.8,27,10.3,299,0.0,,23.03,72.58
2024-03-09 21:00:00,25.1,28,11.5,302,0.0,,23.03,72.58
2024-03-09 22:00:00,24.7,29,12.0,311,0.0,,23.03,72.58
2024-03-09 23:00:00,24.1,31,13.8,319,0.0,,23.03,72.58
2024-03-10 00:00:00,22.9,36,11.6,330,0.0,,23.03,72.58
2024-03-10 01:00:00,22.1,41,12.0,344,0.0,,23.03,72.58
2024-03-10 02:00:00,21.5,43,12.6,357,0.0,,23.03,72.58
2024-03-10 03:00:00,21.0,44,12.0,9,0.0,,23.03,72.58
2024-03-10 04:00:00,20.4,47,10.3,12,0.0,,23.03,72.58
2024-03-10 05:00:00,19.8,50,9.5,29,0.0,,23.03,72.58
2024-03-10 06:00:00,19.1,58,7.9,51,0.0,,23.03,72.58
2024-03-10 07:00:00,19.7,56,10.2,67,0.0,,23.03,72.58
2024-03-10 08:00:00,22.2,48,10.2,72,0.0,,23.03,72.58
2024-03-10 09:00:00,25.2,39,10.5,86,0.0,,23.03,72.58
2024-03-10 10:00:00,27.9,32,9.9,109,0.0,,23.03,72.58
2024-03-10 11:00:00,30.2,29,6.1,140,0.0,,23.03,72.58
2024-03-10 12:00:00,32.2,25,6.3,204,0.0,,23.03,72.58
2024-03-10 13:00:00,33.3,22,9.6,250,0.0,,23.03,72.58
2024-03-10 14:00:00,33.8,21,12.3,263,0.0,,23.03,72.58
2024-03-10 15:00:00,33.9,20,13.3,273,0.0,,23.03,72.58
2024-03-10 16:00:00,33.6,20,13.4,278,0.0,,23.03,72.58
2024-03-10 17:00:00,32.9,21,13.1,279,0.0,,23.03,72.58
2024-03-10 18:00:00,30.4,27,7.9,270,0.0,,23.03,72.58
2024-03-10 19:00:00,27.9,32,7.3,281,0.0,,23.03,72.58
2024-03-10 20:00:00,26.3,35,6.9,317,0.0,,23.03,72.58
2024-03-10 21:00:00,25.0,37,9.2,329,0.0,,23.03,72.58
2024-03-10 22:00:00,24.4,39,7.1,311,0.0,,23.03,72.58
2024-03-10 23:00:00,23.5,42,7.1,330,0.0,,23.03,72.58
2024-03-11 00:00:00,23.0,43,6.2,350,0.0,,23.03,72.58
2024-03-11 01:00:00,22.6,44,7.1,345,0.0,,23.03,72.58
2024-03-11 02:00:00,22.0,45,6.5,341,0.0,,23.03,72.58
2024-03-11 03:00:00,21.3,46,6.9,309,0.0,,23.03,72.58
2024-03-11 04:00:00,20.6,47,6.9,313,0.0,,23.03,72.58
2024-03-11 05:00:00,19.8,47,6.6,331,0.0,,23.03,72.58
2024-03-11 06:00:00,19.9,45,7.4,313,0.0,,23.03,72.58
2024-03-11 07:00:00,20.7,43,5.0,300,0.0,,23.03,72.58
2024-03-11 08:00:00,23.6,35,5.7,305,0.0,,23.03,72.58
2024-03-11 09:00:00,27.0,27,5.9,317,0.0,,23.03,72.58
2024-03-11 10:00:00,30.3,20,7.1,319,0.0,,23.03,72.58
2024-03-11 11:00:00,32.7,16,7.7,323,0.0,,23.03,72.58
2024-03-11 12:00:00,34.0,14,6.4,297,0.0,,23.03,72.58
2024-03-11 13:00:00,34.8,14,8.6,272,0.0,,23.03,72.58
2024-03-11 14:00:00,35.1,15,11.5,272,0.0,,23.03,72.58
2024-03-11 15:00:00,35.0,16,13.1,278,0.0,,23.03,72.58
2024-03-11 16:00:00,34.7,17,12.5,282,0.0,,23.03,72.58
2024-03-11 17:00:00,34.0,17,12.8,286,0.0,,23.03,72.58
2024-03-11 18:00:00,31.7,22,6.5,276,0.0,,23.03,72.58
2024-03-11 19:00:00,28.9,27,7.6,275,0.0,,23.03,72.58
2024-03-11 20:00:00,28.0,28,10.0,308,0.0,,23.03,72.58
2024-03-11 21:00:00,27.0,30,10.1,333,0.0,,23.03,72.58
2024-03-11 22:00:00,26.7,33,13.2,334,0.0,,23.03,72.58
2024-03-11 23:00:00,26.2,39,11.1,331,0.0,,23.03,72.58
2024-03-12 00:00:00,25.3,44,9.0,331,0.0,,23.03,72.58
2024-03-12 01:00:00,24.8,47,9.4,328,0.0,,23.03,72.58
2024-03-12 02:00:00,24.3,49,9.7,315,0.0,,23.03,72.58
2024-03-12 03:00:00,23.9,50,12.0,314,0.0,,23.03,72.58
2024-03-12 04:00:00,23.4,53,10.7,315,0.0,,23.03,72.58
2024-03-12 05:00:00,22.9,56,10.7,318,0.0,,23.03,72.58
2024-03-12 06:00:00,23.1,57,11.4,325,0.0,,23.03,72.58
2024-03-12 07:00:00,23.1,55,11.1,324,0.0,,23.03,72.58
2024-03-12 08:00:00,25.4,47,9.8,324,0.0,,23.03,72.58
2024-03-12 09:00:00,28.5,37,10.0,330,0.0,,23.03,72.58
2024-03-12 10:00:00,31.5,28,11.0,341,0.0,,23.03,72.58
2024-03-12 11:00:00,33.0,26,11.2,327,0.0,,23.03,72.58
2024-03-12 12:00:00,34.0,24,11.2,303,0.0,,23.03,72.58
2024-03-12 13:00:00,34.6,23,12.4,287,0.0,,23.03,72.58
2024-03-12 14:00:00,34.9,21,12.9,283,0.0,,23.03,72.58
2024-03-12 15:00:00,34.9,20,12.8,286,0.0,,23.03,72.58
2024-03-12 16:00:00,34.5,19,13.0,294,0.0,,23.03,72.58
2024-03-12 17:00:00,33.5,20,13.7,300,0.0,,23.03,72.58
2024-03-12 18:00:00,30.8,21,7.6,275,0.0,,23.03,72.58
2024-03-12 19:00:00,27.6,27,8.3,265,0.0,,23.03,72.58
2024-03-12 20:00:00,26.0,31,9.4,270,0.0,,23.03,72.58
2024-03-12 21:00:00,25.0,35,8.7,294,0.0,,23.03,72.58
2024-03-12 22:00:00,23.7,37,7.4,317,0.0,,23.03,72.58
2024-03-12 23:00:00,23.3,35,7.6,329,0.0,,23.03,72.58
2024-03-13 00:00:00,23.1,34,8.7,343,0.0,,23.03,72.58
2024-03-13 01:00:00,22.6,36,8.8,351,0.0,,23.03,72.58
2024-03-13 02:00:00,21.5,39,8.4,295,0.0,,23.03,72.58
2024-03-13 03:00:00,21.0,42,8.2,293,0.0,,23.03,72.58
2024-03-13 04:00:00,20.4,48,7.8,283,0.0,,23.03,72.58
2024-03-13 05:00:00,20.5,54,10.6,288,0.0,,23.03,72.58
2024-03-13 06:00:00,21.6,49,13.5,299,0.0,,23.03,72.58
2024-03-13 07:00:00,21.6,49,12.6,301,0.0,,23.03,72.58
2024-03-13 08:00:00,23.7,50,12.2,298,0.0,,23.03,72.58
2024-03-13 09:00:00,26.0,51,12.6,301,0.0,,23.03,72.58
2024-03-13 10:00:00,28.5,44,12.9,300,0.0,,23.03,72.58
2024-03-13 11:00:00,30.6,36,11.8,297,0.0,,23.03,72.58
2024-03-13 12:00:00,32.2,30,11.5,284,0.0,,23.03,72.58
2024-03-13 13:00:00,33.4,24,13.0,275,0.0,,23.03,72.58
2024-03-13 14:00:00,34.1,20,12.7,278,0.0,,23.03,72.58
2024-03-13 15:00:00,34.4,20,14.5,276,0.0,,23.03,72.58
2024-03-13 16:00:00,33.9,20,18.4,273,0.0,,23.03,72.58
2024-03-13 17:00:00,33.1,21,18.0,282,0.0,,23.03,72.58
2024-03-13 18:00:00,30.6,26,12.6,297,0.0,,23.03,72.58
2024-03-13 19:00:00,28.3,31,10.0,311,0.0,,23.03,72.58
2024-03-13 20:00:00,26.8,33,9.8,298,0.0,,23.03,72.58
2024-03-13 21:00:00,25.3,37,7.2,297,0.0,,23.03,72.58
2024-03-13 22:00:00,24.6,39,7.9,321,0.0,,23.03,72.58
2024-03-13 23:00:00,23.9,42,7.5,305,0.0,,23.03,72.58
2024-03-14 00:00:00,23.7,44,10.1,287,0.0,,23.03,72.58
2024-03-14 01:00:00,22.8,50,8.9,297,0.0,,23.03,72.58
2024-03-14 02:00:00,21.9,58,8.9,291,0.0,,23.03,72.58
2024-03-14 03:00:00,21.3,66,10.5,286,0.0,,23.03,72.58
2024-03-14 04:00:00,20.9,70,12.8,292,0.0,,23.03,72.58
2024-03-14 05:00:00,20.5,73,12.0,303,0.0,,23.03,72.58
2024-03-14 06:00:00,21.3,68,10.9,304,0.0,,23.03,72.58
2024-03-14 07:00:00,21.5,62,11.7,313,0.0,,23.03,72.58
2024-03-14 08:00:00,23.8,49,11.7,317,0.0,,23.03,72.58
2024-03-14 09:00:00,26.6,37,12.0,319,0.0,,23.03,72.58
2024-03-14 10:00:00,29.4,29,11.8,322,0.0,,23.03,72.58
2024-03-14 11:00:00,31.2,23,8.4,329,0.0,,23.03,72.58
2024-03-14 12:00:00,32.1,21,4.9,324,0.0,,23.03,72.58
2024-03-14 13:00:00,32.9,19,4.6,309,0.0,,23.03,72.58
2024-03-14 14:00:00,33.4,19,6.0,303,0.0,,23.03,72.58
2024-03-14 15:00:00,33.5,18,7.0,305,0.0,,23.03,72.58
2024-03-14 16:00:00,33.3,18,6.9,298,0.0,,23.03,72.58
2024-03-14 17:00:00,32.6,18,8.2,285,0.0,,23.03,72.58
2024-03-14 18:00:00,30.2,23,10.1,270,0.0,,23.03,72.58
2024-03-14 19:00:00,28.2,25,11.2,285,0.0,,23.03,72.58
2024-03-14 20:00:00,26.3,28,7.5,305,0.0,,23.03,72.58
2024-03-14 21:00:00,24.3,32,6.8,335,0.0,,23.03,72.58
2024-03-14 22:00:00,22.9,36,8.9,339,0.0,,23.03,72.58
2024-03-14 23:00:00,22.2,37,10.4,2,0.0,,23.03,72.58
2024-03-15 00:00:00,22.5,34,8.0,355,0.0,,23.03,72.58
2024-03-15 01:00:00,22.0,35,9.8,352,0.0,,23.03,72.58
2024-03-15 02:00:00,21.4,37,10.8,2,0.0,,23.03,72.58
2024-03-15 03:00:00,19.0,45,9.6,326,0.0,,23.03,72.58
2024-03-15 04:00:00,20.1,42,4.1,315,0.0,,23.03,72.58
2024-03-15 05:00:00,18.0,49,4.0,297,0.0,,23.03,72.58
2024-03-15 06:00:00,18.7,47,7.0,291,0.0,,23.03,72.58
2024-03-15 07:00:00,19.3,46,9.2,296,0.0,,23.03,72.58
2024-03-15 08:00:00,22.5,38,6.6,292,0.0,,23.03,72.58
2024-03-15 09:00:00,25.9,30,7.1,311,0.0,,23.03,72.58
2024-03-15 10:00:00,28.5,26,5.3,332,0.0,,23.03,72.58
2024-03-15 11:00:00,30.7,22,2.4,333,0.0,,23.03,72.58
2024-03-15 12:00:00,32.5,20,1.8,281,0.0,,23.03,72.58
2024-03-15 13:00:00,33.5,18,2.3,288,0.0,,23.03,72.58
2024-03-15 14:00:00,33.9,18,2.9,300,0.0,,23.03,72.58
2024-03-15 15:00:00,34.1,17,2.8,310,0.0,,23.03,72.58
2024-03-15 16:00:00,34.1,17,4.5,331,0.0,,23.03,72.58
2024-03-15 17:00:00,33.5,17,6.0,327,0.0,,23.03,72.58
2024-03-15 18:00:00,30.9,24,5.0,21,0.0,,23.03,72.58
2024-03-15 19:00:00,29.4,24,5.6,40,0.0,,23.03,72.58
2024-03-15 20:00:00,28.2,25,6.2,97,0.0,,23.03,72.58
2024-03-15 21:00:00,27.7,26,3.1,45,0.0,,23.03,72.58
2024-03-15 22:00:00,27.1,27,1.6,297,0.0,,23.03,72.58
2024-03-15 23:00:00,28.1,24,5.1,278,0.0,,23.03,72.58
2024-03-16 00:00:00,24.9,31,3.5,24,0.0,,23.03,72.58
2024-03-16 01:00:00,21.5,41,6.1,50,0.0,,23.03,72.58
2024-03-16 02:00:00,21.1,43,8.6,180,0.0,,23.03,72.58
2024-03-16 03:00:00,20.6,44,3.7,61,0.0,,23.03,72.58
2024-03-16 04:00:00,19.8,46,7.6,87,0.0,,23.03,72.58
2024-03-16 05:00:00,19.3,48,8.5,78,0.0,,23.03,72.58
2024-03-16 06:00:00,20.2,51,10.4,70,0.0,,23.03,72.58
2024-03-16 07:00:00,21.5,48,11.8,70,0.0,,23.03,72.58
2024-03-16 08:00:00,24.5,41,12.4,64,0.0,,23.03,72.58
2024-03-16 09:00:00,27.8,33,16.0,67,0.0,,23.03,72.58
2024-03-16 10:00:00,30.4,28,16.3,72,0.0,,23.03,72.58
2024-03-16 11:00:00,32.5,24,13.6,78,0.0,,23.03,72.58
2024-03-16 12:00:00,34.2,19,10.6,80,0.0,,23.03,72.58
2024-03-16 13:00:00,34.9,17,9.2,79,0.0,,23.03,72.58
2024-03-16 14:00:00,35.1,17,8.2,75,0.0,,23.03,72.58
2024-03-16 15:00:00,35.0,17,7.4,61,0.0,,23.03,72.58
2024-03-16 16:00:00,34.7,17,7.3,57,0.0,,23.03,72.58
2024-03-16 17:00:00,34.1,17,6.4,63,0.0,,23.03,72.58
2024-03-16 18:00:00,30.9,27,7.1,66,0.0,,23.03,72.58
2024-03-16 19:00:00,28.5,28,8.4,20,0.0,,23.03,72.58
2024-03-16 20:00:00,26.5,31,11.4,13,0.0,,23.03,72.58
2024-03-16 21:00:00,28.9,25,7.7,28,0.0,,23.03,72.58
2024-03-16 22:00:00,25.8,31,8.3,2,0.0,,23.03,72.58
2024-03-16 23:00:00,24.8,34,8.6,2,0.0,,23.03,72.58
2024-03-17 00:00:00,23.6,36,10.8,30,0.0,,23.03,72.58
2024-03-17 01:00:00,23.0,37,9.7,48,0.0,,23.03,72.58
2024-03-17 02:00:00,21.7,39,7.9,43,0.0,,23.03,72.58
2024-03-17 03:00:00,21.8,37,10.5,38,0.0,,23.03,72.58
2024-03-17 04:00:00,22.0,38,12.0,46,0.0,,23.03,72.58
2024-03-17 05:00:00,21.8,40,13.0,51,0.0,,23.03,72.58
2024-03-17 06:00:00,23.1,39,16.0,67,0.0,,23.03,72.58
2024-03-17 07:00:00,23.3,38,15.3,66,0.0,,23.03,72.58
2024-03-17 08:00:00,25.7,34,15.0,63,0.0,,23.03,72.58
2024-03-17 09:00:00,28.7,27,18.7,67,0.0,,23.03,72.58
2024-03-17 10:00:00,31.1,24,20.4,76,0.0,,23.03,72.58
2024-03-17 11:00:00,32.9,22,17.7,84,0.0,,23.03,72.58
2024-03-17 12:00:00,34.3,20,14.2,83,0.0,,23.03,72.58
2024-03-17 13:00:00,35.3,18,10.9,82,0.0,,23.03,72.58
2024-03-17 14:00:00,35.7,17,7.9,74,0.0,,23.03,72.58
2024-03-17 15:00:00,35.8,16,6.8,65,0.0,,23.03,72.58
2024-03-17 16:00:00,35.4,15,6.5,56,0.0,,23.03,72.58
2024-03-17 17:00:00,34.8,15,5.0,60,0.0,,23.03,72.58
2024-03-17 18:00:00,32.6,22,5.0,111,0.0,,23.03,72.58
2024-03-17 19:00:00,29.3,25,8.4,137,0.0,,23.03,72.58
2024-03-17 20:00:00,31.2,21,1.8,11,0.0,,23.03,72.58
2024-03-17 21:00:00,27.3,30,11.9,335,0.0,,23.03,72.58
2024-03-17 22:00:00,25.7,32,9.1,7,0.0,,23.03,72.58
2024-03-17 23:00:00,25.8,30,11.2,6,0.0,,23.03,72.58
2024-03-18 00:00:00,24.9,29,11.6,5,0.0,,23.03,72.58
2024-03-18 01:00:00,24.3,29,11.9,14,0.0,,23.03,72.58
2024-03-18 02:00:00,23.5,30,12.4,36,0.0,,23.03,72.58
2024-03-18 03:00:00,23.2,30,12.6,27,0.0,,23.03,72.58
2024-03-18 04:00:00,22.5,31,11.1,36,0.0,,23.03,72.58
2024-03-18 05:00:00,21.6,34,10.0,38,0.0,,23.03,72.58
2024-03-18 06:00:00,22.4,35,12.5,57,0.0,,23.03,72.58
2024-03-18 07:00:00,22.8,36,13.2,43,0.0,,23.03,72.58
2024-03-18 08:00:00,25.2,33,11.5,41,0.0,,23.03,72.58
2024-03-18 09:00:00,28.2,29,10.7,50,0.0,,23.03,72.58
2024-03-18 10:00:00,31.0,25,11.2,57,0.0,,23.03,72.58
2024-03-18 11:00:00,33.2,22,9.7,59,0.0,,23.03,72.58
2024-03-18 12:00:00,34.5,18,5.5,23,0.0,,23.03,72.58
2024-03-18 13:00:00,35.4,14,6.0,343,0.0,,23.03,72.58
2024-03-18 14:00:00,36.0,12,8.9,339,0.0,,23.03,72.58
2024-03-18 15:00:00,36.2,10,10.4,346,0.0,,23.03,72.58
2024-03-18 16:00:00,36.0,9,11.5,340,0.0,,23.03,72.58
2024-03-18 17:00:00,35.0,9,15.0,333,0.0,,23.03,72.58
2024-03-18 18:00:00,32.0,8,9.8,336,0.0,,23.03,72.58
2024-03-18 19:00:00,29.0,10,10.2,337,0.0,,23.03,72.58
2024-03-18 20:00:00,27.2,12,8.6,345,0.0,,23.03,72.58
2024-03-18 21:00:00,26.3,14,10.6,342,0.0,,23.03,72.58
2024-03-18 22:00:00,26.4,15,15.5,355,0.0,,23.03,72.58
2024-03-18 23:00:00,25.2,17,11.5,356,0.0,,23.03,72.58
2024-03-19 00:00:00,23.7,20,9.7,2,0.0,,23.03,72.58
2024-03-19 01:00:00,22.6,22,9.7,15,0.0,,23.03,72.58
2024-03-19 02:00:00,21.2,24,7.4,23,0.0,,23.03,72.58
2024-03-19 03:00:00,20.3,26,7.8,22,0.0,,23.03,72.58
2024-03-19 04:00:00,20.3,27,8.0,18,0.0,,23.03,72.58
2024-03-19 05:00:00,19.9,28,8.2,41,0.0,,23.03,72.58
2024-03-19 06:00:00,21.0,31,9.9,46,0.0,,23.03,72.58
2024-03-19 07:00:00,21.6,31,9.7,59,0.0,,23.03,72.58
2024-03-19 08:00:00,25.0,27,9.9,71,0.0,,23.03,72.58
2024-03-19 09:00:00,29.1,22,9.5,79,0.0,,23.03,72.58
2024-03-19 10:00:00,32.1,18,10.9,96,0.0,,23.03,72.58
2024-03-19 11:00:00,34.4,15,10.7,104,0.0,,23.03,72.58
2024-03-19 12:00:00,35.9,12,8.8,71,0.0,,23.03,72.58
2024-03-19 13:00:00,36.6,11,10.2,42,0.0,,23.03,72.58
2024-03-19 14:00:00,36.9,11,9.7,27,0.0,,23.03,72.58
2024-03-19 15:00:00,36.9,11,10.0,13,0.0,,23.03,72.58
2024-03-19 16:00:00,36.6,11,11.5,4,0.0,,23.03,72.58
2024-03-19 17:00:00,35.7,11,15.1,12,0.0,,23.03,72.58
2024-03-19 18:00:00,32.7,13,9.0,286,0.0,,23.03,72.58
2024-03-19 19:00:00,30.2,15,11.9,284,0.0,,23.03,72.58
2024-03-19 20:00:00,29.1,16,13.0,294,0.0,,23.03,72.58
2024-03-19 21:00:00,28.5,16,13.8,298,0.0,,23.03,72.58
2024-03-19 22:00:00,28.1,17,11.9,299,0.0,,23.03,72.58
2024-03-19 23:00:00,26.4,19,8.8,289,0.0,,23.03,72.58
2024-03-20 00:00:00,25.3,21,8.4,263,0.0,,23.03,72.58
2024-03-20 01:00:00,24.4,23,9.7,270,0.0,,23.03,72.58
2024-03-20 02:00:00,25.9,20,1.1,90,0.0,,23.03,72.58
2024-03-20 03:00:00,21.8,27,8.2,15,0.0,,23.03,72.58
2024-03-20 04:00:00,21.1,29,10.3,12,0.0,,23.03,72.58
2024-03-20 05:00:00,21.2,30,9.4,4,0.0,,23.03,72.58
2024-03-20 06:00:00,21.9,37,8.0,355,0.0,,23.03,72.58
2024-03-20 07:00:00,22.7,46,6.9,332,0.0,,23.03,72.58
2024-03-20 08:00:00,26.1,29,2.5,278,0.0,,23.03,72.58
2024-03-20 09:00:00,28.9,25,1.6,297,0.0,,23.03,72.58
2024-03-20 10:00:00,31.5,21,3.1,291,0.0,,23.03,72.58
2024-03-20 11:00:00,34.1,19,5.2,286,0.0,,23.03,72.58
2024-03-20 12:00:00,36.4,15,7.0,305,0.0,,23.03,72.58
2024-03-20 13:00:00,37.9,11,11.9,325,0.0,,23.03,72.58
2024-03-20 14:00:00,38.2,11,11.5,321,0.0,,23.03,72.58
2024-03-20 15:00:00,38.2,10,12.5,316,0.0,,23.03,72.58
2024-03-20 16:00:00,37.8,10,13.5,312,0.0,,23.03,72.58
2024-03-20 17:00:00,37.0,10,13.0,309,0.0,,23.03,72.58
2024-03-20 18:00:00,33.8,14,6.9,332,0.0,,23.03,72.58
2024-03-20 19:00:00,30.5,17,7.3,351,0.0,,23.03,72.58
2024-03-20 20:00:00,29.0,20,7.4,29,0.0,,23.03,72.58
2024-03-20 21:00:00,26.9,25,8.7,48,0.0,,23.03,72.58
2024-03-20 22:00:00,26.2,27,7.0,55,0.0,,23.03,72.58
2024-03-20 23:00:00,24.6,29,6.8,328,0.0,,23.03,72.58
2024-03-21 00:00:00,24.9,26,7.6,355,0.0,,23.03,72.58
2024-03-21 01:00:00,23.0,31,10.9,46,0.0,,23.03,72.58
2024-03-21 02:00:00,22.6,30,9.2,45,0.0,,23.03,72.58
2024-03-21 03:00:00,22.9,27,7.6,45,0.0,,23.03,72.58
2024-03-21 04:00:00,23.2,24,10.0,41,0.0,,23.03,72.58
2024-03-21 05:00:00,22.2,29,9.9,57,0.0,,23.03,72.58
2024-03-21 06:00:00,22.5,29,8.9,47,0.0,,23.03,72.58
2024-03-21 07:00:00,23.1,34,11.3,63,0.0,,23.03,72.58
2024-03-21 08:00:00,25.9,32,8.9,69,0.0,,23.03,72.58
2024-03-21 09:00:00,29.0,28,7.0,69,0.0,,23.03,72.58
2024-03-21 10:00:00,32.3,22,5.5,79,0.0,,23.03,72.58
2024-03-21 11:00:00,35.0,18,2.9,97,0.0,,23.03,72.58
2024-03-21 12:00:00,36.7,14,0.7,90,0.0,,23.03,72.58
2024-03-21 13:00:00,37.6,11,2.3,219,0.0,,23.03,72.58
2024-03-21 14:00:00,38.0,11,3.2,243,0.0,,23.03,72.58
2024-03-21 15:00:00,37.8,10,4.0,280,0.0,,23.03,72.58
2024-03-21 16:00:00,37.6,10,4.1,308,0.0,,23.03,72.58
2024-03-21 17:00:00,36.7,11,4.7,328,0.0,,23.03,72.58
2024-03-21 18:00:00,34.4,13,7.2,267,0.0,,23.03,72.58
2024-03-21 19:00:00,31.3,16,6.9,276,0.0,,23.03,72.58
2024-03-21 20:00:00,30.0,17,8.2,299,0.0,,23.03,72.58
2024-03-21 21:00:00,28.5,18,8.1,315,0.0,,23.03,72.58
2024-03-21 22:00:00,27.1,20,8.5,12,0.0,,23.03,72.58
2024-03-21 23:00:00,25.3,25,11.3,9,0.0,,23.03,72.58
2024-03-22 00:00:00,26.8,22,5.9,308,0.0,,23.03,72.58
2024-03-22 01:00:00,24.0,26,7.6,251,0.0,,23.03,72.58
2024-03-22 02:00:00,25.3,23,7.2,270,0.0,,23.03,72.58
2024-03-22 03:00:00,25.2,24,4.0,350,0.0,,23.03,72.58
2024-03-22 04:00:00,22.1,31,6.8,342,0.0,,23.03,72.58
2024-03-22 05:00:00,22.8,28,11.1,324,0.0,,23.03,72.58
2024-03-22 06:00:00,20.5,37,9.4,342,0.0,,23.03,72.58
2024-03-22 07:00:00,22.3,34,6.9,6,0.0,,23.03,72.58
2024-03-22 08:00:00,25.8,28,6.8,357,0.0,,23.03,72.58
2024-03-22 09:00:00,29.8,22,6.6,351,0.0,,23.03,72.58
2024-03-22 10:00:00,32.9,17,8.0,350,0.0,,23.03,72.58
2024-03-22 11:00:00,35.1,14,7.9,344,0.0,,23.03,72.58
2024-03-22 12:00:00,36.6,12,7.4,321,0.0,,23.03,72.58
2024-03-22 13:00:00,37.6,11,8.2,293,0.0,,23.03,72.58
2024-03-22 14:00:00,38.1,10,9.5,281,0.0,,23.03,72.58
2024-03-22 15:00:00,38.3,9,10.5,276,0.0,,23.03,72.58
2024-03-22 16:00:00,38.0,9,12.0,277,0.0,,23.03,72.58
2024-03-22 17:00:00,37.0,9,13.0,273,0.0,,23.03,72.58
2024-03-22 18:00:00,33.1,17,7.4,241,0.0,,23.03,72.58
2024-03-22 19:00:00,31.5,15,5.7,145,0.0,,23.03,72.58
2024-03-22 20:00:00,30.0,17,5.6,130,0.0,,23.03,72.58
2024-03-22 21:00:00,31.1,15,3.7,241,0.0,,23.03,72.58
2024-03-22 22:00:00,29.0,18,6.1,242,0.0,,23.03,72.58
2024-03-22 23:00:00,26.0,21,8.4,205,0.0,,23.03,72.58
2024-03-23 00:00:00,25.8,23,10.7,258,0.0,,23.03,72.58
2024-03-23 01:00:00,25.8,21,11.3,263,0.0,,23.03,72.58
2024-03-23 02:00:00,24.3,22,8.6,255,0.0,,23.03,72.58
2024-03-23 03:00:00,23.4,26,8.1,249,0.0,,23.03,72.58
2024-03-23 04:00:00,22.5,33,8.3,270,0.0,,23.03,72.58
2024-03-23 05:00:00,21.9,44,8.1,291,0.0,,23.03,72.58
2024-03-23 06:00:00,21.8,45,6.7,306,0.0,,23.03,72.58
2024-03-23 07:00:00,23.3,47,9.3,324,0.0,,23.03,72.58
2024-03-23 08:00:00,26.6,42,7.6,335,0.0,,23.03,72.58
2024-03-23 09:00:00,29.4,40,8.7,336,0.0,,23.03,72.58
2024-03-23 10:00:00,32.0,36,6.8,328,0.0,,23.03,72.58
2024-03-23 11:00:00,34.4,31,5.1,309,0.0,,23.03,72.58
2024-03-23 12:00:00,36.5,24,5.5,281,0.0,,23.03,72.58
2024-03-23 13:00:00,37.9,17,8.1,257,0.0,,23.03,72.58
2024-03-23 14:00:00,38.5,14,9.8,253,0.0,,23.03,72.58
2024-03-23 15:00:00,38.4,14,10.0,249,0.0,,23.03,72.58
2024-03-23 16:00:00,37.9,13,10.3,258,0.0,,23.03,72.58
2024-03-23 17:00:00,37.3,13,10.2,278,0.0,,23.03,72.58
2024-03-23 18:00:00,34.4,18,11.2,272,0.0,,23.03,72.58
2024-03-23 19:00:00,32.3,22,8.2,308,0.0,,23.03,72.58
2024-03-23 20:00:00,31.1,23,7.6,329,0.0,,23.03,72.58
2024-03-23 21:00:00,30.4,25,8.4,320,0.0,,23.03,72.58
2024-03-23 22:00:00,29.1,26,8.9,320,0.0,,23.03,72.58
2024-03-23 23:00:00,28.2,25,7.2,270,0.0,,23.03,72.58
2024-03-24 00:00:00,28.0,28,13.7,225,0.0,,23.03,72.58
2024-03-24 01:00:00,28.3,27,11.5,270,0.0,,23.03,72.58
2024-03-24 02:00:00,26.8,30,10.8,268,0.0,,23.03,72.58
2024-03-24 03:00:00,25.7,37,9.0,265,0.0,,23.03,72.58
2024-03-24 04:00:00,25.0,45,9.0,265,0.0,,23.03,72.58
2024-03-24 05:00:00,24.2,55,8.8,282,0.0,,23.03,72.58
2024-03-24 06:00:00,24.3,64,11.3,297,0.0,,23.03,72.58
2024-03-24 07:00:00,25.1,64,13.4,301,0.0,,23.03,72.58
2024-03-24 08:00:00,27.2,58,14.8,304,0.0,,23.03,72.58
2024-03-24 09:00:00,29.4,49,14.2,306,0.0,,23.03,72.58
2024-03-24 10:00:00,32.0,39,14.3,311,0.0,,23.03,72.58
2024-03-24 11:00:00,34.2,28,11.5,311,0.0,,23.03,72.58
2024-03-24 12:00:00,35.9,22,8.5,298,0.0,,23.03,72.58
2024-03-24 13:00:00,36.8,20,9.5,279,0.0,,23.03,72.58
2024-03-24 14:00:00,37.2,19,9.4,270,0.0,,23.03,72.58
2024-03-24 15:00:00,37.3,18,11.5,270,0.0,,23.03,72.58
2024-03-24 16:00:00,36.9,19,11.5,268,0.0,,23.03,72.58
2024-03-24 17:00:00,36.0,21,10.8,266,0.0,,23.03,72.58
2024-03-24 18:00:00,33.5,23,5.6,285,0.0,,23.03,72.58
2024-03-24 19:00:00,31.2,27,7.0,348,0.0,,23.03,72.58
2024-03-24 20:00:00,29.7,29,7.2,27,0.0,,23.03,72.58
2024-03-24 21:00:00,28.6,29,6.7,36,0.0,,23.03,72.58
2024-03-24 22:00:00,27.4,32,7.0,35,0.0,,23.03,72.58
2024-03-24 23:00:00,26.4,34,5.5,148,0.0,,23.03,72.58
2024-03-25 00:00:00,25.6,36,7.7,233,0.0,,23.03,72.58
2024-03-25 01:00:00,24.5,40,9.8,287,0.0,,23.03,72.58
2024-03-25 02:00:00,24.9,38,7.6,301,0.0,,23.03,72.58
2024-03-25 03:00:00,24.1,38,7.7,281,0.0,,23.03,72.58
2024-03-25 04:00:00,23.5,37,8.3,288,0.0,,23.03,72.58
2024-03-25 05:00:00,23.1,44,8.4,290,0.0,,23.03,72.58
2024-03-25 06:00:00,23.6,56,9.7,321,0.0,,23.03,72.58
2024-03-25 07:00:00,24.6,66,11.6,324,0.0,,23.03,72.58
2024-03-25 08:00:00,27.4,61,8.9,328,0.0,,23.03,72.58
2024-03-25 09:00:00,30.3,52,7.6,355,0.0,,23.03,72.58
2024-03-25 10:00:00,33.1,40,6.6,13,0.0,,23.03,72.58
2024-03-25 11:00:00,35.5,29,4.9,17,0.0,,23.03,72.58
2024-03-25 12:00:00,36.9,24,2.5,8,0.0,,23.03,72.58
2024-03-25 13:00:00,37.8,22,1.1,288,0.0,,23.03,72.58
2024-03-25 14:00:00,38.4,21,3.1,291,0.0,,23.03,72.58
2024-03-25 15:00:00,38.8,20,4.6,288,0.0,,23.03,72.58
2024-03-25 16:00:00,38.8,19,5.6,285,0.0,,23.03,72.58
2024-03-25 17:00:00,38.3,19,7.2,273,0.0,,23.03,72.58
2024-03-25 18:00:00,35.2,25,6.5,264,0.0,,23.03,72.58
2024-03-25 19:00:00,32.8,29,6.6,261,0.0,,23.03,72.58
2024-03-25 20:00:00,31.3,33,6.5,267,0.0,,23.03,72.58
2024-03-25 21:00:00,29.9,35,6.4,297,0.0,,23.03,72.58
2024-03-25 22:00:00,28.4,38,8.2,322,0.0,,23.03,72.58
2024-03-25 23:00:00,28.5,37,6.4,308,0.0,,23.03,72.58
2024-03-26 00:00:00,29.2,35,5.3,332,0.0,,23.03,72.58
2024-03-26 01:00:00,27.3,39,5.8,7,0.0,,23.03,72.58
2024-03-26 02:00:00,25.7,43,8.2,337,0.0,,23.03,72.58
2024-03-26 03:00:00,25.3,43,7.4,321,0.0,,23.03,72.58
2024-03-26 04:00:00,24.6,45,6.2,280,0.0,,23.03,72.58
2024-03-26 05:00:00,23.7,49,7.6,315,0.0,,23.03,72.58
2024-03-26 06:00:00,24.7,50,6.1,320,0.0,,23.03,72.58
2024-03-26 07:00:00,26.0,50,8.4,317,0.0,,23.03,72.58
2024-03-26 08:00:00,29.2,46,6.5,304,0.0,,23.03,72.58
2024-03-26 09:00:00,32.4,42,5.8,292,0.0,,23.03,72.58
2024-03-26 10:00:00,35.3,33,6.0,287,0.0,,23.03,72.58
2024-03-26 11:00:00,37.3,25,3.7,281,0.0,,23.03,72.58
2024-03-26 12:00:00,38.5,22,2.5,262,0.0,,23.03,72.58
2024-03-26 13:00:00,39.3,20,2.9,263,0.0,,23.03,72.58
2024-03-26 14:00:00,39.9,19,4.3,270,0.0,,23.03,72.58
2024-03-26 15:00:00,40.0,18,6.5,276,0.0,,23.03,72.58
2024-03-26 16:00:00,39.8,17,8.7,263,0.0,,23.03,72.58
2024-03-26 17:00:00,39.4,17,9.3,234,0.0,,23.03,72.58
2024-03-26 18:00:00,36.9,20,6.8,267,0.0,,23.03,72.58
2024-03-26 19:00:00,34.1,23,7.1,255,0.0,,23.03,72.58
2024-03-26 20:00:00,31.8,27,9.7,285,0.0,,23.03,72.58
2024-03-26 21:00:00,31.2,28,8.0,352,0.0,,23.03,72.58
2024-03-26 22:00:00,29.7,31,7.7,41,0.0,,23.03,72.58
2024-03-26 23:00:00,29.4,32,9.2,51,0.0,,23.03,72.58
2024-03-27 00:00:00,29.3,31,11.5,212,0.0,,23.03,72.58
2024-03-27 01:00:00,29.3,38,8.7,240,0.0,,23.03,72.58
2024-03-27 02:00:00,28.0,42,8.9,230,0.0,,23.03,72.58
2024-03-27 03:00:00,26.9,46,6.8,270,0.0,,23.03,72.58
2024-03-27 04:00:00,26.0,48,7.0,282,0.0,,23.03,72.58
2024-03-27 05:00:00,25.8,46,8.1,315,0.0,,23.03,72.58
2024-03-27 06:00:00,25.8,50,6.3,329,0.0,,23.03,72.58
2024-03-27 07:00:00,27.1,50,8.9,333,0.0,,23.03,72.58
2024-03-27 08:00:00,29.9,44,6.6,331,0.0,,23.03,72.58
2024-03-27 09:00:00,32.7,36,6.5,360,0.0,,23.03,72.58
2024-03-27 10:00:00,35.4,29,6.2,353,0.0,,23.03,72.58
2024-03-27 11:00:00,37.8,24,6.7,344,0.0,,23.03,72.58
2024-03-27 12:00:00,39.3,21,4.5,331,0.0,,23.03,72.58
2024-03-27 13:00:00,40.2,19,5.2,282,0.0,,23.03,72.58
2024-03-27 14:00:00,40.7,17,8.0,265,0.0,,23.03,72.58
2024-03-27 15:00:00,40.8,17,10.1,264,0.0,,23.03,72.58
2024-03-27 16:00:00,40.3,17,11.9,267,0.0,,23.03,72.58
2024-03-27 17:00:00,39.6,17,10.8,272,0.0,,23.03,72.58
2024-03-27 18:00:00,37.3,21,8.0,278,0.0,,23.03,72.58
2024-03-27 19:00:00,34.5,25,6.8,270,0.0,,23.03,72.58
2024-03-27 20:00:00,33.0,28,7.9,270,0.0,,23.03,72.58
2024-03-27 21:00:00,31.4,32,10.2,318,0.0,,23.03,72.58
2024-03-27 22:00:00,31.0,32,8.2,345,0.0,,23.03,72.58
2024-03-27 23:00:00,30.4,32,7.1,345,0.0,,23.03,72.58
2024-03-28 00:00:00,29.6,34,8.5,332,0.0,,23.03,72.58
2024-03-28 01:00:00,29.0,35,10.5,248,0.0,,23.03,72.58
2024-03-28 02:00:00,28.9,37,9.5,295,0.0,,23.03,72.58
2024-03-28 03:00:00,27.9,42,9.7,301,0.0,,23.03,72.58
2024-03-28 04:00:00,27.2,45,8.2,319,0.0,,23.03,72.58
2024-03-28 05:00:00,26.6,46,8.7,322,0.0,,23.03,72.58
2024-03-28 06:00:00,27.0,42,8.7,322,0.0,,23.03,72.58
2024-03-28 07:00:00,28.0,39,12.2,317,0.0,,23.03,72.58
2024-03-28 08:00:00,30.7,35,12.2,313,0.0,,23.03,72.58
2024-03-28 09:00:00,33.2,32,13.5,316,0.0,,23.03,72.58
2024-03-28 10:00:00,35.6,28,12.5,319,0.0,,23.03,72.58
2024-03-28 11:00:00,37.6,24,11.2,312,0.0,,23.03,72.58
2024-03-28 12:00:00,39.0,22,10.7,303,0.0,,23.03,72.58
2024-03-28 13:00:00,39.8,21,10.2,288,0.0,,23.03,72.58
2024-03-28 14:00:00,40.1,20,10.1,274,0.0,,23.03,72.58
2024-03-28 15:00:00,40.4,19,11.5,272,0.0,,23.03,72.58
2024-03-28 16:00:00,39.9,19,14.0,270,0.0,,23.03,72.58
2024-03-28 17:00:00,39.0,19,15.9,273,0.0,,23.03,72.58
2024-03-28 18:00:00,36.9,22,11.9,265,0.0,,23.03,72.58
2024-03-28 19:00:00,34.5,24,9.2,259,0.0,,23.03,72.58
2024-03-28 20:00:00,33.1,25,7.3,281,0.0,,23.03,72.58
2024-03-28 21:00:00,32.1,25,7.4,309,0.0,,23.03,72.58
2024-03-28 22:00:00,31.8,25,10.0,319,0.0,,23.03,72.58
2024-03-28 23:00:00,30.3,27,8.4,317,0.0,,23.03,72.58
2024-03-29 00:00:00,28.8,29,6.8,288,0.0,,23.03,72.58
2024-03-29 01:00:00,27.5,33,6.2,263,0.0,,23.03,72.58
2024-03-29 02:00:00,26.6,37,6.5,267,0.0,,23.03,72.58
2024-03-29 03:00:00,26.4,42,7.2,273,0.0,,23.03,72.58
2024-03-29 04:00:00,26.0,45,7.6,270,0.0,,23.03,72.58
2024-03-29 05:00:00,25.8,46,9.7,285,0.0,,23.03,72.58
2024-03-29 06:00:00,26.4,51,10.9,297,0.0,,23.03,72.58
2024-03-29 07:00:00,27.3,50,12.9,297,0.0,,23.03,72.58
2024-03-29 08:00:00,29.5,40,13.4,301,0.0,,23.03,72.58
2024-03-29 09:00:00,32.1,32,12.8,302,0.0,,23.03,72.58
2024-03-29 10:00:00,34.6,28,12.1,307,0.0,,23.03,72.58
2024-03-29 11:00:00,36.7,24,10.8,300,0.0,,23.03,72.58
2024-03-29 12:00:00,38.1,21,9.4,270,0.0,,23.03,72.58
2024-03-29 13:00:00,39.1,19,11.9,256,0.0,,23.03,72.58
2024-03-29 14:00:00,39.8,16,13.5,254,0.0,,23.03,72.58
2024-03-29 15:00:00,39.8,15,16.5,259,0.0,,23.03,72.58
2024-03-29 16:00:00,39.1,15,16.3,264,0.0,,23.03,72.58
2024-03-29 17:00:00,38.3,15,11.5,284,0.0,,23.03,72.58
2024-03-29 18:00:00,35.8,19,9.0,233,0.0,,23.03,72.58
2024-03-29 19:00:00,33.1,22,6.5,186,0.0,,23.03,72.58
2024-03-29 20:00:00,32.2,24,7.2,217,0.0,,23.03,72.58
2024-03-29 21:00:00,30.3,26,9.0,254,0.0,,23.03,72.58
2024-03-29 22:00:00,29.9,25,7.6,273,0.0,,23.03,72.58
2024-03-29 23:00:00,28.1,28,7.1,246,0.0,,23.03,72.58
2024-03-30 00:00:00,27.7,29,7.8,248,0.0,,23.03,72.58
2024-03-30 01:00:00,27.4,29,9.0,268,0.0,,23.03,72.58
2024-03-30 02:00:00,27.0,34,11.2,276,0.0,,23.03,72.58
2024-03-30 03:00:00,26.5,41,12.1,282,0.0,,23.03,72.58
2024-03-30 04:00:00,26.0,46,14.2,294,0.0,,23.03,72.58
2024-03-30 05:00:00,25.6,50,13.7,305,0.0,,23.03,72.58
2024-03-30 06:00:00,25.6,54,12.6,307,0.0,,23.03,72.58
2024-03-30 07:00:00,26.3,52,11.2,312,0.0,,23.03,72.58
2024-03-30 08:00:00,28.2,46,12.0,316,0.0,,23.03,72.58
2024-03-30 09:00:00,30.3,39,11.3,307,0.0,,23.03,72.58
2024-03-30 10:00:00,32.6,31,11.6,306,0.0,,23.03,72.58
2024-03-30 11:00:00,34.8,23,12.2,298,0.0,,23.03,72.58
2024-03-30 12:00:00,36.3,19,13.6,287,0.0,,23.03,72.58
2024-03-30 13:00:00,37.3,16,14.6,280,0.0,,23.03,72.58
2024-03-30 14:00:00,37.9,15,14.9,277,0.0,,23.03,72.58
2024-03-30 15:00:00,37.9,14,16.5,280,0.0,,23.03,72.58
2024-03-30 16:00:00,37.3,15,18.4,287,0.0,,23.03,72.58
2024-03-30 17:00:00,36.0,18,18.9,279,0.0,,23.03,72.58
2024-03-30 18:00:00,33.5,20,10.2,262,0.0,,23.03,72.58
2024-03-30 19:00:00,31.2,24,8.0,262,0.0,,23.03,72.58
2024-03-30 20:00:00,29.4,28,8.7,275,0.0,,23.03,72.58
2024-03-30 21:00:00,29.7,28,5.7,305,0.0,,23.03,72.58
2024-03-30 22:00:00,27.5,33,8.2,311,0.0,,23.03,72.58
2024-03-30 23:00:00,27.7,32,8.1,302,0.0,,23.03,72.58
2024-03-31 00:00:00,27.0,34,7.2,243,0.0,,23.03,72.58
2024-03-31 01:00:00,26.0,37,7.2,252,0.0,,23.03,72.58
2024-03-31 02:00:00,26.0,37,11.4,281,0.0,,23.03,72.58
2024-03-31 03:00:00,25.2,35,12.6,283,0.0,,23.03,72.58
2024-03-31 04:00:00,24.4,40,11.2,291,0.0,,23.03,72.58
2024-03-31 05:00:00,23.8,47,9.6,304,0.0,,23.03,72.58
2024-03-31 06:00:00,24.0,50,9.3,306,0.0,,23.03,72.58
2024-03-31 07:00:00,24.7,46,9.7,309,0.0,,23.03,72.58
2024-03-31 08:00:00,26.5,43,11.2,318,0.0,,23.03,72.58
2024-03-31 09:00:00,28.6,40,11.5,319,0.0,,23.03,72.58
2024-03-31 10:00:00,31.1,34,11.2,320,0.0,,23.03,72.58
2024-03-31 11:00:00,33.3,28,8.9,313,0.0,,23.03,72.58
2024-03-31 12:00:00,35.0,23,8.2,299,0.0,,23.03,72.58
2024-03-31 13:00:00,36.2,18,9.7,292,0.0,,23.03,72.58
2024-03-31 14:00:00,36.9,16,10.5,292,0.0,,23.03,72.58
2024-03-31 15:00:00,37.1,14,11.0,293,0.0,,23.03,72.58
2024-03-31 16:00:00,37.1,13,11.8,293,0.0,,23.03,72.58
2024-03-31 17:00:00,36.5,11,13.1,291,0.0,,23.03,72.58
2024-03-31 18:00:00,33.5,17,8.3,268,0.0,,23.03,72.58
2024-03-31 19:00:00,30.6,19,7.3,259,0.0,,23.03,72.58
2024-03-31 20:00:00,28.6,23,9.4,263,0.0,,23.03,72.58
2024-03-31 21:00:00,28.0,25,10.0,300,0.0,,23.03,72.58
2024-03-31 22:00:00,27.8,28,8.6,327,0.0,,23.03,72.58
2024-03-31 23:00:00,27.8,31,7.4,337,0.0,,23.03,72.58
2024-04-01 00:00:00,27.2,33,7.5,343,0.0,,23.03,72.58
2024-04-01 01:00:00,25.6,36,5.9,281,0.0,,23.03,72.58
2024-04-01 02:00:00,25.3,38,8.6,270,0.0,,23.03,72.58
2024-04-01 03:00:00,24.5,42,6.5,267,0.0,,23.03,72.58
2024-04-01 04:00:00,24.1,47,7.6,239,0.0,,23.03,72.58
2024-04-01 05:00:00,23.9,52,10.1,268,0.0,,23.03,72.58
2024-04-01 06:00:00,23.8,63,7.4,284,0.0,,23.03,72.58
2024-04-01 07:00:00,25.0,63,8.3,268,0.0,,23.03,72.58
2024-04-01 08:00:00,27.5,55,6.8,270,0.0,,23.03,72.58
2024-04-01 09:00:00,30.0,43,5.1,274,0.0,,23.03,72.58
2024-04-01 10:00:00,32.8,33,4.0,260,0.0,,23.03,72.58
2024-04-01 11:00:00,35.0,24,5.4,262,0.0,,23.03,72.58
2024-04-01 12:00:00,36.6,20,9.3,254,0.0,,23.03,72.58
2024-04-01 13:00:00,37.6,18,12.0,254,0.0,,23.03,72.58
2024-04-01 14:00:00,38.0,16,13.7,267,0.0,,23.03,72.58
2024-04-01 15:00:00,38.1,15,16.6,283,0.0,,23.03,72.58
2024-04-01 16:00:00,37.5,14,17.5,289,0.0,,23.03,72.58
2024-04-01 17:00:00,37.1,13,16.3,288,0.0,,23.03,72.58
2024-04-01 18:00:00,34.6,18,7.5,253,0.0,,23.03,72.58
2024-04-01 19:00:00,32.2,20,9.4,223,0.0,,23.03,72.58
2024-04-01 20:00:00,31.1,21,10.0,240,0.0,,23.03,72.58
2024-04-01 21:00:00,29.9,23,9.5,261,0.0,,23.03,72.58
2024-04-01 22:00:00,28.5,25,7.7,259,0.0,,23.03,72.58
2024-04-01 23:00:00,27.6,27,7.7,281,0.0,,23.03,72.58
2024-04-02 00:00:00,26.1,29,7.6,262,0.0,,23.03,72.58
2024-04-02 01:00:00,25.2,30,7.2,270,0.0,,23.03,72.58
2024-04-02 02:00:00,25.2,31,8.3,275,0.0,,23.03,72.58
2024-04-02 03:00:00,24.4,37,7.2,276,0.0,,23.03,72.58
2024-04-02 04:00:00,24.0,39,8.2,285,0.0,,23.03,72.58
2024-04-02 05:00:00,23.3,40,7.2,288,0.0,,23.03,72.58
2024-04-02 06:00:00,24.4,40,6.5,304,0.0,,23.03,72.58
2024-04-02 07:00:00,25.9,38,6.9,313,0.0,,23.03,72.58
2024-04-02 08:00:00,28.6,31,3.8,319,0.0,,23.03,72.58
2024-04-02 09:00:00,30.9,27,3.2,297,0.0,,23.03,72.58
2024-04-02 10:00:00,33.1,24,4.9,287,0.0,,23.03,72.58
2024-04-02 11:00:00,35.1,19,7.4,293,0.0,,23.03,72.58
2024-04-02 12:00:00,36.9,16,9.6,290,0.0,,23.03,72.58
2024-04-02 13:00:00,37.5,15,10.6,280,0.0,,23.03,72.58
2024-04-02 14:00:00,37.1,15,11.2,276,0.0,,23.03,72.58
2024-04-02 15:00:00,37.2,14,11.2,268,0.0,,23.03,72.58
2024-04-02 16:00:00,36.6,14,13.9,260,0.0,,23.03,72.58
2024-04-02 17:00:00,36.0,15,13.8,255,0.0,,23.03,72.58
2024-04-02 18:00:00,33.8,18,8.2,255,0.0,,23.03,72.58
2024-04-02 19:00:00,30.6,23,9.1,236,0.0,,23.03,72.58
2024-04-02 20:00:00,31.4,22,6.0,213,0.0,,23.03,72.58
2024-04-02 21:00:00,30.5,23,5.2,196,0.0,,23.03,72.58
2024-04-02 22:00:00,28.5,25,8.2,232,0.0,,23.03,72.58
2024-04-02 23:00:00,28.1,24,7.3,279,0.0,,23.03,72.58
2024-04-03 00:00:00,27.2,24,6.9,279,0.0,,23.03,72.58
2024-04-03 01:00:00,26.6,24,8.7,246,0.0,,23.03,72.58
2024-04-03 02:00:00,25.8,26,7.6,262,0.0,,23.03,72.58
2024-04-03 03:00:00,25.9,27,8.4,263,0.0,,23.03,72.58
2024-04-03 04:00:00,25.3,31,9.4,272,0.0,,23.03,72.58
2024-04-03 05:00:00,25.2,42,10.3,282,0.0,,23.03,72.58
2024-04-03 06:00:00,23.8,59,9.1,288,0.0,,23.03,72.58
2024-04-03 07:00:00,25.0,61,11.1,295,0.0,,23.03,72.58
2024-04-03 08:00:00,27.3,51,12.0,303,0.0,,23.03,72.58
2024-04-03 09:00:00,29.7,38,11.6,306,0.0,,23.03,72.58
2024-04-03 10:00:00,32.3,27,11.7,304,0.0,,23.03,72.58
2024-04-03 11:00:00,34.3,21,11.6,296,0.0,,23.03,72.58
2024-04-03 12:00:00,35.8,19,12.4,287,0.0,,23.03,72.58
2024-04-03 13:00:00,36.8,17,12.0,279,0.0,,23.03,72.58
2024-04-03 14:00:00,37.3,16,12.6,272,0.0,,23.03,72.58
2024-04-03 15:00:00,37.3,16,13.0,268,0.0,,23.03,72.58
2024-04-03 16:00:00,36.9,18,13.7,270,0.0,,23.03,72.58
2024-04-03 17:00:00,36.1,19,12.0,277,0.0,,23.03,72.58
2024-04-03 18:00:00,34.4,20,5.1,309,0.0,,23.03,72.58
2024-04-03 19:00:00,32.9,22,7.1,319,0.0,,23.03,72.58
2024-04-03 20:00:00,32.7,23,13.1,286,0.0,,23.03,72.58
2024-04-03 21:00:00,31.8,25,11.0,302,0.0,,23.03,72.58
2024-04-03 22:00:00,30.9,26,10.1,276,0.0,,23.03,72.58
2024-04-03 23:00:00,29.2,28,7.7,221,0.0,,23.03,72.58
2024-04-04 00:00:00,27.6,31,7.0,249,0.0,,23.03,72.58
2024-04-04 01:00:00,28.0,29,8.7,246,0.0,,23.03,72.58
2024-04-04 02:00:00,27.6,29,9.2,244,0.0,,23.03,72.58
2024-04-04 03:00:00,26.9,31,8.3,265,0.0,,23.03,72.58
2024-04-04 04:00:00,26.0,38,7.6,278,0.0,,23.03,72.58
2024-04-04 05:00:00,25.4,49,7.7,281,0.0,,23.03,72.58
2024-04-04 06:00:00,25.7,56,9.0,286,0.0,,23.03,72.58
2024-04-04 07:00:00,26.6,59,9.5,281,0.0,,23.03,72.58
2024-04-04 08:00:00,28.4,54,10.2,293,0.0,,23.03,72.58
2024-04-04 09:00:00,30.6,45,9.7,297,0.0,,23.03,72.58
2024-04-04 10:00:00,32.9,35,9.2,296,0.0,,23.03,72.58
2024-04-04 11:00:00,34.7,28,10.6,298,0.0,,23.03,72.58
2024-04-04 12:00:00,36.0,24,10.9,297,0.0,,23.03,72.58
2024-04-04 13:00:00,36.6,21,9.2,296,0.0,,23.03,72.58
2024-04-04 14:00:00,37.1,20,9.4,288,0.0,,23.03,72.58
2024-04-04 15:00:00,37.4,18,9.7,285,0.0,,23.03,72.58
2024-04-04 16:00:00,37.5,18,10.5,286,0.0,,23.03,72.58
2024-04-04 17:00:00,36.9,19,12.9,293,0.0,,23.03,72.58
2024-04-04 18:00:00,34.5,22,8.4,301,0.0,,23.03,72.58
2024-04-04 19:00:00,31.6,26,6.4,297,0.0,,23.03,72.58
2024-04-04 20:00:00,31.3,25,7.1,311,0.0,,23.03,72.58
2024-04-04 21:00:00,30.3,27,7.4,313,0.0,,23.03,72.58
2024-04-04 22:00:00,29.2,30,7.6,335,0.0,,23.03,72.58
2024-04-04 23:00:00,28.6,32,6.8,328,0.0,,23.03,72.58
2024-04-05 00:00:00,28.0,34,6.9,313,0.0,,23.03,72.58
2024-04-05 01:00:00,26.5,38,7.6,265,0.0,,23.03,72.58
2024-04-05 02:00:00,26.4,38,6.1,242,0.0,,23.03,72.58
2024-04-05 03:00:00,26.0,43,7.6,265,0.0,,23.03,72.58
2024-04-05 04:00:00,25.4,53,7.2,267,0.0,,23.03,72.58
2024-04-05 05:00:00,25.1,58,8.8,279,0.0,,23.03,72.58
2024-04-05 06:00:00,24.7,65,7.2,288,0.0,,23.03,72.58
2024-04-05 07:00:00,26.0,58,11.2,285,0.0,,23.03,72.58
2024-04-05 08:00:00,28.6,43,13.3,303,0.0,,23.03,72.58
2024-04-05 09:00:00,31.2,32,12.4,306,0.0,,23.03,72.58
2024-04-05 10:00:00,33.4,25,14.4,302,0.0,,23.03,72.58
2024-04-05 11:00:00,35.5,17,17.7,303,0.0,,23.03,72.58
2024-04-05 12:00:00,36.9,15,18.7,304,0.0,,23.03,72.58
2024-04-05 13:00:00,37.5,15,19.5,304,0.0,,23.03,72.58
2024-04-05 14:00:00,36.9,17,20.5,304,0.0,,23.03,72.58
2024-04-05 15:00:00,36.6,19,18.9,301,0.0,,23.03,72.58
2024-04-05 16:00:00,36.4,21,20.4,302,0.0,,23.03,72.58
2024-04-05 17:00:00,35.5,24,15.6,304,0.0,,23.03,72.58
2024-04-05 18:00:00,33.8,29,10.7,290,0.0,,23.03,72.58
2024-04-05 19:00:00,32.6,31,9.2,281,0.0,,23.03,72.58
2024-04-05 20:00:00,32.6,26,14.1,289,0.0,,23.03,72.58
2024-04-05 21:00:00,31.7,28,12.5,288,0.0,,23.03,72.58
2024-04-05 22:00:00,30.5,31,10.1,287,0.0,,23.03,72.58
2024-04-05 23:00:00,30.1,32,9.8,278,0.0,,23.03,72.58
2024-04-06 00:00:00,29.3,34,12.6,275,0.0,,23.03,72.58
2024-04-06 01:00:00,29.7,33,15.8,282,0.0,,23.03,72.58
2024-04-06 02:00:00,29.2,35,14.1,285,0.0,,23.03,72.58
2024-04-06 03:00:00,28.5,38,14.9,285,0.0,,23.03,72.58
2024-04-06 04:00:00,28.1,40,12.9,288,0.0,,23.03,72.58
2024-04-06 05:00:00,27.6,40,10.2,278,0.0,,23.03,72.58
2024-04-06 06:00:00,26.7,46,15.2,301,0.0,,23.03,72.58
2024-04-06 07:00:00,27.4,41,11.0,311,0.0,,23.03,72.58
2024-04-06 08:00:00,29.1,35,12.2,304,0.0,,23.03,72.58
2024-04-06 09:00:00,31.2,30,11.9,299,0.0,,23.03,72.58
2024-04-06 10:00:00,33.4,24,12.7,299,0.0,,23.03,72.58
2024-04-06 11:00:00,35.3,19,14.5,293,0.0,,23.03,72.58
2024-04-06 12:00:00,36.5,16,15.5,298,0.0,,23.03,72.58
2024-04-06 13:00:00,37.5,15,13.2,296,0.0,,23.03,72.58
2024-04-06 14:00:00,37.9,15,14.8,288,0.0,,23.03,72.58
2024-04-06 15:00:00,37.9,15,16.6,283,0.0,,23.03,72.58
2024-04-06 16:00:00,37.5,14,17.7,283,0.0,,23.03,72.58
2024-04-06 17:00:00,36.6,15,16.8,285,0.0,,23.03,72.58
2024-04-06 18:00:00,35.0,15,8.0,280,0.0,,23.03,72.58
2024-04-06 19:00:00,31.4,20,10.7,318,0.0,,23.03,72.58
2024-04-06 20:00:00,30.8,19,9.7,285,0.0,,23.03,72.58
2024-04-06 21:00:00,30.1,20,8.3,268,0.0,,23.03,72.58
2024-04-06 22:00:00,28.7,22,8.4,317,0.0,,23.03,72.58
2024-04-06 23:00:00,28.7,24,10.7,282,0.0,,23.03,72.58
2024-04-07 00:00:00,28.3,28,14.3,295,0.0,,23.03,72.58
2024-04-07 01:00:00,27.2,31,10.9,276,0.0,,23.03,72.58
2024-04-07 02:00:00,25.9,32,11.4,246,0.0,,23.03,72.58
2024-04-07 03:00:00,25.6,33,12.1,297,0.0,,23.03,72.58
2024-04-07 04:00:00,25.0,34,10.9,304,0.0,,23.03,72.58
2024-04-07 05:00:00,24.3,34,10.0,300,0.0,,23.03,72.58
2024-04-07 06:00:00,24.4,36,9.7,321,0.0,,23.03,72.58
2024-04-07 07:00:00,25.8,32,11.0,319,0.0,,23.03,72.58
2024-04-07 08:00:00,28.5,27,9.2,296,0.0,,23.03,72.58
2024-04-07 09:00:00,30.9,26,10.5,297,0.0,,23.03,72.58
2024-04-07 10:00:00,33.0,26,9.7,297,0.0,,23.03,72.58
2024-04-07 11:00:00,35.0,23,9.0,299,0.0,,23.03,72.58
2024-04-07 12:00:00,37.0,17,7.4,299,0.0,,23.03,72.58
2024-04-07 13:00:00,38.0,14,6.2,291,0.0,,23.03,72.58
2024-04-07 14:00:00,38.6,13,7.6,278,0.0,,23.03,72.58
2024-04-07 15:00:00,38.8,11,10.1,272,0.0,,23.03,72.58
2024-04-07 16:00:00,38.5,11,11.2,270,0.0,,23.03,72.58
2024-04-07 17:00:00,37.7,12,10.8,268,0.0,,23.03,72.58
2024-04-07 18:00:00,35.1,12,10.4,268,0.0,,23.03,72.58
2024-04-07 19:00:00,32.4,14,9.4,263,0.0,,23.03,72.58
2024-04-07 20:00:00,30.8,16,9.5,241,0.0,,23.03,72.58
2024-04-07 21:00:00,29.6,18,8.7,232,0.0,,23.03,72.58
2024-04-07 22:00:00,28.5,22,8.0,262,0.0,,23.03,72.58
2024-04-07 23:00:00,28.7,23,8.7,275,0.0,,23.03,72.58
2024-04-08 00:00:00,28.2,25,8.3,270,0.0,,23.03,72.58
2024-04-08 01:00:00,28.3,24,10.6,288,0.0,,23.03,72.58
2024-04-08 02:00:00,27.4,27,12.0,277,0.0,,23.03,72.58
2024-04-08 03:00:00,26.4,38,13.8,276,0.0,,23.03,72.58
2024-04-08 04:00:00,25.7,52,15.3,289,0.0,,23.03,72.58
2024-04-08 05:00:00,24.9,63,13.0,294,0.0,,23.03,72.58
2024-04-08 06:00:00,24.7,68,9.1,288,0.0,,23.03,72.58
2024-04-08 07:00:00,26.2,63,10.1,287,0.0,,23.03,72.58
2024-04-08 08:00:00,29.2,50,6.6,311,0.0,,23.03,72.58
2024-04-08 09:00:00,32.0,34,6.6,351,0.0,,23.03,72.58
2024-04-08 10:00:00,34.9,22,6.7,16,0.0,,23.03,72.58
2024-04-08 11:00:00,37.3,16,7.4,23,0.0,,23.03,72.58
2024-04-08 12:00:00,39.0,13,7.3,70,0.0,,23.03,72.58
2024-04-08 13:00:00,39.8,12,10.0,77,0.0,,23.03,72.58
2024-04-08 14:00:00,40.1,11,10.6,62,0.0,,23.03,72.58
2024-04-08 15:00:00,40.0,11,10.2,45,0.0,,23.03,72.58
2024-04-08 16:00:00,39.6,11,10.4,44,0.0,,23.03,72.58
2024-04-08 17:00:00,38.8,11,8.7,60,0.0,,23.03,72.58
2024-04-08 18:00:00,35.9,20,6.9,129,0.0,,23.03,72.58
2024-04-08 19:00:00,32.7,19,9.5,151,0.0,,23.03,72.58
2024-04-08 20:00:00,34.2,16,5.8,187,0.0,,23.03,72.58
2024-04-08 21:00:00,34.1,16,5.3,208,0.0,,23.03,72.58
2024-04-08 22:00:00,30.2,21,7.6,172,0.0,,23.03,72.58
2024-04-08 23:00:00,28.2,24,7.9,133,0.0,,23.03,72.58
2024-04-09 00:00:00,27.5,26,10.0,120,0.0,,23.03,72.58
2024-04-09 01:00:00,26.3,27,6.5,273,0.0,,23.03,72.58
2024-04-09 02:00:00,26.1,25,10.0,296,0.0,,23.03,72.58
2024-04-09 03:00:00,26.6,25,7.9,254,0.0,,23.03,72.58
2024-04-09 04:00:00,24.6,28,8.3,236,0.0,,23.03,72.58
2024-04-09 05:00:00,23.5,31,6.1,45,0.0,,23.03,72.58
2024-04-09 06:00:00,23.6,42,8.0,172,0.0,,23.03,72.58
2024-04-09 07:00:00,26.1,40,6.1,180,0.0,,23.03,72.58
2024-04-09 08:00:00,29.6,36,3.1,225,0.0,,23.03,72.58
2024-04-09 09:00:00,33.1,27,2.5,270,0.0,,23.03,72.58
2024-04-09 10:00:00,36.2,20,0.4,180,0.0,,23.03,72.58
2024-04-09 11:00:00,38.2,17,5.1,141,0.0,,23.03,72.58
2024-04-09 12:00:00,39.7,14,6.6,158,0.0,,23.03,72.58
2024-04-09 13:00:00,40.5,12,4.0,153,0.0,,23.03,72.58
2024-04-09 14:00:00,40.9,12,1.9,202,0.0,,23.03,72.58
2024-04-09 15:00:00,41.0,12,2.3,252,0.0,,23.03,72.58
2024-04-09 16:00:00,40.9,12,5.8,263,0.0,,23.03,72.58
2024-04-09 17:00:00,40.4,12,9.0,265,0.0,,23.03,72.58
2024-04-09 18:00:00,37.1,21,6.8,198,0.0,,23.03,72.58
2024-04-09 19:00:00,34.7,18,7.3,160,0.0,,23.03,72.58
2024-04-09 20:00:00,33.8,19,9.9,134,0.0,,23.03,72.58
2024-04-09 21:00:00,31.6,22,8.4,170,0.0,,23.03,72.58
2024-04-09 22:00:00,30.5,23,8.1,201,0.0,,23.03,72.58
2024-04-09 23:00:00,30.2,22,10.0,210,0.0,,23.03,72.58
2024-04-10 00:00:00,29.5,25,10.7,222,0.0,,23.03,72.58
2024-04-10 01:00:00,28.9,28,9.9,226,0.0,,23.03,72.58
2024-04-10 02:00:00,28.3,30,9.2,244,0.0,,23.03,72.58
2024-04-10 03:00:00,28.0,31,9.7,274,0.0,,23.03,72.58
2024-04-10 04:00:00,26.0,36,10.0,311,0.0,,23.03,72.58
2024-04-10 05:00:00,25.7,36,5.0,159,0.0,,23.03,72.58
2024-04-10 06:00:00,25.6,41,6.8,162,0.0,,23.03,72.58
2024-04-10 07:00:00,27.4,38,8.4,190,0.0,,23.03,72.58
2024-04-10 08:00:00,30.6,31,7.2,217,0.0,,23.03,72.58
2024-04-10 09:00:00,33.1,24,4.2,211,0.0,,23.03,72.58
2024-04-10 10:00:00,35.4,20,2.7,247,0.0,,23.03,72.58
2024-04-10 11:00:00,37.5,16,1.6,27,0.0,,23.03,72.58
2024-04-10 12:00:00,39.2,14,2.6,56,0.0,,23.03,72.58
2024-04-10 13:00:00,39.9,13,3.6,127,0.0,,23.03,72.58
2024-04-10 14:00:00,39.8,13,4.2,121,0.0,,23.03,72.58
2024-04-10 15:00:00,39.5,13,3.3,84,0.0,,23.03,72.58
2024-04-10 16:00:00,40.0,12,1.8,270,0.0,,23.03,72.58
2024-04-10 17:00:00,39.7,12,4.5,299,0.0,,23.03,72.58
2024-04-10 18:00:00,37.4,11,9.2,296,0.0,,23.03,72.58
2024-04-10 19:00:00,34.8,13,10.3,299,0.0,,23.03,72.58
2024-04-10 20:00:00,34.4,13,9.2,309,0.0,,23.03,72.58
2024-04-10 21:00:00,33.3,14,10.7,318,0.0,,23.03,72.58
2024-04-10 22:00:00,33.6,14,7.3,290,0.0,,23.03,72.58
2024-04-10 23:00:00,31.4,19,9.7,158,0.0,,23.03,72.58
2024-04-11 00:00:00,30.4,25,7.1,75,0.0,,23.03,72.58
2024-04-11 01:00:00,30.2,25,3.6,135,0.0,,23.03,72.58
2024-04-11 02:00:00,29.1,29,4.0,190,0.0,,23.03,72.58
2024-04-11 03:00:00,28.7,31,2.6,254,0.0,,23.03,72.58
2024-04-11 04:00:00,26.9,39,4.9,163,0.0,,23.03,72.58
2024-04-11 05:00:00,25.6,50,5.6,165,0.0,,23.03,72.58
2024-04-11 06:00:00,27.1,45,2.6,146,0.0,,23.03,72.58
2024-04-11 07:00:00,27.5,44,3.3,174,0.0,,23.03,72.58
2024-04-11 08:00:00,30.2,36,3.8,107,0.0,,23.03,72.58
2024-04-11 09:00:00,32.8,31,6.8,115,0.0,,23.03,72.58
2024-04-11 10:00:00,35.1,27,8.6,112,0.0,,23.03,72.58
2024-04-11 11:00:00,37.1,22,10.6,118,0.0,,23.03,72.58
2024-04-11 12:00:00,38.8,19,10.0,128,0.0,,23.03,72.58
2024-04-11 13:00:00,39.7,17,8.9,137,0.0,,23.03,72.58
2024-04-11 14:00:00,40.0,17,10.1,145,0.0,,23.03,72.58
2024-04-11 15:00:00,40.5,16,9.4,157,0.0,,23.03,72.58
2024-04-11 16:00:00,40.0,17,6.2,159,0.0,,23.03,72.58
2024-04-11 17:00:00,39.3,18,3.4,148,0.0,,23.03,72.58
2024-04-11 18:00:00,37.4,18,7.1,221,0.0,,23.03,72.58
2024-04-11 19:00:00,35.1,21,12.7,245,0.0,,23.03,72.58
2024-04-11 20:00:00,33.7,23,8.9,249,0.0,,23.03,72.58
2024-04-11 21:00:00,31.7,27,4.7,32,0.0,,23.03,72.58
2024-04-11 22:00:00,31.9,31,16.6,90,0.0,,23.03,72.58
2024-04-11 23:00:00,31.3,36,16.6,112,0.0,,23.03,72.58
2024-04-12 00:00:00,30.7,40,14.0,119,0.0,,23.03,72.58
2024-04-12 01:00:00,29.5,43,10.4,146,0.0,,23.03,72.58
2024-04-12 02:00:00,28.5,40,9.5,151,0.0,,23.03,72.58
2024-04-12 03:00:00,27.5,40,10.5,158,0.0,,23.03,72.58
2024-04-12 04:00:00,26.7,43,13.8,171,0.0,,23.03,72.58
2024-04-12 05:00:00,25.8,50,8.7,187,0.0,,23.03,72.58
2024-04-12 06:00:00,25.7,53,8.7,150,0.0,,23.03,72.58
2024-04-12 07:00:00,26.7,52,9.0,151,0.0,,23.03,72.58
2024-04-12 08:00:00,28.9,49,11.6,164,0.0,,23.03,72.58
2024-04-12 09:00:00,31.6,43,10.2,170,0.0,,23.03,72.58
2024-04-12 10:00:00,34.0,35,10.2,172,0.0,,23.03,72.58
2024-04-12 11:00:00,35.7,31,10.9,174,0.0,,23.03,72.58
2024-04-12 12:00:00,37.1,25,11.2,180,0.0,,23.03,72.58
2024-04-12 13:00:00,38.3,21,11.0,191,0.0,,23.03,72.58
2024-04-12 14:00:00,38.9,19,10.5,196,0.0,,23.03,72.58
2024-04-12 15:00:00,38.9,17,10.6,198,0.0,,23.03,72.58
2024-04-12 16:00:00,38.6,16,12.1,207,0.0,,23.03,72.58
2024-04-12 17:00:00,37.8,15,12.4,206,0.0,,23.03,72.58
2024-04-12 18:00:00,35.2,6,9.8,204,0.0,,23.03,72.58
2024-04-12 19:00:00,31.1,8,10.0,201,0.0,,23.03,72.58
2024-04-12 20:00:00,29.8,7,9.3,193,0.0,,23.03,72.58
2024-04-12 21:00:00,28.9,16,10.1,186,0.0,,23.03,72.58
2024-04-12 22:00:00,27.3,26,9.0,185,0.0,,23.03,72.58
2024-04-12 23:00:00,26.1,35,7.6,185,0.0,,23.03,72.58
2024-04-13 00:00:00,24.9,45,8.0,175,0.0,,23.03,72.58
2024-04-13 01:00:00,24.6,52,6.3,149,0.0,,23.03,72.58
2024-04-13 02:00:00,24.3,56,5.4,127,0.0,,23.03,72.58
2024-04-13 03:00:00,24.1,57,9.5,115,0.0,,23.03,72.58
2024-04-13 04:00:00,23.8,60,6.9,141,0.0,,23.03,72.58
2024-04-13 05:00:00,23.2,68,5.6,153,0.0,,23.03,72.58
2024-04-13 06:00:00,24.7,67,5.3,208,0.0,,23.03,72.58
2024-04-13 07:00:00,26.8,56,8.5,242,0.0,,23.03,72.58
2024-04-13 08:00:00,28.8,52,9.8,234,0.0,,23.03,72.58
2024-04-13 09:00:00,30.8,46,8.7,228,0.0,,23.03,72.58
2024-04-13 10:00:00,33.0,38,7.7,221,0.0,,23.03,72.58
2024-04-13 11:00:00,35.0,31,6.4,227,0.0,,23.03,72.58
2024-04-13 12:00:00,36.6,28,5.3,242,0.0,,23.03,72.58
2024-04-13 13:00:00,37.7,25,6.4,243,0.0,,23.03,72.58
2024-04-13 14:00:00,38.4,24,8.2,247,0.0,,23.03,72.58
2024-04-13 15:00:00,38.7,22,9.7,248,0.0,,23.03,72.58
2024-04-13 16:00:00,38.5,22,11.3,253,0.0,,23.03,72.58
2024-04-13 17:00:00,37.9,22,12.6,250,0.0,,23.03,72.58
2024-04-13 18:00:00,35.7,26,9.3,234,0.0,,23.03,72.58
2024-04-13 19:00:00,33.7,30,7.7,221,0.0,,23.03,72.58
2024-04-13 20:00:00,32.8,33,14.7,205,0.0,,23.03,72.58
2024-04-13 21:00:00,30.6,42,14.5,210,0.0,,23.03,72.58
2024-04-13 22:00:00,30.0,41,11.5,200,0.0,,23.03,72.58
2024-04-13 23:00:00,29.5,45,10.6,198,0.0,,23.03,72.58
2024-04-14 00:00:00,28.8,52,8.8,199,0.0,,23.03,72.58
2024-04-14 01:00:00,28.1,58,8.0,190,0.0,,23.03,72.58
2024-04-14 02:00:00,27.9,61,6.9,186,0.0,,23.03,72.58
2024-04-14 03:00:00,27.4,64,6.2,190,0.0,,23.03,72.58
2024-04-14 04:00:00,27.1,65,5.1,225,0.0,,23.03,72.58
2024-04-14 05:00:00,27.0,65,5.1,231,0.0,,23.03,72.58
2024-04-14 06:00:00,27.9,61,4.3,294,0.0,,23.03,72.58
2024-04-14 07:00:00,29.9,56,5.8,274,0.0,,23.03,72.58
2024-04-14 08:00:00,32.2,48,4.3,294,0.0,,23.03,72.58
2024-04-14 09:00:00,34.2,40,3.6,354,0.0,,23.03,72.58
2024-04-14 10:00:00,35.7,35,1.5,14,0.0,,23.03,72.58
2024-04-14 11:00:00,37.1,32,0.8,243,0.0,,23.03,72.58
2024-04-14 12:00:00,38.4,30,2.3,252,0.0,,23.03,72.58
2024-04-14 13:00:00,39.2,28,4.9,253,0.0,,23.03,72.58
2024-04-14 14:00:00,39.5,26,6.1,273,0.0,,23.03,72.58
2024-04-14 15:00:00,39.2,26,8.5,282,0.0,,23.03,72.58
2024-04-14 16:00:00,38.6,25,9.4,317,0.0,,23.03,72.58
2024-04-14 17:00:00,35.2,34,18.6,292,0.0,,23.03,72.58
2024-04-14 18:00:00,37.2,20,14.5,316,0.0,,23.03,72.58
2024-04-14 19:00:00,34.4,27,20.1,294,0.1,,23.03,72.58
2024-04-14 20:00:00,31.7,39,11.2,339,0.1,,23.03,72.58
2024-04-14 21:00:00,30.5,42,7.4,337,0.0,,23.03,72.58
2024-04-14 22:00:00,30.0,44,7.4,337,0.0,,23.03,72.58
2024-04-14 23:00:00,29.2,46,5.1,315,0.0,,23.03,72.58
2024-04-15 00:00:00,29.6,44,10.7,327,0.0,,23.03,72.58
2024-04-15 01:00:00,29.4,43,12.7,335,0.0,,23.03,72.58
2024-04-15 02:00:00,28.8,46,12.3,357,0.0,,23.03,72.58
2024-04-15 03:00:00,28.3,47,10.9,17,0.0,,23.03,72.58
2024-04-15 04:00:00,27.8,48,10.5,16,0.0,,23.03,72.58
2024-04-15 05:00:00,27.3,49,11.0,23,0.0,,23.03,72.58
2024-04-15 06:00:00,27.1,67,7.3,340,0.0,,23.03,72.58
2024-04-15 07:00:00,28.5,61,5.7,35,0.0,,23.03,72.58
2024-04-15 08:00:00,30.8,53,7.6,65,0.0,,23.03,72.58
2024-04-15 09:00:00,33.0,45,8.7,73,0.0,,23.03,72.58
2024-04-15 10:00:00,36.0,34,11.9,104,0.0,,23.03,72.58
2024-04-15 11:00:00,37.9,28,5.4,98,0.0,,23.03,72.58
2024-04-15 12:00:00,37.8,28,1.3,304,0.0,,23.03,72.58
2024-04-15 13:00:00,39.0,25,4.1,308,0.0,,23.03,72.58
2024-04-15 14:00:00,40.0,23,4.8,318,0.0,,23.03,72.58
2024-04-15 15:00:00,40.8,20,8.2,322,0.0,,23.03,72.58
2024-04-15 16:00:00,40.6,19,13.8,319,0.0,,23.03,72.58
2024-04-15 17:00:00,39.6,19,18.6,306,0.0,,23.03,72.58
2024-04-15 18:00:00,37.3,22,15.0,312,0.0,,23.03,72.58
2024-04-15 19:00:00,35.3,26,11.5,309,0.0,,23.03,72.58
2024-04-15 20:00:00,34.6,25,17.1,325,0.0,,23.03,72.58
2024-04-15 21:00:00,33.3,25,15.3,321,0.0,,23.03,72.58
2024-04-15 22:00:00,32.4,26,15.6,320,0.0,,23.03,72.58
2024-04-15 23:00:00,31.4,28,15.4,323,0.0,,23.03,72.58
2024-04-16 00:00:00,30.4,31,15.1,332,0.0,,23.03,72.58
2024-04-16 01:00:00,29.7,33,13.7,342,0.0,,23.03,72.58
2024-04-16 02:00:00,28.9,36,9.6,347,0.0,,23.03,72.58
2024-04-16 03:00:00,28.5,37,9.1,353,0.0,,23.03,72.58
2024-04-16 04:00:00,27.7,39,11.0,349,0.0,,23.03,72.58
2024-04-16 05:00:00,27.6,39,12.3,357,0.0,,23.03,72.58
2024-04-16 06:00:00,27.5,43,9.0,5,0.0,,23.03,72.58
2024-04-16 07:00:00,28.8,41,8.6,15,0.0,,23.03,72.58
2024-04-16 08:00:00,31.5,33,7.0,12,0.0,,23.03,72.58
2024-04-16 09:00:00,34.9,26,7.3,33,0.0,,23.03,72.58
2024-04-16 10:00:00,37.3,22,8.7,30,0.0,,23.03,72.58
2024-04-16 11:00:00,38.7,19,9.5,9,0.0,,23.03,72.58
2024-04-16 12:00:00,39.9,17,10.2,352,0.0,,23.03,72.58
2024-04-16 13:00:00,40.8,15,10.6,342,0.0,,23.03,72.58
2024-04-16 14:00:00,41.3,15,11.4,332,0.0,,23.03,72.58
2024-04-16 15:00:00,41.3,15,11.1,324,0.0,,23.03,72.58
2024-04-16 16:00:00,40.9,16,11.6,324,0.0,,23.03,72.58
2024-04-16 17:00:00,40.3,16,12.7,331,0.0,,23.03,72.58
2024-04-16 18:00:00,38.7,17,9.6,326,0.0,,23.03,72.58
2024-04-16 19:00:00,35.6,22,7.9,317,0.0,,23.03,72.58
2024-04-16 20:00:00,34.6,24,7.7,323,0.0,,23.03,72.58
2024-04-16 21:00:00,33.3,26,6.8,357,0.0,,23.03,72.58
2024-04-16 22:00:00,32.0,29,7.7,323,0.0,,23.03,72.58
2024-04-16 23:00:00,31.7,29,14.1,322,0.0,,23.03,72.58
2024-04-17 00:00:00,32.0,29,17.5,341,0.0,,23.03,72.58
2024-04-17 01:00:00,31.4,30,16.1,350,0.0,,23.03,72.58
2024-04-17 02:00:00,30.5,32,14.4,357,0.0,,23.03,72.58
2024-04-17 03:00:00,29.6,34,13.3,360,0.0,,23.03,72.58
2024-04-17 04:00:00,29.0,36,11.6,5,0.0,,23.03,72.58
2024-04-17 05:00:00,28.3,38,9.5,9,0.0,,23.03,72.58
2024-04-17 06:00:00,27.6,39,8.0,27,0.0,,23.03,72.58
2024-04-17 07:00:00,29.3,37,10.5,41,0.0,,23.03,72.58
2024-04-17 08:00:00,32.7,31,7.4,43,0.0,,23.03,72.58
2024-04-17 09:00:00,36.6,23,8.4,50,0.0,,23.03,72.58
2024-04-17 10:00:00,38.9,19,9.0,61,0.0,,23.03,72.58
2024-04-17 11:00:00,40.3,17,6.0,73,0.0,,23.03,72.58
2024-04-17 12:00:00,41.5,15,1.1,108,0.0,,23.03,72.58
2024-04-17 13:00:00,42.3,15,4.3,270,0.0,,23.03,72.58
2024-04-17 14:00:00,42.9,13,9.4,277,0.0,,23.03,72.58
2024-04-17 15:00:00,42.9,13,13.7,284,0.0,,23.03,72.58
2024-04-17 16:00:00,42.6,13,14.6,279,0.0,,23.03,72.58
2024-04-17 17:00:00,42.2,12,15.1,269,0.0,,23.03,72.58
2024-04-17 18:00:00,39.4,16,9.2,296,0.0,,23.03,72.58
2024-04-17 19:00:00,35.2,22,10.3,348,0.0,,23.03,72.58
2024-04-17 20:00:00,34.6,23,8.2,299,0.0,,23.03,72.58
2024-04-17 21:00:00,34.4,23,11.7,317,0.0,,23.03,72.58
2024-04-17 22:00:00,33.0,25,8.1,315,0.0,,23.03,72.58
2024-04-17 23:00:00,32.3,27,8.4,295,0.0,,23.03,72.58
2024-04-18 00:00:00,31.4,29,8.1,283,0.0,,23.03,72.58
2024-04-18 01:00:00,31.0,30,9.7,268,0.0,,23.03,72.58
2024-04-18 02:00:00,30.3,31,8.4,260,0.0,,23.03,72.58
2024-04-18 03:00:00,29.5,34,8.3,272,0.0,,23.03,72.58
2024-04-18 04:00:00,28.9,36,8.3,288,0.0,,23.03,72.58
2024-04-18 05:00:00,28.5,37,10.0,308,0.0,,23.03,72.58
2024-04-18 06:00:00,29.0,36,10.6,305,0.0,,23.03,72.58
2024-04-18 07:00:00,30.6,33,11.7,313,0.0,,23.03,72.58
2024-04-18 08:00:00,33.0,28,12.3,320,0.0,,23.03,72.58
2024-04-18 09:00:00,35.1,25,13.3,319,0.0,,23.03,72.58
2024-04-18 10:00:00,37.2,22,14.8,319,0.0,,23.03,72.58
2024-04-18 11:00:00,38.7,19,14.3,313,0.0,,23.03,72.58
2024-04-18 12:00:00,40.1,17,13.5,304,0.0,,23.03,72.58
2024-04-18 13:00:00,40.9,16,13.9,295,0.0,,23.03,72.58
2024-04-18 14:00:00,41.4,15,14.1,289,0.0,,23.03,72.58
2024-04-18 15:00:00,41.6,15,15.5,283,0.0,,23.03,72.58
2024-04-18 16:00:00,41.1,15,18.8,274,0.0,,23.03,72.58
2024-04-18 17:00:00,39.9,16,18.1,277,0.0,,23.03,72.58
2024-04-18 18:00:00,38.5,18,8.8,305,0.0,,23.03,72.58
2024-04-18 19:00:00,35.9,21,7.9,344,0.0,,23.03,72.58
2024-04-18 20:00:00,34.6,24,10.8,339,0.0,,23.03,72.58
2024-04-18 21:00:00,33.9,26,12.7,331,0.0,,23.03,72.58
2024-04-18 22:00:00,32.8,28,10.3,335,0.0,,23.03,72.58
2024-04-18 23:00:00,31.7,31,8.2,311,0.0,,23.03,72.58
2024-04-19 00:00:00,30.8,33,7.5,343,0.0,,23.03,72.58
2024-04-19 01:00:00,29.2,38,7.7,349,0.0,,23.03,72.58
2024-04-19 02:00:00,28.2,40,6.8,267,0.0,,23.03,72.58
2024-04-19 03:00:00,28.5,38,6.8,273,0.0,,23.03,72.58
2024-04-19 04:00:00,28.1,41,8.6,285,0.0,,23.03,72.58
2024-04-19 05:00:00,27.5,49,8.8,289,0.0,,23.03,72.58
2024-04-19 06:00:00,27.6,61,11.3,297,0.0,,23.03,72.58
2024-04-19 07:00:00,29.0,60,12.6,307,0.0,,23.03,72.58
2024-04-19 08:00:00,30.7,53,16.3,313,0.0,,23.03,72.58
2024-04-19 09:00:00,32.8,45,15.8,311,0.0,,23.03,72.58
2024-04-19 10:00:00,35.0,35,15.2,306,0.0,,23.03,72.58
2024-04-19 11:00:00,36.7,28,14.0,299,0.0,,23.03,72.58
2024-04-19 12:00:00,38.0,25,13.7,288,0.0,,23.03,72.58
2024-04-19 13:00:00,39.0,23,16.0,278,0.0,,23.03,72.58
2024-04-19 14:00:00,39.3,21,17.6,270,0.0,,23.03,72.58
2024-04-19 15:00:00,39.2,20,18.0,273,0.0,,23.03,72.58
2024-04-19 16:00:00,39.7,18,18.1,264,0.0,,23.03,72.58
2024-04-19 17:00:00,39.1,18,20.5,272,0.0,,23.03,72.58
2024-04-19 18:00:00,37.0,22,13.4,276,0.0,,23.03,72.58
2024-04-19 19:00:00,35.1,23,15.8,246,0.0,,23.03,72.58
2024-04-19 20:00:00,34.5,23,17.5,256,0.0,,23.03,72.58
2024-04-19 21:00:00,33.6,23,17.7,257,0.0,,23.03,72.58
2024-04-19 22:00:00,32.5,23,18.0,270,0.0,,23.03,72.58
2024-04-19 23:00:00,31.3,23,18.0,273,0.0,,23.03,72.58
2024-04-20 00:00:00,29.9,26,15.9,274,0.0,,23.03,72.58
2024-04-20 01:00:00,28.7,33,14.3,280,0.0,,23.03,72.58
2024-04-20 02:00:00,27.8,40,12.6,283,0.0,,23.03,72.58
2024-04-20 03:00:00,27.0,43,10.8,291,0.0,,23.03,72.58
2024-04-20 04:00:00,26.4,42,11.3,301,0.0,,23.03,72.58
2024-04-20 05:00:00,25.7,42,11.8,308,0.0,,23.03,72.58
2024-04-20 06:00:00,25.9,46,12.8,310,0.0,,23.03,72.58
2024-04-20 07:00:00,27.1,47,12.8,310,0.0,,23.03,72.58
2024-04-20 08:00:00,28.6,49,15.5,312,0.0,,23.03,72.58
2024-04-20 09:00:00,30.8,39,15.0,312,0.0,,23.03,72.58
2024-04-20 10:00:00,32.9,31,13.1,307,0.0,,23.03,72.58
2024-04-20 11:00:00,34.6,26,12.2,298,0.0,,23.03,72.58
2024-04-20 12:00:00,36.0,22,12.0,286,0.0,,23.03,72.58
2024-04-20 13:00:00,37.2,20,12.8,280,0.0,,23.03,72.58
2024-04-20 14:00:00,37.9,18,15.5,271,0.0,,23.03,72.58
2024-04-20 15:00:00,37.9,18,18.8,273,0.0,,23.03,72.58
2024-04-20 16:00:00,37.5,19,19.6,276,0.0,,23.03,72.58
2024-04-20 17:00:00,36.9,19,18.5,283,0.0,,23.03,72.58
2024-04-20 18:00:00,35.0,20,14.8,283,0.0,,23.03,72.58
2024-04-20 19:00:00,32.9,22,8.7,287,0.0,,23.03,72.58
2024-04-20 20:00:00,32.2,22,10.5,286,0.0,,23.03,72.58
2024-04-20 21:00:00,31.7,23,10.8,272,0.0,,23.03,72.58
2024-04-20 22:00:00,30.4,26,8.0,278,0.0,,23.03,72.58
2024-04-20 23:00:00,29.3,29,7.8,304,0.0,,23.03,72.58
2024-04-21 00:00:00,28.0,32,7.5,197,0.0,,23.03,72.58
2024-04-21 01:00:00,28.1,33,12.2,242,0.0,,23.03,72.58
2024-04-21 02:00:00,27.3,39,10.8,266,0.0,,23.03,72.58
2024-04-21 03:00:00,26.6,40,12.3,275,0.0,,23.03,72.58
2024-04-21 04:00:00,26.3,48,13.1,286,0.0,,23.03,72.58
2024-04-21 05:00:00,25.6,63,13.0,289,0.0,,23.03,72.58
2024-04-21 06:00:00,26.2,68,12.9,293,0.0,,23.03,72.58
2024-04-21 07:00:00,27.2,67,12.9,297,0.0,,23.03,72.58
2024-04-21 08:00:00,29.2,58,13.2,299,0.0,,23.03,72.58
2024-04-21 09:00:00,31.4,48,11.9,299,0.0,,23.03,72.58
2024-04-21 10:00:00,33.4,39,10.6,298,0.0,,23.03,72.58
2024-04-21 11:00:00,35.1,32,9.3,283,0.0,,23.03,72.58
2024-04-21 12:00:00,36.6,26,10.1,270,0.0,,23.03,72.58
2024-04-21 13:00:00,37.7,22,11.2,264,0.0,,23.03,72.58
2024-04-21 14:00:00,38.2,20,13.4,264,0.0,,23.03,72.58
2024-04-21 15:00:00,38.3,18,16.2,266,0.0,,23.03,72.58
2024-04-21 16:00:00,37.5,20,16.6,270,0.0,,23.03,72.58
2024-04-21 17:00:00,36.9,20,14.4,267,0.0,,23.03,72.58
2024-04-21 18:00:00,34.8,24,11.0,238,0.0,,23.03,72.58
2024-04-21 19:00:00,32.9,27,5.1,188,0.0,,23.03,72.58
2024-04-21 20:00:00,31.5,30,6.0,155,0.0,,23.03,72.58
2024-04-21 21:00:00,30.3,32,6.0,197,0.0,,23.03,72.58
2024-04-21 22:00:00,29.1,34,6.1,220,0.0,,23.03,72.58
2024-04-21 23:00:00,28.9,35,10.0,201,0.0,,23.03,72.58
2024-04-22 00:00:00,28.5,37,10.9,236,0.0,,23.03,72.58
2024-04-22 01:00:00,28.1,35,11.3,263,0.0,,23.03,72.58
2024-04-22 02:00:00,27.3,37,8.8,261,0.0,,23.03,72.58
2024-04-22 03:00:00,26.5,42,8.6,268,0.0,,23.03,72.58
2024-04-22 04:00:00,25.9,47,8.7,275,0.0,,23.03,72.58
2024-04-22 05:00:00,25.4,51,8.8,282,0.0,,23.03,72.58
2024-04-22 06:00:00,26.0,55,11.8,301,0.0,,23.03,72.58
2024-04-22 07:00:00,27.2,53,12.9,300,0.0,,23.03,72.58
2024-04-22 08:00:00,29.1,48,13.8,303,0.0,,23.03,72.58
2024-04-22 09:00:00,31.4,40,12.8,302,0.0,,23.03,72.58
2024-04-22 10:00:00,34.0,30,11.8,301,0.0,,23.03,72.58
2024-04-22 11:00:00,35.8,24,10.5,292,0.0,,23.03,72.58
2024-04-22 12:00:00,37.1,20,10.8,274,0.0,,23.03,72.58
2024-04-22 13:00:00,38.0,17,11.9,265,0.0,,23.03,72.58
2024-04-22 14:00:00,38.5,15,13.8,261,0.0,,23.03,72.58
2024-04-22 15:00:00,38.5,14,16.8,261,0.0,,23.03,72.58
2024-04-22 16:00:00,38.0,14,17.7,268,0.0,,23.03,72.58
2024-04-22 17:00:00,37.1,16,16.9,281,0.0,,23.03,72.58
2024-04-22 18:00:00,35.1,20,13.8,263,0.0,,23.03,72.58
2024-04-22 19:00:00,32.3,25,9.0,247,0.0,,23.03,72.58
2024-04-22 20:00:00,33.2,22,4.4,189,0.0,,23.03,72.58
2024-04-22 21:00:00,30.4,27,7.2,276,0.0,,23.03,72.58
2024-04-22 22:00:00,29.5,28,6.6,261,0.0,,23.03,72.58
2024-04-22 23:00:00,28.8,28,8.6,272,0.0,,23.03,72.58
2024-04-23 00:00:00,28.8,29,10.8,291,0.0,,23.03,72.58
2024-04-23 01:00:00,28.1,33,10.8,291,0.0,,23.03,72.58
2024-04-23 02:00:00,26.7,39,6.9,264,0.0,,23.03,72.58
2024-04-23 03:00:00,25.3,46,6.2,249,0.0,,23.03,72.58
2024-04-23 04:00:00,25.1,52,6.5,267,0.0,,23.03,72.58
2024-04-23 05:00:00,24.7,57,6.5,273,0.0,,23.03,72.58
2024-04-23 06:00:00,25.3,60,5.0,270,0.0,,23.03,72.58
2024-04-23 07:00:00,27.4,53,5.1,274,0.0,,23.03,72.58
2024-04-23 08:00:00,29.7,48,7.1,300,0.0,,23.03,72.58
2024-04-23 09:00:00,32.0,41,8.1,302,0.0,,23.03,72.58
2024-04-23 10:00:00,34.6,31,8.7,300,0.0,,23.03,72.58
2024-04-23 11:00:00,36.7,24,7.8,292,0.0,,23.03,72.58
2024-04-23 12:00:00,38.1,20,6.8,252,0.0,,23.03,72.58
2024-04-23 13:00:00,38.9,18,8.8,235,0.0,,23.03,72.58
2024-04-23 14:00:00,39.3,18,10.2,238,0.0,,23.03,72.58
2024-04-23 15:00:00,39.4,16,11.5,250,0.0,,23.03,72.58
2024-04-23 16:00:00,39.1,17,11.6,263,0.0,,23.03,72.58
2024-04-23 17:00:00,38.3,18,10.5,276,0.0,,23.03,72.58
2024-04-23 18:00:00,36.7,18,4.6,309,0.0,,23.03,72.58
2024-04-23 19:00:00,34.2,21,6.3,24,0.0,,23.03,72.58
2024-04-23 20:00:00,34.3,22,5.5,58,0.0,,23.03,72.58
2024-04-23 21:00:00,31.5,26,4.0,153,0.0,,23.03,72.58
2024-04-23 22:00:00,29.8,28,7.6,205,0.0,,23.03,72.58
2024-04-23 23:00:00,28.4,31,9.0,241,0.0,,23.03,72.58
2024-04-24 00:00:00,28.2,32,7.2,264,0.0,,23.03,72.58
2024-04-24 01:00:00,27.8,31,7.6,295,0.0,,23.03,72.58
2024-04-24 02:00:00,27.5,29,9.5,299,0.0,,23.03,72.58
2024-04-24 03:00:00,27.0,33,9.8,298,0.0,,23.03,72.58
2024-04-24 04:00:00,26.5,41,10.8,296,0.0,,23.03,72.58
2024-04-24 05:00:00,26.2,48,10.2,302,0.0,,23.03,72.58
2024-04-24 06:00:00,26.3,54,9.9,303,0.0,,23.03,72.58
2024-04-24 07:00:00,28.1,51,10.9,304,0.0,,23.03,72.58
2024-04-24 08:00:00,30.7,45,13.2,315,0.0,,23.03,72.58
2024-04-24 09:00:00,33.3,39,13.2,325,0.0,,23.03,72.58
2024-04-24 10:00:00,36.0,30,10.0,330,0.0,,23.03,72.58
2024-04-24 11:00:00,38.0,23,5.3,332,0.0,,23.03,72.58
2024-04-24 12:00:00,39.3,19,1.4,270,0.0,,23.03,72.58
2024-04-24 13:00:00,40.1,17,3.9,214,0.0,,23.03,72.58
2024-04-24 14:00:00,40.7,16,5.6,220,0.0,,23.03,72.58
2024-04-24 15:00:00,40.9,15,6.3,246,0.0,,23.03,72.58
2024-04-24 16:00:00,40.9,14,7.6,267,0.0,,23.03,72.58
2024-04-24 17:00:00,40.4,15,10.2,262,0.0,,23.03,72.58
2024-04-24 18:00:00,37.6,23,5.0,240,0.0,,23.03,72.58
2024-04-24 19:00:00,34.4,20,7.5,235,0.0,,23.03,72.58
2024-04-24 20:00:00,32.6,24,8.9,238,0.0,,23.03,72.58
2024-04-24 21:00:00,33.9,22,4.4,305,0.0,,23.03,72.58
2024-04-24 22:00:00,30.9,27,7.0,305,0.0,,23.03,72.58
2024-04-24 23:00:00,30.2,29,8.6,285,0.0,,23.03,72.58
2024-04-25 00:00:00,29.3,31,8.2,209,0.0,,23.03,72.58
2024-04-25 01:00:00,29.6,33,10.0,221,0.0,,23.03,72.58
2024-04-25 02:00:00,29.0,37,12.1,253,0.0,,23.03,72.58
2024-04-25 03:00:00,28.4,36,11.0,281,0.0,,23.03,72.58
2024-04-25 04:00:00,27.8,37,13.0,289,0.0,,23.03,72.58
2024-04-25 05:00:00,27.1,46,11.5,290,0.0,,23.03,72.58
2024-04-25 06:00:00,27.4,52,12.1,297,0.0,,23.03,72.58
2024-04-25 07:00:00,28.8,53,12.1,300,0.0,,23.03,72.58
2024-04-25 08:00:00,31.0,48,12.8,310,0.0,,23.03,72.58
2024-04-25 09:00:00,33.3,40,9.7,301,0.0,,23.03,72.58
2024-04-25 10:00:00,35.4,32,8.8,305,0.0,,23.03,72.58
2024-04-25 11:00:00,37.3,27,6.4,308,0.0,,23.03,72.58
2024-04-25 12:00:00,38.8,24,4.7,270,0.0,,23.03,72.58
2024-04-25 13:00:00,40.0,21,7.7,233,0.0,,23.03,72.58
2024-04-25 14:00:00,40.6,20,10.3,234,0.0,,23.03,72.58
2024-04-25 15:00:00,40.8,19,11.1,241,0.0,,23.03,72.58
2024-04-25 16:00:00,40.8,18,13.1,249,0.0,,23.03,72.58
2024-04-25 17:00:00,39.7,20,16.4,251,0.0,,23.03,72.58
2024-04-25 18:00:00,38.5,19,9.8,242,0.0,,23.03,72.58
2024-04-25 19:00:00,35.2,24,7.9,231,0.0,,23.03,72.58
2024-04-25 20:00:00,34.7,24,5.9,133,0.0,,23.03,72.58
2024-04-25 21:00:00,33.5,26,7.3,160,0.0,,23.03,72.58
2024-04-25 22:00:00,33.4,25,14.0,215,0.0,,23.03,72.58
2024-04-25 23:00:00,32.3,27,11.3,233,0.0,,23.03,72.58
2024-04-26 00:00:00,31.0,31,6.8,238,0.0,,23.03,72.58
2024-04-26 01:00:00,30.2,31,9.0,272,0.0,,23.03,72.58
2024-04-26 02:00:00,29.7,28,12.3,277,0.0,,23.03,72.58
2024-04-26 03:00:00,28.8,41,14.3,282,0.0,,23.03,72.58
2024-04-26 04:00:00,28.1,54,15.8,291,0.0,,23.03,72.58
2024-04-26 05:00:00,27.7,60,14.8,296,0.0,,23.03,72.58
2024-04-26 06:00:00,25.6,73,11.9,358,0.1,,23.03,72.58
2024-04-26 07:00:00,27.0,66,11.4,18,0.0,,23.03,72.58
2024-04-26 08:00:00,30.1,51,4.1,345,0.0,,23.03,72.58
2024-04-26 09:00:00,33.0,39,10.4,316,0.0,,23.03,72.58
2024-04-26 10:00:00,35.0,31,8.2,311,0.0,,23.03,72.58
2024-04-26 11:00:00,36.8,24,7.4,299,0.0,,23.03,72.58
2024-04-26 12:00:00,38.4,18,8.0,278,0.0,,23.03,72.58
2024-04-26 13:00:00,39.5,15,10.4,272,0.0,,23.03,72.58
2024-04-26 14:00:00,40.0,13,11.4,281,0.0,,23.03,72.58
2024-04-26 15:00:00,40.3,12,12.4,292,0.0,,23.03,72.58
2024-04-26 16:00:00,39.9,11,15.4,281,0.0,,23.03,72.58
2024-04-26 17:00:00,38.9,12,17.3,274,0.0,,23.03,72.58
2024-04-26 18:00:00,36.5,21,7.1,294,0.0,,23.03,72.58
2024-04-26 19:00:00,35.6,22,4.0,275,0.0,,23.03,72.58
2024-04-26 20:00:00,34.1,25,2.3,129,0.0,,23.03,72.58
2024-04-26 21:00:00,32.8,26,6.1,130,0.0,,23.03,72.58
2024-04-26 22:00:00,31.9,27,6.9,133,0.0,,23.03,72.58
2024-04-26 23:00:00,30.2,30,9.6,146,0.0,,23.03,72.58
2024-04-27 00:00:00,29.8,31,6.3,246,0.0,,23.03,72.58
2024-04-27 01:00:00,29.4,34,7.3,281,0.0,,23.03,72.58
2024-04-27 02:00:00,28.8,39,8.2,285,0.0,,23.03,72.58
2024-04-27 03:00:00,28.3,43,9.7,272,0.0,,23.03,72.58
2024-04-27 04:00:00,27.9,47,10.5,286,0.0,,23.03,72.58
2024-04-27 05:00:00,27.7,50,10.5,297,0.0,,23.03,72.58
2024-04-27 06:00:00,27.7,54,11.3,301,0.0,,23.03,72.58
2024-04-27 07:00:00,29.3,52,10.4,304,0.0,,23.03,72.58
2024-04-27 08:00:00,31.3,47,11.2,315,0.0,,23.03,72.58
2024-04-27 09:00:00,33.7,37,10.5,319,0.0,,23.03,72.58
2024-04-27 10:00:00,36.1,26,11.0,319,0.0,,23.03,72.58
2024-04-27 11:00:00,37.9,19,12.7,313,0.0,,23.03,72.58
2024-04-27 12:00:00,39.2,16,13.7,305,0.0,,23.03,72.58
2024-04-27 13:00:00,39.8,15,14.3,295,0.0,,23.03,72.58
2024-04-27 14:00:00,39.8,14,13.6,292,0.0,,23.03,72.58
2024-04-27 15:00:00,39.8,14,12.9,293,0.0,,23.03,72.58
2024-04-27 16:00:00,39.5,14,12.7,285,0.0,,23.03,72.58
2024-04-27 17:00:00,38.8,14,14.8,271,0.0,,23.03,72.58
2024-04-27 18:00:00,37.5,16,6.0,303,0.0,,23.03,72.58
2024-04-27 19:00:00,34.4,21,7.6,341,0.0,,23.03,72.58
2024-04-27 20:00:00,33.9,21,5.8,30,0.0,,23.03,72.58
2024-04-27 21:00:00,32.8,22,7.8,22,0.0,,23.03,72.58
2024-04-27 22:00:00,32.5,23,7.6,329,0.0,,23.03,72.58
2024-04-27 23:00:00,31.9,23,8.8,348,0.0,,23.03,72.58
2024-04-28 00:00:00,30.6,25,7.6,341,0.0,,23.03,72.58
2024-04-28 01:00:00,29.7,25,7.9,294,0.0,,23.03,72.58
2024-04-28 02:00:00,29.2,25,6.8,295,0.0,,23.03,72.58
2024-04-28 03:00:00,29.0,29,9.7,292,0.0,,23.03,72.58
2024-04-28 04:00:00,29.0,34,12.7,299,0.0,,23.03,72.58
2024-04-28 05:00:00,28.7,35,12.5,309,0.0,,23.03,72.58
2024-04-28 06:00:00,28.6,33,10.5,319,0.0,,23.03,72.58
2024-04-28 07:00:00,30.1,28,10.5,322,0.0,,23.03,72.58
2024-04-28 08:00:00,32.3,24,12.1,323,0.0,,23.03,72.58
2024-04-28 09:00:00,34.7,22,15.2,324,0.0,,23.03,72.58
2024-04-28 10:00:00,36.8,18,15.2,324,0.0,,23.03,72.58
2024-04-28 11:00:00,38.6,14,13.8,319,0.0,,23.03,72.58
2024-04-28 12:00:00,39.9,11,12.6,307,0.0,,23.03,72.58
2024-04-28 13:00:00,40.6,10,13.9,295,0.0,,23.03,72.58
2024-04-28 14:00:00,40.8,11,14.5,289,0.0,,23.03,72.58
2024-04-28 15:00:00,40.8,10,13.4,297,0.0,,23.03,72.58
2024-04-28 16:00:00,40.8,9,13.3,303,0.0,,23.03,72.58
2024-04-28 17:00:00,39.9,10,14.8,288,0.0,,23.03,72.58
2024-04-28 18:00:00,37.6,12,10.1,264,0.0,,23.03,72.58
2024-04-28 19:00:00,34.1,15,6.4,254,0.0,,23.03,72.58
2024-04-28 20:00:00,32.6,17,6.8,205,0.0,,23.03,72.58
2024-04-28 21:00:00,31.7,19,8.2,218,0.0,,23.03,72.58
2024-04-28 22:00:00,31.0,19,7.9,300,0.0,,23.03,72.58
2024-04-28 23:00:00,30.8,20,6.7,286,0.0,,23.03,72.58
2024-04-29 00:00:00,31.0,20,9.1,279,0.0,,23.03,72.58
2024-04-29 01:00:00,30.2,24,8.3,265,0.0,,23.03,72.58
2024-04-29 02:00:00,29.5,28,9.7,248,0.0,,23.03,72.58
2024-04-29 03:00:00,29.2,35,10.8,272,0.0,,23.03,72.58
2024-04-29 04:00:00,29.1,40,11.2,291,0.0,,23.03,72.58
2024-04-29 05:00:00,28.5,41,10.9,297,0.0,,23.03,72.58
2024-04-29 06:00:00,28.5,47,10.3,295,0.0,,23.03,72.58
2024-04-29 07:00:00,30.0,42,10.8,291,0.0,,23.03,72.58
2024-04-29 08:00:00,32.0,37,14.3,295,0.0,,23.03,72.58
2024-04-29 09:00:00,34.1,32,13.7,293,0.0,,23.03,72.58
2024-04-29 10:00:00,36.4,25,15.0,297,0.0,,23.03,72.58
2024-04-29 11:00:00,38.1,20,17.1,300,0.0,,23.03,72.58
2024-04-29 12:00:00,39.2,16,16.6,297,0.0,,23.03,72.58
2024-04-29 13:00:00,40.1,15,15.5,292,0.0,,23.03,72.58
2024-04-29 14:00:00,40.6,14,16.1,297,0.0,,23.03,72.58
2024-04-29 15:00:00,40.7,15,16.6,304,0.0,,23.03,72.58
2024-04-29 16:00:00,40.5,15,16.4,308,0.0,,23.03,72.58
2024-04-29 17:00:00,39.7,16,17.1,309,0.0,,23.03,72.58
2024-04-29 18:00:00,37.7,18,14.4,292,0.0,,23.03,72.58
2024-04-29 19:00:00,35.7,20,9.8,298,0.0,,23.03,72.58
2024-04-29 20:00:00,34.2,21,7.7,298,0.0,,23.03,72.58
2024-04-29 21:00:00,32.6,22,7.4,293,0.0,,23.03,72.58
2024-04-29 22:00:00,31.4,23,7.6,295,0.0,,23.03,72.58
2024-04-29 23:00:00,31.0,22,9.3,298,0.0,,23.03,72.58
2024-04-30 00:00:00,30.3,20,8.9,310,0.0,,23.03,72.58
2024-04-30 01:00:00,29.2,21,9.7,312,0.0,,23.03,72.58
2024-04-30 02:00:00,28.4,21,11.1,306,0.0,,23.03,72.58
2024-04-30 03:00:00,27.8,21,9.4,317,0.0,,23.03,72.58
2024-04-30 04:00:00,26.9,21,8.8,305,0.0,,23.03,72.58
2024-04-30 05:00:00,26.4,27,10.9,297,0.0,,23.03,72.58
2024-04-30 06:00:00,27.2,28,9.9,314,0.0,,23.03,72.58
2024-04-30 07:00:00,29.1,28,11.6,306,0.0,,23.03,72.58
2024-04-30 08:00:00,32.0,23,12.5,309,0.0,,23.03,72.58
2024-04-30 09:00:00,35.0,18,14.0,312,0.0,,23.03,72.58
2024-04-30 10:00:00,37.3,15,14.6,310,0.0,,23.03,72.58
2024-04-30 11:00:00,38.7,13,13.8,303,0.0,,23.03,72.58
2024-04-30 12:00:00,39.6,12,13.8,290,0.0,,23.03,72.58
2024-04-30 13:00:00,40.2,11,15.5,282,0.0,,23.03,72.58
2024-04-30 14:00:00,40.6,10,16.5,280,0.0,,23.03,72.58
2024-04-30 15:00:00,40.5,9,18.5,278,0.0,,23.03,72.58
2024-04-30 16:00:00,39.9,9,20.3,276,0.0,,23.03,72.58
2024-04-30 17:00:00,39.1,9,18.3,280,0.0,,23.03,72.58
2024-04-30 18:00:00,37.6,11,8.3,272,0.0,,23.03,72.58
2024-04-30 19:00:00,33.7,14,9.1,279,0.0,,23.03,72.58
2024-04-30 20:00:00,32.4,14,7.9,273,0.0,,23.03,72.58
2024-04-30 21:00:00,32.0,14,10.7,282,0.0,,23.03,72.58
2024-04-30 22:00:00,31.6,14,12.8,292,0.0,,23.03,72.58
2024-04-30 23:00:00,30.8,16,11.5,284,0.0,,23.03,72.58
2024-05-01 00:00:00,29.4,23,10.8,272,0.0,,23.03,72.58
2024-05-01 01:00:00,29.0,29,13.7,275,0.0,,23.03,72.58
2024-05-01 02:00:00,28.3,32,14.0,288,0.0,,23.03,72.58
2024-05-01 03:00:00,27.3,35,13.0,294,0.0,,23.03,72.58
2024-05-01 04:00:00,26.4,35,12.0,303,0.0,,23.03,72.58
2024-05-01 05:00:00,25.4,33,10.6,294,0.0,,23.03,72.58
2024-05-01 06:00:00,26.7,23,13.9,295,0.0,,23.03,72.58
2024-05-01 07:00:00,28.5,19,14.1,289,0.0,,23.03,72.58
2024-05-01 08:00:00,31.1,15,15.5,292,0.0,,23.03,72.58
2024-05-01 09:00:00,33.6,13,16.4,299,0.0,,23.03,72.58
2024-05-01 10:00:00,36.1,11,12.4,306,0.0,,23.03,72.58
2024-05-01 11:00:00,38.1,9,9.8,298,0.0,,23.03,72.58
2024-05-01 12:00:00,39.7,7,13.0,284,0.0,,23.03,72.58
2024-05-01 13:00:00,40.5,6,16.8,280,0.0,,23.03,72.58
2024-05-01 14:00:00,40.8,6,18.2,278,0.0,,23.03,72.58
2024-05-01 15:00:00,40.7,6,18.9,279,0.0,,23.03,72.58
2024-05-01 16:00:00,40.2,6,18.9,279,0.0,,23.03,72.58
2024-05-01 17:00:00,39.3,6,18.9,284,0.0,,23.03,72.58
2024-05-01 18:00:00,37.4,10,7.9,300,0.0,,23.03,72.58
2024-05-01 19:00:00,33.9,12,7.5,325,0.0,,23.03,72.58
2024-05-01 20:00:00,32.4,13,7.8,283,0.0,,23.03,72.58
2024-05-01 21:00:00,30.6,16,7.3,259,0.0,,23.03,72.58
2024-05-01 22:00:00,28.5,19,8.4,227,0.0,,23.03,72.58
2024-05-01 23:00:00,28.4,20,5.3,208,0.0,,23.03,72.58
2024-05-02 00:00:00,28.4,22,3.5,204,0.0,,23.03,72.58
2024-05-02 01:00:00,26.8,21,6.5,273,0.0,,23.03,72.58
2024-05-02 02:00:00,26.6,15,7.1,315,0.0,,23.03,72.58
2024-05-02 03:00:00,26.7,14,9.7,338,0.0,,23.03,72.58
2024-05-02 04:00:00,26.0,14,10.2,352,0.0,,23.03,72.58
2024-05-02 05:00:00,24.5,15,9.4,356,0.0,,23.03,72.58
2024-05-02 06:00:00,24.8,21,7.6,295,0.0,,23.03,72.58
2024-05-02 07:00:00,27.4,18,8.2,311,0.0,,23.03,72.58
2024-05-02 08:00:00,30.9,15,4.7,4,0.0,,23.03,72.58
2024-05-02 09:00:00,33.9,13,4.7,32,0.0,,23.03,72.58
2024-05-02 10:00:00,36.5,11,4.8,27,0.0,,23.03,72.58
2024-05-02 11:00:00,38.1,9,4.9,54,0.0,,23.03,72.58
2024-05-02 12:00:00,39.0,8,3.9,68,0.0,,23.03,72.58
2024-05-02 13:00:00,39.3,8,1.5,45,0.0,,23.03,72.58
2024-05-02 14:00:00,40.0,8,1.4,360,0.0,,23.03,72.58
2024-05-02 15:00:00,40.3,7,3.1,291,0.0,,23.03,72.58
2024-05-02 16:00:00,40.2,7,5.8,270,0.0,,23.03,72.58
2024-05-02 17:00:00,39.5,7,9.5,281,0.0,,23.03,72.58
2024-05-02 18:00:00,36.9,16,6.2,263,0.0,,23.03,72.58
2024-05-02 19:00:00,34.2,11,8.9,249,0.0,,23.03,72.58
2024-05-02 20:00:00,33.4,10,8.1,283,0.0,,23.03,72.58
2024-05-02 21:00:00,30.6,13,9.4,342,0.0,,23.03,72.58
2024-05-02 22:00:00,30.1,14,6.6,9,0.0,,23.03,72.58
2024-05-02 23:00:00,29.4,15,8.8,12,0.0,,23.03,72.58
2024-05-03 00:00:00,28.4,16,7.2,177,0.0,,23.03,72.58
2024-05-03 01:00:00,28.0,22,9.4,227,0.0,,23.03,72.58
2024-05-03 02:00:00,27.8,21,9.0,270,0.0,,23.03,72.58
2024-05-03 03:00:00,27.5,20,12.3,273,0.0,,23.03,72.58
2024-05-03 04:00:00,26.9,28,11.0,281,0.0,,23.03,72.58
2024-05-03 05:00:00,25.8,36,10.2,288,0.0,,23.03,72.58
2024-05-03 06:00:00,27.0,39,11.4,288,0.0,,23.03,72.58
2024-05-03 07:00:00,28.9,34,13.1,291,0.0,,23.03,72.58
2024-05-03 08:00:00,31.4,29,13.7,297,0.0,,23.03,72.58
2024-05-03 09:00:00,34.1,24,12.0,303,0.0,,23.03,72.58
2024-05-03 10:00:00,37.2,18,10.2,309,0.0,,23.03,72.58
2024-05-03 11:00:00,39.3,13,7.0,305,0.0,,23.03,72.58
2024-05-03 12:00:00,40.6,10,5.8,277,0.0,,23.03,72.58
2024-05-03 13:00:00,41.5,9,7.9,270,0.0,,23.03,72.58
2024-05-03 14:00:00,41.9,9,9.0,265,0.0,,23.03,72.58
2024-05-03 15:00:00,42.1,9,10.8,268,0.0,,23.03,72.58
2024-05-03 16:00:00,41.7,9,11.9,270,0.0,,23.03,72.58
2024-05-03 17:00:00,41.0,9,11.9,272,0.0,,23.03,72.58
2024-05-03 18:00:00,38.6,11,9.6,283,0.0,,23.03,72.58
2024-05-03 19:00:00,34.4,15,9.1,304,0.0,,23.03,72.58
2024-05-03 20:00:00,33.2,16,9.7,321,0.0,,23.03,72.58
2024-05-03 21:00:00,32.9,16,7.7,307,0.0,,23.03,72.58
2024-05-03 22:00:00,32.8,16,6.2,280,0.0,,23.03,72.58
2024-05-03 23:00:00,30.8,18,7.6,245,0.0,,23.03,72.58
2024-05-04 00:00:00,30.3,20,10.9,236,0.0,,23.03,72.58
2024-05-04 01:00:00,30.0,26,11.0,259,0.0,,23.03,72.58
2024-05-04 02:00:00,29.6,31,10.9,262,0.0,,23.03,72.58
2024-05-04 03:00:00,29.1,40,12.3,273,0.0,,23.03,72.58
2024-05-04 04:00:00,29.0,51,13.2,287,0.0,,23.03,72.58
2024-05-04 05:00:00,29.1,55,12.9,297,0.0,,23.03,72.58
2024-05-04 06:00:00,29.4,61,11.6,286,0.0,,23.03,72.58
2024-05-04 07:00:00,31.1,58,10.5,292,0.0,,23.03,72.58
2024-05-04 08:00:00,33.4,49,14.3,311,0.0,,23.03,72.58
2024-05-04 09:00:00,36.0,37,12.7,315,0.0,,23.03,72.58
2024-05-04 10:00:00,38.0,30,16.3,305,0.0,,23.03,72.58
2024-05-04 11:00:00,39.5,25,17.7,299,0.0,,23.03,72.58
2024-05-04 12:00:00,40.6,21,19.5,300,0.0,,23.03,72.58
2024-05-04 13:00:00,41.0,21,20.5,304,0.0,,23.03,72.58
2024-05-04 14:00:00,41.4,21,19.0,307,0.0,,23.03,72.58
2024-05-04 15:00:00,41.1,22,20.9,311,0.0,,23.03,72.58
2024-05-04 16:00:00,40.6,24,20.3,303,0.0,,23.03,72.58
2024-05-04 17:00:00,39.7,24,19.3,294,0.0,,23.03,72.58
2024-05-04 18:00:00,37.5,29,12.7,305,0.0,,23.03,72.58
2024-05-04 19:00:00,36.5,29,12.3,302,0.0,,23.03,72.58
2024-05-04 20:00:00,35.6,27,9.4,310,0.0,,23.03,72.58
2024-05-04 21:00:00,34.9,28,9.4,320,0.0,,23.03,72.58
2024-05-04 22:00:00,33.3,37,7.1,330,0.0,,23.03,72.58
2024-05-04 23:00:00,33.0,38,4.8,318,0.0,,23.03,72.58
2024-05-05 00:00:00,32.2,41,5.0,300,0.0,,23.03,72.58
2024-05-05 01:00:00,31.7,42,8.5,282,0.0,,23.03,72.58
2024-05-05 02:00:00,31.5,41,12.5,282,0.0,,23.03,72.58
2024-05-05 03:00:00,31.4,42,14.5,293,0.0,,23.03,72.58
2024-05-05 04:00:00,31.3,38,15.3,297,0.0,,23.03,72.58
2024-05-05 05:00:00,31.1,38,14.7,298,0.0,,23.03,72.58
2024-05-05 06:00:00,30.0,44,13.7,300,0.0,,23.03,72.58
2024-05-05 07:00:00,31.2,41,14.7,301,0.0,,23.03,72.58
2024-05-05 08:00:00,32.1,38,16.1,299,0.0,,23.03,72.58
2024-05-05 09:00:00,32.6,39,15.2,292,0.0,,23.03,72.58
2024-05-05 10:00:00,34.8,32,14.0,293,0.0,,23.03,72.58
2024-05-05 11:00:00,36.6,26,17.2,296,0.0,,23.03,72.58
2024-05-05 12:00:00,37.3,26,17.3,306,0.0,,23.03,72.58
2024-05-05 13:00:00,38.9,26,19.8,299,0.0,,23.03,72.58
2024-05-05 14:00:00,39.5,25,18.9,294,0.0,,23.03,72.58
2024-05-05 15:00:00,39.5,26,19.6,290,0.0,,23.03,72.58
2024-05-05 16:00:00,38.8,26,19.2,265,0.0,,23.03,72.58
2024-05-05 17:00:00,37.7,28,20.5,273,0.0,,23.03,72.58
2024-05-05 18:00:00,38.1,27,16.2,249,0.0,,23.03,72.58
2024-05-05 19:00:00,36.2,31,19.1,234,0.0,,23.03,72.58
2024-05-05 20:00:00,35.5,33,18.7,245,0.0,,23.03,72.58
2024-05-05 21:00:00,34.7,36,15.8,246,0.0,,23.03,72.58
2024-05-05 22:00:00,33.9,39,17.0,265,0.0,,23.03,72.58
2024-05-05 23:00:00,32.7,44,16.6,270,0.0,,23.03,72.58
2024-05-06 00:00:00,31.4,41,16.6,265,0.0,,23.03,72.58
2024-05-06 01:00:00,30.0,44,15.5,271,0.0,,23.03,72.58
2024-05-06 02:00:00,28.9,55,13.6,282,0.0,,23.03,72.58
2024-05-06 03:00:00,28.3,64,12.9,288,0.0,,23.03,72.58
2024-05-06 04:00:00,27.8,68,13.7,288,0.0,,23.03,72.58
2024-05-06 05:00:00,27.4,70,13.4,294,0.0,,23.03,72.58
2024-05-06 06:00:00,27.1,74,8.8,279,0.0,,23.03,72.58
2024-05-06 07:00:00,28.3,68,10.2,288,0.0,,23.03,72.58
2024-05-06 08:00:00,30.3,59,11.2,291,0.0,,23.03,72.58
2024-05-06 09:00:00,32.7,48,10.4,290,0.0,,23.03,72.58
2024-05-06 10:00:00,35.2,38,9.9,289,0.0,,23.03,72.58
2024-05-06 11:00:00,37.5,30,10.4,284,0.0,,23.03,72.58
2024-05-06 12:00:00,39.2,24,10.9,278,0.0,,23.03,72.58
2024-05-06 13:00:00,40.3,21,12.0,277,0.0,,23.03,72.58
2024-05-06 14:00:00,40.9,19,13.4,278,0.0,,23.03,72.58
2024-05-06 15:00:00,41.0,18,14.6,279,0.0,,23.03,72.58
2024-05-06 16:00:00,40.8,17,15.2,277,0.0,,23.03,72.58
2024-05-06 17:00:00,40.3,18,14.8,271,0.0,,23.03,72.58
2024-05-06 18:00:00,38.1,24,13.3,273,0.0,,23.03,72.58
2024-05-06 19:00:00,36.2,27,7.2,288,0.0,,23.03,72.58
2024-05-06 20:00:00,34.2,31,8.1,257,0.0,,23.03,72.58
2024-05-06 21:00:00,33.7,30,6.2,234,0.0,,23.03,72.58
2024-05-06 22:00:00,32.8,30,12.8,218,0.0,,23.03,72.58
2024-05-06 23:00:00,31.9,36,11.5,229,0.0,,23.03,72.58
2024-05-07 00:00:00,31.4,39,13.6,253,0.0,,23.03,72.58
2024-05-07 01:00:00,30.4,48,14.8,267,0.0,,23.03,72.58
2024-05-07 02:00:00,29.5,59,14.4,267,0.0,,23.03,72.58
2024-05-07 03:00:00,28.8,65,12.2,270,0.0,,23.03,72.58
2024-05-07 04:00:00,28.2,69,10.8,266,0.0,,23.03,72.58
2024-05-07 05:00:00,27.6,73,8.3,275,0.0,,23.03,72.58
2024-05-07 06:00:00,28.8,73,6.8,238,0.0,,23.03,72.58
2024-05-07 07:00:00,30.0,69,8.4,260,0.0,,23.03,72.58
2024-05-07 08:00:00,31.9,61,9.5,259,0.0,,23.03,72.58
2024-05-07 09:00:00,34.4,51,10.1,264,0.0,,23.03,72.58
2024-05-07 10:00:00,36.9,42,9.0,265,0.0,,23.03,72.58
2024-05-07 11:00:00,39.1,34,7.6,267,0.0,,23.03,72.58
2024-05-07 12:00:00,41.0,26,6.5,276,0.0,,23.03,72.58
2024-05-07 13:00:00,41.9,21,4.2,290,0.0,,23.03,72.58
2024-05-07 14:00:00,42.6,18,2.3,288,0.0,,23.03,72.58
2024-05-07 15:00:00,43.1,18,2.0,315,0.0,,23.03,72.58
2024-05-07 16:00:00,43.0,17,4.3,336,0.0,,23.03,72.58
2024-05-07 17:00:00,42.2,17,6.3,336,0.0,,23.03,72.58
2024-05-07 18:00:00,39.8,19,12.1,258,0.0,,23.03,72.58
2024-05-07 19:00:00,37.6,21,11.4,259,0.0,,23.03,72.58
2024-05-07 20:00:00,36.8,22,9.3,257,0.0,,23.03,72.58
2024-05-07 21:00:00,34.0,35,18.4,206,0.0,,23.03,72.58
2024-05-07 22:00:00,32.4,47,19.0,205,0.0,,23.03,72.58
2024-05-07 23:00:00,31.8,52,16.3,198,0.0,,23.03,72.58
2024-05-08 00:00:00,31.3,54,13.7,207,0.0,,23.03,72.58
2024-05-08 01:00:00,31.1,54,11.2,222,0.0,,23.03,72.58
2024-05-08 02:00:00,30.6,54,7.6,225,0.0,,23.03,72.58
2024-05-08 03:00:00,30.2,50,8.3,265,0.0,,23.03,72.58
2024-05-08 04:00:00,29.4,53,10.1,274,0.0,,23.03,72.58
2024-05-08 05:00:00,28.7,58,9.6,283,0.0,,23.03,72.58
2024-05-08 06:00:00,29.2,63,11.8,282,0.0,,23.03,72.58
2024-05-08 07:00:00,30.6,55,11.8,282,0.0,,23.03,72.58
2024-05-08 08:00:00,32.4,47,12.3,285,0.0,,23.03,72.58
2024-05-08 09:00:00,34.5,42,12.0,279,0.0,,23.03,72.58
2024-05-08 10:00:00,36.7,36,11.9,273,0.0,,23.03,72.58
2024-05-08 11:00:00,39.0,29,12.3,277,0.0,,23.03,72.58
2024-05-08 12:00:00,40.8,24,12.1,282,0.0,,23.03,72.58
2024-05-08 13:00:00,42.0,20,12.8,286,0.0,,23.03,72.58
2024-05-08 14:00:00,42.6,19,11.3,287,0.0,,23.03,72.58
2024-05-08 15:00:00,42.5,18,9.9,289,0.0,,23.03,72.58
2024-05-08 16:00:00,42.7,18,9.1,288,0.0,,23.03,72.58
2024-05-08 17:00:00,42.0,18,9.2,296,0.0,,23.03,72.58
2024-05-08 18:00:00,41.5,8,11.8,239,0.0,,23.03,72.58
2024-05-08 19:00:00,38.8,9,16.8,242,0.0,,23.03,72.58
2024-05-08 20:00:00,36.2,19,15.3,210,0.0,,23.03,72.58
2024-05-08 21:00:00,33.0,43,17.1,195,0.0,,23.03,72.58
2024-05-08 22:00:00,32.6,51,16.2,197,0.0,,23.03,72.58
2024-05-08 23:00:00,33.1,45,13.6,217,0.0,,23.03,72.58
2024-05-09 00:00:00,33.0,31,19.4,259,0.0,,23.03,72.58
2024-05-09 01:00:00,31.9,33,17.6,270,0.0,,23.03,72.58
2024-05-09 02:00:00,31.1,36,16.7,276,0.0,,23.03,72.58
2024-05-09 03:00:00,30.3,42,16.1,280,0.0,,23.03,72.58
2024-05-09 04:00:00,29.5,48,13.6,282,0.0,,23.03,72.58
2024-05-09 05:00:00,28.9,53,12.3,291,0.0,,23.03,72.58
2024-05-09 06:00:00,29.5,50,10.7,282,0.0,,23.03,72.58
2024-05-09 07:00:00,30.8,51,11.7,281,0.0,,23.03,72.58
2024-05-09 08:00:00,32.5,49,12.0,279,0.0,,23.03,72.58
2024-05-09 09:00:00,34.7,43,11.5,272,0.0,,23.03,72.58
2024-05-09 10:00:00,37.0,36,12.2,272,0.0,,23.03,72.58
2024-05-09 11:00:00,39.1,28,11.9,270,0.0,,23.03,72.58
2024-05-09 12:00:00,40.8,23,11.3,263,0.0,,23.03,72.58
2024-05-09 13:00:00,41.8,20,11.7,259,0.0,,23.03,72.58
2024-05-09 14:00:00,42.3,19,11.1,257,0.0,,23.03,72.58
2024-05-09 15:00:00,42.4,19,9.4,266,0.0,,23.03,72.58
2024-05-09 16:00:00,42.2,19,8.0,260,0.0,,23.03,72.58
2024-05-09 17:00:00,41.9,19,8.6,248,0.0,,23.03,72.58
2024-05-09 18:00:00,41.1,17,9.1,214,0.0,,23.03,72.58
2024-05-09 19:00:00,38.6,21,12.1,210,0.0,,23.03,72.58
2024-05-09 20:00:00,36.5,27,17.9,205,0.0,,23.03,72.58
2024-05-09 21:00:00,34.8,32,18.2,207,0.0,,23.03,72.58
2024-05-09 22:00:00,33.8,35,20.0,210,0.0,,23.03,72.58
2024-05-09 23:00:00,33.8,33,20.9,221,0.0,,23.03,72.58
2024-05-10 00:00:00,33.6,33,19.9,229,0.0,,23.03,72.58
2024-05-10 01:00:00,31.9,48,18.5,263,0.0,,23.03,72.58
2024-05-10 02:00:00,30.6,59,17.4,264,0.0,,23.03,72.58
2024-05-10 03:00:00,30.0,62,14.2,277,0.0,,23.03,72.58
2024-05-10 04:00:00,29.4,64,10.3,295,0.0,,23.03,72.58
2024-05-10 05:00:00,28.9,66,9.2,281,0.0,,23.03,72.58
2024-05-10 06:00:00,30.2,62,8.7,246,0.0,,23.03,72.58
2024-05-10 07:00:00,31.1,61,10.7,256,0.0,,23.03,72.58
2024-05-10 08:00:00,32.5,57,11.6,263,0.0,,23.03,72.58
2024-05-10 09:00:00,34.4,49,10.1,264,0.0,,23.03,72.58
2024-05-10 10:00:00,36.4,40,9.6,257,0.0,,23.03,72.58
2024-05-10 11:00:00,38.5,31,9.7,248,0.0,,23.03,72.58
2024-05-10 12:00:00,40.1,26,10.0,249,0.0,,23.03,72.58
2024-05-10 13:00:00,41.1,24,10.2,247,0.0,,23.03,72.58
2024-05-10 14:00:00,41.9,22,9.3,242,0.0,,23.03,72.58
2024-05-10 15:00:00,42.2,20,8.0,243,0.0,,23.03,72.58
2024-05-10 16:00:00,42.2,19,9.6,236,0.0,,23.03,72.58
2024-05-10 17:00:00,41.5,19,11.1,234,0.0,,23.03,72.58
2024-05-10 18:00:00,40.3,22,12.0,226,0.0,,23.03,72.58
2024-05-10 19:00:00,38.1,28,14.2,204,0.0,,23.03,72.58
2024-05-10 20:00:00,35.8,40,16.2,197,0.0,,23.03,72.58
2024-05-10 21:00:00,33.8,47,14.9,200,0.0,,23.03,72.58
2024-05-10 22:00:00,32.9,51,14.7,205,0.0,,23.03,72.58
2024-05-10 23:00:00,32.2,52,16.1,246,0.0,,23.03,72.58
2024-05-11 00:00:00,31.7,56,9.2,239,0.0,,23.03,72.58
2024-05-11 01:00:00,31.7,51,13.0,272,0.0,,23.03,72.58
2024-05-11 02:00:00,30.9,51,14.8,284,0.0,,23.03,72.58
2024-05-11 03:00:00,30.1,54,14.8,283,0.0,,23.03,72.58
2024-05-11 04:00:00,29.4,58,14.8,284,0.0,,23.03,72.58
2024-05-11 05:00:00,28.8,64,13.9,287,0.0,,23.03,72.58
2024-05-11 06:00:00,29.3,68,13.9,287,0.0,,23.03,72.58
2024-05-11 07:00:00,30.1,69,12.7,285,0.0,,23.03,72.58
2024-05-11 08:00:00,31.8,63,9.2,291,0.0,,23.03,72.58
2024-05-11 09:00:00,33.9,53,6.6,319,0.0,,23.03,72.58
2024-05-11 10:00:00,35.9,43,6.4,317,0.0,,23.03,72.58
2024-05-11 11:00:00,37.6,38,5.6,310,0.0,,23.03,72.58
2024-05-11 12:00:00,38.6,35,5.7,288,0.0,,23.03,72.58
2024-05-11 13:00:00,39.3,31,3.1,225,0.0,,23.03,72.58
2024-05-11 14:00:00,40.1,28,4.0,153,0.0,,23.03,72.58
2024-05-11 15:00:00,40.7,27,3.6,127,0.0,,23.03,72.58
2024-05-11 16:00:00,40.9,26,4.0,175,0.0,,23.03,72.58
2024-05-11 17:00:00,40.6,26,7.9,246,0.0,,23.03,72.58
2024-05-11 18:00:00,41.0,17,8.7,265,0.0,,23.03,72.58
2024-05-11 19:00:00,37.8,21,6.2,291,0.0,,23.03,72.58
2024-05-11 20:00:00,35.7,23,7.6,251,0.0,,23.03,72.58
2024-05-11 21:00:00,34.6,21,6.9,227,0.0,,23.03,72.58
2024-05-11 22:00:00,34.2,22,10.0,221,0.0,,23.03,72.58
2024-05-11 23:00:00,33.7,33,12.8,248,0.0,,23.03,72.58
2024-05-12 00:00:00,32.7,45,17.3,271,0.0,,23.03,72.58
2024-05-12 01:00:00,31.3,54,18.0,269,0.0,,23.03,72.58
2024-05-12 02:00:00,30.6,57,18.2,279,0.0,,23.03,72.58
2024-05-12 03:00:00,30.1,58,18.1,287,0.0,,23.03,72.58
2024-05-12 04:00:00,29.6,59,17.1,292,0.0,,23.03,72.58
2024-05-12 05:00:00,29.1,63,14.8,296,0.0,,23.03,72.58
2024-05-12 06:00:00,30.3,64,14.2,286,0.0,,23.03,72.58
2024-05-12 07:00:00,31.3,62,13.6,281,0.0,,23.03,72.58
2024-05-12 08:00:00,32.9,57,13.7,273,0.0,,23.03,72.58
2024-05-12 09:00:00,35.0,48,10.8,270,0.0,,23.03,72.58
2024-05-12 10:00:00,37.0,41,8.6,272,0.0,,23.03,72.58
2024-05-12 11:00:00,38.8,34,7.8,292,0.0,,23.03,72.58
2024-05-12 12:00:00,39.7,30,5.1,278,0.0,,23.03,72.58
2024-05-12 13:00:00,40.5,26,5.9,259,0.0,,23.03,72.58
2024-05-12 14:00:00,41.1,24,4.9,253,0.0,,23.03,72.58
2024-05-12 15:00:00,41.7,23,6.9,219,0.0,,23.03,72.58
2024-05-12 16:00:00,38.3,30,19.9,134,0.2,,23.03,72.58
2024-05-12 17:00:00,36.9,31,11.3,73,0.0,,23.03,72.58
2024-05-12 18:00:00,39.2,20,11.9,185,0.0,,23.03,72.58
2024-05-12 19:00:00,36.5,26,7.9,156,0.0,,23.03,72.58
2024-05-12 20:00:00,35.5,26,11.2,174,0.0,,23.03,72.58
2024-05-12 21:00:00,34.9,30,8.7,187,0.0,,23.03,72.58
2024-05-12 22:00:00,33.7,30,9.3,216,0.0,,23.03,72.58
2024-05-12 23:00:00,32.8,34,12.5,221,0.0,,23.03,72.58
2024-05-13 00:00:00,32.8,33,14.2,240,0.0,,23.03,72.58
2024-05-13 01:00:00,31.8,44,17.8,278,0.0,,23.03,72.58
2024-05-13 02:00:00,30.6,53,16.3,284,0.0,,23.03,72.58
2024-05-13 03:00:00,30.1,53,15.5,292,0.0,,23.03,72.58
2024-05-13 04:00:00,29.6,54,13.9,295,0.0,,23.03,72.58
2024-05-13 05:00:00,29.2,54,12.7,299,0.0,,23.03,72.58
2024-05-13 06:00:00,30.3,57,12.8,286,0.0,,23.03,72.58
2024-05-13 07:00:00,31.5,56,10.9,287,0.0,,23.03,72.58
2024-05-13 08:00:00,33.5,50,10.7,303,0.0,,23.03,72.58
2024-05-13 09:00:00,36.0,42,9.4,293,0.0,,23.03,72.58
2024-05-13 10:00:00,38.0,36,9.0,275,0.0,,23.03,72.58
2024-05-13 11:00:00,39.5,25,3.3,193,0.0,,23.03,72.58
2024-05-13 12:00:00,36.9,34,28.4,202,0.0,,23.03,72.58
2024-05-13 13:00:00,33.2,46,12.4,278,0.0,,23.03,72.58
2024-05-13 14:00:00,37.0,36,12.8,280,0.0,,23.03,72.58
2024-05-13 15:00:00,38.2,31,4.3,185,0.0,,23.03,72.58
2024-05-13 16:00:00,36.3,36,20.6,213,0.0,,23.03,72.58
2024-05-13 17:00:00,35.2,39,13.3,251,0.0,,23.03,72.58
2024-05-13 18:00:00,35.8,32,12.2,251,0.0,,23.03,72.58
2024-05-13 19:00:00,34.7,33,9.8,298,0.0,,23.03,72.58
2024-05-13 20:00:00,33.7,39,8.6,268,0.0,,23.03,72.58
2024-05-13 21:00:00,32.8,43,7.7,298,0.0,,23.03,72.58
2024-05-13 22:00:00,32.3,45,6.6,279,0.0,,23.03,72.58
2024-05-13 23:00:00,32.0,46,11.1,299,0.0,,23.03,72.58
2024-05-14 00:00:00,31.7,46,6.9,313,0.0,,23.03,72.58
2024-05-14 01:00:00,30.5,49,7.2,323,0.0,,23.03,72.58
2024-05-14 02:00:00,30.7,49,4.3,360,0.0,,23.03,72.58
2024-05-14 03:00:00,29.8,52,8.0,243,0.0,,23.03,72.58
2024-05-14 04:00:00,28.9,54,5.2,326,0.0,,23.03,72.58
2024-05-14 05:00:00,28.9,55,8.2,285,0.0,,23.03,72.58
2024-05-14 06:00:00,27.5,62,4.5,14,0.0,,23.03,72.58
2024-05-14 07:00:00,29.0,56,6.2,170,0.0,,23.03,72.58
2024-05-14 08:00:00,31.1,49,4.3,156,0.0,,23.03,72.58
2024-05-14 09:00:00,33.4,41,1.0,225,0.0,,23.03,72.58
2024-05-14 10:00:00,35.9,32,4.8,312,0.0,,23.03,72.58
2024-05-14 11:00:00,38.0,26,4.3,318,0.0,,23.03,72.58
2024-05-14 12:00:00,40.0,22,6.0,17,0.0,,23.03,72.58
2024-05-14 13:00:00,37.5,27,10.0,21,0.3,,23.03,72.58
2024-05-14 14:00:00,38.7,23,7.3,11,0.0,,23.03,72.58
2024-05-14 15:00:00,37.5,26,11.5,166,0.0,,23.03,72.58
2024-05-14 16:00:00,37.3,26,3.7,119,0.0,,23.03,72.58
2024-05-14 17:00:00,37.5,25,1.1,342,0.0,,23.03,72.58
2024-05-14 18:00:00,38.0,18,10.5,338,0.0,,23.03,72.58
2024-05-14 19:00:00,35.8,20,13.7,330,0.0,,23.03,72.58
2024-05-14 20:00:00,35.1,20,10.5,338,0.0,,23.03,72.58
2024-05-14 21:00:00,34.2,22,15.8,317,0.0,,23.03,72.58
2024-05-14 22:00:00,34.1,22,11.8,322,0.0,,23.03,72.58
2024-05-14 23:00:00,31.0,28,11.3,323,0.0,,23.03,72.58
2024-05-15 00:00:00,33.2,25,7.7,311,0.0,,23.03,72.58
2024-05-15 01:00:00,32.9,26,4.3,246,0.0,,23.03,72.58
2024-05-15 02:00:00,29.4,33,5.7,252,0.0,,23.03,72.58
2024-05-15 03:00:00,28.9,37,8.2,299,0.0,,23.03,72.58
2024-05-15 04:00:00,27.7,39,8.1,328,0.0,,23.03,72.58
2024-05-15 05:00:00,27.4,41,6.3,283,0.0,,23.03,72.58
2024-05-15 06:00:00,29.4,40,3.6,174,0.0,,23.03,72.58
2024-05-15 07:00:00,31.4,35,1.1,252,0.0,,23.03,72.58
2024-05-15 08:00:00,34.3,30,7.6,98,0.0,,23.03,72.58
2024-05-15 09:00:00,36.8,26,6.2,159,0.0,,23.03,72.58
2024-05-15 10:00:00,39.2,22,9.7,176,0.0,,23.03,72.58
2024-05-15 11:00:00,40.8,19,8.3,175,0.0,,23.03,72.58
2024-05-15 12:00:00,40.4,19,18.9,98,0.0,,23.03,72.58
2024-05-15 13:00:00,40.7,17,13.5,46,0.0,,23.03,72.58
2024-05-15 14:00:00,41.0,17,17.3,43,0.0,,23.03,72.58
2024-05-15 15:00:00,40.8,18,17.7,70,0.0,,23.03,72.58
2024-05-15 16:00:00,40.8,17,13.4,84,0.0,,23.03,72.58
2024-05-15 17:00:00,40.7,17,8.0,85,0.0,,23.03,72.58
2024-05-15 18:00:00,39.5,18,4.1,232,0.0,,23.03,72.58
2024-05-15 19:00:00,38.4,17,1.9,248,0.0,,23.03,72.58
2024-05-15 20:00:00,34.2,25,8.6,303,0.0,,23.03,72.58
2024-05-15 21:00:00,34.2,25,4.0,153,0.0,,23.03,72.58
2024-05-15 22:00:00,32.6,30,9.8,197,0.0,,23.03,72.58
2024-05-15 23:00:00,31.1,35,7.1,246,0.0,,23.03,72.58
2024-05-16 00:00:00,30.7,37,7.6,270,0.0,,23.03,72.58
2024-05-16 01:00:00,30.6,37,8.4,301,0.0,,23.03,72.58
2024-05-16 02:00:00,30.5,37,12.1,307,0.0,,23.03,72.58
2024-05-16 03:00:00,30.4,37,12.5,311,0.0,,23.03,72.58
2024-05-16 04:00:00,30.0,37,12.0,316,0.0,,23.03,72.58
2024-05-16 05:00:00,29.4,39,10.0,311,0.0,,23.03,72.58
2024-05-16 06:00:00,30.2,48,14.2,306,0.0,,23.03,72.58
2024-05-16 07:00:00,31.4,47,10.0,240,0.0,,23.03,72.58
2024-05-16 08:00:00,33.8,42,10.2,312,0.0,,23.03,72.58
2024-05-16 09:00:00,36.6,34,8.4,329,0.0,,23.03,72.58
2024-05-16 10:00:00,38.7,28,10.2,309,0.0,,23.03,72.58
2024-05-16 11:00:00,40.7,22,12.5,319,0.0,,23.03,72.58
2024-05-16 12:00:00,41.8,19,9.8,324,0.0,,23.03,72.58
2024-05-16 13:00:00,42.7,17,9.8,343,0.0,,23.03,72.58
2024-05-16 14:00:00,41.9,17,10.3,335,0.0,,23.03,72.58
2024-05-16 15:00:00,41.9,17,3.6,276,0.0,,23.03,72.58
2024-05-16 16:00:00,42.5,17,7.0,291,0.0,,23.03,72.58
2024-05-16 17:00:00,41.3,18,6.1,267,0.0,,23.03,72.58
2024-05-16 18:00:00,40.4,14,16.5,250,0.0,,23.03,72.58
2024-05-16 19:00:00,37.8,18,15.0,253,0.0,,23.03,72.58
2024-05-16 20:00:00,36.1,22,12.6,246,0.0,,23.03,72.58
2024-05-16 21:00:00,35.0,23,15.5,258,0.0,,23.03,72.58
2024-05-16 22:00:00,34.2,29,12.4,253,0.0,,23.03,72.58
2024-05-16 23:00:00,32.9,33,13.3,268,0.0,,23.03,72.58
2024-05-17 00:00:00,32.5,35,15.2,284,0.0,,23.03,72.58
2024-05-17 01:00:00,32.3,35,15.5,292,0.0,,23.03,72.58
2024-05-17 02:00:00,31.9,36,15.6,296,0.0,,23.03,72.58
2024-05-17 03:00:00,31.5,37,16.3,311,0.0,,23.03,72.58
2024-05-17 04:00:00,31.3,38,14.1,302,0.0,,23.03,72.58
2024-05-17 05:00:00,30.8,40,12.8,302,0.0,,23.03,72.58
2024-05-17 06:00:00,31.6,39,5.6,333,0.0,,23.03,72.58
2024-05-17 07:00:00,33.2,36,10.8,249,0.0,,23.03,72.58
2024-05-17 08:00:00,35.3,32,16.8,285,0.0,,23.03,72.58
2024-05-17 09:00:00,37.8,28,9.4,313,0.0,,23.03,72.58
2024-05-17 10:00:00,40.2,23,11.5,321,0.0,,23.03,72.58
2024-05-17 11:00:00,42.4,18,16.2,323,0.0,,23.03,72.58
2024-05-17 12:00:00,43.6,15,15.8,313,0.0,,23.03,72.58
2024-05-17 13:00:00,44.3,14,13.6,307,0.0,,23.03,72.58
2024-05-17 14:00:00,45.0,13,13.3,308,0.0,,23.03,72.58
2024-05-17 15:00:00,45.0,12,12.8,328,0.0,,23.03,72.58
2024-05-17 16:00:00,44.8,11,9.0,331,0.0,,23.03,72.58
2024-05-17 17:00:00,44.1,12,8.8,348,0.0,,23.03,72.58
2024-05-17 18:00:00,41.1,11,20.3,290,0.0,,23.03,72.58
2024-05-17 19:00:00,38.5,12,15.0,297,0.0,,23.03,72.58
2024-05-17 20:00:00,36.6,14,9.3,298,0.0,,23.03,72.58
2024-05-17 21:00:00,34.2,17,9.4,263,0.0,,23.03,72.58
2024-05-17 22:00:00,33.2,20,10.3,155,0.0,,23.03,72.58
2024-05-17 23:00:00,31.7,28,7.2,207,0.0,,23.03,72.58
2024-05-18 00:00:00,31.1,37,12.0,224,0.0,,23.03,72.58
2024-05-18 01:00:00,29.9,54,7.8,202,0.0,,23.03,72.58
2024-05-18 02:00:00,29.3,59,7.1,255,0.0,,23.03,72.58
2024-05-18 03:00:00,29.5,45,7.4,284,0.0,,23.03,72.58
2024-05-18 04:00:00,29.7,44,8.9,302,0.0,,23.03,72.58
2024-05-18 05:00:00,29.5,49,9.5,307,0.0,,23.03,72.58
2024-05-18 06:00:00,30.3,58,9.8,234,0.0,,23.03,72.58
2024-05-18 07:00:00,32.0,54,8.6,248,0.0,,23.03,72.58
2024-05-18 08:00:00,34.7,46,8.7,265,0.0,,23.03,72.58
2024-05-18 09:00:00,37.5,34,10.2,278,0.0,,23.03,72.58
2024-05-18 10:00:00,40.1,26,12.6,294,0.0,,23.03,72.58
2024-05-18 11:00:00,42.5,19,15.1,310,0.0,,23.03,72.58
2024-05-18 12:00:00,44.1,15,15.5,324,0.0,,23.03,72.58
2024-05-18 13:00:00,45.0,13,14.0,337,0.0,,23.03,72.58
2024-05-18 14:00:00,45.4,12,12.6,347,0.0,,23.03,72.58
2024-05-18 15:00:00,44.9,12,12.1,343,0.0,,23.03,72.58
2024-05-18 16:00:00,44.4,12,12.4,338,0.0,,23.03,72.58
2024-05-18 17:00:00,43.8,12,10.4,326,0.0,,23.03,72.58
2024-05-18 18:00:00,41.6,13,11.9,284,0.0,,23.03,72.58
2024-05-18 19:00:00,38.9,16,12.6,267,0.0,,23.03,72.58
2024-05-18 20:00:00,37.5,18,11.5,256,0.0,,23.03,72.58
2024-05-18 21:00:00,36.5,19,10.8,255,0.0,,23.03,72.58
2024-05-18 22:00:00,35.3,21,9.3,257,0.0,,23.03,72.58
2024-05-18 23:00:00,34.4,23,11.0,259,0.0,,23.03,72.58
2024-05-19 00:00:00,34.1,24,14.0,269,0.0,,23.03,72.58
2024-05-19 01:00:00,33.4,29,15.5,274,0.0,,23.03,72.58
2024-05-19 02:00:00,32.7,34,13.7,284,0.0,,23.03,72.58
2024-05-19 03:00:00,32.9,29,15.6,293,0.0,,23.03,72.58
2024-05-19 04:00:00,32.7,23,14.3,295,0.0,,23.03,72.58
2024-05-19 05:00:00,31.5,24,10.7,303,0.0,,23.03,72.58
2024-05-19 06:00:00,32.4,25,12.5,316,0.0,,23.03,72.58
2024-05-19 07:00:00,34.1,23,12.5,309,0.0,,23.03,72.58
2024-05-19 08:00:00,36.6,20,12.3,308,0.0,,23.03,72.58
2024-05-19 09:00:00,38.9,17,14.4,307,0.0,,23.03,72.58
2024-05-19 10:00:00,41.2,15,17.2,299,0.0,,23.03,72.58
2024-05-19 11:00:00,42.8,13,19.2,293,0.0,,23.03,72.58
2024-05-19 12:00:00,43.9,12,20.3,300,0.0,,23.03,72.58
2024-05-19 13:00:00,44.8,11,19.9,312,0.0,,23.03,72.58
2024-05-19 14:00:00,45.2,11,18.7,320,0.0,,23.03,72.58
2024-05-19 15:00:00,45.5,11,16.4,327,0.0,,23.03,72.58
2024-05-19 16:00:00,45.1,11,14.9,328,0.0,,23.03,72.58
2024-05-19 17:00:00,44.5,11,13.9,329,0.0,,23.03,72.58
2024-05-19 18:00:00,42.7,12,10.8,285,0.0,,23.03,72.58
2024-05-19 19:00:00,39.7,15,13.3,268,0.0,,23.03,72.58
2024-05-19 20:00:00,38.9,16,17.0,274,0.0,,23.03,72.58
2024-05-19 21:00:00,38.4,18,16.5,286,0.0,,23.03,72.58
2024-05-19 22:00:00,37.8,19,18.6,288,0.0,,23.03,72.58
2024-05-19 23:00:00,36.2,23,16.8,280,0.0,,23.03,72.58
2024-05-20 00:00:00,35.0,29,16.2,287,0.0,,23.03,72.58
2024-05-20 01:00:00,34.7,27,15.8,294,0.0,,23.03,72.58
2024-05-20 02:00:00,34.0,27,14.5,300,0.0,,23.03,72.58
2024-05-20 03:00:00,33.2,28,14.8,304,0.0,,23.03,72.58
2024-05-20 04:00:00,32.5,31,15.6,310,0.0,,23.03,72.58
2024-05-20 05:00:00,31.8,35,15.7,307,0.0,,23.03,72.58
2024-05-20 06:00:00,31.4,39,14.8,309,0.0,,23.03,72.58
2024-05-20 07:00:00,32.5,43,15.4,303,0.0,,23.03,72.58
2024-05-20 08:00:00,34.0,43,16.5,306,0.0,,23.03,72.58
2024-05-20 09:00:00,36.3,37,17.8,315,0.0,,23.03,72.58
2024-05-20 10:00:00,38.8,29,17.2,307,0.0,,23.03,72.58
2024-05-20 11:00:00,41.1,21,17.1,305,0.0,,23.03,72.58
2024-05-20 12:00:00,42.5,17,18.1,301,0.0,,23.03,72.58
2024-05-20 13:00:00,43.8,14,18.8,302,0.0,,23.03,72.58
2024-05-20 14:00:00,44.6,12,19.1,313,0.0,,23.03,72.58
2024-05-20 15:00:00,44.7,11,18.9,318,0.0,,23.03,72.58
2024-05-20 16:00:00,44.4,11,18.6,316,0.0,,23.03,72.58
2024-05-20 17:00:00,43.6,12,18.4,309,0.0,,23.03,72.58
2024-05-20 18:00:00,42.2,13,19.4,305,0.0,,23.03,72.58
2024-05-20 19:00:00,40.0,15,16.4,299,0.0,,23.03,72.58
2024-05-20 20:00:00,38.6,18,15.8,297,0.0,,23.03,72.58
2024-05-20 21:00:00,37.5,25,12.0,303,0.0,,23.03,72.58
2024-05-20 22:00:00,35.7,28,8.4,301,0.0,,23.03,72.58
2024-05-20 23:00:00,35.4,29,13.6,287,0.0,,23.03,72.58
2024-05-21 00:00:00,34.9,34,15.5,288,0.0,,23.03,72.58
2024-05-21 01:00:00,33.8,41,15.8,287,0.0,,23.03,72.58
2024-05-21 02:00:00,33.1,45,16.5,286,0.0,,23.03,72.58
2024-05-21 03:00:00,32.5,45,14.8,288,0.0,,23.03,72.58
2024-05-21 04:00:00,31.7,44,12.4,296,0.0,,23.03,72.58
2024-05-21 05:00:00,30.8,46,11.8,308,0.0,,23.03,72.58
2024-05-21 06:00:00,31.0,51,10.6,305,0.0,,23.03,72.58
2024-05-21 07:00:00,32.3,49,14.8,311,0.0,,23.03,72.58
2024-05-21 08:00:00,33.9,44,11.4,305,0.0,,23.03,72.58
2024-05-21 09:00:00,36.1,37,9.0,286,0.0,,23.03,72.58
2024-05-21 10:00:00,38.4,29,11.3,287,0.0,,23.03,72.58
2024-05-21 11:00:00,40.3,24,11.2,291,0.0,,23.03,72.58
2024-05-21 12:00:00,42.0,20,11.2,291,0.0,,23.03,72.58
2024-05-21 13:00:00,43.7,16,13.7,297,0.0,,23.03,72.58
2024-05-21 14:00:00,44.6,14,16.0,301,0.0,,23.03,72.58
2024-05-21 15:00:00,45.2,13,15.2,306,0.0,,23.03,72.58
2024-05-21 16:00:00,45.1,12,16.3,305,0.0,,23.03,72.58
2024-05-21 17:00:00,44.5,12,15.3,297,0.0,,23.03,72.58
2024-05-21 18:00:00,42.1,13,10.5,286,0.0,,23.03,72.58
2024-05-21 19:00:00,40.6,15,2.5,225,0.0,,23.03,72.58
2024-05-21 20:00:00,37.8,19,4.8,103,0.0,,23.03,72.58
2024-05-21 21:00:00,36.4,20,6.1,140,0.0,,23.03,72.58
2024-05-21 22:00:00,34.9,22,6.7,254,0.0,,23.03,72.58
2024-05-21 23:00:00,34.7,29,12.6,275,0.0,,23.03,72.58
2024-05-22 00:00:00,34.1,39,13.4,275,0.0,,23.03,72.58
2024-05-22 01:00:00,33.3,45,13.9,280,0.0,,23.03,72.58
2024-05-22 02:00:00,32.7,50,16.1,286,0.0,,23.03,72.58
2024-05-22 03:00:00,31.9,56,17.7,299,0.0,,23.03,72.58
2024-05-22 04:00:00,31.1,61,17.9,295,0.0,,23.03,72.58
2024-05-22 05:00:00,30.4,64,14.0,293,0.0,,23.03,72.58
2024-05-22 06:00:00,31.2,63,15.8,294,0.0,,23.03,72.58
2024-05-22 07:00:00,32.4,59,13.1,291,0.0,,23.03,72.58
2024-05-22 08:00:00,34.3,52,5.4,266,0.0,,23.03,72.58
2024-05-22 09:00:00,36.5,44,5.8,240,0.0,,23.03,72.58
2024-05-22 10:00:00,38.8,36,7.0,258,0.0,,23.03,72.58
2024-05-22 11:00:00,41.2,29,9.1,263,0.0,,23.03,72.58
2024-05-22 12:00:00,43.2,23,10.4,268,0.0,,23.03,72.58
2024-05-22 13:00:00,44.7,18,11.2,272,0.0,,23.03,72.58
2024-05-22 14:00:00,45.4,14,11.9,275,0.0,,23.03,72.58
2024-05-22 15:00:00,45.9,13,12.6,275,0.0,,23.03,72.58
2024-05-22 16:00:00,45.8,12,13.5,279,0.0,,23.03,72.58
2024-05-22 17:00:00,45.3,12,14.8,293,0.0,,23.03,72.58
2024-05-22 18:00:00,43.8,13,5.4,323,0.0,,23.03,72.58
2024-05-22 19:00:00,39.3,17,8.8,9,0.0,,23.03,72.58
2024-05-22 20:00:00,38.0,18,8.9,27,0.0,,23.03,72.58
2024-05-22 21:00:00,40.6,14,7.7,332,0.0,,23.03,72.58
2024-05-22 22:00:00,36.7,20,13.7,215,0.0,,23.03,72.58
2024-05-22 23:00:00,35.6,25,12.9,234,0.0,,23.03,72.58
2024-05-23 00:00:00,34.8,26,11.2,272,0.0,,23.03,72.58
2024-05-23 01:00:00,33.8,32,14.5,276,0.0,,23.03,72.58
2024-05-23 02:00:00,32.8,41,16.6,272,0.0,,23.03,72.58
2024-05-23 03:00:00,32.2,48,19.0,289,0.0,,23.03,72.58
2024-05-23 04:00:00,31.6,50,17.9,300,0.0,,23.03,72.58
2024-05-23 05:00:00,31.4,48,17.2,299,0.0,,23.03,72.58
2024-05-23 06:00:00,31.0,55,15.3,300,0.0,,23.03,72.58
2024-05-23 07:00:00,32.5,51,14.8,299,0.0,,23.03,72.58
2024-05-23 08:00:00,34.6,44,13.1,279,0.0,,23.03,72.58
2024-05-23 09:00:00,37.2,37,15.5,282,0.0,,23.03,72.58
2024-05-23 10:00:00,40.2,27,17.4,292,0.0,,23.03,72.58
2024-05-23 11:00:00,42.7,20,19.6,296,0.0,,23.03,72.58
2024-05-23 12:00:00,44.5,15,21.4,295,0.0,,23.03,72.58
2024-05-23 13:00:00,45.7,12,21.8,292,0.0,,23.03,72.58
2024-05-23 14:00:00,46.2,12,21.6,294,0.0,,23.03,72.58
2024-05-23 15:00:00,46.4,11,19.6,290,0.0,,23.03,72.58
2024-05-23 16:00:00,46.5,10,17.7,290,0.0,,23.03,72.58
2024-05-23 17:00:00,45.8,10,17.1,292,0.0,,23.03,72.58
2024-05-23 18:00:00,44.5,10,14.8,273,0.0,,23.03,72.58
2024-05-23 19:00:00,41.3,13,12.4,262,0.0,,23.03,72.58
2024-05-23 20:00:00,40.0,14,14.4,271,0.0,,23.03,72.58
2024-05-23 21:00:00,38.6,16,13.1,261,0.0,,23.03,72.58
2024-05-23 22:00:00,37.5,23,18.6,260,0.0,,23.03,72.58
2024-05-23 23:00:00,36.0,28,18.1,263,0.0,,23.03,72.58
2024-05-24 00:00:00,34.9,31,15.2,275,0.0,,23.03,72.58
2024-05-24 01:00:00,34.1,35,15.9,276,0.0,,23.03,72.58
2024-05-24 02:00:00,33.2,40,17.6,281,0.0,,23.03,72.58
2024-05-24 03:00:00,32.5,42,19.1,292,0.0,,23.03,72.58
2024-05-24 04:00:00,31.8,42,17.8,288,0.0,,23.03,72.58
2024-05-24 05:00:00,31.0,44,14.0,296,0.0,,23.03,72.58
2024-05-24 06:00:00,30.4,55,13.6,281,0.0,,23.03,72.58
2024-05-24 07:00:00,31.1,59,16.8,280,0.0,,23.03,72.58
2024-05-24 08:00:00,33.0,55,16.6,292,0.0,,23.03,72.58
2024-05-24 09:00:00,35.6,45,16.9,294,0.0,,23.03,72.58
2024-05-24 10:00:00,38.3,36,17.6,293,0.0,,23.03,72.58
2024-05-24 11:00:00,40.9,28,19.8,289,0.0,,23.03,72.58
2024-05-24 12:00:00,43.1,21,20.2,292,0.0,,23.03,72.58
2024-05-24 13:00:00,44.5,17,20.1,291,0.0,,23.03,72.58
2024-05-24 14:00:00,45.4,15,20.0,293,0.0,,23.03,72.58
2024-05-24 15:00:00,45.8,14,18.2,297,0.0,,23.03,72.58
2024-05-24 16:00:00,45.7,13,16.4,299,0.0,,23.03,72.58
2024-05-24 17:00:00,45.1,13,15.6,299,0.0,,23.03,72.58
2024-05-24 18:00:00,43.7,13,11.7,252,0.0,,23.03,72.58
2024-05-24 19:00:00,41.2,15,12.3,255,0.0,,23.03,72.58
2024-05-24 20:00:00,39.3,20,13.5,228,0.0,,23.03,72.58
2024-05-24 21:00:00,38.4,26,13.6,253,0.0,,23.03,72.58
2024-05-24 22:00:00,37.4,31,18.7,271,0.0,,23.03,72.58
2024-05-24 23:00:00,35.8,30,18.1,275,0.0,,23.03,72.58
2024-05-25 00:00:00,34.1,28,19.1,272,0.0,,23.03,72.58
2024-05-25 01:00:00,32.7,36,18.7,268,0.0,,23.03,72.58
2024-05-25 02:00:00,31.5,47,18.4,268,0.0,,23.03,72.58
2024-05-25 03:00:00,30.4,58,14.7,281,0.0,,23.03,72.58
2024-05-25 04:00:00,29.6,67,15.2,292,0.0,,23.03,72.58
2024-05-25 05:00:00,29.2,70,13.8,298,0.0,,23.03,72.58
2024-05-25 06:00:00,30.0,69,3.7,281,0.0,,23.03,72.58
2024-05-25 07:00:00,31.0,65,7.9,286,0.0,,23.03,72.58
2024-05-25 08:00:00,32.6,58,13.1,286,0.0,,23.03,72.58
2024-05-25 09:00:00,34.8,50,14.9,285,0.0,,23.03,72.58
2024-05-25 10:00:00,36.9,43,14.8,284,0.0,,23.03,72.58
2024-05-25 11:00:00,39.3,34,18.1,283,0.0,,23.03,72.58
2024-05-25 12:00:00,41.5,28,20.4,284,0.0,,23.03,72.58
2024-05-25 13:00:00,43.1,23,20.2,286,0.0,,23.03,72.58
2024-05-25 14:00:00,44.2,19,18.9,288,0.0,,23.03,72.58
2024-05-25 15:00:00,44.6,18,14.2,300,0.0,,23.03,72.58
2024-05-25 16:00:00,44.4,18,11.8,310,0.0,,23.03,72.58
2024-05-25 17:00:00,43.9,18,12.8,322,0.0,,23.03,72.58
2024-05-25 18:00:00,41.7,21,13.1,278,0.0,,23.03,72.58
2024-05-25 19:00:00,39.2,24,6.2,291,0.0,,23.03,72.58
2024-05-25 20:00:00,38.6,27,12.8,220,0.0,,23.03,72.58
2024-05-25 21:00:00,34.0,57,16.0,203,0.0,,23.03,72.58
2024-05-25 22:00:00,33.3,61,15.3,195,0.0,,23.03,72.58
2024-05-25 23:00:00,32.6,64,13.0,199,0.0,,23.03,72.58
2024-05-26 00:00:00,32.0,70,12.1,217,0.0,,23.03,72.58
2024-05-26 01:00:00,32.1,71,10.6,246,0.0,,23.03,72.58
2024-05-26 02:00:00,32.6,55,8.4,250,0.0,,23.03,72.58
2024-05-26 03:00:00,32.4,46,9.2,244,0.0,,23.03,72.58
2024-05-26 04:00:00,31.6,47,4.6,252,0.0,,23.03,72.58
2024-05-26 05:00:00,31.0,51,8.6,255,0.0,,23.03,72.58
2024-05-26 06:00:00,30.9,60,10.5,266,0.0,,23.03,72.58
2024-05-26 07:00:00,31.0,67,12.6,270,0.0,,23.03,72.58
2024-05-26 08:00:00,32.3,63,14.8,269,0.0,,23.03,72.58
2024-05-26 09:00:00,34.4,52,15.9,266,0.0,,23.03,72.58
2024-05-26 10:00:00,36.6,44,17.3,270,0.0,,23.03,72.58
2024-05-26 11:00:00,38.6,38,17.3,274,0.0,,23.03,72.58
2024-05-26 12:00:00,40.9,32,17.3,275,0.0,,23.03,72.58
2024-05-26 13:00:00,42.7,26,18.2,278,0.0,,23.03,72.58
2024-05-26 14:00:00,43.7,22,20.0,284,0.0,,23.03,72.58
2024-05-26 15:00:00,43.9,22,18.5,283,0.0,,23.03,72.58
2024-05-26 16:00:00,43.9,22,15.8,294,0.0,,23.03,72.58
2024-05-26 17:00:00,43.6,21,10.8,345,0.0,,23.03,72.58
2024-05-26 18:00:00,41.2,23,15.2,284,0.0,,23.03,72.58
2024-05-26 19:00:00,39.9,25,11.8,282,0.0,,23.03,72.58
2024-05-26 20:00:00,38.6,30,11.5,219,0.0,,23.03,72.58
2024-05-26 21:00:00,35.6,46,15.5,205,0.0,,23.03,72.58
2024-05-26 22:00:00,35.1,47,16.4,237,0.0,,23.03,72.58
2024-05-26 23:00:00,34.9,43,18.8,250,0.0,,23.03,72.58
2024-05-27 00:00:00,33.4,46,14.6,261,0.0,,23.03,72.58
2024-05-27 01:00:00,32.2,51,14.5,243,0.0,,23.03,72.58
2024-05-27 02:00:00,31.4,53,13.6,248,0.0,,23.03,72.58
2024-05-27 03:00:00,30.7,58,10.4,290,0.0,,23.03,72.58
2024-05-27 04:00:00,30.0,66,9.8,294,0.0,,23.03,72.58
2024-05-27 05:00:00,29.4,72,11.2,264,0.0,,23.03,72.58
2024-05-27 06:00:00,29.8,74,12.5,258,0.0,,23.03,72.58
2024-05-27 07:00:00,30.5,70,17.2,260,0.0,,23.03,72.58
2024-05-27 08:00:00,32.1,61,18.6,260,0.0,,23.03,72.58
2024-05-27 09:00:00,34.1,52,19.1,254,0.0,,23.03,72.58
2024-05-27 10:00:00,36.3,46,18.4,253,0.0,,23.03,72.58
2024-05-27 11:00:00,39.0,36,16.8,255,0.0,,23.03,72.58
2024-05-27 12:00:00,41.2,28,17.0,264,0.0,,23.03,72.58
2024-05-27 13:00:00,42.2,26,18.2,261,0.0,,23.03,72.58
2024-05-27 14:00:00,43.1,26,17.7,258,0.0,,23.03,72.58
2024-05-27 15:00:00,44.3,23,19.5,254,0.0,,23.03,72.58
2024-05-27 16:00:00,44.3,21,20.2,251,0.0,,23.03,72.58
2024-05-27 17:00:00,43.4,24,20.9,251,0.0,,23.03,72.58
2024-05-27 18:00:00,41.2,30,21.8,214,0.0,,23.03,72.58
2024-05-27 19:00:00,35.5,53,23.4,190,0.0,,23.03,72.58
2024-05-27 20:00:00,34.3,59,19.5,196,0.0,,23.03,72.58
2024-05-27 21:00:00,33.1,64,17.4,193,0.0,,23.03,72.58
2024-05-27 22:00:00,33.4,59,13.7,215,0.0,,23.03,72.58
2024-05-27 23:00:00,34.1,39,14.4,257,0.0,,23.03,72.58
2024-05-28 00:00:00,32.9,42,11.4,252,0.0,,23.03,72.58
2024-05-28 01:00:00,32.0,48,12.7,262,0.0,,23.03,72.58
2024-05-28 02:00:00,31.1,55,14.5,251,0.0,,23.03,72.58
2024-05-28 03:00:00,30.4,60,15.0,260,0.0,,23.03,72.58
2024-05-28 04:00:00,29.7,66,17.0,257,0.0,,23.03,72.58
2024-05-28 05:00:00,29.1,72,13.6,259,0.0,,23.03,72.58
2024-05-28 06:00:00,29.5,71,16.0,234,0.0,,23.03,72.58
2024-05-28 07:00:00,30.4,68,20.7,239,0.0,,23.03,72.58
2024-05-28 08:00:00,32.1,60,22.9,246,0.0,,23.03,72.58
2024-05-28 09:00:00,33.8,54,21.3,246,0.0,,23.03,72.58
2024-05-28 10:00:00,35.9,48,18.5,243,0.0,,23.03,72.58
2024-05-28 11:00:00,38.2,41,18.5,243,0.0,,23.03,72.58
2024-05-28 12:00:00,40.3,34,19.0,245,0.0,,23.03,72.58
2024-05-28 13:00:00,42.2,28,20.4,244,0.0,,23.03,72.58
2024-05-28 14:00:00,43.0,26,22.9,246,0.0,,23.03,72.58
2024-05-28 15:00:00,43.7,24,23.0,241,0.0,,23.03,72.58
2024-05-28 16:00:00,44.2,19,25.5,251,0.0,,23.03,72.58
2024-05-28 17:00:00,43.6,17,26.9,254,0.0,,23.03,72.58
2024-05-28 18:00:00,37.2,44,25.9,190,0.0,,23.03,72.58
2024-05-28 19:00:00,34.4,53,23.4,190,0.0,,23.03,72.58
2024-05-28 20:00:00,33.1,60,19.0,190,0.0,,23.03,72.58
2024-05-28 21:00:00,32.0,66,12.7,188,0.0,,23.03,72.58
2024-05-28 22:00:00,32.3,65,9.7,195,0.0,,23.03,72.58
2024-05-28 23:00:00,33.6,42,16.3,252,0.0,,23.03,72.58
2024-05-29 00:00:00,32.6,48,12.3,255,0.0,,23.03,72.58
2024-05-29 01:00:00,31.9,56,14.6,261,0.0,,23.03,72.58
2024-05-29 02:00:00,31.2,61,15.4,254,0.0,,23.03,72.58
2024-05-29 03:00:00,30.4,64,17.6,247,0.0,,23.03,72.58
2024-05-29 04:00:00,29.6,68,15.9,237,0.0,,23.03,72.58
2024-05-29 05:00:00,29.0,72,15.1,230,0.0,,23.03,72.58
2024-05-29 06:00:00,29.9,71,16.4,218,0.0,,23.03,72.58
2024-05-29 07:00:00,31.0,67,23.2,227,0.0,,23.03,72.58
2024-05-29 08:00:00,32.5,60,23.0,230,0.0,,23.03,72.58
2024-05-29 09:00:00,34.2,53,21.7,230,0.0,,23.03,72.58
2024-05-29 10:00:00,36.0,47,21.4,229,0.0,,23.03,72.58
2024-05-29 11:00:00,37.8,41,21.4,228,0.0,,23.03,72.58
2024-05-29 12:00:00,39.4,36,21.9,228,0.0,,23.03,72.58
2024-05-29 13:00:00,40.9,32,22.5,229,0.0,,23.03,72.58
2024-05-29 14:00:00,41.7,30,23.8,232,0.0,,23.03,72.58
2024-05-29 15:00:00,42.7,26,22.4,237,0.0,,23.03,72.58
2024-05-29 16:00:00,42.9,25,23.7,248,0.0,,23.03,72.58
2024-05-29 17:00:00,41.1,30,21.6,213,0.0,,23.03,72.58
2024-05-29 18:00:00,36.7,47,23.1,182,0.0,,23.03,72.58
2024-05-29 19:00:00,33.6,57,23.1,166,0.0,,23.03,72.58
2024-05-29 20:00:00,32.7,61,19.9,163,0.0,,23.03,72.58
2024-05-29 21:00:00,31.9,65,15.1,179,0.0,,23.03,72.58
2024-05-29 22:00:00,31.3,69,9.7,184,0.0,,23.03,72.58
2024-05-29 23:00:00,31.3,69,5.7,215,0.0,,23.03,72.58
2024-05-30 00:00:00,31.7,62,11.0,247,0.0,,23.03,72.58
2024-05-30 01:00:00,31.2,60,17.4,246,0.0,,23.03,72.58
2024-05-30 02:00:00,30.1,62,16.3,242,0.0,,23.03,72.58
2024-05-30 03:00:00,29.3,65,15.3,243,0.0,,23.03,72.58
2024-05-30 04:00:00,28.8,69,14.3,236,0.0,,23.03,72.58
2024-05-30 05:00:00,28.4,72,12.8,230,0.0,,23.03,72.58
2024-05-30 06:00:00,29.7,69,13.6,233,0.0,,23.03,72.58
2024-05-30 07:00:00,30.7,65,14.8,241,0.0,,23.03,72.58
2024-05-30 08:00:00,32.1,59,14.3,242,0.0,,23.03,72.58
2024-05-30 09:00:00,33.7,52,12.8,232,0.0,,23.03,72.58
2024-05-30 10:00:00,35.5,45,12.5,226,0.0,,23.03,72.58
2024-05-30 11:00:00,37.3,39,12.2,223,0.0,,23.03,72.58
2024-05-30 12:00:00,39.1,34,12.5,221,0.0,,23.03,72.58
2024-05-30 13:00:00,40.7,30,14.3,221,0.0,,23.03,72.58
2024-05-30 14:00:00,41.8,26,16.3,223,0.0,,23.03,72.58
2024-05-30 15:00:00,42.5,24,16.3,229,0.0,,23.03,72.58
2024-05-30 16:00:00,42.3,25,16.7,217,0.0,,23.03,72.58
2024-05-30 17:00:00,40.4,33,18.8,197,0.0,,23.03,72.58
2024-05-30 18:00:00,37.0,47,24.7,188,0.0,,23.03,72.58
2024-05-30 19:00:00,33.9,54,20.9,184,0.0,,23.03,72.58
2024-05-30 20:00:00,32.5,60,17.8,173,0.0,,23.03,72.58
2024-05-30 21:00:00,31.8,64,18.4,169,0.0,,23.03,72.58
2024-05-30 22:00:00,31.1,68,12.1,157,0.0,,23.03,72.58
2024-05-30 23:00:00,31.0,69,3.7,299,0.0,,23.03,72.58
2024-05-31 00:00:00,30.8,70,4.0,260,0.0,,23.03,72.58
2024-05-31 01:00:00,30.8,70,7.9,246,0.0,,23.03,72.58
2024-05-31 02:00:00,30.9,68,10.0,232,0.0,,23.03,72.58
2024-05-31 03:00:00,30.5,63,13.9,239,0.0,,23.03,72.58
2024-05-31 04:00:00,29.8,67,10.6,235,0.0,,23.03,72.58
2024-05-31 05:00:00,29.3,70,10.2,225,0.0,,23.03,72.58
2024-05-31 06:00:00,30.4,67,11.7,225,0.0,,23.03,72.58
2024-05-31 07:00:00,31.2,65,15.0,226,0.0,,23.03,72.58
2024-05-31 08:00:00,32.5,60,15.8,229,0.0,,23.03,72.58
2024-05-31 09:00:00,33.9,53,15.9,232,0.0,,23.03,72.58
2024-05-31 10:00:00,35.6,46,16.1,231,0.0,,23.03,72.58
2024-05-31 11:00:00,37.4,39,16.9,230,0.0,,23.03,72.58
2024-05-31 12:00:00,38.9,33,17.4,230,0.0,,23.03,72.58
2024-05-31 13:00:00,40.3,29,16.1,228,0.0,,23.03,72.58
2024-05-31 14:00:00,41.3,26,15.0,226,0.0,,23.03,72.58
2024-05-31 15:00:00,41.8,23,14.5,222,0.0,,23.03,72.58
2024-05-31 16:00:00,41.9,21,14.5,222,0.0,,23.03,72.58
2024-05-31 17:00:00,41.6,21,12.8,230,0.0,,23.03,72.58
2024-05-31 18:00:00,39.6,30,14.1,220,0.0,,23.03,72.58
2024-05-31 19:00:00,34.7,50,25.5,189,0.0,,23.03,72.58
2024-05-31 20:00:00,33.3,56,21.6,178,0.0,,23.03,72.58
2024-05-31 21:00:00,32.0,62,19.9,167,0.0,,23.03,72.58
2024-05-31 22:00:00,31.3,68,14.4,183,0.0,,23.03,72.58
2024-05-31 23:00:00,31.2,69,7.4,293,0.0,,23.03,72.58
2024-06-01 00:00:00,31.5,67,2.9,300,0.0,,23.03,72.58
2024-06-01 01:00:00,31.6,62,11.4,281,0.0,,23.03,72.58
2024-06-01 02:00:00,31.2,62,11.1,257,0.0,,23.03,72.58
2024-06-01 03:00:00,30.7,60,13.1,238,0.0,,23.03,72.58
2024-06-01 04:00:00,30.0,62,10.6,242,0.0,,23.03,72.58
2024-06-01 05:00:00,29.5,64,8.7,240,0.0,,23.03,72.58
2024-06-01 06:00:00,30.9,63,13.0,231,0.0,,23.03,72.58
2024-06-01 07:00:00,31.6,62,14.6,232,0.0,,23.03,72.58
2024-06-01 08:00:00,33.0,57,16.1,230,0.0,,23.03,72.58
2024-06-01 09:00:00,34.5,49,16.8,228,0.0,,23.03,72.58
2024-06-01 10:00:00,36.0,41,16.8,227,0.0,,23.03,72.58
2024-06-01 11:00:00,37.5,35,17.1,224,0.0,,23.03,72.58
2024-06-01 12:00:00,38.9,31,16.8,223,0.0,,23.03,72.58
2024-06-01 13:00:00,40.2,27,16.1,222,0.0,,23.03,72.58
2024-06-01 14:00:00,41.2,24,16.8,225,0.0,,23.03,72.58
2024-06-01 15:00:00,41.6,23,16.0,226,0.0,,23.03,72.58
2024-06-01 16:00:00,41.9,21,15.6,232,0.0,,23.03,72.58
2024-06-01 17:00:00,41.6,21,15.0,228,0.0,,23.03,72.58
2024-06-01 18:00:00,37.8,34,21.7,187,0.0,,23.03,72.58
2024-06-01 19:00:00,33.9,46,22.5,192,0.0,,23.03,72.58
2024-06-01 20:00:00,33.0,50,21.5,189,0.0,,23.03,72.58
2024-06-01 21:00:00,31.7,61,20.2,177,0.0,,23.03,72.58
2024-06-01 22:00:00,31.1,70,17.7,175,0.0,,23.03,72.58
2024-06-01 23:00:00,30.4,74,15.2,176,0.0,,23.03,72.58
2024-06-02 00:00:00,30.3,74,9.7,184,0.0,,23.03,72.58
2024-06-02 01:00:00,30.6,71,9.5,233,0.0,,23.03,72.58
2024-06-02 02:00:00,31.0,67,10.4,250,0.0,,23.03,72.58
2024-06-02 03:00:00,30.7,59,14.2,234,0.0,,23.03,72.58
2024-06-02 04:00:00,30.0,60,11.1,241,0.0,,23.03,72.58
2024-06-02 05:00:00,29.4,63,9.2,244,0.0,,23.03,72.58
2024-06-02 06:00:00,30.4,62,9.0,217,0.0,,23.03,72.58
2024-06-02 07:00:00,31.2,61,12.0,219,0.0,,23.03,72.58
2024-06-02 08:00:00,32.4,57,11.5,224,0.0,,23.03,72.58
2024-06-02 09:00:00,33.9,50,10.2,222,0.0,,23.03,72.58
2024-06-02 10:00:00,35.5,44,10.0,218,0.0,,23.03,72.58
2024-06-02 11:00:00,37.1,38,10.0,218,0.0,,23.03,72.58
2024-06-02 12:00:00,38.7,32,9.4,223,0.0,,23.03,72.58
2024-06-02 13:00:00,40.1,28,9.7,225,0.0,,23.03,72.58
2024-06-02 14:00:00,41.0,24,9.7,219,0.0,,23.03,72.58
2024-06-02 15:00:00,41.5,21,8.4,223,0.0,,23.03,72.58
2024-06-02 16:00:00,41.6,20,8.4,227,0.0,,23.03,72.58
2024-06-02 17:00:00,41.1,20,10.6,215,0.0,,23.03,72.58
2024-06-02 18:00:00,39.7,12,5.4,217,0.0,,23.03,72.58
2024-06-02 19:00:00,36.4,15,7.2,177,0.0,,23.03,72.58
2024-06-02 20:00:00,33.2,47,19.6,193,0.0,,23.03,72.58
2024-06-02 21:00:00,32.0,55,17.7,185,0.0,,23.03,72.58
2024-06-02 22:00:00,31.1,65,16.9,182,0.0,,23.03,72.58
2024-06-02 23:00:00,30.3,72,13.5,196,0.0,,23.03,72.58
2024-06-03 00:00:00,30.2,73,10.2,228,0.0,,23.03,72.58
2024-06-03 01:00:00,30.3,72,10.8,201,0.0,,23.03,72.58
2024-06-03 02:00:00,30.1,72,9.4,212,0.0,,23.03,72.58
2024-06-03 03:00:00,30.1,66,11.2,249,0.0,,23.03,72.58
2024-06-03 04:00:00,29.8,65,11.8,258,0.0,,23.03,72.58
2024-06-03 05:00:00,29.3,69,8.3,270,0.0,,23.03,72.58
2024-06-03 06:00:00,31.0,62,9.0,272,0.0,,23.03,72.58
2024-06-03 07:00:00,32.0,63,11.9,275,0.0,,23.03,72.58
2024-06-03 08:00:00,33.4,60,10.9,276,0.0,,23.03,72.58
2024-06-03 09:00:00,35.0,54,10.2,280,0.0,,23.03,72.58
2024-06-03 10:00:00,36.7,47,9.0,275,0.0,,23.03,72.58
2024-06-03 11:00:00,38.5,39,8.0,260,0.0,,23.03,72.58
2024-06-03 12:00:00,40.1,34,8.9,238,0.0,,23.03,72.58
2024-06-03 13:00:00,41.1,30,10.5,232,0.0,,23.03,72.58
2024-06-03 14:00:00,41.3,29,11.9,235,0.0,,23.03,72.58
2024-06-03 15:00:00,41.3,28,12.8,230,0.0,,23.03,72.58
2024-06-03 16:00:00,40.4,29,15.0,224,0.0,,23.03,72.58
2024-06-03 17:00:00,37.4,39,17.9,208,0.1,,23.03,72.58
2024-06-03 18:00:00,38.5,34,16.6,214,0.0,,23.03,72.58
2024-06-03 19:00:00,35.8,43,18.5,193,0.0,,23.03,72.58
2024-06-03 20:00:00,35.1,42,12.4,172,0.0,,23.03,72.58
2024-06-03 21:00:00,34.2,44,12.4,158,0.0,,23.03,72.58
2024-06-03 22:00:00,33.3,50,12.2,180,0.0,,23.03,72.58
2024-06-03 23:00:00,32.9,54,11.6,185,0.0,,23.03,72.58
2024-06-04 00:00:00,32.5,56,9.7,219,0.0,,23.03,72.58
2024-06-04 01:00:00,32.5,54,15.2,277,0.0,,23.03,72.58
2024-06-04 02:00:00,31.5,58,16.5,280,0.0,,23.03,72.58
2024-06-04 03:00:00,30.7,63,15.1,270,0.0,,23.03,72.58
2024-06-04 04:00:00,30.1,66,11.2,268,0.0,,23.03,72.58
2024-06-04 05:00:00,29.7,69,8.6,270,0.0,,23.03,72.58
2024-06-04 06:00:00,30.3,69,9.5,281,0.0,,23.03,72.58
2024-06-04 07:00:00,31.1,68,9.7,268,0.0,,23.03,72.58
2024-06-04 08:00:00,32.4,61,10.8,272,0.0,,23.03,72.58
2024-06-04 09:00:00,34.3,52,11.6,275,0.0,,23.03,72.58
2024-06-04 10:00:00,36.1,44,10.1,264,0.0,,23.03,72.58
2024-06-04 11:00:00,37.8,39,9.2,249,0.0,,23.03,72.58
2024-06-04 12:00:00,39.2,35,9.4,238,0.0,,23.03,72.58
2024-06-04 13:00:00,40.1,32,10.7,228,0.0,,23.03,72.58
2024-06-04 14:00:00,40.6,29,11.2,222,0.0,,23.03,72.58
2024-06-04 15:00:00,40.9,27,12.0,226,0.0,,23.03,72.58
2024-06-04 16:00:00,40.8,27,13.8,231,0.0,,23.03,72.58
2024-06-04 17:00:00,40.1,28,14.8,236,0.0,,23.03,72.58
2024-06-04 18:00:00,39.9,26,10.6,260,0.0,,23.03,72.58
2024-06-04 19:00:00,36.5,39,17.7,193,0.0,,23.03,72.58
2024-06-04 20:00:00,34.4,49,18.7,191,0.0,,23.03,72.58
2024-06-04 21:00:00,33.8,53,16.0,203,0.0,,23.03,72.58
2024-06-04 22:00:00,33.5,55,13.8,237,0.0,,23.03,72.58
2024-06-04 23:00:00,33.2,47,16.7,276,0.0,,23.03,72.58
2024-06-05 00:00:00,32.1,50,19.1,273,0.0,,23.03,72.58
2024-06-05 01:00:00,31.0,54,18.4,271,0.0,,23.03,72.58
2024-06-05 02:00:00,30.4,58,16.2,273,0.0,,23.03,72.58
2024-06-05 03:00:00,29.7,62,13.8,276,0.0,,23.03,72.58
2024-06-05 04:00:00,29.4,65,11.9,273,0.0,,23.03,72.58
2024-06-05 05:00:00,29.1,67,10.5,274,0.0,,23.03,72.58
2024-06-05 06:00:00,30.0,65,10.8,268,0.0,,23.03,72.58
2024-06-05 07:00:00,31.0,60,11.9,265,0.0,,23.03,72.58
2024-06-05 08:00:00,32.4,54,13.0,264,0.0,,23.03,72.58
2024-06-05 09:00:00,34.0,47,12.9,257,0.0,,23.03,72.58
2024-06-05 10:00:00,35.8,40,13.1,249,0.0,,23.03,72.58
2024-06-05 11:00:00,37.5,34,13.7,243,0.0,,23.03,72.58
2024-06-05 12:00:00,38.8,31,13.4,239,0.0,,23.03,72.58
2024-06-05 13:00:00,40.0,28,13.1,238,0.0,,23.03,72.58
2024-06-05 14:00:00,40.9,25,13.2,244,0.0,,23.03,72.58
2024-06-05 15:00:00,41.3,23,13.3,251,0.0,,23.03,72.58
2024-06-05 16:00:00,41.3,22,13.9,260,0.0,,23.03,72.58
2024-06-05 17:00:00,40.9,22,13.8,263,0.0,,23.03,72.58
2024-06-05 18:00:00,39.8,24,14.1,273,0.0,,23.03,72.58
2024-06-05 19:00:00,38.6,25,10.7,250,0.0,,23.03,72.58
2024-06-05 20:00:00,34.3,50,20.3,197,0.0,,23.03,72.58
2024-06-05 21:00:00,33.2,56,15.6,236,0.0,,23.03,72.58
2024-06-05 22:00:00,33.0,58,14.1,212,0.0,,23.03,72.58
2024-06-05 23:00:00,33.3,52,14.4,266,0.0,,23.03,72.58
2024-06-06 00:00:00,31.9,53,21.0,283,0.0,,23.03,72.58
2024-06-06 01:00:00,30.9,58,19.1,282,0.0,,23.03,72.58
2024-06-06 02:00:00,30.1,62,17.6,281,0.0,,23.03,72.58
2024-06-06 03:00:00,29.4,66,15.9,275,0.0,,23.03,72.58
2024-06-06 04:00:00,28.9,71,14.3,280,0.0,,23.03,72.58
2024-06-06 05:00:00,28.6,73,12.3,285,0.0,,23.03,72.58
2024-06-06 06:00:00,30.3,71,11.7,279,0.0,,23.03,72.58
2024-06-06 07:00:00,31.3,64,13.0,275,0.0,,23.03,72.58
2024-06-06 08:00:00,32.7,58,13.1,278,0.0,,23.03,72.58
2024-06-06 09:00:00,34.4,51,12.8,281,0.0,,23.03,72.58
2024-06-06 10:00:00,36.1,44,11.5,284,0.0,,23.03,72.58
2024-06-06 11:00:00,37.8,38,10.0,285,0.0,,23.03,72.58
2024-06-06 12:00:00,39.4,32,8.7,277,0.0,,23.03,72.58
2024-06-06 13:00:00,40.5,28,7.6,262,0.0,,23.03,72.58
2024-06-06 14:00:00,41.2,26,7.4,256,0.0,,23.03,72.58
2024-06-06 15:00:00,41.6,24,8.0,252,0.0,,23.03,72.58
2024-06-06 16:00:00,41.5,24,7.6,251,0.0,,23.03,72.58
2024-06-06 17:00:00,40.9,24,8.8,261,0.0,,23.03,72.58
2024-06-06 18:00:00,39.3,24,9.4,288,0.0,,23.03,72.58
2024-06-06 19:00:00,37.5,26,4.7,274,0.0,,23.03,72.58
2024-06-06 20:00:00,36.1,30,6.0,237,0.0,,23.03,72.58
2024-06-06 21:00:00,35.4,31,3.4,122,0.0,,23.03,72.58
2024-06-06 22:00:00,33.5,46,18.7,214,0.0,,23.03,72.58
2024-06-06 23:00:00,32.7,51,15.0,204,0.0,,23.03,72.58
2024-06-07 00:00:00,32.3,53,11.3,207,0.0,,23.03,72.58
2024-06-07 01:00:00,32.2,52,10.3,245,0.0,,23.03,72.58
2024-06-07 02:00:00,31.8,50,15.2,274,0.0,,23.03,72.58
2024-06-07 03:00:00,30.8,60,17.0,275,0.0,,23.03,72.58
2024-06-07 04:00:00,30.1,66,14.8,276,0.0,,23.03,72.58
2024-06-07 05:00:00,29.6,69,14.1,274,0.0,,23.03,72.58
2024-06-07 06:00:00,30.3,66,13.7,297,0.0,,23.03,72.58
2024-06-07 07:00:00,31.2,63,14.5,300,0.0,,23.03,72.58
2024-06-07 08:00:00,32.7,57,13.3,303,0.0,,23.03,72.58
2024-06-07 09:00:00,34.6,50,13.4,301,0.0,,23.03,72.58
2024-06-07 10:00:00,36.4,44,12.8,302,0.0,,23.03,72.58
2024-06-07 11:00:00,38.1,38,10.6,298,0.0,,23.03,72.58
2024-06-07 12:00:00,39.6,33,10.0,285,0.0,,23.03,72.58
2024-06-07 13:00:00,40.7,30,11.2,274,0.0,,23.03,72.58
2024-06-07 14:00:00,41.4,28,11.7,259,0.0,,23.03,72.58
2024-06-07 15:00:00,41.6,26,11.9,256,0.0,,23.03,72.58
2024-06-07 16:00:00,41.3,26,11.9,256,0.0,,23.03,72.58
2024-06-07 17:00:00,40.5,27,10.9,261,0.0,,23.03,72.58
2024-06-07 18:00:00,40.0,28,10.3,295,0.0,,23.03,72.58
2024-06-07 19:00:00,38.7,30,10.4,346,0.0,,23.03,72.58
2024-06-07 20:00:00,37.7,32,4.7,266,0.0,,23.03,72.58
2024-06-07 21:00:00,35.9,42,16.3,198,0.0,,23.03,72.58
2024-06-07 22:00:00,33.6,57,13.6,202,0.0,,23.03,72.58
2024-06-07 23:00:00,33.2,59,10.0,210,0.0,,23.03,72.58
2024-06-08 00:00:00,33.0,58,11.5,266,0.0,,23.03,72.58
2024-06-08 01:00:00,32.6,48,20.6,282,0.0,,23.03,72.58
2024-06-08 02:00:00,31.6,55,17.3,274,0.0,,23.03,72.58
2024-06-08 03:00:00,30.9,60,16.2,271,0.0,,23.03,72.58
2024-06-08 04:00:00,30.2,65,13.5,254,0.0,,23.03,72.58
2024-06-08 05:00:00,29.6,68,13.3,251,0.0,,23.03,72.58
2024-06-08 06:00:00,30.0,70,11.2,255,0.0,,23.03,72.58
2024-06-08 07:00:00,30.6,67,11.5,231,0.0,,23.03,72.58
2024-06-08 08:00:00,32.1,57,13.3,257,0.0,,23.03,72.58
2024-06-08 09:00:00,33.7,50,13.5,261,0.0,,23.03,72.58
2024-06-08 10:00:00,35.4,44,13.3,272,0.0,,23.03,72.58
2024-06-08 11:00:00,37.0,39,12.6,270,0.0,,23.03,72.58
2024-06-08 12:00:00,38.5,35,11.1,257,0.0,,23.03,72.58
2024-06-08 13:00:00,39.7,32,10.7,237,0.0,,23.03,72.58
2024-06-08 14:00:00,40.7,30,10.8,233,0.0,,23.03,72.58
2024-06-08 15:00:00,40.9,29,12.4,240,0.0,,23.03,72.58
2024-06-08 16:00:00,40.9,27,13.2,241,0.0,,23.03,72.58
2024-06-08 17:00:00,40.5,27,11.9,241,0.0,,23.03,72.58
2024-06-08 18:00:00,38.7,29,11.3,248,0.0,,23.03,72.58
2024-06-08 19:00:00,37.4,31,6.0,253,0.0,,23.03,72.58
2024-06-08 20:00:00,37.1,32,2.9,270,0.0,,23.03,72.58
2024-06-08 21:00:00,35.3,37,6.9,186,0.0,,23.03,72.58
2024-06-08 22:00:00,34.0,43,15.8,210,0.0,,23.03,72.58
2024-06-08 23:00:00,33.2,48,12.4,210,0.0,,23.03,72.58
2024-06-09 00:00:00,32.6,53,12.1,210,0.0,,23.03,72.58
2024-06-09 01:00:00,32.3,54,11.8,232,0.0,,23.03,72.58
2024-06-09 02:00:00,32.1,53,11.6,254,0.0,,23.03,72.58
2024-06-09 03:00:00,31.4,59,13.0,265,0.0,,23.03,72.58
2024-06-09 04:00:00,30.8,64,13.0,268,0.0,,23.03,72.58
2024-06-09 05:00:00,30.5,66,14.5,277,0.0,,23.03,72.58
2024-06-09 06:00:00,30.8,67,18.1,283,0.0,,23.03,72.58
2024-06-09 07:00:00,31.4,64,20.5,288,0.0,,23.03,72.58
2024-06-09 08:00:00,32.8,59,19.3,291,0.0,,23.03,72.58
2024-06-09 09:00:00,34.9,50,16.2,287,0.0,,23.03,72.58
2024-06-09 10:00:00,36.9,43,14.5,284,0.0,,23.03,72.58
2024-06-09 11:00:00,38.5,37,13.2,287,0.0,,23.03,72.58
2024-06-09 12:00:00,39.9,34,11.9,284,0.0,,23.03,72.58
2024-06-09 13:00:00,41.0,30,10.5,286,0.0,,23.03,72.58
2024-06-09 14:00:00,41.8,27,10.8,285,0.0,,23.03,72.58
2024-06-09 15:00:00,42.2,25,10.8,296,0.0,,23.03,72.58
2024-06-09 16:00:00,42.1,23,11.6,300,0.0,,23.03,72.58
2024-06-09 17:00:00,41.8,22,11.6,296,0.0,,23.03,72.58
2024-06-09 18:00:00,40.9,22,12.7,313,0.0,,23.03,72.58
2024-06-09 19:00:00,38.4,25,5.8,274,0.0,,23.03,72.58
2024-06-09 20:00:00,38.2,24,4.3,222,0.0,,23.03,72.58
2024-06-09 21:00:00,33.3,56,25.5,147,0.0,,23.03,72.58
2024-06-09 22:00:00,33.3,55,19.5,183,0.0,,23.03,72.58
2024-06-09 23:00:00,33.0,53,18.1,186,0.0,,23.03,72.58
2024-06-10 00:00:00,32.3,54,15.2,187,0.0,,23.03,72.58
2024-06-10 01:00:00,32.2,54,14.5,207,0.0,,23.03,72.58
2024-06-10 02:00:00,32.4,54,14.5,226,0.0,,23.03,72.58
2024-06-10 03:00:00,31.9,58,13.2,241,0.0,,23.03,72.58
2024-06-10 04:00:00,31.2,62,11.5,250,0.0,,23.03,72.58
2024-06-10 05:00:00,30.5,66,10.8,266,0.0,,23.03,72.58
2024-06-10 06:00:00,30.0,70,6.8,267,0.0,,23.03,72.58
2024-06-10 07:00:00,30.4,69,9.0,275,0.0,,23.03,72.58
2024-06-10 08:00:00,31.4,64,10.4,272,0.0,,23.03,72.58
2024-06-10 09:00:00,32.8,59,10.1,276,0.0,,23.03,72.58
2024-06-10 10:00:00,35.1,50,10.9,279,0.0,,23.03,72.58
2024-06-10 11:00:00,36.9,43,12.5,282,0.0,,23.03,72.58
2024-06-10 12:00:00,38.8,36,12.7,277,0.0,,23.03,72.58
2024-06-10 13:00:00,39.3,32,13.3,273,0.0,,23.03,72.58
2024-06-10 14:00:00,40.4,28,14.1,273,0.0,,23.03,72.58
2024-06-10 15:00:00,40.6,26,12.6,272,0.0,,23.03,72.58
2024-06-10 16:00:00,40.9,24,10.1,272,0.0,,23.03,72.58
2024-06-10 17:00:00,40.8,23,10.5,266,0.0,,23.03,72.58
2024-06-10 18:00:00,39.4,23,12.4,296,0.0,,23.03,72.58
2024-06-10 19:00:00,39.3,22,1.3,214,0.0,,23.03,72.58
2024-06-10 20:00:00,34.3,45,18.8,200,0.0,,23.03,72.58
2024-06-10 21:00:00,33.1,54,13.0,183,0.0,,23.03,72.58
2024-06-10 22:00:00,32.7,58,10.5,121,0.0,,23.03,72.58
2024-06-10 23:00:00,32.4,59,7.1,156,0.0,,23.03,72.58
2024-06-11 00:00:00,32.2,60,4.0,185,0.0,,23.03,72.58
2024-06-11 01:00:00,31.8,62,5.1,188,0.0,,23.03,72.58
2024-06-11 02:00:00,31.5,64,6.0,237,0.0,,23.03,72.58
2024-06-11 03:00:00,31.1,62,13.3,273,0.0,,23.03,72.58
2024-06-11 04:00:00,30.3,67,15.9,273,0.0,,23.03,72.58
2024-06-11 05:00:00,29.6,71,16.5,280,0.0,,23.03,72.58
2024-06-11 06:00:00,29.0,79,14.3,295,0.0,,23.03,72.58
2024-06-11 07:00:00,29.9,73,16.3,295,0.0,,23.03,72.58
2024-06-11 08:00:00,31.4,65,15.5,295,0.0,,23.03,72.58
2024-06-11 09:00:00,33.3,56,13.9,291,0.0,,23.03,72.58
2024-06-11 10:00:00,35.3,46,12.1,287,0.0,,23.03,72.58
2024-06-11 11:00:00,37.2,39,11.9,284,0.0,,23.03,72.58
2024-06-11 12:00:00,38.8,34,11.7,279,0.0,,23.03,72.58
2024-06-11 13:00:00,40.0,30,12.3,273,0.0,,23.03,72.58
2024-06-11 14:00:00,40.8,27,12.6,275,0.0,,23.03,72.58
2024-06-11 15:00:00,41.3,26,13.8,276,0.0,,23.03,72.58
2024-06-11 16:00:00,40.7,25,13.0,273,0.0,,23.03,72.58
2024-06-11 17:00:00,40.6,24,11.7,279,0.0,,23.03,72.58
2024-06-11 18:00:00,40.4,19,14.0,296,0.0,,23.03,72.58
2024-06-11 19:00:00,38.8,20,11.4,305,0.0,,23.03,72.58
2024-06-11 20:00:00,35.5,36,17.3,197,0.0,,23.03,72.58
2024-06-11 21:00:00,32.7,57,15.8,197,0.0,,23.03,72.58
2024-06-11 22:00:00,32.3,61,12.0,201,0.0,,23.03,72.58
2024-06-11 23:00:00,32.2,64,9.5,233,0.0,,23.03,72.58
2024-06-12 00:00:00,32.4,42,17.6,270,0.0,,23.03,72.58
2024-06-12 01:00:00,30.9,50,18.0,271,0.0,,23.03,72.58
2024-06-12 02:00:00,29.9,61,16.6,272,0.0,,23.03,72.58
2024-06-12 03:00:00,29.0,72,14.4,271,0.0,,23.03,72.58
2024-06-12 04:00:00,28.5,77,14.4,271,0.0,,23.03,72.58
2024-06-12 05:00:00,28.2,79,13.7,272,0.0,,23.03,72.58
2024-06-12 06:00:00,29.0,76,13.3,268,0.0,,23.03,72.58
2024-06-12 07:00:00,30.1,71,17.1,262,0.0,,23.03,72.58
2024-06-12 08:00:00,31.4,63,19.1,258,0.0,,23.03,72.58
2024-06-12 09:00:00,33.1,56,16.6,265,0.0,,23.03,72.58
2024-06-12 10:00:00,34.9,49,13.4,262,0.0,,23.03,72.58
2024-06-12 11:00:00,36.7,43,12.8,260,0.0,,23.03,72.58
2024-06-12 12:00:00,38.0,38,12.4,262,0.0,,23.03,72.58
2024-06-12 13:00:00,39.3,33,11.9,265,0.0,,23.03,72.58
2024-06-12 14:00:00,40.0,29,11.7,259,0.0,,23.03,72.58
2024-06-12 15:00:00,40.4,27,10.2,262,0.0,,23.03,72.58
2024-06-12 16:00:00,40.8,26,10.1,268,0.0,,23.03,72.58
2024-06-12 17:00:00,40.4,26,9.4,252,0.0,,23.03,72.58
2024-06-12 18:00:00,40.0,22,13.0,256,0.0,,23.03,72.58
2024-06-12 19:00:00,38.4,25,13.3,218,0.0,,23.03,72.58
2024-06-12 20:00:00,33.9,51,19.5,199,0.0,,23.03,72.58
2024-06-12 21:00:00,32.5,58,13.3,199,0.0,,23.03,72.58
2024-06-12 22:00:00,31.7,64,13.3,193,0.0,,23.03,72.58
2024-06-12 23:00:00,30.9,70,13.2,209,0.0,,23.03,72.58
2024-06-13 00:00:00,30.6,73,12.1,233,0.0,,23.03,72.58
2024-06-13 01:00:00,30.6,61,18.1,275,0.0,,23.03,72.58
2024-06-13 02:00:00,29.7,67,16.3,278,0.0,,23.03,72.58
2024-06-13 03:00:00,29.0,72,15.9,273,0.0,,23.03,72.58
2024-06-13 04:00:00,28.9,72,13.7,270,0.0,,23.03,72.58
2024-06-13 05:00:00,28.7,71,11.9,273,0.0,,23.03,72.58
2024-06-13 06:00:00,29.7,70,12.8,260,0.0,,23.03,72.58
2024-06-13 07:00:00,30.5,64,14.8,257,0.0,,23.03,72.58
2024-06-13 08:00:00,31.7,60,16.8,260,0.0,,23.03,72.58
2024-06-13 09:00:00,33.0,54,16.6,265,0.0,,23.03,72.58
2024-06-13 10:00:00,34.5,48,14.5,263,0.0,,23.03,72.58
2024-06-13 11:00:00,36.3,41,13.0,256,0.0,,23.03,72.58
2024-06-13 12:00:00,37.9,35,13.4,250,0.0,,23.03,72.58
2024-06-13 13:00:00,39.8,26,14.3,245,0.0,,23.03,72.58
2024-06-13 14:00:00,40.6,22,15.0,243,0.0,,23.03,72.58
2024-06-13 15:00:00,41.2,19,14.7,248,0.0,,23.03,72.58
2024-06-13 16:00:00,41.2,18,15.2,248,0.0,,23.03,72.58
2024-06-13 17:00:00,41.2,18,17.0,249,0.0,,23.03,72.58
2024-06-13 18:00:00,39.0,22,15.9,252,0.0,,23.03,72.58
2024-06-13 19:00:00,37.5,25,11.5,224,0.0,,23.03,72.58
2024-06-13 20:00:00,33.8,47,17.6,206,0.0,,23.03,72.58
2024-06-13 21:00:00,31.9,62,13.5,222,0.0,,23.03,72.58
2024-06-13 22:00:00,31.5,67,13.4,207,0.0,,23.03,72.58
2024-06-13 23:00:00,30.8,73,11.9,209,0.0,,23.03,72.58
2024-06-14 00:00:00,30.5,76,9.3,208,0.0,,23.03,72.58
2024-06-14 01:00:00,30.9,64,13.1,261,0.0,,23.03,72.58
2024-06-14 02:00:00,30.6,60,13.3,267,0.0,,23.03,72.58
2024-06-14 03:00:00,30.1,63,12.3,267,0.0,,23.03,72.58
2024-06-14 04:00:00,29.7,67,10.9,264,0.0,,23.03,72.58
2024-06-14 05:00:00,29.4,68,9.5,259,0.0,,23.03,72.58
2024-06-14 06:00:00,29.9,67,12.8,248,0.0,,23.03,72.58
2024-06-14 07:00:00,30.6,64,13.2,244,0.0,,23.03,72.58
2024-06-14 08:00:00,31.8,59,14.0,247,0.0,,23.03,72.58
2024-06-14 09:00:00,33.4,52,13.9,249,0.0,,23.03,72.58
2024-06-14 10:00:00,35.2,44,13.9,245,0.0,,23.03,72.58
2024-06-14 11:00:00,37.1,37,15.0,240,0.0,,23.03,72.58
2024-06-14 12:00:00,38.7,31,16.0,234,0.0,,23.03,72.58
2024-06-14 13:00:00,39.8,26,16.7,233,0.0,,23.03,72.58
2024-06-14 14:00:00,40.5,23,17.2,237,0.0,,23.03,72.58
2024-06-14 15:00:00,40.5,22,16.1,241,0.0,,23.03,72.58
2024-06-14 16:00:00,40.7,21,17.4,232,0.0,,23.03,72.58
2024-06-14 17:00:00,38.5,29,23.1,201,0.0,,23.03,72.58
2024-06-14 18:00:00,37.3,31,18.1,224,0.0,,23.03,72.58
2024-06-14 19:00:00,33.9,46,21.9,207,0.0,,23.03,72.58
2024-06-14 20:00:00,32.9,52,16.5,200,0.0,,23.03,72.58
2024-06-14 21:00:00,31.7,65,15.3,195,0.0,,23.03,72.58
2024-06-14 22:00:00,30.8,71,16.0,188,0.0,,23.03,72.58
2024-06-14 23:00:00,30.0,77,15.5,181,0.0,,23.03,72.58
2024-06-15 00:00:00,29.8,78,11.7,189,0.0,,23.03,72.58
2024-06-15 01:00:00,29.6,80,9.8,197,0.0,,23.03,72.58
2024-06-15 02:00:00,29.6,79,7.6,183,0.0,,23.03,72.58
2024-06-15 03:00:00,29.6,78,5.5,203,0.0,,23.03,72.58
2024-06-15 04:00:00,29.5,76,4.3,265,0.0,,23.03,72.58
2024-06-15 05:00:00,29.6,72,6.9,264,0.0,,23.03,72.58
2024-06-15 06:00:00,29.6,74,4.3,185,0.0,,23.03,72.58
2024-06-15 07:00:00,30.8,66,8.9,223,0.0,,23.03,72.58
2024-06-15 08:00:00,32.2,56,10.9,236,0.0,,23.03,72.58
2024-06-15 09:00:00,33.6,49,11.3,239,0.0,,23.03,72.58
2024-06-15 10:00:00,35.2,42,11.8,239,0.0,,23.03,72.58
2024-06-15 11:00:00,36.8,35,12.8,238,0.0,,23.03,72.58
2024-06-15 12:00:00,38.3,30,12.7,235,0.0,,23.03,72.58
2024-06-15 13:00:00,39.1,28,13.3,232,0.0,,23.03,72.58
2024-06-15 14:00:00,39.6,27,12.5,229,0.0,,23.03,72.58
2024-06-15 15:00:00,39.8,26,13.7,225,0.0,,23.03,72.58
2024-06-15 16:00:00,39.9,25,13.6,230,0.0,,23.03,72.58
2024-06-15 17:00:00,39.3,26,15.8,223,0.0,,23.03,72.58
2024-06-15 18:00:00,37.8,30,13.4,234,0.0,,23.03,72.58
2024-06-15 19:00:00,36.5,33,15.3,210,0.0,,23.03,72.58
2024-06-15 20:00:00,33.3,51,22.0,195,0.0,,23.03,72.58
2024-06-15 21:00:00,32.6,57,15.2,187,0.0,,23.03,72.58
2024-06-15 22:00:00,31.7,65,16.5,190,0.0,,23.03,72.58
2024-06-15 23:00:00,30.9,71,17.1,188,0.0,,23.03,72.58
2024-06-16 00:00:00,30.4,74,14.3,190,0.0,,23.03,72.58
2024-06-16 01:00:00,30.1,76,11.5,200,0.0,,23.03,72.58
2024-06-16 02:00:00,29.9,77,10.1,207,0.0,,23.03,72.58
2024-06-16 03:00:00,30.3,71,8.1,225,0.0,,23.03,72.58
2024-06-16 04:00:00,30.5,66,7.6,245,0.0,,23.03,72.58
2024-06-16 05:00:00,30.3,65,7.5,253,0.0,,23.03,72.58
2024-06-16 06:00:00,31.0,62,8.5,234,0.0,,23.03,72.58
2024-06-16 07:00:00,31.9,59,10.0,249,0.0,,23.03,72.58
2024-06-16 08:00:00,33.1,55,10.4,250,0.0,,23.03,72.58
2024-06-16 09:00:00,34.5,50,10.5,243,0.0,,23.03,72.58
2024-06-16 10:00:00,36.0,44,10.5,232,0.0,,23.03,72.58
2024-06-16 11:00:00,37.7,38,11.2,222,0.0,,23.03,72.58
2024-06-16 12:00:00,39.1,33,12.2,214,0.0,,23.03,72.58
2024-06-16 13:00:00,40.1,29,13.0,208,0.0,,23.03,72.58
2024-06-16 14:00:00,40.8,27,13.0,208,0.0,,23.03,72.58
2024-06-16 15:00:00,41.0,26,12.9,216,0.0,,23.03,72.58
2024-06-16 16:00:00,40.9,26,14.0,215,0.0,,23.03,72.58
2024-06-16 17:00:00,40.1,28,17.4,207,0.0,,23.03,72.58
2024-06-16 18:00:00,37.7,35,11.9,205,0.0,,23.03,72.58
2024-06-16 19:00:00,35.4,43,18.6,190,0.0,,23.03,72.58
2024-06-16 20:00:00,33.9,48,18.4,179,0.0,,23.03,72.58
2024-06-16 21:00:00,33.1,54,19.4,181,0.0,,23.03,72.58
2024-06-16 22:00:00,31.8,62,18.1,173,0.0,,23.03,72.58
2024-06-16 23:00:00,31.2,68,18.4,181,0.0,,23.03,72.58
2024-06-17 00:00:00,31.0,71,13.1,189,0.0,,23.03,72.58
2024-06-17 01:00:00,30.7,73,9.6,200,0.0,,23.03,72.58
2024-06-17 02:00:00,30.5,74,7.8,193,0.0,,23.03,72.58
2024-06-17 03:00:00,30.1,76,7.6,175,0.0,,23.03,72.58
2024-06-17 04:00:00,30.0,77,7.9,183,0.0,,23.03,72.58
2024-06-17 05:00:00,30.3,70,8.4,211,0.0,,23.03,72.58
2024-06-17 06:00:00,31.1,63,9.7,243,0.0,,23.03,72.58
2024-06-17 07:00:00,31.9,61,10.3,241,0.0,,23.03,72.58
2024-06-17 08:00:00,33.3,56,10.6,242,0.0,,23.03,72.58
2024-06-17 09:00:00,34.7,50,10.1,235,0.0,,23.03,72.58
2024-06-17 10:00:00,36.2,45,9.7,231,0.0,,23.03,72.58
2024-06-17 11:00:00,37.6,40,9.4,230,0.0,,23.03,72.58
2024-06-17 12:00:00,38.7,36,9.4,227,0.0,,23.03,72.58
2024-06-17 13:00:00,39.7,32,10.0,221,0.0,,23.03,72.58
2024-06-17 14:00:00,40.7,29,11.1,216,0.0,,23.03,72.58
2024-06-17 15:00:00,40.9,28,12.4,210,0.0,,23.03,72.58
2024-06-17 16:00:00,40.9,29,12.6,217,0.0,,23.03,72.58
2024-06-17 17:00:00,40.4,30,15.5,216,0.0,,23.03,72.58
2024-06-17 18:00:00,38.3,34,8.7,210,0.0,,23.03,72.58
2024-06-17 19:00:00,37.4,36,14.4,193,0.0,,23.03,72.58
2024-06-17 20:00:00,33.5,52,18.4,191,0.0,,23.03,72.58
2024-06-17 21:00:00,32.6,58,19.2,185,0.0,,23.03,72.58
2024-06-17 22:00:00,31.8,65,19.4,181,0.0,,23.03,72.58
2024-06-17 23:00:00,31.2,71,20.2,182,0.0,,23.03,72.58
2024-06-18 00:00:00,30.8,73,18.7,181,0.0,,23.03,72.58
2024-06-18 01:00:00,30.7,74,16.5,191,0.0,,23.03,72.58
2024-06-18 02:00:00,30.7,74,10.6,215,0.0,,23.03,72.58
2024-06-18 03:00:00,31.1,69,9.3,234,0.0,,23.03,72.58
2024-06-18 04:00:00,30.9,69,8.9,249,0.0,,23.03,72.58
2024-06-18 05:00:00,30.9,68,8.8,251,0.0,,23.03,72.58
2024-06-18 06:00:00,31.3,64,12.9,240,0.0,,23.03,72.58
2024-06-18 07:00:00,31.9,59,13.6,238,0.0,,23.03,72.58
2024-06-18 08:00:00,32.9,55,13.7,240,0.0,,23.03,72.58
2024-06-18 09:00:00,34.7,48,14.2,246,0.0,,23.03,72.58
2024-06-18 10:00:00,36.3,43,14.8,236,0.0,,23.03,72.58
2024-06-18 11:00:00,37.1,40,14.9,233,0.0,,23.03,72.58
2024-06-18 12:00:00,38.3,38,14.5,228,0.1,,23.03,72.58
2024-06-18 13:00:00,39.3,36,14.0,226,0.0,,23.03,72.58
2024-06-18 14:00:00,40.0,34,14.0,226,0.0,,23.03,72.58
2024-06-18 15:00:00,36.5,46,26.1,204,0.3,,23.03,72.58
2024-06-18 16:00:00,36.3,46,26.0,202,0.1,,23.03,72.58
2024-06-18 17:00:00,35.7,49,24.1,207,0.0,,23.03,72.58
2024-06-18 18:00:00,34.7,49,24.2,198,0.0,,23.03,72.58
2024-06-18 19:00:00,34.9,46,21.4,205,0.0,,23.03,72.58
2024-06-18 20:00:00,34.4,48,20.9,204,0.0,,23.03,72.58
2024-06-18 21:00:00,33.2,56,18.0,209,0.0,,23.03,72.58
2024-06-18 22:00:00,32.8,58,15.6,209,0.0,,23.03,72.58
2024-06-18 23:00:00,32.5,58,15.5,211,0.0,,23.03,72.58
2024-06-19 00:00:00,31.9,60,16.6,207,0.0,,23.03,72.58
2024-06-19 01:00:00,31.4,63,14.5,235,0.0,,23.03,72.58
2024-06-19 02:00:00,31.0,66,12.3,249,0.1,,23.03,72.58
2024-06-19 03:00:00,30.8,66,10.6,235,0.0,,23.03,72.58
2024-06-19 04:00:00,30.5,65,13.8,227,0.0,,23.03,72.58
2024-06-19 05:00:00,30.0,67,13.0,228,0.0,,23.03,72.58
2024-06-19 06:00:00,30.0,69,14.3,221,0.0,,23.03,72.58
2024-06-19 07:00:00,30.8,66,16.7,233,0.0,,23.03,72.58
2024-06-19 08:00:00,32.1,61,16.5,234,0.0,,23.03,72.58
2024-06-19 09:00:00,33.7,54,15.9,232,0.0,,23.03,72.58
2024-06-19 10:00:00,35.7,47,16.8,227,0.0,,23.03,72.58
2024-06-19 11:00:00,37.2,41,18.3,227,0.0,,23.03,72.58
2024-06-19 12:00:00,38.3,37,19.1,229,0.0,,23.03,72.58
2024-06-19 13:00:00,38.9,35,20.4,225,0.0,,23.03,72.58
2024-06-19 14:00:00,38.7,38,18.2,218,0.6,,23.03,72.58
2024-06-19 15:00:00,40.5,34,18.2,218,0.0,,23.03,72.58
2024-06-19 16:00:00,36.8,45,23.0,194,0.0,,23.03,72.58
2024-06-19 17:00:00,36.6,46,23.6,196,0.1,,23.03,72.58
2024-06-19 18:00:00,35.1,50,24.4,196,0.0,,23.03,72.58
2024-06-19 19:00:00,33.8,57,22.4,186,0.0,,23.03,72.58
2024-06-19 20:00:00,33.8,54,19.4,191,0.0,,23.03,72.58
2024-06-19 21:00:00,32.5,64,18.8,175,0.0,,23.03,72.58
2024-06-19 22:00:00,31.6,69,15.7,164,0.0,,23.03,72.58
2024-06-19 23:00:00,31.2,71,13.1,164,0.0,,23.03,72.58
2024-06-20 00:00:00,32.2,63,13.8,208,0.0,,23.03,72.58
2024-06-20 01:00:00,32.3,60,17.6,223,0.0,,23.03,72.58
2024-06-20 02:00:00,31.7,64,17.8,225,0.0,,23.03,72.58
2024-06-20 03:00:00,30.8,68,15.6,220,0.0,,23.03,72.58
2024-06-20 04:00:00,30.2,71,14.9,217,0.0,,23.03,72.58
2024-06-20 05:00:00,29.9,72,13.5,224,0.0,,23.03,72.58
2024-06-20 06:00:00,30.2,71,16.3,223,0.0,,23.03,72.58
2024-06-20 07:00:00,31.0,67,17.7,231,0.0,,23.03,72.58
2024-06-20 08:00:00,32.3,59,18.0,233,0.0,,23.03,72.58
2024-06-20 09:00:00,33.9,51,17.4,230,0.0,,23.03,72.58
2024-06-20 10:00:00,35.6,45,16.8,222,0.0,,23.03,72.58
2024-06-20 11:00:00,37.5,39,17.0,212,0.0,,23.03,72.58
2024-06-20 12:00:00,38.3,36,17.3,211,0.0,,23.03,72.58
2024-06-20 13:00:00,39.7,32,17.4,204,0.0,,23.03,72.58
2024-06-20 14:00:00,41.0,29,17.7,207,0.0,,23.03,72.58
2024-06-20 15:00:00,41.9,26,18.9,211,0.0,,23.03,72.58
2024-06-20 16:00:00,39.9,31,22.9,199,0.0,,23.03,72.58
2024-06-20 17:00:00,39.3,32,20.0,198,0.0,,23.03,72.58
2024-06-20 18:00:00,35.7,48,24.2,183,0.0,,23.03,72.58
2024-06-20 19:00:00,33.5,55,24.1,177,0.0,,23.03,72.58
2024-06-20 20:00:00,32.2,64,23.2,168,0.0,,23.03,72.58
2024-06-20 21:00:00,31.7,68,19.0,170,0.0,,23.03,72.58
2024-06-20 22:00:00,31.6,70,16.6,176,0.0,,23.03,72.58
2024-06-20 23:00:00,32.6,60,18.3,212,0.0,,23.03,72.58
2024-06-21 00:00:00,32.2,60,17.9,218,0.0,,23.03,72.58
2024-06-21 01:00:00,31.5,63,16.9,218,0.0,,23.03,72.58
2024-06-21 02:00:00,30.9,67,15.6,218,0.0,,23.03,72.58
2024-06-21 03:00:00,30.4,70,13.0,219,0.0,,23.03,72.58
2024-06-21 04:00:00,30.0,72,12.5,224,0.0,,23.03,72.58
2024-06-21 05:00:00,29.7,73,11.1,216,0.0,,23.03,72.58
2024-06-21 06:00:00,30.0,73,15.4,213,0.0,,23.03,72.58
2024-06-21 07:00:00,30.9,69,17.6,224,0.1,,23.03,72.58
2024-06-21 08:00:00,32.5,61,16.1,228,0.0,,23.03,72.58
2024-06-21 09:00:00,34.4,52,16.9,232,0.0,,23.03,72.58
2024-06-21 10:00:00,35.4,47,17.4,230,0.0,,23.03,72.58
2024-06-21 11:00:00,36.9,43,15.8,229,0.0,,23.03,72.58
2024-06-21 12:00:00,38.8,38,14.6,230,0.0,,23.03,72.58
2024-06-21 13:00:00,40.0,35,14.8,229,0.0,,23.03,72.58
2024-06-21 14:00:00,40.9,32,13.5,228,0.0,,23.03,72.58
2024-06-21 15:00:00,41.3,31,12.9,234,0.0,,23.03,72.58
2024-06-21 16:00:00,39.0,35,23.3,207,0.0,,23.03,72.58
2024-06-21 17:00:00,37.5,38,18.7,220,0.0,,23.03,72.58
2024-06-21 18:00:00,36.7,41,20.3,207,0.0,,23.03,72.58
2024-06-21 19:00:00,34.2,54,21.4,197,0.0,,23.03,72.58
2024-06-21 20:00:00,33.0,62,14.4,184,0.0,,23.03,72.58
2024-06-21 21:00:00,32.4,66,14.4,181,0.0,,23.03,72.58
2024-06-21 22:00:00,31.8,70,13.7,177,0.0,,23.03,72.58
2024-06-21 23:00:00,31.7,70,10.7,194,0.0,,23.03,72.58
2024-06-22 00:00:00,31.8,61,11.0,232,0.0,,23.03,72.58
2024-06-22 01:00:00,31.3,62,11.4,246,0.0,,23.03,72.58
2024-06-22 02:00:00,30.9,66,12.9,247,0.0,,23.03,72.58
2024-06-22 03:00:00,30.5,70,13.4,250,0.0,,23.03,72.58
2024-06-22 04:00:00,30.3,69,11.0,259,0.0,,23.03,72.58
2024-06-22 05:00:00,30.1,70,9.0,272,0.0,,23.03,72.58
2024-06-22 06:00:00,30.4,70,10.3,295,0.0,,23.03,72.58
2024-06-22 07:00:00,31.3,65,10.2,293,0.0,,23.03,72.58
2024-06-22 08:00:00,32.3,61,11.5,284,0.0,,23.03,72.58
2024-06-22 09:00:00,33.6,55,10.9,276,0.0,,23.03,72.58
2024-06-22 10:00:00,35.5,48,10.1,270,0.0,,23.03,72.58
2024-06-22 11:00:00,37.0,43,9.5,261,0.0,,23.03,72.58
2024-06-22 12:00:00,38.4,39,10.1,264,0.0,,23.03,72.58
2024-06-22 13:00:00,39.8,36,12.0,263,0.0,,23.03,72.58
2024-06-22 14:00:00,40.2,34,12.7,263,0.0,,23.03,72.58
2024-06-22 15:00:00,40.1,33,13.1,262,0.0,,23.03,72.58
2024-06-22 16:00:00,40.2,31,10.9,261,0.0,,23.03,72.58
2024-06-22 17:00:00,40.0,29,10.3,258,0.0,,23.03,72.58
2024-06-22 18:00:00,38.9,31,12.3,291,0.0,,23.03,72.58
2024-06-22 19:00:00,37.7,32,7.2,323,0.0,,23.03,72.58
2024-06-22 20:00:00,36.3,35,5.6,207,0.0,,23.03,72.58
2024-06-22 21:00:00,32.3,60,17.7,192,0.0,,23.03,72.58
2024-06-22 22:00:00,31.8,65,12.8,190,0.0,,23.03,72.58
2024-06-22 23:00:00,31.4,67,16.5,113,0.0,,23.03,72.58
2024-06-23 00:00:00,31.4,66,13.0,132,0.0,,23.03,72.58
2024-06-23 01:00:00,31.2,66,10.5,164,0.0,,23.03,72.58
2024-06-23 02:00:00,30.7,71,9.6,193,0.0,,23.03,72.58
2024-06-23 03:00:00,30.5,72,6.4,196,0.0,,23.03,72.58
2024-06-23 04:00:00,30.5,73,4.8,228,0.0,,23.03,72.58
2024-06-23 05:00:00,30.4,74,4.4,235,0.0,,23.03,72.58
2024-06-23 06:00:00,30.5,76,2.5,172,0.0,,23.03,72.58
2024-06-23 07:00:00,31.6,71,5.4,266,0.0,,23.03,72.58
2024-06-23 08:00:00,33.1,63,6.5,289,0.0,,23.03,72.58
2024-06-23 09:00:00,34.9,54,8.5,298,0.0,,23.03,72.58
2024-06-23 10:00:00,36.9,45,9.0,299,0.0,,23.03,72.58
2024-06-23 11:00:00,38.0,41,6.8,302,0.0,,23.03,72.58
2024-06-23 12:00:00,39.4,38,6.1,315,0.0,,23.03,72.58
2024-06-23 13:00:00,40.7,34,7.8,326,0.0,,23.03,72.58
2024-06-23 14:00:00,41.7,30,8.2,331,0.0,,23.03,72.58
2024-06-23 15:00:00,40.7,31,4.2,301,0.0,,23.03,72.58
2024-06-23 16:00:00,34.5,49,18.9,278,0.2,,23.03,72.58
2024-06-23 17:00:00,33.9,56,14.3,236,0.1,,23.03,72.58
2024-06-23 18:00:00,40.4,24,2.3,18,0.1,,23.03,72.58
2024-06-23 19:00:00,37.3,34,9.9,190,0.0,,23.03,72.58
2024-06-23 20:00:00,35.0,46,19.8,192,0.0,,23.03,72.58
2024-06-23 21:00:00,33.5,55,15.6,199,0.0,,23.03,72.58
2024-06-23 22:00:00,32.5,63,12.9,198,0.0,,23.03,72.58
2024-06-23 23:00:00,32.1,63,14.3,198,0.0,,23.03,72.58
2024-06-24 00:00:00,31.6,61,10.2,162,0.0,,23.03,72.58
2024-06-24 01:00:00,31.1,63,11.3,171,0.0,,23.03,72.58
2024-06-24 02:00:00,31.0,64,8.7,187,0.0,,23.03,72.58
2024-06-24 03:00:00,30.9,63,8.0,198,0.0,,23.03,72.58
2024-06-24 04:00:00,30.9,63,9.7,211,0.0,,23.03,72.58
2024-06-24 05:00:00,30.9,63,10.4,236,0.0,,23.03,72.58
2024-06-24 06:00:00,29.8,73,10.0,167,0.0,,23.03,72.58
2024-06-24 07:00:00,30.0,74,10.0,193,0.3,,23.03,72.58
2024-06-24 08:00:00,31.1,69,11.0,199,0.1,,23.03,72.58
2024-06-24 09:00:00,33.4,60,9.9,237,0.0,,23.03,72.58
2024-06-24 10:00:00,35.4,52,7.2,252,0.0,,23.03,72.58
2024-06-24 11:00:00,36.5,49,6.1,242,0.0,,23.03,72.58
2024-06-24 12:00:00,38.1,44,5.6,243,0.0,,23.03,72.58
2024-06-24 13:00:00,39.1,41,6.2,263,0.0,,23.03,72.58
2024-06-24 14:00:00,40.0,38,5.4,307,0.0,,23.03,72.58
2024-06-24 15:00:00,34.4,58,14.8,256,2.1,,23.03,72.58
2024-06-24 16:00:00,32.0,73,8.9,220,4.8,,23.03,72.58
2024-06-24 17:00:00,33.3,67,9.0,203,0.2,,23.03,72.58
2024-06-24 18:00:00,34.4,51,8.9,230,0.0,,23.03,72.58
2024-06-24 19:00:00,33.8,53,12.1,240,0.0,,23.03,72.58
2024-06-24 20:00:00,33.6,54,11.3,248,0.0,,23.03,72.58
2024-06-24 21:00:00,33.4,55,10.1,243,0.0,,23.03,72.58
2024-06-24 22:00:00,33.2,57,9.2,231,0.0,,23.03,72.58
2024-06-24 23:00:00,32.7,60,9.8,208,0.0,,23.03,72.58
2024-06-25 00:00:00,29.4,78,18.8,187,1.0,,23.03,72.58
2024-06-25 01:00:00,28.2,88,12.6,185,0.0,,23.03,72.58
2024-06-25 02:00:00,28.6,88,13.0,178,0.2,,23.03,72.58
2024-06-25 03:00:00,28.3,90,13.7,175,0.1,,23.03,72.58
2024-06-25 04:00:00,28.1,91,12.3,185,0.1,,23.03,72.58
2024-06-25 05:00:00,27.7,90,11.6,187,0.0,,23.03,72.58
2024-06-25 06:00:00,27.1,89,7.2,117,0.0,,23.03,72.58
2024-06-25 07:00:00,27.9,86,4.6,135,0.0,,23.03,72.58
2024-06-25 08:00:00,28.7,82,4.3,180,0.1,,23.03,72.58
2024-06-25 09:00:00,29.6,78,3.0,194,0.1,,23.03,72.58
2024-06-25 10:00:00,30.6,73,8.4,133,0.2,,23.03,72.58
2024-06-25 11:00:00,31.5,70,7.4,157,0.1,,23.03,72.58
2024-06-25 12:00:00,32.3,66,7.3,169,0.0,,23.03,72.58
2024-06-25 13:00:00,33.7,60,5.0,159,0.0,,23.03,72.58
2024-06-25 14:00:00,34.1,58,4.7,180,0.0,,23.03,72.58
2024-06-25 15:00:00,35.1,56,4.0,170,0.0,,23.03,72.58
2024-06-25 16:00:00,34.9,56,4.4,145,0.0,,23.03,72.58
2024-06-25 17:00:00,33.2,63,10.9,171,0.4,,23.03,72.58
2024-06-25 18:00:00,33.6,59,12.3,159,0.0,,23.03,72.58
2024-06-25 19:00:00,32.6,63,10.2,157,0.0,,23.03,72.58
2024-06-25 20:00:00,31.8,67,11.7,189,0.0,,23.03,72.58
2024-06-25 21:00:00,31.0,69,11.8,207,0.0,,23.03,72.58
2024-06-25 22:00:00,30.3,71,14.7,191,0.0,,23.03,72.58
2024-06-25 23:00:00,29.8,72,10.6,198,0.0,,23.03,72.58
2024-06-26 00:00:00,29.5,74,8.7,187,0.0,,23.03,72.58
2024-06-26 01:00:00,29.3,77,6.8,198,0.0,,23.03,72.58
2024-06-26 02:00:00,29.2,80,5.9,232,0.0,,23.03,72.58
2024-06-26 03:00:00,29.1,81,6.0,205,0.0,,23.03,72.58
2024-06-26 04:00:00,28.8,82,7.1,204,0.0,,23.03,72.58
2024-06-26 05:00:00,28.5,83,5.7,198,0.0,,23.03,72.58
2024-06-26 06:00:00,29.0,79,5.4,180,0.0,,23.03,72.58
2024-06-26 07:00:00,29.7,76,7.9,177,0.0,,23.03,72.58
2024-06-26 08:00:00,30.7,73,6.7,164,0.0,,23.03,72.58
2024-06-26 09:00:00,32.4,64,7.4,166,0.0,,23.03,72.58
2024-06-26 10:00:00,34.0,57,8.0,162,0.0,,23.03,72.58
2024-06-26 11:00:00,35.6,50,9.2,149,0.0,,23.03,72.58
2024-06-26 12:00:00,36.1,51,10.5,149,0.0,,23.03,72.58
2024-06-26 13:00:00,36.6,52,10.1,153,0.0,,23.03,72.58
2024-06-26 14:00:00,36.9,51,9.4,137,0.0,,23.03,72.58
2024-06-26 15:00:00,37.3,48,9.0,151,0.0,,23.03,72.58
2024-06-26 16:00:00,34.8,57,13.4,186,0.2,,23.03,72.58
2024-06-26 17:00:00,34.0,61,13.4,204,0.1,,23.03,72.58
2024-06-26 18:00:00,35.1,58,8.8,189,0.0,,23.03,72.58
2024-06-26 19:00:00,33.7,63,10.9,186,0.0,,23.03,72.58
2024-06-26 20:00:00,32.4,65,14.6,190,0.0,,23.03,72.58
2024-06-26 21:00:00,31.4,69,13.4,185,0.0,,23.03,72.58
2024-06-26 22:00:00,30.6,74,11.9,175,0.0,,23.03,72.58
2024-06-26 23:00:00,30.1,79,11.2,178,0.0,,23.03,72.58
2024-06-27 00:00:00,29.7,83,12.4,170,0.0,,23.03,72.58
2024-06-27 01:00:00,29.3,85,9.7,149,0.0,,23.03,72.58
2024-06-27 02:00:00,29.0,86,10.7,160,0.0,,23.03,72.58
2024-06-27 03:00:00,28.9,86,10.6,170,0.0,,23.03,72.58
2024-06-27 04:00:00,28.7,85,12.0,171,0.0,,23.03,72.58
2024-06-27 05:00:00,28.5,84,11.3,171,0.0,,23.03,72.58
2024-06-27 06:00:00,28.9,83,10.5,153,0.0,,23.03,72.58
2024-06-27 07:00:00,29.5,79,12.7,145,0.0,,23.03,72.58
2024-06-27 08:00:00,30.8,73,12.1,143,0.0,,23.03,72.58
2024-06-27 09:00:00,32.1,67,14.1,140,0.0,,23.03,72.58
2024-06-27 10:00:00,33.3,62,15.6,140,0.0,,23.03,72.58
2024-06-27 11:00:00,33.5,62,15.2,149,0.1,,23.03,72.58
2024-06-27 12:00:00,34.5,59,15.7,148,0.0,,23.03,72.58
2024-06-27 13:00:00,35.1,55,18.4,154,0.0,,23.03,72.58
2024-06-27 14:00:00,32.6,65,20.3,174,0.0,,23.03,72.58
2024-06-27 15:00:00,34.4,58,14.7,163,0.0,,23.03,72.58
2024-06-27 16:00:00,33.9,61,15.3,153,0.1,,23.03,72.58
2024-06-27 17:00:00,33.5,61,17.3,163,0.0,,23.03,72.58
2024-06-27 18:00:00,31.4,69,18.1,175,0.0,,23.03,72.58
2024-06-27 19:00:00,30.6,71,17.1,173,0.0,,23.03,72.58
2024-06-27 20:00:00,30.2,73,17.3,168,0.0,,23.03,72.58
2024-06-27 21:00:00,29.7,76,15.3,165,0.0,,23.03,72.58
2024-06-27 22:00:00,29.5,78,14.7,152,0.0,,23.03,72.58
2024-06-27 23:00:00,29.2,80,17.0,148,0.0,,23.03,72.58
2024-06-28 00:00:00,28.9,82,18.2,155,0.0,,23.03,72.58
2024-06-28 01:00:00,28.7,83,15.8,159,0.0,,23.03,72.58
2024-06-28 02:00:00,28.4,84,15.9,162,0.0,,23.03,72.58
2024-06-28 03:00:00,28.0,84,16.9,164,0.0,,23.03,72.58
2024-06-28 04:00:00,27.6,86,14.5,166,0.0,,23.03,72.58
2024-06-28 05:00:00,27.8,84,13.9,149,0.0,,23.03,72.58
2024-06-28 06:00:00,27.8,86,13.0,146,0.0,,23.03,72.58
2024-06-28 07:00:00,28.3,83,15.3,150,0.0,,23.03,72.58
2024-06-28 08:00:00,29.2,78,16.6,153,0.1,,23.03,72.58
2024-06-28 09:00:00,29.7,76,16.1,146,0.2,,23.03,72.58
2024-06-28 10:00:00,30.7,71,15.2,149,0.0,,23.03,72.58
2024-06-28 11:00:00,32.3,65,16.0,149,0.1,,23.03,72.58
2024-06-28 12:00:00,29.8,76,18.1,167,1.6,,23.03,72.58
2024-06-28 13:00:00,30.3,76,21.1,147,1.3,,23.03,72.58
2024-06-28 14:00:00,31.7,71,18.5,167,0.4,,23.03,72.58
2024-06-28 15:00:00,32.5,67,18.0,181,0.1,,23.03,72.58
2024-06-28 16:00:00,29.4,81,15.8,192,4.2,,23.03,72.58
2024-06-28 17:00:00,29.7,80,15.8,180,0.2,,23.03,72.58
2024-06-28 18:00:00,30.5,73,14.8,198,0.0,,23.03,72.58
2024-06-28 19:00:00,29.8,76,12.4,206,0.0,,23.03,72.58
2024-06-28 20:00:00,29.3,79,12.1,197,0.0,,23.03,72.58
2024-06-28 21:00:00,29.1,80,11.9,185,0.0,,23.03,72.58
2024-06-28 22:00:00,28.6,83,14.2,171,0.0,,23.03,72.58
2024-06-28 23:00:00,28.2,86,16.8,189,0.0,,23.03,72.58
2024-06-29 00:00:00,27.8,87,14.8,179,0.1,,23.03,72.58
2024-06-29 01:00:00,27.7,88,18.4,180,0.2,,23.03,72.58
2024-06-29 02:00:00,27.3,90,15.0,170,0.1,,23.03,72.58
2024-06-29 03:00:00,27.1,92,14.2,164,0.5,,23.03,72.58
2024-06-29 04:00:00,26.8,95,13.9,163,0.2,,23.03,72.58
2024-06-29 05:00:00,26.9,94,15.8,156,0.2,,23.03,72.58
2024-06-29 06:00:00,27.0,93,12.5,168,1.5,,23.03,72.58
2024-06-29 07:00:00,27.1,94,13.8,171,0.4,,23.03,72.58
2024-06-29 08:00:00,28.0,89,16.6,178,0.3,,23.03,72.58
2024-06-29 09:00:00,27.7,89,15.8,180,2.6,,23.03,72.58
2024-06-29 10:00:00,28.6,88,13.3,180,1.0,,23.03,72.58
2024-06-29 11:00:00,30.0,81,17.0,185,0.3,,23.03,72.58
2024-06-29 12:00:00,29.9,77,21.1,203,0.5,,23.03,72.58
2024-06-29 13:00:00,31.6,72,17.0,185,0.2,,23.03,72.58
2024-06-29 14:00:00,30.1,76,20.1,189,3.4,,23.03,72.58
2024-06-29 15:00:00,29.4,83,14.8,209,2.2,,23.03,72.58
2024-06-29 16:00:00,29.6,82,13.3,183,1.4,,23.03,72.58
2024-06-29 17:00:00,28.8,86,14.0,203,0.3,,23.03,72.58
2024-06-29 18:00:00,28.8,85,14.1,199,0.2,,23.03,72.58
2024-06-29 19:00:00,28.4,86,14.2,189,0.0,,23.03,72.58
2024-06-29 20:00:00,28.0,87,13.8,187,0.0,,23.03,72.58
2024-06-29 21:00:00,27.8,88,12.6,183,0.0,,23.03,72.58
2024-06-29 22:00:00,27.7,89,13.0,180,0.0,,23.03,72.58
2024-06-29 23:00:00,27.6,90,13.7,182,0.0,,23.03,72.58
2024-06-30 00:00:00,27.5,90,13.8,186,0.0,,23.03,72.58
2024-06-30 01:00:00,27.4,91,12.8,190,0.0,,23.03,72.58
2024-06-30 02:00:00,27.3,91,13.0,194,0.0,,23.03,72.58
2024-06-30 03:00:00,27.1,91,11.2,201,0.0,,23.03,72.58
2024-06-30 04:00:00,26.9,92,9.3,193,0.0,,23.03,72.58
2024-06-30 05:00:00,26.9,93,9.1,189,0.0,,23.03,72.58
2024-06-30 06:00:00,27.0,93,10.3,192,1.3,,23.03,72.58
2024-06-30 07:00:00,27.1,91,14.4,179,0.5,,23.03,72.58
2024-06-30 08:00:00,27.5,89,13.3,177,0.4,,23.03,72.58
2024-06-30 09:00:00,28.0,88,13.0,182,0.7,,23.03,72.58
2024-06-30 10:00:00,27.8,89,15.5,168,0.8,,23.03,72.58
2024-06-30 11:00:00,27.6,90,14.0,180,0.5,,23.03,72.58
2024-06-30 12:00:00,29.5,83,15.9,176,0.6,,23.03,72.58
2024-06-30 13:00:00,31.2,77,17.8,188,0.6,,23.03,72.58
2024-06-30 14:00:00,29.6,83,18.9,198,8.8,,23.03,72.58
2024-06-30 15:00:00,28.6,86,14.8,193,11.3,,23.03,72.58
2024-06-30 16:00:00,27.8,93,14.5,207,0.8,,23.03,72.58
2024-06-30 17:00:00,27.6,93,17.4,202,4.5,,23.03,72.58
2024-06-30 18:00:00,27.8,92,12.7,187,3.0,,23.03,72.58
2024-06-30 19:00:00,27.3,94,12.3,173,0.3,,23.03,72.58
2024-06-30 20:00:00,27.1,94,11.6,175,0.1,,23.03,72.58
2024-06-30 21:00:00,27.0,94,13.1,172,0.0,,23.03,72.58
2024-06-30 22:00:00,26.9,92,16.9,180,0.1,,23.03,72.58
2024-06-30 23:00:00,26.5,93,16.2,183,0.3,,23.03,72.58
2024-07-01 00:00:00,26.0,95,13.7,175,0.4,,23.03,72.58
2024-07-01 01:00:00,25.8,96,13.2,169,2.2,,23.03,72.58
2024-07-01 02:00:00,25.8,97,11.6,173,5.1,,23.03,72.58
2024-07-01 03:00:00,25.9,97,13.3,178,1.6,,23.03,72.58
2024-07-01 04:00:00,25.9,95,13.8,186,1.3,,23.03,72.58
2024-07-01 05:00:00,25.9,96,14.1,167,0.4,405.0,23.03,72.58
2024-07-01 06:00:00,26.5,93,12.7,195,0.2,425.0,23.03,72.58
2024-07-01 07:00:00,27.1,90,15.0,191,0.1,455.0,23.03,72.58
2024-07-01 08:00:00,27.7,88,15.2,185,0.1,515.0,23.03,72.58
2024-07-01 09:00:00,28.6,83,16.9,192,0.3,700.0,23.03,72.58
2024-07-01 10:00:00,28.5,84,16.3,185,0.6,665.0,23.03,72.58
2024-07-01 11:00:00,27.4,91,18.4,182,0.8,670.0,23.03,72.58
2024-07-01 12:00:00,27.6,91,15.1,168,1.3,680.0,23.03,72.58
2024-07-01 13:00:00,28.4,84,18.8,177,0.3,885.0,23.03,72.58
2024-07-01 14:00:00,27.4,90,23.9,198,3.7,685.0,23.03,72.58
2024-07-01 15:00:00,28.2,88,23.8,205,0.6,680.0,23.03,72.58
2024-07-01 16:00:00,28.2,86,20.6,213,0.4,685.0,23.03,72.58
2024-07-01 17:00:00,28.0,86,21.4,197,0.2,650.0,23.03,72.58
2024-07-01 18:00:00,27.2,94,18.8,185,2.4,645.0,23.03,72.58
2024-07-01 19:00:00,27.1,94,16.3,188,1.8,635.0,23.03,72.58
2024-07-01 20:00:00,26.9,94,17.7,192,2.0,640.0,23.03,72.58
2024-07-01 21:00:00,26.7,94,16.1,196,1.5,590.0,23.03,72.58
2024-07-01 22:00:00,26.6,94,15.6,199,0.9,585.0,23.03,72.58
2024-07-01 23:00:00,26.5,95,13.6,197,0.4,550.0,23.03,72.58
2024-07-02 00:00:00,26.2,95,12.8,196,0.1,535.0,23.03,72.58
2024-07-02 01:00:00,26.0,94,15.5,205,0.2,620.0,23.03,72.58
2024-07-02 02:00:00,25.8,92,14.5,207,0.0,645.0,23.03,72.58
2024-07-02 03:00:00,25.5,92,13.7,198,0.0,645.0,23.03,72.58
2024-07-02 04:00:00,25.6,91,16.4,199,0.0,645.0,23.03,72.58
2024-07-02 05:00:00,25.8,87,16.8,208,0.1,650.0,23.03,72.58
2024-07-02 06:00:00,25.8,91,16.6,243,1.6,520.0,23.03,72.58
2024-07-02 07:00:00,25.5,89,17.1,240,3.1,480.0,23.03,72.58
2024-07-02 08:00:00,26.3,87,19.0,233,4.1,545.0,23.03,72.58
2024-07-02 09:00:00,27.1,88,13.6,220,6.3,590.0,23.03,72.58
2024-07-02 10:00:00,27.4,90,18.8,223,3.3,610.0,23.03,72.58
2024-07-02 11:00:00,27.5,90,17.3,216,2.3,610.0,23.03,72.58
2024-07-02 12:00:00,28.3,87,14.3,214,1.0,635.0,23.03,72.58
2024-07-02 13:00:00,29.3,78,17.8,227,0.7,655.0,23.03,72.58
2024-07-02 14:00:00,29.0,86,11.7,214,1.3,775.0,23.03,72.58
2024-07-02 15:00:00,29.0,85,8.7,218,0.7,630.0,23.03,72.58
2024-07-02 16:00:00,29.4,82,10.9,214,1.2,575.0,23.03,72.58
2024-07-02 17:00:00,28.8,84,12.1,197,0.9,540.0,23.03,72.58
2024-07-02 18:00:00,27.3,93,13.8,186,4.1,455.0,23.03,72.58
2024-07-02 19:00:00,27.2,93,13.3,180,5.5,360.0,23.03,72.58
2024-07-02 20:00:00,26.9,94,12.2,180,2.0,320.0,23.03,72.58
2024-07-02 21:00:00,26.9,94,12.3,173,1.5,360.0,23.03,72.58
2024-07-02 22:00:00,26.7,94,12.6,177,1.7,430.0,23.03,72.58
2024-07-02 23:00:00,26.6,95,11.3,187,2.0,565.0,23.03,72.58
2024-07-03 00:00:00,26.6,95,8.1,201,1.8,640.0,23.03,72.58
2024-07-03 01:00:00,26.9,93,12.5,213,1.8,630.0,23.03,72.58
2024-07-03 02:00:00,26.8,93,12.6,217,2.5,615.0,23.03,72.58
2024-07-03 03:00:00,26.6,94,13.5,209,1.5,565.0,23.03,72.58
2024-07-03 04:00:00,26.5,94,13.2,206,0.4,555.0,23.03,72.58
2024-07-03 05:00:00,26.5,94,13.4,207,0.0,540.0,23.03,72.58
2024-07-03 06:00:00,26.9,94,10.7,222,1.6,555.0,23.03,72.58
2024-07-03 07:00:00,27.6,93,9.9,224,0.6,590.0,23.03,72.58
2024-07-03 08:00:00,28.8,87,11.8,211,0.0,690.0,23.03,72.58
2024-07-03 09:00:00,29.8,84,13.9,211,0.0,685.0,23.03,72.58
2024-07-03 10:00:00,30.7,79,15.8,204,0.1,810.0,23.03,72.58
2024-07-03 11:00:00,31.6,75,16.9,204,0.1,935.0,23.03,72.58
2024-07-03 12:00:00,33.0,69,17.6,221,0.2,1060.0,23.03,72.58
2024-07-03 13:00:00,33.2,67,16.8,215,0.0,1035.0,23.03,72.58
2024-07-03 14:00:00,33.6,63,18.2,219,0.0,1005.0,23.03,72.58
2024-07-03 15:00:00,33.0,64,16.8,222,0.0,1065.0,23.03,72.58
2024-07-03 16:00:00,31.7,73,10.1,207,1.5,1155.0,23.03,72.58
2024-07-03 17:00:00,30.6,79,13.6,158,0.0,1065.0,23.03,72.58
2024-07-03 18:00:00,31.9,74,5.8,173,0.0,725.0,23.03,72.58
2024-07-03 19:00:00,30.3,78,8.1,167,0.2,440.0,23.03,72.58
2024-07-03 20:00:00,29.8,82,9.7,178,0.0,420.0,23.03,72.58
2024-07-03 21:00:00,29.5,81,12.0,189,0.1,480.0,23.03,72.58
2024-07-03 22:00:00,29.2,81,12.8,196,0.1,530.0,23.03,72.58
2024-07-03 23:00:00,28.8,82,12.4,202,0.0,525.0,23.03,72.58
2024-07-04 00:00:00,28.5,84,11.8,200,0.0,525.0,23.03,72.58
2024-07-04 01:00:00,28.2,86,10.5,211,0.0,565.0,23.03,72.58
2024-07-04 02:00:00,28.1,86,10.5,221,0.0,620.0,23.03,72.58
2024-07-04 03:00:00,27.8,89,11.2,230,0.0,665.0,23.03,72.58
2024-07-04 04:00:00,27.6,90,10.5,229,0.0,685.0,23.03,72.58
2024-07-04 05:00:00,27.6,90,9.4,220,0.0,705.0,23.03,72.58
2024-07-04 06:00:00,27.6,91,8.9,212,0.0,610.0,23.03,72.58
2024-07-04 07:00:00,28.4,87,11.8,220,0.1,635.0,23.03,72.58
2024-07-04 08:00:00,29.0,84,11.8,230,0.1,575.0,23.03,72.58
2024-07-04 09:00:00,30.3,78,12.5,231,0.0,595.0,23.03,72.58
2024-07-04 10:00:00,31.3,72,10.8,233,0.0,675.0,23.03,72.58
2024-07-04 11:00:00,32.3,67,10.9,226,0.0,830.0,23.03,72.58
2024-07-04 12:00:00,32.9,64,11.2,222,0.0,1110.0,23.03,72.58
2024-07-04 13:00:00,33.4,62,11.7,227,0.0,1275.0,23.03,72.58
2024-07-04 14:00:00,32.7,64,13.2,225,0.1,1245.0,23.03,72.58
2024-07-04 15:00:00,32.8,64,11.2,228,0.1,1320.0,23.03,72.58
2024-07-04 16:00:00,31.9,68,12.7,209,0.1,1175.0,23.03,72.58
2024-07-04 17:00:00,30.7,76,13.1,189,0.0,880.0,23.03,72.58
2024-07-04 18:00:00,30.5,77,11.4,162,0.0,610.0,23.03,72.58
2024-07-04 19:00:00,30.1,80,12.3,175,0.0,450.0,23.03,72.58
2024-07-04 20:00:00,29.6,81,13.7,175,0.0,460.0,23.03,72.58
2024-07-04 21:00:00,29.2,82,14.0,180,0.0,490.0,23.03,72.58
2024-07-04 22:00:00,28.9,82,14.4,212,0.0,550.0,23.03,72.58
2024-07-04 23:00:00,28.4,83,10.9,214,0.0,550.0,23.03,72.58
2024-07-05 00:00:00,28.1,84,11.6,210,0.1,535.0,23.03,72.58
2024-07-05 01:00:00,26.4,94,8.5,208,5.6,505.0,23.03,72.58
2024-07-05 02:00:00,26.5,93,5.0,201,1.8,495.0,23.03,72.58
2024-07-05 03:00:00,26.2,95,5.2,164,3.0,365.0,23.03,72.58
2024-07-05 04:00:00,26.0,97,6.6,139,0.8,375.0,23.03,72.58
2024-07-05 05:00:00,26.5,96,10.4,200,0.9,360.0,23.03,72.58
2024-07-05 06:00:00,27.3,95,11.8,211,0.5,380.0,23.03,72.58
2024-07-05 07:00:00,27.4,95,10.5,218,0.7,405.0,23.03,72.58
2024-07-05 08:00:00,28.1,89,13.0,224,0.4,450.0,23.03,72.58
2024-07-05 09:00:00,28.6,86,13.0,228,0.3,575.0,23.03,72.58
2024-07-05 10:00:00,28.7,85,10.4,226,0.1,630.0,23.03,72.58
2024-07-05 11:00:00,29.8,81,12.0,229,0.2,670.0,23.03,72.58
2024-07-05 12:00:00,30.0,79,13.2,225,0.2,690.0,23.03,72.58
2024-07-05 13:00:00,30.1,78,12.2,227,0.1,800.0,23.03,72.58
2024-07-05 14:00:00,30.5,76,13.0,231,0.1,805.0,23.03,72.58
2024-07-05 15:00:00,30.5,74,13.0,231,0.0,650.0,23.03,72.58
2024-07-05 16:00:00,30.6,74,14.8,225,0.0,745.0,23.03,72.58
2024-07-05 17:00:00,30.2,76,13.8,213,0.0,650.0,23.03,72.58
2024-07-05 18:00:00,27.8,92,12.4,202,0.1,595.0,23.03,72.58
2024-07-05 19:00:00,27.3,93,11.2,201,0.0,455.0,23.03,72.58
2024-07-05 20:00:00,27.1,95,10.1,197,0.0,355.0,23.03,72.58
2024-07-05 21:00:00,27.0,94,8.6,195,0.0,345.0,23.03,72.58
2024-07-05 22:00:00,26.8,95,7.9,196,0.0,330.0,23.03,72.58
2024-07-05 23:00:00,26.7,95,9.6,200,0.0,355.0,23.03,72.58
2024-07-06 00:00:00,26.7,94,10.6,204,0.0,370.0,23.03,72.58
2024-07-06 01:00:00,26.5,95,10.9,207,0.0,380.0,23.03,72.58
2024-07-06 02:00:00,26.5,95,11.0,203,0.0,405.0,23.03,72.58
2024-07-06 03:00:00,26.4,95,10.8,206,0.0,405.0,23.03,72.58
2024-07-06 04:00:00,26.4,95,10.6,198,0.0,400.0,23.03,72.58
2024-07-06 05:00:00,26.3,95,12.0,196,0.0,400.0,23.03,72.58
2024-07-06 06:00:00,27.0,92,12.0,213,0.0,415.0,23.03,72.58
2024-07-06 07:00:00,27.9,87,14.1,212,0.0,530.0,23.03,72.58
2024-07-06 08:00:00,29.0,82,19.1,223,0.0,665.0,23.03,72.58
2024-07-06 09:00:00,30.4,75,15.4,237,0.1,750.0,23.03,72.58
2024-07-06 10:00:00,30.9,73,12.1,247,0.2,925.0,23.03,72.58
2024-07-06 11:00:00,31.7,69,12.7,235,0.1,1015.0,23.03,72.58
2024-07-06 12:00:00,32.7,65,12.7,227,0.0,1045.0,23.03,72.58
2024-07-06 13:00:00,32.7,66,12.0,226,0.0,1160.0,23.03,72.58
2024-07-06 14:00:00,32.8,64,14.1,220,0.0,1235.0,23.03,72.58
2024-07-06 15:00:00,32.1,69,12.5,213,0.0,1290.0,23.03,72.58
2024-07-06 16:00:00,32.1,70,12.5,213,0.0,1165.0,23.03,72.58
2024-07-06 17:00:00,31.8,73,9.8,188,0.0,1035.0,23.03,72.58
2024-07-06 18:00:00,31.2,75,9.9,170,0.0,685.0,23.03,72.58
2024-07-06 19:00:00,30.2,79,10.8,165,0.0,375.0,23.03,72.58
2024-07-06 20:00:00,29.6,82,11.8,168,0.1,370.0,23.03,72.58
2024-07-06 21:00:00,29.6,83,12.0,187,0.0,440.0,23.03,72.58
2024-07-06 22:00:00,29.5,81,13.4,200,0.1,540.0,23.03,72.58
2024-07-06 23:00:00,29.2,81,14.7,208,0.1,605.0,23.03,72.58
2024-07-07 00:00:00,28.9,81,16.1,214,0.1,655.0,23.03,72.58
2024-07-07 01:00:00,28.5,83,15.4,217,0.0,645.0,23.03,72.58
2024-07-07 02:00:00,28.0,84,14.0,224,0.0,625.0,23.03,72.58
2024-07-07 03:00:00,27.6,86,14.3,223,0.0,610.0,23.03,72.58
2024-07-07 04:00:00,27.2,88,13.0,222,0.0,580.0,23.03,72.58
2024-07-07 05:00:00,26.9,89,11.6,216,0.0,520.0,23.03,72.58
2024-07-07 06:00:00,27.3,89,11.9,215,0.0,560.0,23.03,72.58
2024-07-07 07:00:00,28.1,84,13.3,221,0.0,725.0,23.03,72.58
2024-07-07 08:00:00,29.1,78,16.1,228,0.0,735.0,23.03,72.58
2024-07-07 09:00:00,30.0,74,16.9,232,0.1,900.0,23.03,72.58
2024-07-07 10:00:00,31.2,68,17.7,232,0.1,1130.0,23.03,72.58
2024-07-07 11:00:00,31.7,66,16.8,235,0.0,1470.0,23.03,72.58
2024-07-07 12:00:00,32.6,63,15.7,238,0.0,1500.0,23.03,72.58
2024-07-07 13:00:00,33.2,60,14.1,230,0.0,1625.0,23.03,72.58
2024-07-07 14:00:00,32.9,64,13.3,213,0.0,1445.0,23.03,72.58
2024-07-07 15:00:00,33.0,63,12.7,215,0.0,1330.0,23.03,72.58
2024-07-07 16:00:00,33.3,63,12.6,217,0.0,1200.0,23.03,72.58
2024-07-07 17:00:00,32.5,66,14.3,208,0.0,970.0,23.03,72.58
2024-07-07 18:00:00,31.5,75,8.3,185,0.1,580.0,23.03,72.58
2024-07-07 19:00:00,30.3,85,4.0,190,0.0,455.0,23.03,72.58
2024-07-07 20:00:00,29.7,83,7.9,129,0.2,400.0,23.03,72.58
2024-07-07 21:00:00,29.6,85,9.2,141,0.1,335.0,23.03,72.58
2024-07-07 22:00:00,28.3,93,5.2,286,0.6,325.0,23.03,72.58
2024-07-07 23:00:00,27.8,94,5.4,42,1.1,365.0,23.03,72.58
2024-07-08 00:00:00,27.8,92,5.4,94,0.2,425.0,23.03,72.58
2024-07-08 01:00:00,27.5,93,2.2,81,0.2,440.0,23.03,72.58
2024-07-08 02:00:00,27.5,92,4.4,261,0.8,415.0,23.03,72.58
2024-07-08 03:00:00,27.0,95,5.7,288,0.5,435.0,23.03,72.58
2024-07-08 04:00:00,26.7,95,6.0,335,0.4,425.0,23.03,72.58
2024-07-08 05:00:00,26.6,96,6.5,341,0.1,270.0,23.03,72.58
2024-07-08 06:00:00,26.7,92,8.4,7,0.1,245.0,23.03,72.58
2024-07-08 07:00:00,26.9,91,5.9,11,0.1,370.0,23.03,72.58
2024-07-08 08:00:00,27.9,87,2.2,360,0.1,475.0,23.03,72.58
2024-07-08 09:00:00,28.7,84,2.6,286,0.1,560.0,23.03,72.58
2024-07-08 10:00:00,29.3,81,3.3,283,0.1,685.0,23.03,72.58
2024-07-08 11:00:00,30.2,76,1.8,281,0.1,820.0,23.03,72.58
2024-07-08 12:00:00,31.3,71,1.0,225,0.0,1005.0,23.03,72.58
2024-07-08 13:00:00,32.2,66,3.0,194,0.0,1155.0,23.03,72.58
2024-07-08 14:00:00,32.8,63,4.5,209,0.0,1160.0,23.03,72.58
2024-07-08 15:00:00,33.2,61,5.4,180,0.0,1280.0,23.03,72.58
2024-07-08 16:00:00,33.2,60,6.9,189,0.1,1020.0,23.03,72.58
2024-07-08 17:00:00,32.9,62,7.3,189,0.0,795.0,23.03,72.58
2024-07-08 18:00:00,31.7,70,3.5,156,0.0,450.0,23.03,72.58
2024-07-08 19:00:00,30.8,75,6.5,186,0.0,330.0,23.03,72.58
2024-07-08 20:00:00,30.2,79,9.7,180,0.0,365.0,23.03,72.58
2024-07-08 21:00:00,29.4,83,11.0,191,0.0,380.0,23.03,72.58
2024-07-08 22:00:00,29.0,85,10.5,186,0.0,335.0,23.03,72.58
2024-07-08 23:00:00,28.8,87,11.2,186,0.0,295.0,23.03,72.58
2024-07-09 00:00:00,28.4,89,11.3,189,0.0,295.0,23.03,72.58
2024-07-09 01:00:00,28.1,90,10.5,196,0.0,285.0,23.03,72.58
2024-07-09 02:00:00,27.9,91,8.9,201,0.0,250.0,23.03,72.58
2024-07-09 03:00:00,27.5,93,4.6,129,0.0,190.0,23.03,72.58
2024-07-09 04:00:00,27.6,89,2.6,214,0.8,90.0,23.03,72.58
2024-07-09 05:00:00,27.2,93,4.4,235,0.3,65.0,23.03,72.58
2024-07-09 06:00:00,28.1,90,2.2,189,0.6,90.0,23.03,72.58
2024-07-09 07:00:00,28.2,86,1.8,217,2.0,245.0,23.03,72.58
2024-07-09 08:00:00,27.8,88,6.8,357,3.7,455.0,23.03,72.58
2024-07-09 09:00:00,28.5,84,2.3,288,0.1,595.0,23.03,72.58
2024-07-09 10:00:00,29.9,78,8.2,345,0.1,705.0,23.03,72.58
2024-07-09 11:00:00,31.4,74,3.4,328,0.1,870.0,23.03,72.58
2024-07-09 12:00:00,31.9,73,0.8,207,0.3,925.0,23.03,72.58
2024-07-09 13:00:00,32.2,73,1.5,76,0.2,755.0,23.03,72.58
2024-07-09 14:00:00,32.7,70,3.1,69,0.1,825.0,23.03,72.58
2024-07-09 15:00:00,32.3,71,2.4,207,0.2,545.0,23.03,72.58
2024-07-09 16:00:00,30.4,78,9.7,105,3.4,690.0,23.03,72.58
2024-07-09 17:00:00,29.9,82,8.4,170,0.1,700.0,23.03,72.58
2024-07-09 18:00:00,30.5,80,4.6,225,0.0,450.0,23.03,72.58
2024-07-09 19:00:00,29.3,85,8.0,198,0.0,200.0,23.03,72.58
2024-07-09 20:00:00,28.4,88,12.9,216,0.1,240.0,23.03,72.58
2024-07-09 21:00:00,27.5,87,9.7,211,0.7,380.0,23.03,72.58
2024-07-09 22:00:00,27.2,89,9.2,228,0.1,440.0,23.03,72.58
2024-07-09 23:00:00,26.9,90,6.1,225,0.0,430.0,23.03,72.58
2024-07-10 00:00:00,26.8,91,0.7,180,0.0,395.0,23.03,72.58
2024-07-10 01:00:00,26.5,94,6.7,126,0.0,290.0,23.03,72.58
2024-07-10 02:00:00,26.4,97,7.1,150,0.0,235.0,23.03,72.58
2024-07-10 03:00:00,26.3,97,5.9,169,0.0,260.0,23.03,72.58
2024-07-10 04:00:00,26.1,98,4.3,175,0.0,220.0,23.03,72.58
2024-07-10 05:00:00,26.0,98,3.9,158,0.0,195.0,23.03,72.58
2024-07-10 06:00:00,26.3,94,6.0,147,0.0,215.0,23.03,72.58
2024-07-10 07:00:00,27.3,89,7.8,158,0.0,230.0,23.03,72.58
2024-07-10 08:00:00,28.4,83,11.2,165,0.0,345.0,23.03,72.58
2024-07-10 09:00:00,29.5,77,13.3,177,0.1,420.0,23.03,72.58
2024-07-10 10:00:00,30.5,72,13.0,185,0.0,735.0,23.03,72.58
2024-07-10 11:00:00,31.5,68,13.7,180,0.0,740.0,23.03,72.58
2024-07-10 12:00:00,31.8,67,14.4,193,0.0,875.0,23.03,72.58
2024-07-10 13:00:00,32.6,63,14.2,201,0.0,1030.0,23.03,72.58
2024-07-10 14:00:00,32.6,63,14.1,212,0.0,1135.0,23.03,72.58
2024-07-10 15:00:00,32.7,63,14.7,216,0.0,1175.0,23.03,72.58
2024-07-10 16:00:00,32.7,63,13.1,217,0.0,1085.0,23.03,72.58
2024-07-10 17:00:00,32.4,64,15.6,209,0.0,840.0,23.03,72.58
2024-07-10 18:00:00,30.3,75,15.8,201,0.0,595.0,23.03,72.58
2024-07-10 19:00:00,29.3,79,14.8,183,0.0,460.0,23.03,72.58
2024-07-10 20:00:00,28.6,82,16.6,185,0.0,430.0,23.03,72.58
2024-07-10 21:00:00,27.9,85,14.9,188,0.0,435.0,23.03,72.58
2024-07-10 22:00:00,27.9,85,13.0,177,0.0,425.0,23.03,72.58
2024-07-10 23:00:00,27.7,87,13.8,189,0.0,410.0,23.03,72.58
2024-07-11 00:00:00,27.5,87,13.3,199,0.0,400.0,23.03,72.58
2024-07-11 01:00:00,27.4,88,10.8,206,0.0,410.0,23.03,72.58
2024-07-11 02:00:00,27.3,88,9.5,209,0.0,440.0,23.03,72.58
2024-07-11 03:00:00,27.2,89,9.3,216,0.0,505.0,23.03,72.58
2024-07-11 04:00:00,27.3,89,9.2,219,0.0,515.0,23.03,72.58
2024-07-11 05:00:00,27.2,89,9.0,233,0.0,480.0,23.03,72.58
2024-07-11 06:00:00,27.5,87,12.6,246,0.1,480.0,23.03,72.58
2024-07-11 07:00:00,27.9,85,12.1,247,0.1,595.0,23.03,72.58
2024-07-11 08:00:00,28.8,81,13.8,255,0.0,690.0,23.03,72.58
2024-07-11 09:00:00,29.9,75,12.7,255,0.2,750.0,23.03,72.58
2024-07-11 10:00:00,30.4,73,12.4,248,0.3,750.0,23.03,72.58
2024-07-11 11:00:00,31.2,70,11.8,258,0.1,780.0,23.03,72.58
2024-07-11 12:00:00,31.6,70,9.7,274,0.3,825.0,23.03,72.58
2024-07-11 13:00:00,32.1,67,7.6,267,0.5,825.0,23.03,72.58
2024-07-11 14:00:00,32.9,66,8.0,252,0.1,840.0,23.03,72.58
2024-07-11 15:00:00,32.2,68,13.4,234,0.9,780.0,23.03,72.58
2024-07-11 16:00:00,28.0,91,10.8,180,4.0,720.0,23.03,72.58
2024-07-11 17:00:00,27.9,90,14.0,222,3.7,635.0,23.03,72.58
2024-07-11 18:00:00,30.5,73,13.4,211,0.0,595.0,23.03,72.58
2024-07-11 19:00:00,29.5,77,10.1,207,0.0,495.0,23.03,72.58
2024-07-11 20:00:00,29.0,80,11.1,209,0.0,440.0,23.03,72.58
2024-07-11 21:00:00,28.6,81,12.1,217,0.0,440.0,23.03,72.58
2024-07-11 22:00:00,28.3,82,13.0,222,0.0,515.0,23.03,72.58
2024-07-11 23:00:00,28.1,82,13.6,220,0.0,610.0,23.03,72.58
2024-07-12 00:00:00,28.0,82,13.0,226,0.0,645.0,23.03,72.58
2024-07-12 01:00:00,27.9,83,12.3,230,0.0,660.0,23.03,72.58
2024-07-12 02:00:00,27.7,85,11.4,242,0.0,715.0,23.03,72.58
2024-07-12 03:00:00,27.6,86,11.4,246,0.0,685.0,23.03,72.58
2024-07-12 04:00:00,27.6,84,12.3,249,0.0,675.0,23.03,72.58
2024-07-12 05:00:00,27.6,84,12.1,243,0.0,640.0,23.03,72.58
2024-07-12 06:00:00,27.6,86,11.6,234,0.0,625.0,23.03,72.58
2024-07-12 07:00:00,28.0,83,14.8,241,0.0,635.0,23.03,72.58
2024-07-12 08:00:00,28.4,81,16.1,243,0.1,660.0,23.03,72.58
2024-07-12 09:00:00,29.4,81,15.0,235,0.1,705.0,23.03,72.58
2024-07-12 10:00:00,30.8,74,15.6,241,0.0,745.0,23.03,72.58
2024-07-12 11:00:00,30.7,73,14.8,247,0.1,805.0,23.03,72.58
2024-07-12 12:00:00,31.5,69,18.1,247,0.1,1005.0,23.03,72.58
2024-07-12 13:00:00,31.2,74,14.7,248,0.7,1215.0,23.03,72.58
2024-07-12 14:00:00,32.7,67,13.4,265,0.1,1285.0,23.03,72.58
2024-07-12 15:00:00,29.7,82,16.6,219,0.7,840.0,23.03,72.58
2024-07-12 16:00:00,29.6,76,19.0,213,0.8,910.0,23.03,72.58
2024-07-12 17:00:00,29.0,83,17.4,204,0.3,840.0,23.03,72.58
2024-07-12 18:00:00,30.3,76,12.0,226,0.1,745.0,23.03,72.58
2024-07-12 19:00:00,29.2,81,11.5,226,0.1,620.0,23.03,72.58
2024-07-12 20:00:00,27.9,85,16.3,215,0.1,685.0,23.03,72.58
2024-07-12 21:00:00,26.9,89,13.0,208,1.1,655.0,23.03,72.58
2024-07-12 22:00:00,26.5,90,12.6,193,0.8,655.0,23.03,72.58
2024-07-12 23:00:00,26.1,94,13.7,185,0.1,695.0,23.03,72.58
2024-07-13 00:00:00,25.8,96,12.1,190,0.2,730.0,23.03,72.58
2024-07-13 01:00:00,25.8,95,11.9,194,0.0,760.0,23.03,72.58
2024-07-13 02:00:00,26.0,95,10.0,201,0.0,760.0,23.03,72.58
2024-07-13 03:00:00,26.1,94,10.0,221,0.0,720.0,23.03,72.58
2024-07-13 04:00:00,26.1,93,10.0,229,0.0,600.0,23.03,72.58
2024-07-13 05:00:00,25.8,94,7.9,231,0.0,475.0,23.03,72.58
2024-07-13 06:00:00,26.6,92,8.9,207,0.0,370.0,23.03,72.58
2024-07-13 07:00:00,27.4,89,9.4,212,0.0,605.0,23.03,72.58
2024-07-13 08:00:00,28.7,81,13.2,244,0.1,705.0,23.03,72.58
2024-07-13 09:00:00,29.5,78,14.6,250,0.3,705.0,23.03,72.58
2024-07-13 10:00:00,30.5,75,11.8,247,0.0,830.0,23.03,72.58
2024-07-13 11:00:00,31.4,71,13.7,256,0.3,830.0,23.03,72.58
2024-07-13 12:00:00,31.9,70,14.0,247,0.4,905.0,23.03,72.58
2024-07-13 13:00:00,32.2,70,14.2,243,0.4,960.0,23.03,72.58
2024-07-13 14:00:00,32.6,69,13.1,238,0.0,980.0,23.03,72.58
2024-07-13 15:00:00,33.1,65,14.2,249,0.0,1280.0,23.03,72.58
2024-07-13 16:00:00,31.2,72,15.4,249,0.3,1155.0,23.03,72.58
2024-07-13 17:00:00,31.9,69,10.7,225,0.2,980.0,23.03,72.58
2024-07-13 18:00:00,31.5,72,8.8,199,0.0,525.0,23.03,72.58
2024-07-13 19:00:00,29.9,79,12.6,175,0.0,150.0,23.03,72.58
2024-07-13 20:00:00,29.0,84,12.2,182,0.0,145.0,23.03,72.58
2024-07-13 21:00:00,28.7,85,8.0,198,0.2,250.0,23.03,72.58
2024-07-13 22:00:00,28.2,88,11.2,176,0.1,395.0,23.03,72.58
2024-07-13 23:00:00,27.8,90,8.5,192,0.0,540.0,23.03,72.58
2024-07-14 00:00:00,27.8,88,8.7,232,0.0,580.0,23.03,72.58
2024-07-14 01:00:00,27.7,86,10.0,255,0.0,645.0,23.03,72.58
2024-07-14 02:00:00,27.4,88,10.4,250,0.0,655.0,23.03,72.58
2024-07-14 03:00:00,27.0,90,10.2,252,0.0,680.0,23.03,72.58
2024-07-14 04:00:00,26.9,90,9.7,243,0.0,625.0,23.03,72.58
2024-07-14 05:00:00,26.8,90,9.2,244,0.0,565.0,23.03,72.58
2024-07-14 06:00:00,27.4,88,11.3,248,0.1,530.0,23.03,72.58
2024-07-14 07:00:00,27.5,88,10.2,280,0.2,540.0,23.03,72.58
2024-07-14 08:00:00,28.5,86,7.1,246,0.1,590.0,23.03,72.58
2024-07-14 09:00:00,29.2,82,9.7,270,0.0,650.0,23.03,72.58
2024-07-14 10:00:00,30.6,75,10.1,276,0.1,725.0,23.03,72.58
2024-07-14 11:00:00,31.3,72,8.8,261,0.1,770.0,23.03,72.58
2024-07-14 12:00:00,32.2,69,6.9,261,0.2,855.0,23.03,72.58
2024-07-14 13:00:00,33.0,65,9.3,257,0.1,925.0,23.03,72.58
2024-07-14 14:00:00,32.1,69,8.2,247,0.2,900.0,23.03,72.58
2024-07-14 15:00:00,32.5,67,6.2,234,0.0,1015.0,23.03,72.58
2024-07-14 16:00:00,32.6,65,9.5,261,0.2,1090.0,23.03,72.58
2024-07-14 17:00:00,31.7,69,9.9,213,0.1,1120.0,23.03,72.58
2024-07-14 18:00:00,33.1,66,3.9,146,0.0,950.0,23.03,72.58
2024-07-14 19:00:00,31.4,71,7.0,159,0.0,215.0,23.03,72.58
2024-07-14 20:00:00,30.4,74,14.9,200,0.0,250.0,23.03,72.58
2024-07-14 21:00:00,29.2,85,11.8,203,0.0,325.0,23.03,72.58
2024-07-14 22:00:00,28.7,86,10.8,195,0.0,360.0,23.03,72.58
2024-07-14 23:00:00,28.3,87,10.8,201,0.0,325.0,23.03,72.58
2024-07-15 00:00:00,28.1,88,9.7,222,0.0,300.0,23.03,72.58
2024-07-15 01:00:00,27.7,89,7.9,227,0.0,280.0,23.03,72.58
2024-07-15 02:00:00,27.5,89,7.0,235,0.0,260.0,23.03,72.58
2024-07-15 03:00:00,27.4,89,8.9,249,0.0,475.0,23.03,72.58
2024-07-15 04:00:00,27.2,90,9.2,259,0.0,490.0,23.03,72.58
2024-07-15 05:00:00,27.1,91,8.3,270,0.0,475.0,23.03,72.58
2024-07-15 06:00:00,27.2,88,3.4,238,1.7,480.0,23.03,72.58
2024-07-15 07:00:00,26.9,91,2.0,135,3.4,520.0,23.03,72.58
2024-07-15 08:00:00,26.6,94,3.3,221,1.4,580.0,23.03,72.58
2024-07-15 09:00:00,27.3,90,6.3,246,0.6,675.0,23.03,72.58
2024-07-15 10:00:00,28.6,87,5.4,266,0.4,630.0,23.03,72.58
2024-07-15 11:00:00,30.7,77,8.3,268,0.1,655.0,23.03,72.58
2024-07-15 12:00:00,27.4,90,11.2,225,10.7,720.0,23.03,72.58
2024-07-15 13:00:00,28.4,85,6.3,257,1.8,835.0,23.03,72.58
2024-07-15 14:00:00,29.2,84,5.2,286,0.4,925.0,23.03,72.58
2024-07-15 15:00:00,30.6,77,10.0,283,0.3,945.0,23.03,72.58
2024-07-15 16:00:00,30.5,79,7.6,270,0.2,315.0,23.03,72.58
2024-07-15 17:00:00,30.4,81,3.7,281,0.2,210.0,23.03,72.58
2024-07-15 18:00:00,26.7,95,5.9,256,6.0,155.0,23.03,72.58
2024-07-15 19:00:00,26.8,96,4.2,239,0.9,155.0,23.03,72.58
2024-07-15 20:00:00,26.9,96,5.2,282,0.9,190.0,23.03,72.58
2024-07-15 21:00:00,27.1,94,4.3,270,0.2,230.0,23.03,72.58
2024-07-15 22:00:00,27.0,95,6.0,253,0.0,220.0,23.03,72.58
2024-07-15 23:00:00,26.7,96,4.5,241,0.1,195.0,23.03,72.58
2024-07-16 00:00:00,26.3,98,9.0,178,0.6,220.0,23.03,72.58
2024-07-16 01:00:00,26.0,99,4.8,243,1.2,255.0,23.03,72.58
2024-07-16 02:00:00,25.8,98,6.3,204,6.8,270.0,23.03,72.58
2024-07-16 03:00:00,25.8,97,3.8,287,1.7,245.0,23.03,72.58
2024-07-16 04:00:00,25.8,97,2.9,30,0.2,245.0,23.03,72.58
2024-07-16 05:00:00,25.6,98,4.5,299,1.2,275.0,23.03,72.58
2024-07-16 06:00:00,26.2,96,0.4,180,0.3,265.0,23.03,72.58
2024-07-16 07:00:00,26.6,95,3.2,117,0.2,250.0,23.03,72.58
2024-07-16 08:00:00,27.1,92,4.3,294,0.2,310.0,23.03,72.58
2024-07-16 09:00:00,28.8,84,7.2,323,0.1,475.0,23.03,72.58
2024-07-16 10:00:00,30.1,78,6.6,338,0.2,770.0,23.03,72.58
2024-07-16 11:00:00,30.4,76,5.1,356,0.1,515.0,23.03,72.58
2024-07-16 12:00:00,31.3,74,3.3,347,0.1,770.0,23.03,72.58
2024-07-16 13:00:00,32.2,72,2.9,30,0.2,800.0,23.03,72.58
2024-07-16 14:00:00,32.7,71,4.4,81,0.1,935.0,23.03,72.58
2024-07-16 15:00:00,32.7,72,5.4,86,0.3,1005.0,23.03,72.58
2024-07-16 16:00:00,32.8,72,5.5,113,0.2,940.0,23.03,72.58
2024-07-16 17:00:00,31.3,75,5.2,78,7.1,850.0,23.03,72.58
2024-07-16 18:00:00,31.9,72,6.1,140,0.3,580.0,23.03,72.58
2024-07-16 19:00:00,30.3,81,8.2,128,0.5,420.0,23.03,72.58
2024-07-16 20:00:00,28.9,90,8.6,178,5.8,440.0,23.03,72.58
2024-07-16 21:00:00,28.2,90,13.0,186,0.5,405.0,23.03,72.58
2024-07-16 22:00:00,27.4,93,9.4,162,2.7,365.0,23.03,72.58
2024-07-16 23:00:00,27.3,92,10.0,165,0.0,335.0,23.03,72.58
2024-07-17 00:00:00,27.1,93,10.0,167,0.0,340.0,23.03,72.58
2024-07-17 01:00:00,27.1,93,12.5,168,0.1,345.0,23.03,72.58
2024-07-17 02:00:00,27.0,93,8.3,185,0.0,315.0,23.03,72.58
2024-07-17 03:00:00,26.8,94,8.2,165,0.0,205.0,23.03,72.58
2024-07-17 04:00:00,26.7,94,8.5,168,0.0,240.0,23.03,72.58
2024-07-17 05:00:00,26.6,95,8.0,172,0.0,290.0,23.03,72.58
2024-07-17 06:00:00,26.6,96,8.2,151,0.1,325.0,23.03,72.58
2024-07-17 07:00:00,27.2,92,8.3,178,0.1,375.0,23.03,72.58
2024-07-17 08:00:00,28.0,88,11.9,205,0.1,460.0,23.03,72.58
2024-07-17 09:00:00,29.0,82,11.8,200,0.0,585.0,23.03,72.58
2024-07-17 10:00:00,30.6,74,13.6,192,0.1,735.0,23.03,72.58
2024-07-17 11:00:00,31.0,72,12.4,190,0.0,825.0,23.03,72.58
2024-07-17 12:00:00,31.8,69,13.5,189,0.0,945.0,23.03,72.58
2024-07-17 13:00:00,32.1,68,15.0,191,0.0,965.0,23.03,72.58
2024-07-17 14:00:00,32.7,65,13.9,197,0.1,970.0,23.03,72.58
2024-07-17 15:00:00,32.8,64,13.9,197,0.1,935.0,23.03,72.58
2024-07-17 16:00:00,31.5,71,13.2,197,0.5,1050.0,23.03,72.58
2024-07-17 17:00:00,31.5,71,11.4,193,0.0,910.0,23.03,72.58
2024-07-17 18:00:00,30.6,73,14.4,183,0.0,780.0,23.03,72.58
2024-07-17 19:00:00,29.4,77,15.5,181,0.0,665.0,23.03,72.58
2024-07-17 20:00:00,28.5,81,15.2,176,0.0,600.0,23.03,72.58
2024-07-17 21:00:00,28.2,82,13.0,180,0.0,560.0,23.03,72.58
2024-07-17 22:00:00,28.1,83,13.0,174,0.0,485.0,23.03,72.58
2024-07-17 23:00:00,27.9,84,13.0,174,0.0,455.0,23.03,72.58
2024-07-18 00:00:00,27.7,86,13.1,171,0.0,440.0,23.03,72.58
2024-07-18 01:00:00,27.5,88,11.2,178,0.0,405.0,23.03,72.58
2024-07-18 02:00:00,27.4,89,13.4,186,0.1,385.0,23.03,72.58
2024-07-18 03:00:00,27.2,89,12.5,192,0.1,400.0,23.03,72.58
2024-07-18 04:00:00,26.9,90,12.0,196,0.1,385.0,23.03,72.58
2024-07-18 05:00:00,26.6,91,9.5,209,0.0,365.0,23.03,72.58
2024-07-18 06:00:00,27.4,87,8.8,168,0.0,330.0,23.03,72.58
2024-07-18 07:00:00,28.0,85,10.8,180,0.0,385.0,23.03,72.58
2024-07-18 08:00:00,28.3,83,11.2,195,0.0,450.0,23.03,72.58
2024-07-18 09:00:00,29.4,79,10.3,192,0.1,540.0,23.03,72.58
2024-07-18 10:00:00,30.3,75,9.4,176,0.1,610.0,23.03,72.58
2024-07-18 11:00:00,31.7,69,9.7,180,0.0,700.0,23.03,72.58
2024-07-18 12:00:00,32.8,65,8.8,171,0.0,735.0,23.03,72.58
2024-07-18 13:00:00,32.7,65,8.9,159,0.1,650.0,23.03,72.58
2024-07-18 14:00:00,33.6,62,10.8,150,0.1,595.0,23.03,72.58
2024-07-18 15:00:00,32.1,68,17.5,172,0.7,755.0,23.03,72.58
2024-07-18 16:00:00,29.0,88,8.4,137,10.1,945.0,23.03,72.58
2024-07-18 17:00:00,28.7,84,13.0,166,6.1,955.0,23.03,72.58
2024-07-18 18:00:00,30.8,74,13.4,156,0.0,745.0,23.03,72.58
2024-07-18 19:00:00,29.6,79,17.6,165,0.0,565.0,23.03,72.58
2024-07-18 20:00:00,28.9,81,14.6,171,0.0,465.0,23.03,72.58
2024-07-18 21:00:00,28.3,83,10.7,168,0.0,420.0,23.03,72.58
2024-07-18 22:00:00,27.9,85,9.6,146,0.0,395.0,23.03,72.58
2024-07-18 23:00:00,27.4,86,11.5,131,0.0,375.0,23.03,72.58
2024-07-19 00:00:00,27.1,88,11.0,122,0.0,375.0,23.03,72.58
2024-07-19 01:00:00,27.1,88,13.5,136,0.0,375.0,23.03,72.58
2024-07-19 02:00:00,27.1,87,12.3,142,0.0,350.0,23.03,72.58
2024-07-19 03:00:00,27.1,88,8.7,135,0.0,315.0,23.03,72.58
2024-07-19 04:00:00,27.2,88,7.6,135,0.0,300.0,23.03,72.58
2024-07-19 05:00:00,27.2,88,6.8,148,0.0,325.0,23.03,72.58
2024-07-19 06:00:00,27.4,90,9.2,141,0.0,335.0,23.03,72.58
2024-07-19 07:00:00,27.8,88,9.7,135,0.0,310.0,23.03,72.58
2024-07-19 08:00:00,28.5,86,10.6,125,0.0,385.0,23.03,72.58
2024-07-19 09:00:00,29.3,82,11.5,122,0.1,470.0,23.03,72.58
2024-07-19 10:00:00,30.7,77,13.9,121,0.2,640.0,23.03,72.58
2024-07-19 11:00:00,31.6,73,14.8,129,0.2,685.0,23.03,72.58
2024-07-19 12:00:00,31.7,71,18.2,141,0.2,720.0,23.03,72.58
2024-07-19 13:00:00,29.7,81,20.5,156,1.6,815.0,23.03,72.58
2024-07-19 14:00:00,29.8,80,18.4,163,0.1,705.0,23.03,72.58
2024-07-19 15:00:00,30.9,76,16.6,179,0.1,865.0,23.03,72.58
2024-07-19 16:00:00,30.9,74,14.0,181,0.0,815.0,23.03,72.58
2024-07-19 17:00:00,30.9,73,14.1,177,0.0,725.0,23.03,72.58
2024-07-19 18:00:00,28.8,79,12.8,164,0.0,695.0,23.03,72.58
2024-07-19 19:00:00,28.2,80,13.5,151,0.0,700.0,23.03,72.58
2024-07-19 20:00:00,27.8,83,13.6,140,0.0,745.0,23.03,72.58
2024-07-19 21:00:00,27.5,86,15.1,152,0.3,735.0,23.03,72.58
2024-07-19 22:00:00,27.2,89,16.5,160,0.2,690.0,23.03,72.58
2024-07-19 23:00:00,26.9,90,15.7,164,0.0,650.0,23.03,72.58
2024-07-20 00:00:00,26.8,90,14.0,162,0.0,605.0,23.03,72.58
2024-07-20 01:00:00,26.7,91,11.4,152,0.1,560.0,23.03,72.58
2024-07-20 02:00:00,26.7,91,10.5,149,0.0,495.0,23.03,72.58
2024-07-20 03:00:00,26.6,92,10.8,154,0.1,385.0,23.03,72.58
2024-07-20 04:00:00,26.5,94,8.5,152,0.1,330.0,23.03,72.58
2024-07-20 05:00:00,26.4,95,9.5,155,0.1,335.0,23.03,72.58
2024-07-20 06:00:00,27.2,91,12.7,155,0.0,360.0,23.03,72.58
2024-07-20 07:00:00,27.5,90,12.1,163,0.0,420.0,23.03,72.58
2024-07-20 08:00:00,28.1,87,11.4,167,0.1,440.0,23.03,72.58
2024-07-20 09:00:00,28.9,82,9.6,167,0.1,510.0,23.03,72.58
2024-07-20 10:00:00,30.0,77,11.6,150,0.1,660.0,23.03,72.58
2024-07-20 11:00:00,30.2,76,16.0,157,0.0,810.0,23.03,72.58
2024-07-20 12:00:00,30.6,75,14.1,161,0.0,850.0,23.03,72.58
2024-07-20 13:00:00,31.8,70,15.2,158,0.2,945.0,23.03,72.58
2024-07-20 14:00:00,32.2,68,16.3,166,0.1,905.0,23.03,72.58
2024-07-20 15:00:00,32.4,67,15.9,174,0.2,990.0,23.03,72.58
2024-07-20 16:00:00,32.1,68,17.7,178,0.1,840.0,23.03,72.58
2024-07-20 17:00:00,31.6,69,17.7,178,0.2,720.0,23.03,72.58
2024-07-20 18:00:00,30.3,75,15.0,170,0.0,635.0,23.03,72.58
2024-07-20 19:00:00,29.2,78,14.6,171,0.0,570.0,23.03,72.58
2024-07-20 20:00:00,28.7,80,13.4,174,0.0,510.0,23.03,72.58
2024-07-20 21:00:00,28.0,85,12.1,163,0.0,490.0,23.03,72.58
2024-07-20 22:00:00,27.7,87,11.9,155,0.0,500.0,23.03,72.58
2024-07-20 23:00:00,27.6,89,11.2,165,0.0,505.0,23.03,72.58
2024-07-21 00:00:00,27.5,89,10.9,172,0.0,475.0,23.03,72.58
2024-07-21 01:00:00,27.3,89,11.5,176,0.0,465.0,23.03,72.58
2024-07-21 02:00:00,27.1,90,10.7,168,0.0,450.0,23.03,72.58
2024-07-21 03:00:00,26.6,92,8.3,162,0.0,435.0,23.03,72.58
2024-07-21 04:00:00,26.4,94,5.6,165,0.0,430.0,23.03,72.58
2024-07-21 05:00:00,26.2,95,6.9,137,0.0,420.0,23.03,72.58
2024-07-21 06:00:00,26.9,90,5.1,176,0.0,415.0,23.03,72.58
2024-07-21 07:00:00,27.4,88,6.1,180,0.0,405.0,23.03,72.58
2024-07-21 08:00:00,28.4,83,7.6,185,0.0,420.0,23.03,72.58
2024-07-21 09:00:00,29.5,77,7.7,191,0.0,555.0,23.03,72.58
2024-07-21 10:00:00,30.2,75,7.6,185,0.1,650.0,23.03,72.58
2024-07-21 11:00:00,31.1,71,8.3,182,0.2,680.0,23.03,72.58
2024-07-21 12:00:00,31.8,68,9.4,182,0.1,675.0,23.03,72.58
2024-07-21 13:00:00,32.6,64,9.7,180,0.1,885.0,23.03,72.58
2024-07-21 14:00:00,32.6,66,10.9,189,0.0,930.0,23.03,72.58
2024-07-21 15:00:00,33.1,64,10.1,197,0.0,925.0,23.03,72.58
2024-07-21 16:00:00,32.6,66,10.5,207,0.0,920.0,23.03,72.58
2024-07-21 17:00:00,32.6,65,11.1,209,0.0,875.0,23.03,72.58
2024-07-21 18:00:00,31.0,74,7.1,165,0.0,795.0,23.03,72.58
2024-07-21 19:00:00,30.1,79,6.0,163,0.0,365.0,23.03,72.58
2024-07-21 20:00:00,29.6,81,11.2,174,0.0,450.0,23.03,72.58
2024-07-21 21:00:00,29.0,84,11.6,187,0.0,460.0,23.03,72.58
2024-07-21 22:00:00,28.5,87,10.1,178,0.0,465.0,23.03,72.58
2024-07-21 23:00:00,28.1,90,9.2,191,0.0,505.0,23.03,72.58
2024-07-22 00:00:00,27.9,90,9.0,209,0.0,530.0,23.03,72.58
2024-07-22 01:00:00,27.8,89,10.9,224,0.0,550.0,23.03,72.58
2024-07-22 02:00:00,27.5,90,13.6,230,0.0,585.0,23.03,72.58
2024-07-22 03:00:00,27.4,89,13.2,235,0.0,530.0,23.03,72.58
2024-07-22 04:00:00,27.0,93,10.2,231,0.7,460.0,23.03,72.58
2024-07-22 05:00:00,26.8,95,10.0,229,0.4,420.0,23.03,72.58
2024-07-22 06:00:00,26.7,95,8.0,216,0.2,345.0,23.03,72.58
2024-07-22 07:00:00,26.8,95,8.0,216,0.3,350.0,23.03,72.58
2024-07-22 08:00:00,26.9,95,6.8,205,0.3,370.0,23.03,72.58
2024-07-22 09:00:00,27.8,93,6.2,187,0.2,330.0,23.03,72.58
2024-07-22 10:00:00,28.9,86,10.2,203,0.2,565.0,23.03,72.58
2024-07-22 11:00:00,30.5,77,9.7,219,0.2,720.0,23.03,72.58
2024-07-22 12:00:00,28.7,85,9.7,195,1.1,725.0,23.03,72.58
2024-07-22 13:00:00,30.3,80,11.4,191,0.3,945.0,23.03,72.58
2024-07-22 14:00:00,30.8,78,13.0,183,0.2,600.0,23.03,72.58
2024-07-22 15:00:00,30.7,76,14.1,174,0.4,605.0,23.03,72.58
2024-07-22 16:00:00,29.1,82,17.1,198,2.2,675.0,23.03,72.58
2024-07-22 17:00:00,28.8,83,14.2,189,0.0,665.0,23.03,72.58
2024-07-22 18:00:00,28.7,82,18.8,192,0.0,670.0,23.03,72.58
2024-07-22 19:00:00,27.8,85,15.9,205,0.0,605.0,23.03,72.58
2024-07-22 20:00:00,27.6,86,14.5,203,0.0,550.0,23.03,72.58
2024-07-22 21:00:00,27.4,87,15.6,203,0.0,555.0,23.03,72.58
2024-07-22 22:00:00,27.0,89,14.0,206,0.2,580.0,23.03,72.58
2024-07-22 23:00:00,26.7,90,13.2,202,0.1,570.0,23.03,72.58
2024-07-23 00:00:00,26.6,90,12.3,201,0.0,575.0,23.03,72.58
2024-07-23 01:00:00,26.5,90,13.5,196,0.0,625.0,23.03,72.58
2024-07-23 02:00:00,26.6,89,13.9,197,0.0,645.0,23.03,72.58
2024-07-23 03:00:00,26.6,90,15.5,208,0.1,385.0,23.03,72.58
2024-07-23 04:00:00,26.6,90,15.5,216,0.0,405.0,23.03,72.58
2024-07-23 05:00:00,26.6,90,13.9,211,0.0,540.0,23.03,72.58
2024-07-23 06:00:00,26.6,94,14.1,220,0.1,645.0,23.03,72.58
2024-07-23 07:00:00,26.8,93,14.6,218,0.1,725.0,23.03,72.58
2024-07-23 08:00:00,27.3,91,18.8,225,0.3,880.0,23.03,72.58
2024-07-23 09:00:00,28.0,85,17.8,223,0.3,975.0,23.03,72.58
2024-07-23 10:00:00,28.5,83,18.1,226,0.2,1050.0,23.03,72.58
2024-07-23 11:00:00,29.7,76,18.9,228,0.1,1055.0,23.03,72.58
2024-07-23 12:00:00,30.6,72,18.4,231,0.3,1090.0,23.03,72.58
2024-07-23 13:00:00,30.7,71,17.6,235,0.1,1075.0,23.03,72.58
2024-07-23 14:00:00,31.3,69,15.5,239,0.1,1040.0,23.03,72.58
2024-07-23 15:00:00,31.6,67,13.6,238,0.1,715.0,23.03,72.58
2024-07-23 16:00:00,31.7,66,18.6,224,0.0,710.0,23.03,72.58
2024-07-23 17:00:00,29.2,81,15.9,193,0.0,675.0,23.03,72.58
2024-07-23 18:00:00,28.0,91,15.5,205,1.1,630.0,23.03,72.58
2024-07-23 19:00:00,27.5,91,14.8,206,0.1,585.0,23.03,72.58
2024-07-23 20:00:00,27.2,92,13.2,206,0.1,565.0,23.03,72.58
2024-07-23 21:00:00,27.3,91,13.5,228,0.1,560.0,23.03,72.58
2024-07-23 22:00:00,27.1,92,13.6,233,0.2,565.0,23.03,72.58
2024-07-23 23:00:00,26.8,93,15.1,232,0.1,565.0,23.03,72.58
2024-07-24 00:00:00,26.6,93,16.3,229,0.1,590.0,23.03,72.58
2024-07-24 01:00:00,26.6,91,17.8,238,0.2,600.0,23.03,72.58
2024-07-24 02:00:00,26.2,93,17.2,241,0.3,590.0,23.03,72.58
2024-07-24 03:00:00,26.2,93,16.9,243,0.1,450.0,23.03,72.58
2024-07-24 04:00:00,26.2,93,15.0,243,0.0,415.0,23.03,72.58
2024-07-24 05:00:00,26.2,93,14.7,245,0.1,415.0,23.03,72.58
2024-07-24 06:00:00,26.1,97,12.7,241,3.3,470.0,23.03,72.58
2024-07-24 07:00:00,26.2,97,12.4,234,1.2,475.0,23.03,72.58
2024-07-24 08:00:00,26.5,95,14.8,244,0.4,475.0,23.03,72.58
2024-07-24 09:00:00,26.8,91,15.5,252,0.5,480.0,23.03,72.58
2024-07-24 10:00:00,27.3,89,14.9,255,0.2,465.0,23.03,72.58
2024-07-24 11:00:00,27.8,88,12.5,237,0.1,470.0,23.03,72.58
2024-07-24 12:00:00,28.0,87,14.6,230,0.2,470.0,23.03,72.58
2024-07-24 13:00:00,29.3,82,14.4,238,0.1,465.0,23.03,72.58
2024-07-24 14:00:00,28.8,85,15.2,216,0.9,490.0,23.03,72.58
2024-07-24 15:00:00,29.0,86,14.4,217,1.0,710.0,23.03,72.58
2024-07-24 16:00:00,28.0,87,15.0,224,3.8,750.0,23.03,72.58
2024-07-24 17:00:00,28.1,87,15.9,231,0.4,730.0,23.03,72.58
2024-07-24 18:00:00,28.5,80,17.2,237,0.1,700.0,23.03,72.58
2024-07-24 19:00:00,27.7,84,17.7,231,0.4,665.0,23.03,72.58
2024-07-24 20:00:00,26.8,90,14.0,235,0.5,680.0,23.03,72.58
2024-07-24 21:00:00,26.6,92,12.7,225,0.9,685.0,23.03,72.58
2024-07-24 22:00:00,26.4,93,14.5,228,0.5,680.0,23.03,72.58
2024-07-24 23:00:00,26.3,93,14.3,231,0.2,680.0,23.03,72.58
2024-07-25 00:00:00,26.1,94,11.2,225,0.2,640.0,23.03,72.58
2024-07-25 01:00:00,26.1,94,14.5,243,2.5,615.0,23.03,72.58
2024-07-25 02:00:00,26.0,94,13.7,243,2.4,640.0,23.03,72.58
2024-07-25 03:00:00,26.0,94,15.6,251,1.0,645.0,23.03,72.58
2024-07-25 04:00:00,26.0,93,15.8,249,0.7,685.0,23.03,72.58
2024-07-25 05:00:00,25.9,93,14.3,245,0.9,660.0,23.03,72.58
2024-07-25 06:00:00,26.3,93,13.5,226,0.1,615.0,23.03,72.58
2024-07-25 07:00:00,26.8,91,15.6,230,0.0,640.0,23.03,72.58
2024-07-25 08:00:00,27.4,87,17.6,244,0.0,695.0,23.03,72.58
2024-07-25 09:00:00,28.3,82,19.7,249,0.0,740.0,23.03,72.58
2024-07-25 10:00:00,28.9,78,21.1,253,0.1,755.0,23.03,72.58
2024-07-25 11:00:00,29.1,77,18.0,258,0.1,725.0,23.03,72.58
2024-07-25 12:00:00,30.1,73,18.4,253,0.3,760.0,23.03,72.58
2024-07-25 13:00:00,30.4,71,18.3,254,0.1,820.0,23.03,72.58
2024-07-25 14:00:00,30.1,72,17.6,255,0.0,800.0,23.03,72.58
2024-07-25 15:00:00,30.4,71,18.7,251,0.5,740.0,23.03,72.58
2024-07-25 16:00:00,29.9,76,17.9,251,0.5,775.0,23.03,72.58
2024-07-25 17:00:00,26.8,91,14.8,229,0.8,765.0,23.03,72.58
2024-07-25 18:00:00,26.3,91,5.1,231,1.3,750.0,23.03,72.58
2024-07-25 19:00:00,26.0,93,7.0,215,1.6,720.0,23.03,72.58
2024-07-25 20:00:00,25.9,94,8.9,207,3.2,700.0,23.03,72.58
2024-07-25 21:00:00,25.9,95,9.2,219,3.0,715.0,23.03,72.58
2024-07-25 22:00:00,26.0,95,10.7,222,1.9,745.0,23.03,72.58
2024-07-25 23:00:00,26.2,95,13.2,223,0.6,760.0,23.03,72.58
2024-07-26 00:00:00,26.2,93,14.0,235,0.1,795.0,23.03,72.58
2024-07-26 01:00:00,26.1,93,11.6,234,0.0,840.0,23.03,72.58
2024-07-26 02:00:00,26.0,93,10.5,229,0.0,870.0,23.03,72.58
2024-07-26 03:00:00,26.0,92,10.2,231,0.1,790.0,23.03,72.58
2024-07-26 04:00:00,25.8,93,9.7,228,0.1,745.0,23.03,72.58
2024-07-26 05:00:00,25.9,92,11.0,232,0.0,710.0,23.03,72.58
2024-07-26 06:00:00,26.5,92,13.4,234,0.5,685.0,23.03,72.58
2024-07-26 07:00:00,26.9,90,12.4,234,0.0,700.0,23.03,72.58
2024-07-26 08:00:00,27.5,86,15.6,251,0.1,745.0,23.03,72.58
2024-07-26 09:00:00,28.1,86,14.1,255,0.3,745.0,23.03,72.58
2024-07-26 10:00:00,28.7,82,16.2,257,0.1,720.0,23.03,72.58
2024-07-26 11:00:00,29.7,77,17.5,256,0.1,685.0,23.03,72.58
2024-07-26 12:00:00,29.4,81,14.2,254,0.4,755.0,23.03,72.58
2024-07-26 13:00:00,29.9,79,14.5,256,0.0,775.0,23.03,72.58
2024-07-26 14:00:00,30.9,75,13.0,251,0.1,830.0,23.03,72.58
2024-07-26 15:00:00,31.0,75,13.4,246,0.1,645.0,23.03,72.58
2024-07-26 16:00:00,31.1,72,15.3,243,0.0,705.0,23.03,72.58
2024-07-26 17:00:00,31.0,72,15.0,246,0.0,760.0,23.03,72.58
2024-07-26 18:00:00,29.2,80,8.5,242,0.4,660.0,23.03,72.58
2024-07-26 19:00:00,28.2,86,4.1,232,0.0,575.0,23.03,72.58
2024-07-26 20:00:00,27.8,88,6.3,193,0.0,395.0,23.03,72.58
2024-07-26 21:00:00,27.6,88,9.1,198,0.1,380.0,23.03,72.58
2024-07-26 22:00:00,27.4,88,10.2,219,0.0,440.0,23.03,72.58
2024-07-26 23:00:00,27.1,89,10.2,219,0.0,515.0,23.03,72.58
2024-07-27 00:00:00,26.7,91,10.7,213,0.0,570.0,23.03,72.58
2024-07-27 01:00:00,26.6,92,10.3,216,0.0,595.0,23.03,72.58
2024-07-27 02:00:00,26.6,92,11.8,230,0.1,640.0,23.03,72.58
2024-07-27 03:00:00,26.3,93,12.2,236,0.4,745.0,23.03,72.58
2024-07-27 04:00:00,26.1,94,12.3,238,0.8,700.0,23.03,72.58
2024-07-27 05:00:00,26.0,94,11.5,238,0.6,595.0,23.03,72.58
2024-07-27 06:00:00,26.4,93,11.5,229,2.7,470.0,23.03,72.58
2024-07-27 07:00:00,26.4,94,10.7,225,0.4,490.0,23.03,72.58
2024-07-27 08:00:00,27.0,90,14.8,231,0.1,580.0,23.03,72.58
2024-07-27 09:00:00,27.8,85,15.8,249,0.2,655.0,23.03,72.58
2024-07-27 10:00:00,27.5,86,13.7,252,0.3,665.0,23.03,72.58
2024-07-27 11:00:00,28.0,84,15.0,253,0.4,700.0,23.03,72.58
2024-07-27 12:00:00,28.4,82,14.0,252,0.2,745.0,23.03,72.58
2024-07-27 13:00:00,29.3,78,14.8,252,0.1,775.0,23.03,72.58
2024-07-27 14:00:00,30.3,72,16.6,257,0.2,710.0,23.03,72.58
2024-07-27 15:00:00,29.9,75,15.4,259,0.0,670.0,23.03,72.58
2024-07-27 16:00:00,29.5,77,14.0,252,0.0,700.0,23.03,72.58
2024-07-27 17:00:00,29.4,77,13.0,251,0.1,695.0,23.03,72.58
2024-07-27 18:00:00,27.9,87,5.6,230,0.1,635.0,23.03,72.58
2024-07-27 19:00:00,27.5,93,2.2,189,0.3,555.0,23.03,72.58
2024-07-27 20:00:00,27.3,93,3.2,180,0.2,500.0,23.03,72.58
2024-07-27 21:00:00,27.1,94,6.4,207,0.7,455.0,23.03,72.58
2024-07-27 22:00:00,26.8,95,8.2,195,0.7,385.0,23.03,72.58
2024-07-27 23:00:00,26.6,96,9.5,209,0.4,365.0,23.03,72.58
2024-07-28 00:00:00,26.4,96,9.2,219,0.1,360.0,23.03,72.58
2024-07-28 01:00:00,26.3,95,9.7,225,0.0,395.0,23.03,72.58
2024-07-28 02:00:00,26.1,95,10.6,215,0.0,445.0,23.03,72.58
2024-07-28 03:00:00,25.8,96,7.8,236,0.0,315.0,23.03,72.58
2024-07-28 04:00:00,25.9,95,9.2,239,0.0,340.0,23.03,72.58
2024-07-28 05:00:00,25.9,95,9.7,243,0.0,420.0,23.03,72.58
2024-07-28 06:00:00,26.5,95,7.8,248,0.5,440.0,23.03,72.58
2024-07-28 07:00:00,26.6,96,8.6,255,2.3,440.0,23.03,72.58
2024-07-28 08:00:00,26.9,95,12.8,259,1.2,565.0,23.03,72.58
2024-07-28 09:00:00,27.6,91,15.4,259,0.5,575.0,23.03,72.58
2024-07-28 10:00:00,27.8,90,13.3,267,0.4,490.0,23.03,72.58
2024-07-28 11:00:00,28.2,88,12.2,270,0.1,515.0,23.03,72.58
2024-07-28 12:00:00,29.6,82,10.5,274,0.1,605.0,23.03,72.58
2024-07-28 13:00:00,30.3,78,10.5,266,0.1,635.0,23.03,72.58
2024-07-28 14:00:00,30.9,75,11.2,268,0.0,670.0,23.03,72.58
2024-07-28 15:00:00,31.3,72,11.9,270,0.0,705.0,23.03,72.58
2024-07-28 16:00:00,31.4,71,10.3,258,0.0,510.0,23.03,72.58
2024-07-28 17:00:00,31.2,71,9.5,241,0.0,180.0,23.03,72.58
2024-07-28 18:00:00,27.7,90,7.1,225,0.3,165.0,23.03,72.58
2024-07-28 19:00:00,27.3,95,6.4,196,2.9,130.0,23.03,72.58
2024-07-28 20:00:00,27.1,95,6.6,209,0.2,110.0,23.03,72.58
2024-07-28 21:00:00,26.8,96,8.4,200,0.1,130.0,23.03,72.58
2024-07-28 22:00:00,26.4,97,10.1,215,0.5,185.0,23.03,72.58
2024-07-28 23:00:00,26.4,97,6.9,219,0.1,210.0,23.03,72.58
2024-07-29 00:00:00,26.0,98,7.1,229,0.6,235.0,23.03,72.58
2024-07-29 01:00:00,26.1,98,7.6,239,0.0,245.0,23.03,72.58
2024-07-29 02:00:00,26.1,97,6.7,254,0.0,270.0,23.03,72.58
2024-07-29 03:00:00,26.2,97,8.0,265,0.5,305.0,23.03,72.58
2024-07-29 04:00:00,26.0,97,12.4,292,1.1,355.0,23.03,72.58
2024-07-29 05:00:00,25.9,97,6.8,288,1.0,430.0,23.03,72.58
2024-07-29 06:00:00,27.1,97,14.2,286,2.7,460.0,23.03,72.58
2024-07-29 07:00:00,27.5,93,16.5,293,2.0,445.0,23.03,72.58
2024-07-29 08:00:00,27.1,95,20.1,294,4.2,480.0,23.03,72.58
2024-07-29 09:00:00,27.5,91,17.9,300,2.6,515.0,23.03,72.58
2024-07-29 10:00:00,27.0,95,18.6,314,17.9,540.0,23.03,72.58
2024-07-29 11:00:00,27.6,93,19.0,335,9.1,535.0,23.03,72.58
2024-07-29 12:00:00,27.3,95,5.4,143,22.8,535.0,23.03,72.58
2024-07-29 13:00:00,26.2,95,31.1,196,51.7,565.0,23.03,72.58
2024-07-29 14:00:00,26.9,93,25.7,185,9.9,590.0,23.03,72.58
2024-07-29 15:00:00,27.5,90,26.5,187,1.3,530.0,23.03,72.58
2024-07-29 16:00:00,28.1,86,25.1,193,0.1,580.0,23.03,72.58
2024-07-29 17:00:00,27.4,88,29.0,205,0.3,545.0,23.03,72.58
2024-07-29 18:00:00,27.1,92,14.5,215,0.2,415.0,23.03,72.58
2024-07-29 19:00:00,26.6,93,12.9,210,0.0,305.0,23.03,72.58
2024-07-29 20:00:00,26.6,93,13.0,214,0.0,325.0,23.03,72.58
2024-07-29 21:00:00,26.4,93,11.6,206,0.0,350.0,23.03,72.58
2024-07-29 22:00:00,26.4,93,11.1,205,0.1,385.0,23.03,72.58
2024-07-29 23:00:00,26.3,94,12.0,201,0.2,410.0,23.03,72.58
2024-07-30 00:00:00,26.2,95,11.4,198,0.2,405.0,23.03,72.58
2024-07-30 01:00:00,26.0,96,11.1,205,0.1,390.0,23.03,72.58
2024-07-30 02:00:00,26.0,96,11.3,202,0.1,390.0,23.03,72.58
2024-07-30 03:00:00,25.9,96,11.5,200,0.0,395.0,23.03,72.58
2024-07-30 04:00:00,25.9,95,12.6,200,0.0,375.0,23.03,72.58
2024-07-30 05:00:00,25.9,95,11.4,204,0.0,325.0,23.03,72.58
2024-07-30 06:00:00,26.3,95,11.8,218,0.1,280.0,23.03,72.58
2024-07-30 07:00:00,26.7,93,14.6,213,0.0,350.0,23.03,72.58
2024-07-30 08:00:00,27.3,89,16.5,224,0.0,495.0,23.03,72.58
2024-07-30 09:00:00,28.5,82,15.7,233,0.0,675.0,23.03,72.58
2024-07-30 10:00:00,29.4,78,13.5,228,0.0,885.0,23.03,72.58
2024-07-30 11:00:00,30.4,73,12.5,224,0.1,870.0,23.03,72.58
2024-07-30 12:00:00,31.2,71,12.8,218,0.3,955.0,23.03,72.58
2024-07-30 13:00:00,31.5,69,12.8,218,0.1,965.0,23.03,72.58
2024-07-30 14:00:00,31.3,70,15.8,227,0.3,965.0,23.03,72.58
2024-07-30 15:00:00,29.9,77,15.6,236,4.0,700.0,23.03,72.58
2024-07-30 16:00:00,30.0,79,7.9,246,0.2,675.0,23.03,72.58
2024-07-30 17:00:00,30.6,76,12.1,203,0.0,605.0,23.03,72.58
2024-07-30 18:00:00,27.8,88,12.0,196,1.6,625.0,23.03,72.58
2024-07-30 19:00:00,27.4,90,9.2,191,0.0,610.0,23.03,72.58
2024-07-30 20:00:00,27.3,90,11.2,195,0.1,560.0,23.03,72.58
2024-07-30 21:00:00,27.0,91,10.5,202,0.3,530.0,23.03,72.58
2024-07-30 22:00:00,26.7,93,9.0,209,0.2,520.0,23.03,72.58
2024-07-30 23:00:00,26.4,95,8.7,204,0.3,525.0,23.03,72.58
2024-07-31 00:00:00,26.5,95,8.9,201,0.3,545.0,23.03,72.58
2024-07-31 01:00:00,26.4,94,10.1,215,0.4,540.0,23.03,72.58
2024-07-31 02:00:00,26.4,93,12.1,217,0.1,520.0,23.03,72.58
2024-07-31 03:00:00,26.1,94,11.8,211,0.0,475.0,23.03,72.58
2024-07-31 04:00:00,25.7,95,9.2,206,0.0,395.0,23.03,72.58
2024-07-31 05:00:00,25.4,96,7.9,210,0.0,320.0,23.03,72.58
2024-07-31 06:00:00,26.0,95,8.4,205,0.0,305.0,23.03,72.58
2024-07-31 07:00:00,26.7,91,10.0,218,0.0,450.0,23.03,72.58
2024-07-31 08:00:00,27.5,87,12.0,231,0.1,605.0,23.03,72.58
2024-07-31 09:00:00,28.3,83,14.5,235,0.2,650.0,23.03,72.58
2024-07-31 10:00:00,29.5,76,14.0,235,0.2,715.0,23.03,72.58
2024-07-31 11:00:00,30.4,72,13.5,236,0.1,815.0,23.03,72.58
2024-07-31 12:00:00,31.2,68,14.0,235,0.1,790.0,23.03,72.58
2024-07-31 13:00:00,32.0,65,15.3,236,0.1,795.0,23.03,72.58
2024-07-31 14:00:00,32.4,63,17.4,240,0.1,930.0,23.03,72.58
2024-07-31 15:00:00,31.9,66,18.7,245,0.2,950.0,23.03,72.58
2024-07-31 16:00:00,32.0,63,18.7,242,0.0,945.0,23.03,72.58
2024-07-31 17:00:00,31.0,70,12.3,249,0.1,845.0,23.03,72.58
2024-07-31 18:00:00,30.5,75,10.4,224,0.0,600.0,23.03,72.58
2024-07-31 19:00:00,28.6,81,12.2,225,0.2,410.0,23.03,72.58
2024-07-31 20:00:00,27.7,88,10.2,212,0.1,430.0,23.03,72.58
2024-07-31 21:00:00,27.5,90,7.2,207,0.2,470.0,23.03,72.58
2024-07-31 22:00:00,27.3,90,10.3,216,0.0,465.0,23.03,72.58
2024-07-31 23:00:00,27.2,91,7.8,214,0.0,560.0,23.03,72.58
2024-08-01 00:00:00,27.2,89,12.7,225,0.0,630.0,23.03,72.58
2024-08-01 01:00:00,26.9,89,15.0,222,0.0,650.0,23.03,72.58
2024-08-01 02:00:00,26.5,90,12.8,230,0.0,645.0,23.03,72.58
2024-08-01 03:00:00,26.3,90,12.3,232,0.0,605.0,23.03,72.58
2024-08-01 04:00:00,26.1,91,11.7,227,0.0,565.0,23.03,72.58
2024-08-01 05:00:00,26.0,92,12.2,223,0.0,535.0,23.03,72.58
2024-08-01 06:00:00,26.3,90,11.0,221,0.0,510.0,23.03,72.58
2024-08-01 07:00:00,27.1,85,13.6,230,0.0,555.0,23.03,72.58
2024-08-01 08:00:00,27.2,85,12.5,219,0.1,610.0,23.03,72.58
2024-08-01 09:00:00,27.6,85,11.5,224,0.1,580.0,23.03,72.58
2024-08-01 10:00:00,28.6,82,14.3,221,0.0,620.0,23.03,72.58
2024-08-01 11:00:00,29.2,79,16.3,227,0.0,725.0,23.03,72.58
2024-08-01 12:00:00,30.8,71,15.9,242,0.0,880.0,23.03,72.58
2024-08-01 13:00:00,28.5,84,18.4,244,2.5,890.0,23.03,72.58
2024-08-01 14:00:00,28.4,84,7.9,219,4.1,880.0,23.03,72.58
2024-08-01 15:00:00,27.9,87,7.2,198,0.2,875.0,23.03,72.58
2024-08-01 16:00:00,28.1,87,12.1,233,0.5,730.0,23.03,72.58
2024-08-01 17:00:00,27.3,92,11.8,232,0.6,580.0,23.03,72.58
2024-08-01 18:00:00,27.7,87,12.4,206,0.2,570.0,23.03,72.58
2024-08-01 19:00:00,27.1,92,10.9,207,0.4,605.0,23.03,72.58
2024-08-01 20:00:00,26.9,93,13.2,209,0.6,630.0,23.03,72.58
2024-08-01 21:00:00,26.3,93,11.1,209,1.8,610.0,23.03,72.58
2024-08-01 22:00:00,26.5,93,11.2,213,0.8,610.0,23.03,72.58
2024-08-01 23:00:00,26.7,90,15.5,226,1.0,655.0,23.03,72.58
2024-08-02 00:00:00,26.5,90,18.9,228,0.1,670.0,23.03,72.58
2024-08-02 01:00:00,26.1,91,16.4,232,0.2,685.0,23.03,72.58
2024-08-02 02:00:00,25.9,91,16.3,235,0.1,710.0,23.03,72.58
2024-08-02 03:00:00,25.8,91,16.4,232,0.0,665.0,23.03,72.58
2024-08-02 04:00:00,25.7,91,14.8,229,0.0,650.0,23.03,72.58
2024-08-02 05:00:00,25.7,90,17.3,228,0.0,615.0,23.03,72.58
2024-08-02 06:00:00,26.0,90,12.3,232,0.4,590.0,23.03,72.58
2024-08-02 07:00:00,26.4,91,12.7,227,0.3,600.0,23.03,72.58
2024-08-02 08:00:00,26.8,85,16.2,238,0.2,600.0,23.03,72.58
2024-08-02 09:00:00,27.3,86,15.8,235,0.2,750.0,23.03,72.58
2024-08-02 10:00:00,27.8,86,14.7,248,0.1,825.0,23.03,72.58
2024-08-02 11:00:00,27.4,84,18.7,259,0.2,890.0,23.03,72.58
2024-08-02 12:00:00,27.8,85,14.2,254,0.4,820.0,23.03,72.58
2024-08-02 13:00:00,27.6,85,15.1,258,1.1,975.0,23.03,72.58
2024-08-02 14:00:00,28.4,83,15.9,237,0.1,1020.0,23.03,72.58
2024-08-02 15:00:00,29.1,78,17.4,232,0.0,975.0,23.03,72.58
2024-08-02 16:00:00,28.9,79,16.7,233,0.1,555.0,23.03,72.58
2024-08-02 17:00:00,28.5,82,13.0,224,0.0,605.0,23.03,72.58
2024-08-02 18:00:00,26.6,93,10.9,197,0.8,600.0,23.03,72.58
2024-08-02 19:00:00,26.2,95,13.0,199,0.4,620.0,23.03,72.58
2024-08-02 20:00:00,26.0,94,11.9,205,1.8,615.0,23.03,72.58
2024-08-02 21:00:00,26.1,93,11.1,209,2.0,625.0,23.03,72.58
2024-08-02 22:00:00,26.3,93,13.8,208,0.1,630.0,23.03,72.58
2024-08-02 23:00:00,26.4,92,14.6,218,0.0,645.0,23.03,72.58
2024-08-03 00:00:00,25.6,96,14.0,222,1.4,610.0,23.03,72.58
2024-08-03 01:00:00,25.8,94,18.9,219,1.2,650.0,23.03,72.58
2024-08-03 02:00:00,25.8,93,18.8,225,0.1,700.0,23.03,72.58
2024-08-03 03:00:00,25.5,94,14.7,239,1.3,680.0,23.03,72.58
2024-08-03 04:00:00,25.8,94,14.8,231,3.3,710.0,23.03,72.58
2024-08-03 05:00:00,25.6,94,16.9,232,2.0,685.0,23.03,72.58
2024-08-03 06:00:00,25.9,94,15.7,217,0.8,685.0,23.03,72.58
2024-08-03 07:00:00,25.9,94,15.9,219,2.5,690.0,23.03,72.58
2024-08-03 08:00:00,26.0,95,16.8,215,6.0,690.0,23.03,72.58
2024-08-03 09:00:00,26.1,95,14.3,223,4.1,660.0,23.03,72.58
2024-08-03 10:00:00,26.5,93,13.5,228,1.5,580.0,23.03,72.58
2024-08-03 11:00:00,27.3,89,15.0,235,0.4,575.0,23.03,72.58
2024-08-03 12:00:00,28.6,83,13.9,233,0.1,555.0,23.03,72.58
2024-08-03 13:00:00,28.3,82,16.9,236,1.2,575.0,23.03,72.58
2024-08-03 14:00:00,29.0,84,14.6,230,0.3,565.0,23.03,72.58
2024-08-03 15:00:00,26.8,91,20.3,247,4.9,460.0,23.03,72.58
2024-08-03 16:00:00,26.7,94,15.1,237,4.0,480.0,23.03,72.58
2024-08-03 17:00:00,26.5,95,14.4,233,2.4,465.0,23.03,72.58
2024-08-03 18:00:00,26.5,94,12.3,218,1.3,520.0,23.03,72.58
2024-08-03 19:00:00,26.2,95,11.7,214,1.2,565.0,23.03,72.58
2024-08-03 20:00:00,26.1,95,12.3,220,0.9,595.0,23.03,72.58
2024-08-03 21:00:00,26.0,95,11.2,230,1.5,565.0,23.03,72.58
2024-08-03 22:00:00,26.1,95,10.4,236,0.8,575.0,23.03,72.58
2024-08-03 23:00:00,26.2,95,13.6,233,0.9,625.0,23.03,72.58
2024-08-04 00:00:00,26.1,95,14.6,237,0.4,635.0,23.03,72.58
2024-08-04 01:00:00,25.9,95,15.4,237,0.1,635.0,23.03,72.58
2024-08-04 02:00:00,25.9,94,15.1,242,0.1,610.0,23.03,72.58
2024-08-04 03:00:00,25.9,93,15.0,246,0.0,395.0,23.03,72.58
2024-08-04 04:00:00,25.9,93,14.0,244,0.1,380.0,23.03,72.58
2024-08-04 05:00:00,25.8,93,15.1,242,0.0,395.0,23.03,72.58
2024-08-04 06:00:00,26.1,94,12.5,224,0.0,445.0,23.03,72.58
2024-08-04 07:00:00,26.3,93,13.3,232,0.0,495.0,23.03,72.58
2024-08-04 08:00:00,27.1,88,16.0,239,0.0,540.0,23.03,72.58
2024-08-04 09:00:00,27.7,85,16.9,243,0.2,620.0,23.03,72.58
2024-08-04 10:00:00,28.7,79,17.3,249,0.0,595.0,23.03,72.58
2024-08-04 11:00:00,28.8,78,15.7,254,0.0,545.0,23.03,72.58
2024-08-04 12:00:00,28.8,79,15.5,258,0.0,525.0,23.03,72.58
2024-08-04 13:00:00,28.8,79,12.5,252,0.0,540.0,23.03,72.58
2024-08-04 14:00:00,30.0,76,13.0,242,0.0,575.0,23.03,72.58
2024-08-04 15:00:00,30.1,75,11.8,232,0.0,660.0,23.03,72.58
2024-08-04 16:00:00,29.0,81,7.1,225,1.3,660.0,23.03,72.58
2024-08-04 17:00:00,27.0,90,15.1,232,0.6,690.0,23.03,72.58
2024-08-04 18:00:00,27.6,89,12.8,202,0.4,580.0,23.03,72.58
2024-08-04 19:00:00,26.9,93,9.9,190,0.3,470.0,23.03,72.58
2024-08-04 20:00:00,26.7,94,11.5,194,0.4,475.0,23.03,72.58
2024-08-04 21:00:00,26.6,94,12.9,207,0.4,485.0,23.03,72.58
2024-08-04 22:00:00,26.4,94,12.7,215,0.3,530.0,23.03,72.58
2024-08-04 23:00:00,26.5,92,13.8,221,0.0,555.0,23.03,72.58
2024-08-05 00:00:00,26.2,92,13.5,224,0.0,550.0,23.03,72.58
2024-08-05 01:00:00,26.0,92,12.7,223,0.0,550.0,23.03,72.58
2024-08-05 02:00:00,25.9,91,13.5,226,0.0,560.0,23.03,72.58
2024-08-05 03:00:00,25.9,90,13.3,232,0.1,555.0,23.03,72.58
2024-08-05 04:00:00,25.6,93,14.2,234,0.2,555.0,23.03,72.58
2024-08-05 05:00:00,25.7,92,16.1,228,0.1,580.0,23.03,72.58
2024-08-05 06:00:00,26.0,92,13.7,225,0.1,535.0,23.03,72.58
2024-08-05 07:00:00,26.1,91,15.0,228,0.2,600.0,23.03,72.58
2024-08-05 08:00:00,26.4,91,14.8,229,0.0,675.0,23.03,72.58
2024-08-05 09:00:00,26.8,89,17.3,228,0.0,665.0,23.03,72.58
2024-08-05 10:00:00,27.4,88,14.1,230,0.4,675.0,23.03,72.58
2024-08-05 11:00:00,28.1,84,14.9,233,0.0,730.0,23.03,72.58
2024-08-05 12:00:00,28.6,80,13.8,227,0.1,765.0,23.03,72.58
2024-08-05 13:00:00,27.9,79,18.2,240,1.4,885.0,23.03,72.58
2024-08-05 14:00:00,28.3,81,13.4,234,0.2,975.0,23.03,72.58
2024-08-05 15:00:00,28.9,80,12.5,229,0.4,965.0,23.03,72.58
2024-08-05 16:00:00,29.1,77,15.2,239,0.2,665.0,23.03,72.58
2024-08-05 17:00:00,29.3,77,11.2,255,0.0,685.0,23.03,72.58
2024-08-05 18:00:00,28.6,81,10.4,224,0.0,560.0,23.03,72.58
2024-08-05 19:00:00,27.5,85,11.5,212,0.1,485.0,23.03,72.58
2024-08-05 20:00:00,27.0,86,12.7,215,0.0,475.0,23.03,72.58
2024-08-05 21:00:00,26.7,87,11.0,212,0.1,390.0,23.03,72.58
2024-08-05 22:00:00,26.4,90,11.4,198,0.1,400.0,23.03,72.58
2024-08-05 23:00:00,26.3,91,12.0,213,0.2,490.0,23.03,72.58
2024-08-06 00:00:00,26.4,90,13.7,225,0.2,575.0,23.03,72.58
2024-08-06 01:00:00,26.3,91,16.0,224,0.1,590.0,23.03,72.58
2024-08-06 02:00:00,26.0,91,15.5,222,0.0,615.0,23.03,72.58
2024-08-06 03:00:00,25.7,93,14.3,223,0.0,590.0,23.03,72.58
2024-08-06 04:00:00,25.5,93,12.5,231,0.0,585.0,23.03,72.58
2024-08-06 05:00:00,25.7,93,14.0,226,0.1,545.0,23.03,72.58
2024-08-06 06:00:00,25.8,92,12.0,219,0.0,580.0,23.03,72.58
2024-08-06 07:00:00,26.4,87,17.4,232,0.0,635.0,23.03,72.58
2024-08-06 08:00:00,26.7,86,16.1,230,0.0,680.0,23.03,72.58
2024-08-06 09:00:00,27.4,82,18.5,233,0.1,730.0,23.03,72.58
2024-08-06 10:00:00,28.1,78,18.5,233,0.0,900.0,23.03,72.58
2024-08-06 11:00:00,28.6,76,18.6,238,0.0,835.0,23.03,72.58
2024-08-06 12:00:00,29.5,72,19.9,238,0.0,870.0,23.03,72.58
2024-08-06 13:00:00,30.3,71,19.7,239,0.1,885.0,23.03,72.58
2024-08-06 14:00:00,31.2,66,20.0,244,0.1,950.0,23.03,72.58
2024-08-06 15:00:00,31.3,67,17.2,244,0.0,855.0,23.03,72.58
2024-08-06 16:00:00,30.3,71,17.1,255,1.2,885.0,23.03,72.58
2024-08-06 17:00:00,29.6,76,14.6,260,0.1,915.0,23.03,72.58
2024-08-06 18:00:00,29.6,74,13.7,252,0.0,880.0,23.03,72.58
2024-08-06 19:00:00,28.7,77,10.5,239,0.0,560.0,23.03,72.58
2024-08-06 20:00:00,28.4,78,9.7,228,0.0,495.0,23.03,72.58
2024-08-06 21:00:00,27.9,81,9.5,217,0.1,425.0,23.03,72.58
2024-08-06 22:00:00,27.6,83,9.5,209,0.2,425.0,23.03,72.58
2024-08-06 23:00:00,27.3,85,10.3,216,0.0,570.0,23.03,72.58
2024-08-07 00:00:00,26.9,88,11.7,223,0.3,620.0,23.03,72.58
2024-08-07 01:00:00,26.4,91,11.5,231,0.1,660.0,23.03,72.58
2024-08-07 02:00:00,26.3,90,14.9,238,0.1,600.0,23.03,72.58
2024-08-07 03:00:00,25.9,91,14.0,241,0.0,670.0,23.03,72.58
2024-08-07 04:00:00,25.6,91,14.2,240,0.0,610.0,23.03,72.58
2024-08-07 05:00:00,25.3,92,13.0,236,0.0,625.0,23.03,72.58
2024-08-07 06:00:00,25.3,91,12.7,241,0.1,645.0,23.03,72.58
2024-08-07 07:00:00,25.3,92,15.5,245,0.5,745.0,23.03,72.58
2024-08-07 08:00:00,26.2,88,16.0,247,0.1,770.0,23.03,72.58
2024-08-07 09:00:00,27.5,82,14.7,245,0.0,755.0,23.03,72.58
2024-08-07 10:00:00,28.6,76,16.4,255,0.1,810.0,23.03,72.58
2024-08-07 11:00:00,28.7,76,15.5,265,0.1,980.0,23.03,72.58
2024-08-07 12:00:00,29.4,74,15.5,258,0.1,1160.0,23.03,72.58
2024-08-07 13:00:00,30.5,67,15.9,252,0.1,1325.0,23.03,72.58
2024-08-07 14:00:00,31.4,63,17.0,257,0.1,1345.0,23.03,72.58
2024-08-07 15:00:00,31.7,62,17.4,263,0.0,905.0,23.03,72.58
2024-08-07 16:00:00,31.5,62,16.6,271,0.1,915.0,23.03,72.58
2024-08-07 17:00:00,31.0,66,11.6,277,0.0,900.0,23.03,72.58
2024-08-07 18:00:00,29.9,71,10.7,237,0.0,580.0,23.03,72.58
2024-08-07 19:00:00,29.1,72,12.6,233,0.0,270.0,23.03,72.58
2024-08-07 20:00:00,28.4,76,10.0,229,0.0,280.0,23.03,72.58
2024-08-07 21:00:00,28.0,79,10.2,228,0.1,305.0,23.03,72.58
2024-08-07 22:00:00,27.4,83,9.7,222,0.1,360.0,23.03,72.58
2024-08-07 23:00:00,27.0,83,10.0,221,0.3,430.0,23.03,72.58
2024-08-08 00:00:00,26.2,89,10.7,225,0.4,480.0,23.03,72.58
2024-08-08 01:00:00,26.1,90,13.2,235,0.0,525.0,23.03,72.58
2024-08-08 02:00:00,25.7,91,11.8,239,0.0,535.0,23.03,72.58
2024-08-08 03:00:00,25.4,91,11.2,237,0.0,675.0,23.03,72.58
2024-08-08 04:00:00,25.0,92,10.3,234,0.0,625.0,23.03,72.58
2024-08-08 05:00:00,24.7,94,9.7,228,0.0,550.0,23.03,72.58
2024-08-08 06:00:00,25.6,90,11.0,232,0.0,505.0,23.03,72.58
2024-08-08 07:00:00,26.2,85,15.0,243,0.0,500.0,23.03,72.58
2024-08-08 08:00:00,27.0,83,13.3,237,0.0,660.0,23.03,72.58
2024-08-08 09:00:00,27.3,79,15.5,252,0.1,735.0,23.03,72.58
2024-08-08 10:00:00,27.5,80,10.7,258,0.2,805.0,23.03,72.58
2024-08-08 11:00:00,28.7,76,10.2,252,0.0,900.0,23.03,72.58
2024-08-08 12:00:00,29.8,71,12.5,252,0.0,950.0,23.03,72.58
2024-08-08 13:00:00,29.9,70,16.0,256,0.2,1040.0,23.03,72.58
2024-08-08 14:00:00,30.6,71,12.1,253,0.4,1010.0,23.03,72.58
2024-08-08 15:00:00,31.1,69,12.6,257,0.0,700.0,23.03,72.58
2024-08-08 16:00:00,30.3,71,12.5,252,0.4,825.0,23.03,72.58
2024-08-08 17:00:00,28.9,76,11.8,220,0.3,790.0,23.03,72.58
2024-08-08 18:00:00,29.3,74,8.2,229,0.1,575.0,23.03,72.58
2024-08-08 19:00:00,27.7,81,8.7,197,0.2,240.0,23.03,72.58
2024-08-08 20:00:00,26.9,85,9.8,186,0.0,250.0,23.03,72.58
2024-08-08 21:00:00,26.7,87,9.9,190,0.1,280.0,23.03,72.58
2024-08-08 22:00:00,26.2,89,12.3,212,0.1,270.0,23.03,72.58
2024-08-08 23:00:00,25.6,91,12.0,213,0.2,315.0,23.03,72.58
2024-08-09 00:00:00,25.4,94,6.4,232,0.5,355.0,23.03,72.58
2024-08-09 01:00:00,25.5,94,7.0,201,0.4,395.0,23.03,72.58
2024-08-09 02:00:00,25.5,93,11.2,213,0.1,450.0,23.03,72.58
2024-08-09 03:00:00,25.3,92,8.2,221,0.0,440.0,23.03,72.58
2024-08-09 04:00:00,25.3,93,8.7,225,0.0,475.0,23.03,72.58
2024-08-09 05:00:00,25.0,94,9.6,236,0.0,380.0,23.03,72.58
2024-08-09 06:00:00,25.6,93,9.8,216,0.1,335.0,23.03,72.58
2024-08-09 07:00:00,26.2,90,12.5,224,0.1,405.0,23.03,72.58
2024-08-09 08:00:00,26.9,86,12.9,234,0.1,510.0,23.03,72.58
2024-08-09 09:00:00,27.6,83,14.5,247,0.1,585.0,23.03,72.58
2024-08-09 10:00:00,28.5,79,15.2,248,0.0,565.0,23.03,72.58
2024-08-09 11:00:00,28.9,77,15.8,253,0.0,615.0,23.03,72.58
2024-08-09 12:00:00,29.8,73,15.5,252,0.0,745.0,23.03,72.58
2024-08-09 13:00:00,29.9,69,13.8,250,0.2,820.0,23.03,72.58
2024-08-09 14:00:00,29.1,75,14.0,228,1.7,755.0,23.03,72.58
2024-08-09 15:00:00,27.6,85,9.9,226,1.4,770.0,23.03,72.58
2024-08-09 16:00:00,27.2,87,12.5,213,0.2,555.0,23.03,72.58
2024-08-09 17:00:00,26.9,88,12.0,201,0.3,470.0,23.03,72.58
2024-08-09 18:00:00,26.4,94,9.4,178,2.3,365.0,23.03,72.58
2024-08-09 19:00:00,26.1,94,7.8,214,2.0,290.0,23.03,72.58
2024-08-09 20:00:00,25.8,95,7.2,207,1.9,205.0,23.03,72.58
2024-08-09 21:00:00,25.9,95,9.9,226,1.3,185.0,23.03,72.58
2024-08-09 22:00:00,26.0,93,10.5,243,1.7,190.0,23.03,72.58
2024-08-09 23:00:00,25.9,95,8.0,216,2.3,230.0,23.03,72.58
2024-08-10 00:00:00,25.9,95,8.9,220,0.7,355.0,23.03,72.58
2024-08-10 01:00:00,25.9,93,12.0,237,0.2,415.0,23.03,72.58
2024-08-10 02:00:00,25.6,93,10.7,237,0.3,450.0,23.03,72.58
2024-08-10 03:00:00,25.5,94,9.6,236,0.1,530.0,23.03,72.58
2024-08-10 04:00:00,25.6,94,10.9,236,0.0,485.0,23.03,72.58
2024-08-10 05:00:00,25.5,93,12.3,238,0.0,400.0,23.03,72.58
2024-08-10 06:00:00,25.8,95,12.2,242,1.0,375.0,23.03,72.58
2024-08-10 07:00:00,26.0,95,13.5,241,1.0,395.0,23.03,72.58
2024-08-10 08:00:00,26.2,95,13.4,243,0.9,475.0,23.03,72.58
2024-08-10 09:00:00,26.7,90,15.1,245,0.1,600.0,23.03,72.58
2024-08-10 10:00:00,27.7,86,13.9,249,0.1,685.0,23.03,72.58
2024-08-10 11:00:00,28.2,84,13.3,257,0.0,720.0,23.03,72.58
2024-08-10 12:00:00,29.6,77,13.7,273,0.1,915.0,23.03,72.58
2024-08-10 13:00:00,28.7,80,16.2,271,5.8,930.0,23.03,72.58
2024-08-10 14:00:00,27.9,89,13.0,251,6.1,915.0,23.03,72.58
2024-08-10 15:00:00,26.9,93,13.8,237,2.6,880.0,23.03,72.58
2024-08-10 16:00:00,26.7,93,15.3,229,3.2,675.0,23.03,72.58
2024-08-10 17:00:00,27.0,92,12.3,238,0.3,545.0,23.03,72.58
2024-08-10 18:00:00,26.6,93,12.4,260,1.2,490.0,23.03,72.58
2024-08-10 19:00:00,26.3,93,9.4,238,0.5,390.0,23.03,72.58
2024-08-10 20:00:00,26.3,93,10.5,211,0.1,330.0,23.03,72.58
2024-08-10 21:00:00,26.2,93,12.3,218,0.0,370.0,23.03,72.58
2024-08-10 22:00:00,26.2,92,12.7,235,0.0,490.0,23.03,72.58
2024-08-10 23:00:00,26.1,91,12.6,233,0.0,550.0,23.03,72.58
2024-08-11 00:00:00,25.9,91,12.5,237,0.0,585.0,23.03,72.58
2024-08-11 01:00:00,25.8,90,12.1,240,0.0,605.0,23.03,72.58
2024-08-11 02:00:00,25.7,91,12.7,235,0.0,590.0,23.03,72.58
2024-08-11 03:00:00,25.6,91,14.9,238,0.0,570.0,23.03,72.58
2024-08-11 04:00:00,25.4,91,15.1,237,0.0,590.0,23.03,72.58
2024-08-11 05:00:00,25.1,92,13.9,233,0.0,570.0,23.03,72.58
2024-08-11 06:00:00,25.5,90,13.2,225,0.1,595.0,23.03,72.58
2024-08-11 07:00:00,25.8,90,13.8,223,0.1,600.0,23.03,72.58
2024-08-11 08:00:00,26.6,86,14.3,225,0.1,590.0,23.03,72.58
2024-08-11 09:00:00,26.3,88,18.0,237,0.9,695.0,23.03,72.58
2024-08-11 10:00:00,26.5,88,16.0,239,0.5,670.0,23.03,72.58
2024-08-11 11:00:00,26.9,87,15.4,237,0.2,615.0,23.03,72.58
2024-08-11 12:00:00,27.6,83,18.8,241,0.3,590.0,23.03,72.58
2024-08-11 13:00:00,28.4,80,19.2,242,0.2,560.0,23.03,72.58
2024-08-11 14:00:00,28.8,77,18.9,252,0.2,645.0,23.03,72.58
2024-08-11 15:00:00,29.0,75,16.3,252,0.2,735.0,23.03,72.58
2024-08-11 16:00:00,28.8,79,11.5,229,0.6,855.0,23.03,72.58
2024-08-11 17:00:00,27.9,82,14.8,225,0.7,880.0,23.03,72.58
2024-08-11 18:00:00,27.5,85,7.6,225,0.0,780.0,23.03,72.58
2024-08-11 19:00:00,26.4,91,7.7,281,0.1,345.0,23.03,72.58
2024-08-11 20:00:00,26.4,91,3.4,212,0.2,230.0,23.03,72.58
2024-08-11 21:00:00,26.0,93,10.1,184,0.0,210.0,23.03,72.58
2024-08-11 22:00:00,25.7,93,9.8,197,0.1,195.0,23.03,72.58
2024-08-11 23:00:00,25.4,93,7.9,204,0.0,190.0,23.03,72.58
2024-08-12 00:00:00,25.3,93,9.0,203,0.0,195.0,23.03,72.58
2024-08-12 01:00:00,25.1,94,9.2,211,0.0,245.0,23.03,72.58
2024-08-12 02:00:00,25.1,94,9.4,212,0.0,260.0,23.03,72.58
2024-08-12 03:00:00,25.0,94,8.3,214,0.0,295.0,23.03,72.58
2024-08-12 04:00:00,25.0,94,8.9,227,0.1,325.0,23.03,72.58
2024-08-12 05:00:00,25.0,94,8.7,228,0.5,305.0,23.03,72.58
2024-08-12 06:00:00,25.2,96,9.4,220,0.5,305.0,23.03,72.58
2024-08-12 07:00:00,25.7,94,10.6,215,0.9,345.0,23.03,72.58
2024-08-12 08:00:00,26.4,90,12.5,219,0.5,410.0,23.03,72.58
2024-08-12 09:00:00,26.8,89,12.0,219,0.2,455.0,23.03,72.58
2024-08-12 10:00:00,27.5,88,10.7,220,0.0,540.0,23.03,72.58
2024-08-12 11:00:00,28.5,81,14.9,238,0.2,600.0,23.03,72.58
2024-08-12 12:00:00,28.1,85,11.3,253,2.0,685.0,23.03,72.58
2024-08-12 13:00:00,29.1,82,13.8,261,0.3,785.0,23.03,72.58
2024-08-12 14:00:00,29.5,80,13.7,252,0.6,885.0,23.03,72.58
2024-08-12 15:00:00,30.3,77,10.9,253,0.3,750.0,23.03,72.58
2024-08-12 16:00:00,30.5,73,11.9,256,0.2,810.0,23.03,72.58
2024-08-12 17:00:00,30.2,71,11.2,228,0.3,805.0,23.03,72.58
2024-08-12 18:00:00,29.2,77,9.2,228,0.1,490.0,23.03,72.58
2024-08-12 19:00:00,28.1,83,9.8,208,0.1,390.0,23.03,72.58
2024-08-12 20:00:00,27.2,87,11.2,213,0.0,275.0,23.03,72.58
2024-08-12 21:00:00,26.5,93,8.8,199,0.6,285.0,23.03,72.58
2024-08-12 22:00:00,26.4,95,8.7,197,0.4,285.0,23.03,72.58
2024-08-12 23:00:00,26.4,93,9.5,209,0.1,325.0,23.03,72.58
2024-08-13 00:00:00,26.1,94,8.6,213,0.0,350.0,23.03,72.58
2024-08-13 01:00:00,25.9,95,8.3,214,0.0,415.0,23.03,72.58
2024-08-13 02:00:00,25.9,95,8.7,218,0.0,455.0,23.03,72.58
2024-08-13 03:00:00,25.9,95,9.4,220,0.1,455.0,23.03,72.58
2024-08-13 04:00:00,25.8,95,10.7,225,0.3,445.0,23.03,72.58
2024-08-13 05:00:00,25.7,95,10.2,228,0.2,410.0,23.03,72.58
2024-08-13 06:00:00,25.7,95,11.6,216,0.6,390.0,23.03,72.58
2024-08-13 07:00:00,25.9,95,10.4,214,1.2,400.0,23.03,72.58
2024-08-13 08:00:00,26.0,93,10.6,215,0.5,390.0,23.03,72.58
2024-08-13 09:00:00,26.6,91,10.0,210,0.1,410.0,23.03,72.58
2024-08-13 10:00:00,28.5,83,12.5,226,0.1,420.0,23.03,72.58
2024-08-13 11:00:00,28.7,79,12.0,226,0.0,500.0,23.03,72.58
2024-08-13 12:00:00,29.0,78,8.9,223,0.1,565.0,23.03,72.58
2024-08-13 13:00:00,29.0,78,6.4,218,0.2,695.0,23.03,72.58
2024-08-13 14:00:00,29.9,73,6.6,221,0.0,895.0,23.03,72.58
2024-08-13 15:00:00,30.9,70,10.2,212,0.0,830.0,23.03,72.58
2024-08-13 16:00:00,31.1,69,10.7,220,0.0,560.0,23.03,72.58
2024-08-13 17:00:00,30.9,69,9.7,219,0.0,480.0,23.03,72.58
2024-08-13 18:00:00,26.8,93,8.4,230,0.6,425.0,23.03,72.58
2024-08-13 19:00:00,26.5,94,8.6,237,0.3,330.0,23.03,72.58
2024-08-13 20:00:00,26.4,94,6.2,216,0.1,295.0,23.03,72.58
2024-08-13 21:00:00,26.4,94,6.5,214,0.0,300.0,23.03,72.58
2024-08-13 22:00:00,26.4,95,6.0,197,0.3,280.0,23.03,72.58
2024-08-13 23:00:00,26.6,96,6.1,208,0.2,245.0,23.03,72.58
2024-08-14 00:00:00,26.5,96,5.8,202,0.1,225.0,23.03,72.58
2024-08-14 01:00:00,26.4,97,5.1,219,0.2,215.0,23.03,72.58
2024-08-14 02:00:00,26.3,95,6.4,232,0.1,255.0,23.03,72.58
2024-08-14 03:00:00,26.1,96,5.4,228,0.0,335.0,23.03,72.58
2024-08-14 04:00:00,26.0,95,5.6,230,0.0,310.0,23.03,72.58
2024-08-14 05:00:00,26.0,94,6.8,245,0.1,285.0,23.03,72.58
2024-08-14 06:00:00,26.4,95,7.1,210,0.6,270.0,23.03,72.58
2024-08-14 07:00:00,26.6,92,8.7,228,0.6,375.0,23.03,72.58
2024-08-14 08:00:00,27.5,88,7.7,233,0.1,495.0,23.03,72.58
2024-08-14 09:00:00,28.5,84,9.4,227,0.1,525.0,23.03,72.58
2024-08-14 10:00:00,29.1,80,10.0,240,0.0,625.0,23.03,72.58
2024-08-14 11:00:00,30.1,75,10.4,226,0.0,780.0,23.03,72.58
2024-08-14 12:00:00,30.5,73,9.5,217,0.0,775.0,23.03,72.58
2024-08-14 13:00:00,30.8,72,9.2,219,0.0,755.0,23.03,72.58
2024-08-14 14:00:00,30.9,72,9.7,228,0.1,820.0,23.03,72.58
2024-08-14 15:00:00,31.3,72,8.7,222,0.0,765.0,23.03,72.58
2024-08-14 16:00:00,31.4,72,8.7,232,0.0,805.0,23.03,72.58
2024-08-14 17:00:00,29.6,77,12.6,257,0.3,815.0,23.03,72.58
2024-08-14 18:00:00,29.7,79,9.4,227,0.2,545.0,23.03,72.58
2024-08-14 19:00:00,28.8,82,10.0,218,0.1,375.0,23.03,72.58
2024-08-14 20:00:00,27.9,84,10.1,207,0.0,235.0,23.03,72.58
2024-08-14 21:00:00,27.4,87,9.0,203,0.0,155.0,23.03,72.58
2024-08-14 22:00:00,27.0,90,8.9,201,0.0,175.0,23.03,72.58
2024-08-14 23:00:00,26.5,93,6.8,198,0.0,210.0,23.03,72.58
2024-08-15 00:00:00,26.2,95,5.7,198,0.0,250.0,23.03,72.58
2024-08-15 01:00:00,26.1,96,5.7,215,0.0,300.0,23.03,72.58
2024-08-15 02:00:00,25.9,96,6.4,207,0.0,305.0,23.03,72.58
2024-08-15 03:00:00,25.9,96,6.4,232,0.0,450.0,23.03,72.58
2024-08-15 04:00:00,25.8,95,7.7,259,0.0,435.0,23.03,72.58
2024-08-15 05:00:00,25.6,94,7.2,264,0.0,425.0,23.03,72.58
2024-08-15 06:00:00,26.2,92,6.2,260,0.0,400.0,23.03,72.58
2024-08-15 07:00:00,26.8,89,10.4,270,0.0,445.0,23.03,72.58
2024-08-15 08:00:00,27.2,87,11.5,270,0.0,425.0,23.03,72.58
2024-08-15 09:00:00,27.8,85,10.1,272,0.0,480.0,23.03,72.58
2024-08-15 10:00:00,28.4,83,8.7,265,0.0,605.0,23.03,72.58
2024-08-15 11:00:00,28.8,79,9.5,259,0.1,705.0,23.03,72.58
2024-08-15 12:00:00,29.8,74,11.0,259,0.0,785.0,23.03,72.58
2024-08-15 13:00:00,30.2,73,11.3,253,0.0,820.0,23.03,72.58
2024-08-15 14:00:00,30.7,71,11.1,241,0.0,845.0,23.03,72.58
2024-08-15 15:00:00,31.1,71,11.6,240,0.0,800.0,23.03,72.58
2024-08-15 16:00:00,31.1,71,10.8,233,0.0,845.0,23.03,72.58
2024-08-15 17:00:00,30.8,72,9.3,234,0.0,825.0,23.03,72.58
2024-08-15 18:00:00,29.6,78,6.9,208,0.5,705.0,23.03,72.58
2024-08-15 19:00:00,28.7,82,8.2,195,0.0,220.0,23.03,72.58
2024-08-15 20:00:00,28.1,84,10.8,182,0.0,220.0,23.03,72.58
2024-08-15 21:00:00,27.6,85,10.4,178,0.0,190.0,23.03,72.58
2024-08-15 22:00:00,27.3,86,9.0,185,0.0,170.0,23.03,72.58
2024-08-15 23:00:00,27.1,88,9.2,201,0.0,170.0,23.03,72.58
2024-08-16 00:00:00,27.1,87,8.4,220,0.0,195.0,23.03,72.58
2024-08-16 01:00:00,26.8,88,6.2,234,0.0,235.0,23.03,72.58
2024-08-16 02:00:00,26.8,86,6.4,232,0.6,265.0,23.03,72.58
2024-08-16 03:00:00,26.3,90,6.1,208,0.6,350.0,23.03,72.58
2024-08-16 04:00:00,26.0,92,6.4,196,0.1,345.0,23.03,72.58
2024-08-16 05:00:00,25.8,94,6.1,208,0.0,340.0,23.03,72.58
2024-08-16 06:00:00,26.1,91,9.0,233,0.0,345.0,23.03,72.58
2024-08-16 07:00:00,26.6,87,11.2,237,0.0,455.0,23.03,72.58
2024-08-16 08:00:00,27.3,85,12.4,234,0.0,530.0,23.03,72.58
2024-08-16 09:00:00,28.3,82,11.6,234,0.0,575.0,23.03,72.58
2024-08-16 10:00:00,29.5,77,12.0,237,0.0,660.0,23.03,72.58
2024-08-16 11:00:00,30.4,71,12.7,235,0.1,805.0,23.03,72.58
2024-08-16 12:00:00,30.2,72,11.1,234,0.2,925.0,23.03,72.58
2024-08-16 13:00:00,31.2,68,12.7,225,0.0,955.0,23.03,72.58
2024-08-16 14:00:00,31.7,67,13.8,223,0.0,1025.0,23.03,72.58
2024-08-16 15:00:00,30.2,70,14.8,229,1.0,920.0,23.03,72.58
2024-08-16 16:00:00,30.3,72,12.6,233,0.1,980.0,23.03,72.58
2024-08-16 17:00:00,28.8,78,17.8,216,0.5,825.0,23.03,72.58
2024-08-16 18:00:00,26.8,90,7.9,210,1.2,705.0,23.03,72.58
2024-08-16 19:00:00,26.7,91,7.3,191,0.4,370.0,23.03,72.58
2024-08-16 20:00:00,26.6,92,8.7,197,0.2,275.0,23.03,72.58
2024-08-16 21:00:00,26.4,92,11.7,198,0.2,255.0,23.03,72.58
2024-08-16 22:00:00,26.1,94,9.3,193,0.2,260.0,23.03,72.58
2024-08-16 23:00:00,26.1,94,9.8,197,0.0,290.0,23.03,72.58
2024-08-17 00:00:00,26.2,93,10.2,198,0.1,290.0,23.03,72.58
2024-08-17 01:00:00,26.0,94,8.2,195,0.1,335.0,23.03,72.58
2024-08-17 02:00:00,26.0,95,7.6,199,0.0,325.0,23.03,72.58
2024-08-17 03:00:00,26.0,94,9.5,209,0.0,360.0,23.03,72.58
2024-08-17 04:00:00,25.6,94,8.7,222,0.0,360.0,23.03,72.58
2024-08-17 05:00:00,25.3,96,6.9,223,0.0,310.0,23.03,72.58
2024-08-17 06:00:00,25.4,95,8.1,193,0.0,290.0,23.03,72.58
2024-08-17 07:00:00,26.1,91,9.0,196,0.0,385.0,23.03,72.58
2024-08-17 08:00:00,27.2,84,9.9,213,0.1,490.0,23.03,72.58
2024-08-17 09:00:00,28.4,79,10.7,213,0.2,650.0,23.03,72.58
2024-08-17 10:00:00,29.3,77,9.2,206,0.1,910.0,23.03,72.58
2024-08-17 11:00:00,29.8,74,8.6,202,0.1,975.0,23.03,72.58
2024-08-17 12:00:00,30.5,71,9.7,195,0.1,820.0,23.03,72.58
2024-08-17 13:00:00,30.9,68,11.5,200,0.2,870.0,23.03,72.58
2024-08-17 14:00:00,31.9,63,12.6,207,0.1,910.0,23.03,72.58
2024-08-17 15:00:00,32.3,61,13.3,213,0.0,885.0,23.03,72.58
2024-08-17 16:00:00,32.1,61,13.6,217,0.0,955.0,23.03,72.58
2024-08-17 17:00:00,31.5,64,13.7,210,0.0,920.0,23.03,72.58
2024-08-17 18:00:00,29.9,73,12.6,204,0.0,390.0,23.03,72.58
2024-08-17 19:00:00,28.6,79,10.0,201,0.0,130.0,23.03,72.58
2024-08-17 20:00:00,27.9,83,8.8,199,0.0,120.0,23.03,72.58
2024-08-17 21:00:00,27.4,86,7.3,200,0.0,130.0,23.03,72.58
2024-08-17 22:00:00,27.0,89,5.2,192,0.0,125.0,23.03,72.58
2024-08-17 23:00:00,26.9,90,6.5,180,0.0,130.0,23.03,72.58
2024-08-18 00:00:00,26.6,91,6.8,180,0.0,115.0,23.03,72.58
2024-08-18 01:00:00,26.3,93,5.9,191,0.0,110.0,23.03,72.58
2024-08-18 02:00:00,26.2,93,5.4,200,0.0,115.0,23.03,72.58
2024-08-18 03:00:00,26.0,94,5.6,195,0.0,190.0,23.03,72.58
2024-08-18 04:00:00,25.8,94,4.3,204,0.0,185.0,23.03,72.58
2024-08-18 05:00:00,25.7,94,4.3,222,0.0,200.0,23.03,72.58
2024-08-18 06:00:00,26.2,91,4.8,207,0.0,200.0,23.03,72.58
2024-08-18 07:00:00,26.7,90,4.8,222,0.0,300.0,23.03,72.58
2024-08-18 08:00:00,27.5,87,4.8,257,0.0,380.0,23.03,72.58
2024-08-18 09:00:00,28.7,80,5.4,250,0.1,510.0,23.03,72.58
2024-08-18 10:00:00,29.4,77,5.5,238,0.0,720.0,23.03,72.58
2024-08-18 11:00:00,30.2,73,7.6,225,0.2,955.0,23.03,72.58
2024-08-18 12:00:00,31.0,69,8.7,222,0.2,1145.0,23.03,72.58
2024-08-18 13:00:00,31.9,65,9.7,225,0.1,1335.0,23.03,72.58
2024-08-18 14:00:00,32.3,63,9.7,231,0.0,1425.0,23.03,72.58
2024-08-18 15:00:00,32.7,61,10.0,240,0.0,1480.0,23.03,72.58
2024-08-18 16:00:00,32.6,61,9.2,244,0.0,1260.0,23.03,72.58
2024-08-18 17:00:00,32.1,63,8.9,249,0.0,895.0,23.03,72.58
2024-08-18 18:00:00,30.6,73,4.5,241,0.0,125.0,23.03,72.58
2024-08-18 19:00:00,28.9,79,6.1,270,0.0,40.0,23.03,72.58
2024-08-18 20:00:00,28.8,79,6.1,273,0.0,25.0,23.03,72.58
2024-08-18 21:00:00,28.9,79,4.3,204,0.0,30.0,23.03,72.58
2024-08-18 22:00:00,28.1,83,5.1,176,0.0,45.0,23.03,72.58
2024-08-18 23:00:00,27.5,84,4.8,167,0.0,75.0,23.03,72.58
2024-08-19 00:00:00,27.3,86,5.8,184,0.0,115.0,23.03,72.58
2024-08-19 01:00:00,27.0,86,7.4,209,0.0,135.0,23.03,72.58
2024-08-19 02:00:00,26.7,88,7.6,245,0.0,130.0,23.03,72.58
2024-08-19 03:00:00,26.2,91,5.0,249,0.0,205.0,23.03,72.58
2024-08-19 04:00:00,26.0,93,5.9,284,0.0,185.0,23.03,72.58
2024-08-19 05:00:00,26.0,92,7.3,303,0.0,200.0,23.03,72.58
2024-08-19 06:00:00,26.5,88,7.7,307,0.0,195.0,23.03,72.58
2024-08-19 07:00:00,27.1,87,7.7,311,0.0,270.0,23.03,72.58
2024-08-19 08:00:00,28.2,84,8.9,310,0.0,340.0,23.03,72.58
2024-08-19 09:00:00,29.6,77,8.9,313,0.1,470.0,23.03,72.58
2024-08-19 10:00:00,30.7,70,6.9,309,0.1,650.0,23.03,72.58
2024-08-19 11:00:00,31.4,66,4.5,284,0.1,790.0,23.03,72.58
2024-08-19 12:00:00,31.9,65,5.0,249,0.1,905.0,23.03,72.58
2024-08-19 13:00:00,32.1,65,7.9,254,0.2,975.0,23.03,72.58
2024-08-19 14:00:00,32.6,66,8.4,263,0.2,1025.0,23.03,72.58
2024-08-19 15:00:00,32.5,66,10.1,272,0.0,1050.0,23.03,72.58
2024-08-19 16:00:00,32.1,68,10.5,276,0.0,1110.0,23.03,72.58
2024-08-19 17:00:00,31.4,69,9.4,288,0.5,1120.0,23.03,72.58
2024-08-19 18:00:00,31.4,73,5.2,282,0.0,265.0,23.03,72.58
2024-08-19 19:00:00,29.9,80,5.2,258,0.0,40.0,23.03,72.58
2024-08-19 20:00:00,29.5,83,4.0,243,0.0,30.0,23.03,72.58
2024-08-19 21:00:00,29.2,84,3.6,217,0.0,45.0,23.03,72.58
2024-08-19 22:00:00,28.9,85,4.4,215,0.0,55.0,23.03,72.58
2024-08-19 23:00:00,28.4,85,5.9,232,0.0,70.0,23.03,72.58
2024-08-20 00:00:00,28.3,83,8.0,252,0.0,85.0,23.03,72.58
2024-08-20 01:00:00,28.2,83,8.5,258,0.0,110.0,23.03,72.58
2024-08-20 02:00:00,27.9,81,8.8,261,0.0,170.0,23.03,72.58
2024-08-20 03:00:00,27.5,81,7.9,267,0.0,225.0,23.03,72.58
2024-08-20 04:00:00,26.8,83,7.2,276,0.0,265.0,23.03,72.58
2024-08-20 05:00:00,26.4,85,7.7,298,0.0,290.0,23.03,72.58
2024-08-20 06:00:00,26.7,84,10.4,304,0.0,330.0,23.03,72.58
2024-08-20 07:00:00,27.0,87,10.0,300,0.0,375.0,23.03,72.58
2024-08-20 08:00:00,28.1,85,11.3,301,0.0,445.0,23.03,72.58
2024-08-20 09:00:00,29.3,80,10.8,300,0.1,535.0,23.03,72.58
2024-08-20 10:00:00,30.3,75,8.7,300,0.0,655.0,23.03,72.58
2024-08-20 11:00:00,31.1,71,7.0,305,0.0,820.0,23.03,72.58
2024-08-20 12:00:00,30.1,72,11.0,259,0.3,885.0,23.03,72.58
2024-08-20 13:00:00,28.9,81,9.0,247,1.1,945.0,23.03,72.58
2024-08-20 14:00:00,28.5,83,10.2,225,0.6,1055.0,23.03,72.58
2024-08-20 15:00:00,28.6,85,8.5,216,0.1,1125.0,23.03,72.58
2024-08-20 16:00:00,28.8,81,9.7,243,0.1,1090.0,23.03,72.58
2024-08-20 17:00:00,29.0,81,5.6,220,0.0,885.0,23.03,72.58
2024-08-20 18:00:00,29.9,79,6.7,216,0.0,170.0,23.03,72.58
2024-08-20 19:00:00,28.7,85,5.8,202,0.0,90.0,23.03,72.58
2024-08-20 20:00:00,28.2,86,6.1,183,0.0,75.0,23.03,72.58
2024-08-20 21:00:00,27.8,87,7.2,183,0.0,80.0,23.03,72.58
2024-08-20 22:00:00,27.6,87,7.1,195,0.0,100.0,23.03,72.58
2024-08-20 23:00:00,27.2,89,5.2,214,0.0,135.0,23.03,72.58
2024-08-21 00:00:00,26.9,90,7.0,201,0.0,180.0,23.03,72.58
2024-08-21 01:00:00,26.7,90,7.4,219,0.0,275.0,23.03,72.58
2024-08-21 02:00:00,26.6,90,6.5,214,0.0,320.0,23.03,72.58
2024-08-21 03:00:00,26.5,90,6.4,218,0.0,345.0,23.03,72.58
2024-08-21 04:00:00,26.2,91,8.1,238,0.0,330.0,23.03,72.58
2024-08-21 05:00:00,26.3,91,5.8,274,0.0,265.0,23.03,72.58
2024-08-21 06:00:00,26.2,95,3.8,253,0.0,185.0,23.03,72.58
2024-08-21 07:00:00,26.9,90,7.6,273,0.0,385.0,23.03,72.58
2024-08-21 08:00:00,27.7,86,9.4,288,0.0,525.0,23.03,72.58
2024-08-21 09:00:00,28.8,81,9.5,295,0.0,615.0,23.03,72.58
2024-08-21 10:00:00,29.5,77,9.2,301,0.0,765.0,23.03,72.58
2024-08-21 11:00:00,31.0,71,9.2,301,0.0,915.0,23.03,72.58
2024-08-21 12:00:00,31.4,69,9.4,328,0.0,1020.0,23.03,72.58
2024-08-21 13:00:00,31.9,68,6.9,332,0.0,1025.0,23.03,72.58
2024-08-21 14:00:00,31.4,70,6.5,3,0.0,1040.0,23.03,72.58
2024-08-21 15:00:00,30.1,76,4.6,45,0.7,915.0,23.03,72.58
2024-08-21 16:00:00,30.2,77,2.5,82,0.3,970.0,23.03,72.58
2024-08-21 17:00:00,30.3,76,2.5,90,0.0,845.0,23.03,72.58
2024-08-21 18:00:00,29.9,79,4.9,107,0.0,145.0,23.03,72.58
2024-08-21 19:00:00,28.5,87,8.7,114,0.0,70.0,23.03,72.58
2024-08-21 20:00:00,27.8,90,8.0,108,0.0,65.0,23.03,72.58
2024-08-21 21:00:00,27.5,91,7.4,119,0.0,80.0,23.03,72.58
2024-08-21 22:00:00,27.2,92,7.8,124,0.0,105.0,23.03,72.58
2024-08-21 23:00:00,27.0,92,4.3,132,0.0,115.0,23.03,72.58
2024-08-22 00:00:00,26.9,93,6.2,159,0.0,115.0,23.03,72.58
2024-08-22 01:00:00,26.6,96,2.2,189,0.0,120.0,23.03,72.58
2024-08-22 02:00:00,26.5,97,3.1,216,0.0,110.0,23.03,72.58
2024-08-22 03:00:00,26.5,97,3.1,225,0.0,120.0,23.03,72.58
2024-08-22 04:00:00,26.3,98,3.4,238,0.0,125.0,23.03,72.58
2024-08-22 05:00:00,26.4,97,2.9,240,0.0,120.0,23.03,72.58
2024-08-22 06:00:00,26.5,97,2.0,225,0.0,95.0,23.03,72.58
2024-08-22 07:00:00,27.3,92,4.0,265,0.0,140.0,23.03,72.58
2024-08-22 08:00:00,28.4,86,5.5,259,0.0,245.0,23.03,72.58
2024-08-22 09:00:00,29.7,80,6.2,291,0.1,395.0,23.03,72.58
2024-08-22 10:00:00,30.5,78,4.4,305,0.2,590.0,23.03,72.58
2024-08-22 11:00:00,31.2,73,6.4,322,0.2,760.0,23.03,72.58
2024-08-22 12:00:00,31.5,70,5.0,330,0.0,895.0,23.03,72.58
2024-08-22 13:00:00,31.8,70,2.5,315,0.1,950.0,23.03,72.58
2024-08-22 14:00:00,32.0,70,4.8,333,0.2,985.0,23.03,72.58
2024-08-22 15:00:00,28.7,84,10.7,14,4.3,950.0,23.03,72.58
2024-08-22 16:00:00,29.0,82,2.6,34,0.1,935.0,23.03,72.58
2024-08-22 17:00:00,29.4,81,3.8,41,0.0,560.0,23.03,72.58
2024-08-22 18:00:00,30.0,80,6.2,36,0.0,240.0,23.03,72.58
2024-08-22 19:00:00,28.9,86,4.0,90,0.0,65.0,23.03,72.58
2024-08-22 20:00:00,28.5,89,3.4,108,0.0,70.0,23.03,72.58
2024-08-22 21:00:00,28.1,91,3.4,122,0.0,90.0,23.03,72.58
2024-08-22 22:00:00,27.9,92,3.6,127,0.0,105.0,23.03,72.58
2024-08-22 23:00:00,27.6,93,5.5,157,0.0,140.0,23.03,72.58
2024-08-23 00:00:00,27.6,93,3.7,169,0.0,150.0,23.03,72.58
2024-08-23 01:00:00,27.3,95,3.1,225,0.0,180.0,23.03,72.58
2024-08-23 02:00:00,27.0,95,3.8,197,0.0,185.0,23.03,72.58
2024-08-23 03:00:00,27.1,95,4.5,256,0.0,220.0,23.03,72.58
2024-08-23 04:00:00,26.6,94,7.3,191,2.9,80.0,23.03,72.58
2024-08-23 05:00:00,26.1,93,5.3,242,3.7,75.0,23.03,72.58
2024-08-23 06:00:00,26.3,93,1.1,90,0.8,40.0,23.03,72.58
2024-08-23 07:00:00,26.5,95,4.2,160,2.1,95.0,23.03,72.58
2024-08-23 08:00:00,27.1,93,3.6,264,2.5,250.0,23.03,72.58
2024-08-23 09:00:00,28.1,89,5.0,240,0.6,370.0,23.03,72.58
2024-08-23 10:00:00,28.8,88,4.6,231,0.8,395.0,23.03,72.58
2024-08-23 11:00:00,29.6,87,3.3,229,1.5,590.0,23.03,72.58
2024-08-23 12:00:00,29.9,86,4.0,243,3.7,700.0,23.03,72.58
2024-08-23 13:00:00,30.2,86,4.0,265,1.1,835.0,23.03,72.58
2024-08-23 14:00:00,30.6,82,5.9,259,2.9,890.0,23.03,72.58
2024-08-23 15:00:00,30.3,79,6.6,261,4.7,785.0,23.03,72.58
2024-08-23 16:00:00,28.7,87,3.1,144,4.6,170.0,23.03,72.58
2024-08-23 17:00:00,27.6,94,6.3,114,1.3,200.0,23.03,72.58
2024-08-23 18:00:00,27.1,93,4.9,126,3.2,210.0,23.03,72.58
2024-08-23 19:00:00,26.9,95,4.5,151,1.4,230.0,23.03,72.58
2024-08-23 20:00:00,26.8,97,4.5,166,0.6,275.0,23.03,72.58
2024-08-23 21:00:00,26.8,97,3.9,124,0.5,270.0,23.03,72.58
2024-08-23 22:00:00,26.8,98,5.3,152,1.1,260.0,23.03,72.58
2024-08-23 23:00:00,26.9,98,8.0,198,0.9,255.0,23.03,72.58
2024-08-24 00:00:00,26.8,97,8.3,214,0.8,265.0,23.03,72.58
2024-08-24 01:00:00,26.6,98,5.7,215,0.4,255.0,23.03,72.58
2024-08-24 02:00:00,26.4,97,3.8,229,0.4,235.0,23.03,72.58
2024-08-24 03:00:00,26.1,94,5.9,191,1.2,210.0,23.03,72.58
2024-08-24 04:00:00,25.9,97,7.8,236,0.3,265.0,23.03,72.58
2024-08-24 05:00:00,25.8,95,7.0,201,1.0,310.0,23.03,72.58
2024-08-24 06:00:00,25.4,95,2.9,263,2.7,385.0,23.03,72.58
2024-08-24 07:00:00,25.6,95,7.2,276,2.1,480.0,23.03,72.58
2024-08-24 08:00:00,26.3,91,9.9,289,1.1,530.0,23.03,72.58
2024-08-24 09:00:00,26.0,94,13.0,314,0.9,550.0,23.03,72.58
2024-08-24 10:00:00,26.2,91,11.4,305,0.5,575.0,23.03,72.58
2024-08-24 11:00:00,26.2,92,12.8,310,0.8,650.0,23.03,72.58
2024-08-24 12:00:00,26.5,91,11.9,325,2.5,650.0,23.03,72.58
2024-08-24 13:00:00,26.4,91,9.4,313,1.5,540.0,23.03,72.58
2024-08-24 14:00:00,26.7,91,10.0,300,1.1,500.0,23.03,72.58
2024-08-24 15:00:00,26.7,92,8.8,279,1.2,485.0,23.03,72.58
2024-08-24 16:00:00,26.6,94,9.0,265,0.7,435.0,23.03,72.58
2024-08-24 17:00:00,26.9,93,8.7,263,0.5,440.0,23.03,72.58
2024-08-24 18:00:00,26.2,93,3.6,225,1.3,340.0,23.03,72.58
2024-08-24 19:00:00,26.0,95,4.8,257,1.0,250.0,23.03,72.58
2024-08-24 20:00:00,25.7,96,7.0,258,1.4,245.0,23.03,72.58
2024-08-24 21:00:00,25.6,96,6.5,251,1.8,240.0,23.03,72.58
2024-08-24 22:00:00,25.5,96,5.9,259,1.8,275.0,23.03,72.58
2024-08-24 23:00:00,25.4,96,6.1,242,1.4,340.0,23.03,72.58
2024-08-25 00:00:00,25.2,97,6.2,263,1.0,405.0,23.03,72.58
2024-08-25 01:00:00,25.0,97,10.0,311,1.8,425.0,23.03,72.58
2024-08-25 02:00:00,24.7,97,10.5,319,4.9,455.0,23.03,72.58
2024-08-25 03:00:00,24.7,97,6.0,303,2.1,380.0,23.03,72.58
2024-08-25 04:00:00,24.7,97,9.4,317,3.3,410.0,23.03,72.58
2024-08-25 05:00:00,24.9,97,11.2,327,2.6,445.0,23.03,72.58
2024-08-25 06:00:00,25.5,96,17.8,291,1.4,455.0,23.03,72.58
2024-08-25 07:00:00,25.6,94,17.6,296,0.7,440.0,23.03,72.58
2024-08-25 08:00:00,25.9,93,19.3,303,0.6,425.0,23.03,72.58
2024-08-25 09:00:00,26.3,91,20.2,301,0.9,445.0,23.03,72.58
2024-08-25 10:00:00,27.5,85,21.1,300,0.2,430.0,23.03,72.58
2024-08-25 11:00:00,28.5,82,17.8,306,0.1,400.0,23.03,72.58
2024-08-25 12:00:00,28.1,85,15.5,298,0.6,410.0,23.03,72.58
2024-08-25 13:00:00,29.0,83,13.0,298,0.4,455.0,23.03,72.58
2024-08-25 14:00:00,29.6,78,18.3,290,0.2,515.0,23.03,72.58
2024-08-25 15:00:00,27.8,83,19.2,296,4.9,595.0,23.03,72.58
2024-08-25 16:00:00,26.8,93,16.5,286,1.3,660.0,23.03,72.58
2024-08-25 17:00:00,26.6,93,16.6,271,0.7,700.0,23.03,72.58
2024-08-25 18:00:00,25.9,95,17.6,270,0.9,660.0,23.03,72.58
2024-08-25 19:00:00,25.7,95,16.2,273,0.4,700.0,23.03,72.58
2024-08-25 20:00:00,25.9,96,16.2,267,1.7,765.0,23.03,72.58
2024-08-25 21:00:00,25.6,96,18.0,268,2.5,800.0,23.03,72.58
2024-08-25 22:00:00,25.3,96,18.0,272,3.7,820.0,23.03,72.58
2024-08-25 23:00:00,25.2,96,23.1,268,2.4,805.0,23.03,72.58
2024-08-26 00:00:00,25.1,96,21.1,279,2.8,865.0,23.03,72.58
2024-08-26 01:00:00,25.1,97,17.2,290,6.7,925.0,23.03,72.58
2024-08-26 02:00:00,25.1,97,17.9,298,1.9,960.0,23.03,72.58
2024-08-26 03:00:00,25.0,97,20.8,296,2.3,875.0,23.03,72.58
2024-08-26 04:00:00,25.1,96,20.6,297,0.9,905.0,23.03,72.58
2024-08-26 05:00:00,25.1,96,19.3,299,1.5,915.0,23.03,72.58
2024-08-26 06:00:00,25.3,96,21.4,283,3.9,940.0,23.03,72.58
2024-08-26 07:00:00,25.5,94,25.5,292,3.9,900.0,23.03,72.58
2024-08-26 08:00:00,25.6,94,28.8,286,11.7,785.0,23.03,72.58
2024-08-26 09:00:00,25.5,94,24.6,295,10.0,620.0,23.03,72.58
2024-08-26 10:00:00,25.6,94,26.5,313,6.7,605.0,23.03,72.58
2024-08-26 11:00:00,26.3,90,22.7,299,0.4,710.0,23.03,72.58
2024-08-26 12:00:00,28.3,84,23.9,293,0.1,635.0,23.03,72.58
2024-08-26 13:00:00,29.3,81,27.5,292,1.2,595.0,23.03,72.58
2024-08-26 14:00:00,28.2,88,25.6,281,3.2,570.0,23.03,72.58
2024-08-26 15:00:00,27.0,92,27.7,283,8.4,530.0,23.03,72.58
2024-08-26 16:00:00,26.7,92,25.6,269,3.8,550.0,23.03,72.58
2024-08-26 17:00:00,26.2,93,27.1,259,5.1,565.0,23.03,72.58
2024-08-26 18:00:00,25.8,93,20.1,261,3.6,530.0,23.03,72.58
2024-08-26 19:00:00,25.5,95,24.6,238,4.1,610.0,23.03,72.58
2024-08-26 20:00:00,25.3,94,25.0,229,3.9,715.0,23.03,72.58
2024-08-26 21:00:00,25.2,94,24.7,227,8.1,750.0,23.03,72.58
2024-08-26 22:00:00,25.1,94,22.9,217,6.1,685.0,23.03,72.58
2024-08-26 23:00:00,25.1,94,27.5,217,4.8,745.0,23.03,72.58
2024-08-27 00:00:00,25.1,93,31.2,219,3.4,900.0,23.03,72.58
2024-08-27 01:00:00,25.1,92,29.9,211,3.1,1020.0,23.03,72.58
2024-08-27 02:00:00,25.1,91,31.9,204,2.3,1085.0,23.03,72.58
2024-08-27 03:00:00,25.0,91,31.7,197,2.7,1000.0,23.03,72.58
2024-08-27 04:00:00,24.8,91,31.0,200,7.6,1070.0,23.03,72.58
2024-08-27 05:00:00,24.9,91,28.6,197,5.7,1040.0,23.03,72.58
2024-08-27 06:00:00,24.5,93,30.7,183,4.0,985.0,23.03,72.58
2024-08-27 07:00:00,24.7,93,37.4,196,8.4,970.0,23.03,72.58
2024-08-27 08:00:00,24.9,91,31.7,197,7.9,995.0,23.03,72.58
2024-08-27 09:00:00,25.1,91,28.4,192,6.4,1055.0,23.03,72.58
2024-08-27 10:00:00,25.0,91,29.0,186,6.3,1105.0,23.03,72.58
2024-08-27 11:00:00,25.7,91,29.4,188,2.5,1165.0,23.03,72.58
2024-08-27 12:00:00,26.3,88,28.1,181,2.3,1100.0,23.03,72.58
2024-08-27 13:00:00,25.7,93,36.9,185,4.3,1040.0,23.03,72.58
2024-08-27 14:00:00,25.6,92,31.6,191,1.7,930.0,23.03,72.58
2024-08-27 15:00:00,25.5,92,29.9,181,3.2,845.0,23.03,72.58
2024-08-27 16:00:00,25.7,92,29.9,179,1.5,985.0,23.03,72.58
2024-08-27 17:00:00,25.6,91,32.4,192,1.0,1100.0,23.03,72.58
2024-08-27 18:00:00,26.3,89,23.8,177,0.3,1070.0,23.03,72.58
2024-08-27 19:00:00,26.0,89,22.9,173,0.0,1055.0,23.03,72.58
2024-08-27 20:00:00,25.9,89,23.6,164,0.0,1025.0,23.03,72.58
2024-08-27 21:00:00,25.9,87,25.9,164,0.1,905.0,23.03,72.58
2024-08-27 22:00:00,25.3,91,25.7,160,3.3,855.0,23.03,72.58
2024-08-27 23:00:00,25.0,92,28.6,163,2.1,885.0,23.03,72.58
2024-08-28 00:00:00,25.0,93,29.7,174,0.8,985.0,23.03,72.58
2024-08-28 01:00:00,25.0,93,28.9,169,0.6,1090.0,23.03,72.58
2024-08-28 02:00:00,25.1,94,28.6,174,1.5,1055.0,23.03,72.58
2024-08-28 03:00:00,25.4,93,27.5,175,0.5,805.0,23.03,72.58
2024-08-28 04:00:00,25.4,93,25.7,175,0.4,770.0,23.03,72.58
2024-08-28 05:00:00,25.5,92,27.4,175,0.2,725.0,23.03,72.58
2024-08-28 06:00:00,25.2,94,21.1,166,8.4,670.0,23.03,72.58
2024-08-28 07:00:00,25.0,97,26.5,168,1.7,680.0,23.03,72.58
2024-08-28 08:00:00,25.3,95,24.3,155,2.8,760.0,23.03,72.58
2024-08-28 09:00:00,25.6,94,23.8,160,1.1,855.0,23.03,72.58
2024-08-28 10:00:00,26.4,89,25.0,168,0.9,945.0,23.03,72.58
2024-08-28 11:00:00,28.8,75,30.0,193,0.1,1050.0,23.03,72.58
2024-08-28 12:00:00,29.6,71,32.0,197,0.3,1095.0,23.03,72.58
2024-08-28 13:00:00,29.3,72,25.9,190,0.1,1085.0,23.03,72.58
2024-08-28 14:00:00,28.0,81,22.2,188,0.4,1070.0,23.03,72.58
2024-08-28 15:00:00,28.3,79,25.3,184,0.6,1085.0,23.03,72.58
2024-08-28 16:00:00,28.0,81,24.5,184,0.4,980.0,23.03,72.58
2024-08-28 17:00:00,26.8,87,20.8,198,1.8,895.0,23.03,72.58
2024-08-28 18:00:00,26.8,85,24.9,185,0.3,870.0,23.03,72.58
2024-08-28 19:00:00,26.5,86,26.0,184,0.1,925.0,23.03,72.58
2024-08-28 20:00:00,26.5,85,26.6,189,0.0,925.0,23.03,72.58
2024-08-28 21:00:00,26.5,84,25.3,186,0.0,925.0,23.03,72.58
2024-08-28 22:00:00,26.4,85,24.9,182,0.2,905.0,23.03,72.58
2024-08-28 23:00:00,26.1,87,25.6,184,0.2,890.0,23.03,72.58
2024-08-29 00:00:00,26.0,87,27.4,184,0.1,885.0,23.03,72.58
2024-08-29 01:00:00,26.0,87,26.8,187,0.0,865.0,23.03,72.58
2024-08-29 02:00:00,25.7,89,24.2,185,0.5,835.0,23.03,72.58
2024-08-29 03:00:00,25.5,90,23.5,185,0.3,835.0,23.03,72.58
2024-08-29 04:00:00,25.5,91,21.3,186,0.0,895.0,23.03,72.58
2024-08-29 05:00:00,25.5,91,21.6,184,0.0,900.0,23.03,72.58
2024-08-29 06:00:00,26.0,90,23.4,177,0.5,875.0,23.03,72.58
2024-08-29 07:00:00,26.5,89,22.7,180,0.0,890.0,23.03,72.58
2024-08-29 08:00:00,27.8,83,25.5,188,0.0,865.0,23.03,72.58
2024-08-29 09:00:00,29.1,77,28.7,192,0.0,1005.0,23.03,72.58
2024-08-29 10:00:00,30.0,75,28.2,194,0.0,1175.0,23.03,72.58
2024-08-29 11:00:00,29.6,74,26.0,186,0.0,1295.0,23.03,72.58
2024-08-29 12:00:00,30.5,71,24.1,182,0.0,1340.0,23.03,72.58
2024-08-29 13:00:00,31.0,70,25.6,178,0.0,1280.0,23.03,72.58
2024-08-29 14:00:00,31.1,63,25.6,178,0.2,965.0,23.03,72.58
2024-08-29 15:00:00,28.8,77,31.4,195,0.4,895.0,23.03,72.58
2024-08-29 16:00:00,28.2,79,26.4,185,0.7,970.0,23.03,72.58
2024-08-29 17:00:00,28.0,84,20.5,180,0.3,830.0,23.03,72.58
2024-08-29 18:00:00,26.6,91,14.4,177,1.6,765.0,23.03,72.58
2024-08-29 19:00:00,25.8,93,14.6,164,0.7,640.0,23.03,72.58
2024-08-29 20:00:00,25.8,91,17.8,162,0.1,585.0,23.03,72.58
2024-08-29 21:00:00,25.7,93,15.8,159,0.0,625.0,23.03,72.58
2024-08-29 22:00:00,25.5,93,16.5,148,0.4,690.0,23.03,72.58
2024-08-29 23:00:00,25.5,93,17.4,162,0.1,705.0,23.03,72.58
2024-08-30 00:00:00,25.1,95,16.9,153,0.1,660.0,23.03,72.58
2024-08-30 01:00:00,25.1,95,16.6,153,0.0,625.0,23.03,72.58
2024-08-30 02:00:00,25.2,96,16.6,153,0.0,610.0,23.03,72.58
2024-08-30 03:00:00,25.3,96,15.5,155,0.0,525.0,23.03,72.58
2024-08-30 04:00:00,25.3,96,15.8,159,0.0,490.0,23.03,72.58
2024-08-30 05:00:00,25.3,96,16.6,158,0.0,450.0,23.03,72.58
2024-08-30 06:00:00,25.2,95,14.5,166,0.0,445.0,23.03,72.58
2024-08-30 07:00:00,25.7,93,15.4,169,0.1,515.0,23.03,72.58
2024-08-30 08:00:00,26.7,87,16.5,170,0.1,615.0,23.03,72.58
2024-08-30 09:00:00,27.6,84,19.7,171,0.1,710.0,23.03,72.58
2024-08-30 10:00:00,28.8,77,21.3,169,0.0,840.0,23.03,72.58
2024-08-30 11:00:00,29.3,78,18.5,167,0.2,890.0,23.03,72.58
2024-08-30 12:00:00,30.4,70,19.5,176,0.1,895.0,23.03,72.58
2024-08-30 13:00:00,29.7,72,18.0,177,0.3,925.0,23.03,72.58
2024-08-30 14:00:00,30.5,73,19.1,178,0.1,930.0,23.03,72.58
2024-08-30 15:00:00,30.2,71,18.4,186,0.2,895.0,23.03,72.58
2024-08-30 16:00:00,29.8,77,15.8,204,0.2,785.0,23.03,72.58
2024-08-30 17:00:00,28.9,79,15.6,199,0.2,745.0,23.03,72.58
2024-08-30 18:00:00,28.6,78,13.3,180,0.0,685.0,23.03,72.58
2024-08-30 19:00:00,27.5,83,12.6,175,0.0,605.0,23.03,72.58
2024-08-30 20:00:00,26.8,86,13.1,172,0.0,530.0,23.03,72.58
2024-08-30 21:00:00,26.5,88,10.2,170,0.0,430.0,23.03,72.58
2024-08-30 22:00:00,26.0,88,10.2,162,0.5,385.0,23.03,72.58
2024-08-30 23:00:00,25.8,92,8.8,145,0.3,345.0,23.03,72.58
2024-08-31 00:00:00,25.6,94,7.7,152,0.0,325.0,23.03,72.58
2024-08-31 01:00:00,25.1,96,7.8,146,0.0,310.0,23.03,72.58
2024-08-31 02:00:00,24.9,96,6.6,158,0.0,280.0,23.03,72.58
2024-08-31 03:00:00,24.7,97,5.8,176,0.0,255.0,23.03,72.58
2024-08-31 04:00:00,24.5,97,5.4,188,0.0,200.0,23.03,72.58
2024-08-31 05:00:00,24.2,98,4.7,189,0.0,150.0,23.03,72.58
2024-08-31 06:00:00,24.7,97,4.0,153,0.0,120.0,23.03,72.58
2024-08-31 07:00:00,25.5,93,6.8,180,0.0,235.0,23.03,72.58
2024-08-31 08:00:00,26.8,85,6.9,208,0.0,400.0,23.03,72.58
2024-08-31 09:00:00,28.0,78,5.8,210,0.0,535.0,23.03,72.58
2024-08-31 10:00:00,29.1,72,6.6,221,0.0,690.0,23.03,72.58
2024-08-31 11:00:00,30.0,68,5.7,215,0.0,825.0,23.03,72.58
2024-08-31 12:00:00,31.0,62,5.8,202,0.0,1110.0,23.03,72.58
2024-08-31 13:00:00,31.6,61,6.8,212,0.0,1205.0,23.03,72.58
2024-08-31 14:00:00,32.1,58,8.2,232,0.0,1230.0,23.03,72.58
2024-08-31 15:00:00,32.2,58,9.2,239,0.0,1070.0,23.03,72.58
2024-08-31 16:00:00,32.1,58,8.5,242,0.0,1055.0,23.03,72.58
2024-08-31 17:00:00,31.6,63,6.5,236,0.0,925.0,23.03,72.58
2024-08-31 18:00:00,29.8,76,3.5,246,0.0,205.0,23.03,72.58
2024-08-31 19:00:00,28.1,82,6.1,267,0.0,85.0,23.03,72.58
2024-08-31 20:00:00,27.3,83,6.2,260,0.0,110.0,23.03,72.58
2024-08-31 21:00:00,26.8,86,6.9,261,0.0,130.0,23.03,72.58
2024-08-31 22:00:00,27.4,79,4.8,222,0.0,130.0,23.03,72.58
2024-08-31 23:00:00,26.0,88,4.8,193,0.0,145.0,23.03,72.58
2024-09-01 00:00:00,25.6,93,5.2,192,0.0,150.0,23.03,72.58
2024-09-01 01:00:00,25.5,94,5.6,195,0.0,155.0,23.03,72.58
2024-09-01 02:00:00,25.5,94,6.0,213,0.0,170.0,23.03,72.58
2024-09-01 03:00:00,25.4,96,4.8,222,0.0,115.0,23.03,72.58
2024-09-01 04:00:00,25.1,97,4.0,243,0.0,105.0,23.03,72.58
2024-09-01 05:00:00,24.9,98,4.0,265,0.0,120.0,23.03,72.58
2024-09-01 06:00:00,25.4,96,4.3,246,0.0,75.0,23.03,72.58
2024-09-01 07:00:00,26.4,93,7.7,259,0.0,200.0,23.03,72.58
2024-09-01 08:00:00,27.8,85,10.1,276,0.0,315.0,23.03,72.58
2024-09-01 09:00:00,29.2,78,10.2,280,0.0,480.0,23.03,72.58
2024-09-01 10:00:00,30.2,71,8.3,288,0.0,720.0,23.03,72.58
2024-09-01 11:00:00,31.2,67,8.4,295,0.1,885.0,23.03,72.58
2024-09-01 12:00:00,31.6,64,8.4,295,0.0,955.0,23.03,72.58
2024-09-01 13:00:00,31.9,63,9.5,295,0.0,1015.0,23.03,72.58
2024-09-01 14:00:00,32.1,62,10.7,284,0.1,990.0,23.03,72.58
2024-09-01 15:00:00,31.5,65,12.3,267,0.2,740.0,23.03,72.58
2024-09-01 16:00:00,31.1,68,11.2,268,0.4,745.0,23.03,72.58
2024-09-01 17:00:00,31.1,67,8.8,282,0.0,835.0,23.03,72.58
2024-09-01 18:00:00,30.1,75,4.7,270,0.0,175.0,23.03,72.58
2024-09-01 19:00:00,28.9,80,5.2,304,0.0,60.0,23.03,72.58
2024-09-01 20:00:00,28.3,82,4.8,318,0.0,55.0,23.03,72.58
2024-09-01 21:00:00,27.8,84,4.8,333,0.0,65.0,23.03,72.58
2024-09-01 22:00:00,27.8,82,6.4,333,0.0,95.0,23.03,72.58
2024-09-01 23:00:00,27.6,81,6.6,319,0.0,95.0,23.03,72.58
2024-09-02 00:00:00,27.2,82,6.6,292,0.0,95.0,23.03,72.58
2024-09-02 01:00:00,26.9,83,8.8,289,0.0,155.0,23.03,72.58
2024-09-02 02:00:00,26.7,85,12.1,293,0.0,265.0,23.03,72.58
2024-09-02 03:00:00,26.5,87,13.1,291,0.0,295.0,23.03,72.58
2024-09-02 04:00:00,26.2,88,12.7,295,0.0,330.0,23.03,72.58
2024-09-02 05:00:00,26.0,88,13.4,297,0.0,350.0,23.03,72.58
2024-09-02 06:00:00,26.2,90,13.9,301,0.0,385.0,23.03,72.58
2024-09-02 07:00:00,26.4,89,12.5,311,0.0,400.0,23.03,72.58
2024-09-02 08:00:00,27.1,87,12.5,319,0.1,460.0,23.03,72.58
2024-09-02 09:00:00,28.2,81,15.9,321,0.1,565.0,23.03,72.58
2024-09-02 10:00:00,28.6,80,13.1,323,0.7,615.0,23.03,72.58
2024-09-02 11:00:00,28.7,82,11.1,324,0.6,625.0,23.03,72.58
2024-09-02 12:00:00,28.7,82,11.2,315,0.6,600.0,23.03,72.58
2024-09-02 13:00:00,29.3,81,13.0,314,0.3,635.0,23.03,72.58
2024-09-02 14:00:00,30.2,78,14.2,306,0.2,765.0,23.03,72.58
2024-09-02 15:00:00,30.8,76,16.6,294,0.4,915.0,23.03,72.58
2024-09-02 16:00:00,28.9,85,11.7,326,8.9,620.0,23.03,72.58
2024-09-02 17:00:00,27.1,88,9.8,336,3.7,280.0,23.03,72.58
2024-09-02 18:00:00,27.9,86,9.1,326,0.0,495.0,23.03,72.58
2024-09-02 19:00:00,27.5,88,9.7,321,0.1,465.0,23.03,72.58
2024-09-02 20:00:00,27.0,91,5.5,259,0.1,150.0,23.03,72.58
2024-09-02 21:00:00,27.0,92,7.2,297,0.1,220.0,23.03,72.58
2024-09-02 22:00:00,26.5,94,7.4,337,2.0,295.0,23.03,72.58
2024-09-02 23:00:00,25.8,95,6.6,311,4.3,245.0,23.03,72.58
2024-09-03 00:00:00,25.5,95,7.9,313,3.0,280.0,23.03,72.58
2024-09-03 01:00:00,25.1,97,9.7,321,6.1,215.0,23.03,72.58
2024-09-03 02:00:00,25.0,98,9.2,301,4.1,200.0,23.03,72.58
2024-09-03 03:00:00,25.1,98,9.7,321,2.9,320.0,23.03,72.58
2024-09-03 04:00:00,25.1,97,11.0,308,1.0,315.0,23.03,72.58
2024-09-03 05:00:00,25.0,97,10.4,326,1.6,350.0,23.03,72.58
2024-09-03 06:00:00,25.1,96,5.9,322,17.8,150.0,23.03,72.58
2024-09-03 07:00:00,25.3,96,3.1,291,5.8,95.0,23.03,72.58
2024-09-03 08:00:00,25.3,96,6.6,257,5.3,170.0,23.03,72.58
2024-09-03 09:00:00,25.4,95,9.0,265,4.3,185.0,23.03,72.58
2024-09-03 10:00:00,25.8,95,7.4,284,1.8,210.0,23.03,72.58
2024-09-03 11:00:00,27.1,91,9.0,293,0.3,360.0,23.03,72.58
2024-09-03 12:00:00,28.0,84,8.2,285,0.1,355.0,23.03,72.58
2024-09-03 13:00:00,28.6,81,9.1,279,0.0,450.0,23.03,72.58
2024-09-03 14:00:00,29.1,78,7.9,273,0.2,510.0,23.03,72.58
2024-09-03 15:00:00,29.0,77,7.8,248,0.0,545.0,23.03,72.58
2024-09-03 16:00:00,28.5,79,11.3,263,0.1,575.0,23.03,72.58
2024-09-03 17:00:00,28.1,82,9.8,276,0.0,480.0,23.03,72.58
2024-09-03 18:00:00,27.3,85,4.1,308,0.0,290.0,23.03,72.58
2024-09-03 19:00:00,26.5,90,4.4,279,0.0,105.0,23.03,72.58
2024-09-03 20:00:00,26.2,92,4.3,265,0.0,95.0,23.03,72.58
2024-09-03 21:00:00,26.0,93,4.3,265,0.0,100.0,23.03,72.58
2024-09-03 22:00:00,25.9,93,5.8,266,0.0,125.0,23.03,72.58
2024-09-03 23:00:00,25.6,94,7.3,259,0.0,195.0,23.03,72.58
2024-09-04 00:00:00,25.4,94,7.6,265,0.3,215.0,23.03,72.58
2024-09-04 01:00:00,25.3,96,7.6,267,0.6,195.0,23.03,72.58
2024-09-04 02:00:00,25.0,96,10.9,261,0.2,305.0,23.03,72.58
2024-09-04 03:00:00,24.4,95,8.6,270,0.0,255.0,23.03,72.58
2024-09-04 04:00:00,24.1,96,6.9,264,0.0,235.0,23.03,72.58
2024-09-04 05:00:00,24.2,95,7.2,252,0.0,190.0,23.03,72.58
2024-09-04 06:00:00,24.5,96,7.8,236,0.0,335.0,23.03,72.58
2024-09-04 07:00:00,25.2,93,13.5,254,0.0,425.0,23.03,72.58
2024-09-04 08:00:00,26.2,89,14.2,263,0.0,500.0,23.03,72.58
2024-09-04 09:00:00,27.3,86,14.1,264,0.0,595.0,23.03,72.58
2024-09-04 10:00:00,28.5,81,15.2,265,0.0,775.0,23.03,72.58
2024-09-04 11:00:00,29.4,76,15.6,262,0.0,1045.0,23.03,72.58
2024-09-04 12:00:00,29.2,74,15.6,262,0.1,915.0,23.03,72.58
2024-09-04 13:00:00,29.2,75,16.6,265,0.1,830.0,23.03,72.58
2024-09-04 14:00:00,29.3,75,17.7,276,0.2,855.0,23.03,72.58
2024-09-04 15:00:00,28.2,79,17.8,277,0.4,575.0,23.03,72.58
2024-09-04 16:00:00,28.8,75,17.5,279,0.1,760.0,23.03,72.58
2024-09-04 17:00:00,28.4,78,14.8,288,0.1,715.0,23.03,72.58
2024-09-04 18:00:00,27.6,82,8.8,251,0.0,430.0,23.03,72.58
2024-09-04 19:00:00,26.9,84,7.8,236,0.0,225.0,23.03,72.58
2024-09-04 20:00:00,26.3,87,7.9,240,0.0,190.0,23.03,72.58
2024-09-04 21:00:00,25.9,89,7.2,233,0.0,210.0,23.03,72.58
2024-09-04 22:00:00,25.6,91,6.1,225,0.0,160.0,23.03,72.58
2024-09-04 23:00:00,25.6,92,6.9,231,0.0,180.0,23.03,72.58
2024-09-05 00:00:00,25.4,94,7.2,233,0.0,195.0,23.03,72.58
2024-09-05 01:00:00,25.5,94,7.9,227,0.0,275.0,23.03,72.58
2024-09-05 02:00:00,25.6,93,10.2,231,0.1,460.0,23.03,72.58
2024-09-05 03:00:00,25.7,90,12.4,244,0.1,530.0,23.03,72.58
2024-09-05 04:00:00,25.4,90,12.1,243,0.1,570.0,23.03,72.58
2024-09-05 05:00:00,25.3,91,12.6,243,0.1,530.0,23.03,72.58
2024-09-05 06:00:00,25.3,93,10.0,249,0.0,515.0,23.03,72.58
2024-09-05 07:00:00,26.0,89,13.8,255,0.0,560.0,23.03,72.58
2024-09-05 08:00:00,26.4,88,13.6,253,0.0,640.0,23.03,72.58
2024-09-05 09:00:00,26.8,87,12.8,254,0.0,695.0,23.03,72.58
2024-09-05 10:00:00,28.7,78,16.2,266,0.0,940.0,23.03,72.58
2024-09-05 11:00:00,28.9,76,15.5,269,0.1,875.0,23.03,72.58
2024-09-05 12:00:00,29.8,72,14.1,264,0.0,1065.0,23.03,72.58
2024-09-05 13:00:00,30.5,71,13.6,258,0.2,1070.0,23.03,72.58
2024-09-05 14:00:00,27.2,86,14.0,293,3.9,465.0,23.03,72.58
2024-09-05 15:00:00,28.8,80,16.0,279,0.7,710.0,23.03,72.58
2024-09-05 16:00:00,27.5,85,14.0,271,0.8,470.0,23.03,72.58
2024-09-05 17:00:00,26.9,88,14.2,277,2.6,480.0,23.03,72.58
2024-09-05 18:00:00,26.4,93,9.4,252,3.1,420.0,23.03,72.58
2024-09-05 19:00:00,25.8,95,10.9,253,5.7,355.0,23.03,72.58
2024-09-05 20:00:00,25.6,96,10.6,260,1.1,345.0,23.03,72.58
2024-09-05 21:00:00,25.4,96,9.8,253,0.6,380.0,23.03,72.58
2024-09-05 22:00:00,25.2,95,7.3,261,0.5,315.0,23.03,72.58
2024-09-05 23:00:00,24.9,96,9.5,245,0.1,325.0,23.03,72.58
2024-09-06 00:00:00,24.9,97,8.7,253,0.1,325.0,23.03,72.58
2024-09-06 01:00:00,24.9,96,8.2,247,0.0,320.0,23.03,72.58
2024-09-06 02:00:00,24.6,98,9.7,268,0.3,340.0,23.03,72.58
2024-09-06 03:00:00,24.4,97,5.8,270,3.3,235.0,23.03,72.58
2024-09-06 04:00:00,24.3,96,5.0,249,5.1,225.0,23.03,72.58
2024-09-06 05:00:00,24.4,96,4.8,222,3.1,235.0,23.03,72.58
2024-09-06 06:00:00,25.3,95,13.3,283,7.2,505.0,23.03,72.58
2024-09-06 07:00:00,25.4,95,12.8,281,6.3,505.0,23.03,72.58
2024-09-06 08:00:00,25.9,95,14.7,287,2.1,500.0,23.03,72.58
2024-09-06 09:00:00,26.9,90,15.7,290,0.3,535.0,23.03,72.58
2024-09-06 10:00:00,28.7,79,16.6,292,0.1,670.0,23.03,72.58
2024-09-06 11:00:00,29.7,73,16.1,294,0.0,800.0,23.03,72.58
2024-09-06 12:00:00,30.3,71,14.9,290,0.1,970.0,23.03,72.58
2024-09-06 13:00:00,30.8,69,13.7,288,0.0,1075.0,23.03,72.58
2024-09-06 14:00:00,29.5,72,18.6,285,0.2,630.0,23.03,72.58
2024-09-06 15:00:00,29.4,77,15.3,279,0.2,700.0,23.03,72.58
2024-09-06 16:00:00,29.1,78,13.3,268,0.0,665.0,23.03,72.58
2024-09-06 17:00:00,29.0,79,13.0,273,0.2,620.0,23.03,72.58
2024-09-06 18:00:00,28.3,85,7.6,245,0.0,470.0,23.03,72.58
2024-09-06 19:00:00,27.6,86,9.3,242,0.0,335.0,23.03,72.58
2024-09-06 20:00:00,27.0,88,8.8,235,0.0,200.0,23.03,72.58
2024-09-06 21:00:00,26.4,90,10.6,215,0.0,220.0,23.03,72.58
2024-09-06 22:00:00,25.9,92,8.8,215,0.0,220.0,23.03,72.58
2024-09-06 23:00:00,25.5,93,6.4,207,0.1,195.0,23.03,72.58
2024-09-07 00:00:00,25.2,95,5.2,196,0.1,145.0,23.03,72.58
2024-09-07 01:00:00,25.0,96,5.6,207,0.0,135.0,23.03,72.58
2024-09-07 02:00:00,24.9,96,6.6,241,0.0,175.0,23.03,72.58
2024-09-07 03:00:00,24.8,97,8.0,262,0.0,300.0,23.03,72.58
2024-09-07 04:00:00,24.7,97,7.6,270,0.0,320.0,23.03,72.58
2024-09-07 05:00:00,24.6,97,6.1,270,0.0,300.0,23.03,72.58
2024-09-07 06:00:00,24.8,96,7.2,270,0.0,375.0,23.03,72.58
2024-09-07 07:00:00,25.8,91,13.2,281,0.0,450.0,23.03,72.58
2024-09-07 08:00:00,26.7,86,14.3,288,0.0,475.0,23.03,72.58
2024-09-07 09:00:00,28.1,79,12.9,293,0.1,530.0,23.03,72.58
2024-09-07 10:00:00,29.1,74,10.8,291,0.1,635.0,23.03,72.58
2024-09-07 11:00:00,30.3,69,9.4,288,0.0,790.0,23.03,72.58
2024-09-07 12:00:00,31.0,65,10.5,264,0.0,970.0,23.03,72.58
2024-09-07 13:00:00,31.2,63,12.0,254,0.1,975.0,23.03,72.58
2024-09-07 14:00:00,31.1,64,12.5,258,0.4,845.0,23.03,72.58
2024-09-07 15:00:00,30.6,69,13.7,272,0.3,805.0,23.03,72.58
2024-09-07 16:00:00,30.6,72,12.2,272,0.1,900.0,23.03,72.58
2024-09-07 17:00:00,29.8,75,10.3,282,0.2,565.0,23.03,72.58
2024-09-07 18:00:00,29.1,80,5.0,249,0.0,325.0,23.03,72.58
2024-09-07 19:00:00,28.2,82,8.4,205,0.0,145.0,23.03,72.58
2024-09-07 20:00:00,27.5,85,12.1,207,0.0,220.0,23.03,72.58
2024-09-07 21:00:00,26.9,85,12.5,221,0.0,275.0,23.03,72.58
2024-09-07 22:00:00,26.4,87,11.1,216,0.0,270.0,23.03,72.58
2024-09-07 23:00:00,26.1,88,10.7,222,0.0,220.0,23.03,72.58
2024-09-08 00:00:00,25.9,88,9.7,228,0.0,210.0,23.03,72.58
2024-09-08 01:00:00,25.7,89,9.6,236,0.0,245.0,23.03,72.58
2024-09-08 02:00:00,25.5,91,8.2,255,0.0,255.0,23.03,72.58
2024-09-08 03:00:00,25.3,93,8.6,255,0.0,280.0,23.03,72.58
2024-09-08 04:00:00,25.2,94,10.0,257,0.0,325.0,23.03,72.58
2024-09-08 05:00:00,25.0,95,8.9,256,0.0,325.0,23.03,72.58
2024-09-08 06:00:00,25.5,93,9.0,247,0.0,380.0,23.03,72.58
2024-09-08 07:00:00,25.7,92,11.2,249,0.1,405.0,23.03,72.58
2024-09-08 08:00:00,26.8,89,11.7,261,0.0,460.0,23.03,72.58
2024-09-08 09:00:00,27.5,84,13.9,287,0.1,565.0,23.03,72.58
2024-09-08 10:00:00,28.2,82,11.5,290,0.7,590.0,23.03,72.58
2024-09-08 11:00:00,29.8,76,11.6,300,0.1,950.0,23.03,72.58
2024-09-08 12:00:00,30.5,71,11.3,301,0.0,1085.0,23.03,72.58
2024-09-08 13:00:00,30.9,70,10.2,293,0.0,1150.0,23.03,72.58
2024-09-08 14:00:00,28.2,81,11.3,329,4.3,400.0,23.03,72.58
2024-09-08 15:00:00,27.4,85,0.8,153,3.4,215.0,23.03,72.58
2024-09-08 16:00:00,28.9,82,4.3,275,0.1,380.0,23.03,72.58
2024-09-08 17:00:00,28.6,83,6.5,264,0.0,305.0,23.03,72.58
2024-09-08 18:00:00,27.1,92,7.1,165,0.0,85.0,23.03,72.58
2024-09-08 19:00:00,26.7,92,6.5,183,0.0,75.0,23.03,72.58
2024-09-08 20:00:00,26.8,92,8.6,213,0.1,160.0,23.03,72.58
2024-09-08 21:00:00,26.8,91,7.4,209,0.0,130.0,23.03,72.58
2024-09-08 22:00:00,26.4,91,8.6,202,0.0,155.0,23.03,72.58
2024-09-08 23:00:00,26.1,91,9.4,227,0.0,180.0,23.03,72.58
2024-09-09 00:00:00,25.5,94,7.8,146,1.2,165.0,23.03,72.58
2024-09-09 01:00:00,25.5,95,1.5,346,0.8,20.0,23.03,72.58
2024-09-09 02:00:00,25.6,95,3.7,259,0.1,80.0,23.03,72.58
2024-09-09 03:00:00,25.5,95,7.2,270,0.0,230.0,23.03,72.58
2024-09-09 04:00:00,25.4,96,8.0,278,0.0,345.0,23.03,72.58
2024-09-09 05:00:00,25.2,95,8.6,270,0.0,375.0,23.03,72.58
2024-09-09 06:00:00,25.6,93,9.4,272,0.0,405.0,23.03,72.58
2024-09-09 07:00:00,26.3,91,15.4,286,0.0,485.0,23.03,72.58
2024-09-09 08:00:00,27.1,87,16.0,293,0.0,545.0,23.03,72.58
2024-09-09 09:00:00,28.2,81,16.8,298,0.1,630.0,23.03,72.58
2024-09-09 10:00:00,29.2,77,15.9,308,0.0,700.0,23.03,72.58
2024-09-09 11:00:00,30.4,73,13.1,307,0.1,875.0,23.03,72.58
2024-09-09 12:00:00,31.0,72,12.6,307,0.0,1030.0,23.03,72.58
2024-09-09 13:00:00,31.5,69,12.8,302,0.0,1125.0,23.03,72.58
2024-09-09 14:00:00,31.7,69,12.1,297,0.0,1165.0,23.03,72.58
2024-09-09 15:00:00,31.7,69,12.2,298,0.0,1205.0,23.03,72.58
2024-09-09 16:00:00,30.9,73,9.3,306,0.0,930.0,23.03,72.58
2024-09-09 17:00:00,30.6,71,9.5,281,0.0,770.0,23.03,72.58
2024-09-09 18:00:00,29.3,82,6.1,267,0.0,260.0,23.03,72.58
2024-09-09 19:00:00,28.0,87,5.6,230,0.0,95.0,23.03,72.58
2024-09-09 20:00:00,27.5,88,6.4,218,0.0,95.0,23.03,72.58
2024-09-09 21:00:00,27.3,88,5.7,215,0.0,75.0,23.03,72.58
2024-09-09 22:00:00,25.5,96,14.1,86,10.9,130.0,23.03,72.58
2024-09-09 23:00:00,25.6,94,8.4,187,0.9,80.0,23.03,72.58
2024-09-10 00:00:00,25.5,95,6.3,103,0.9,100.0,23.03,72.58
2024-09-10 01:00:00,25.5,94,1.8,349,0.1,35.0,23.03,72.58
2024-09-10 02:00:00,25.3,96,3.3,174,0.1,90.0,23.03,72.58
2024-09-10 03:00:00,25.2,96,2.9,263,0.1,60.0,23.03,72.58
2024-09-10 04:00:00,25.4,95,7.6,273,0.0,390.0,23.03,72.58
2024-09-10 05:00:00,25.5,93,11.7,279,0.0,485.0,23.03,72.58
2024-09-10 06:00:00,25.6,93,13.1,286,0.0,470.0,23.03,72.58
2024-09-10 07:00:00,26.2,90,16.4,299,0.0,505.0,23.03,72.58
2024-09-10 08:00:00,27.0,86,18.7,300,0.0,545.0,23.03,72.58
2024-09-10 09:00:00,28.2,80,16.1,299,0.0,670.0,23.03,72.58
2024-09-10 10:00:00,29.3,77,13.5,295,0.0,845.0,23.03,72.58
2024-09-10 11:00:00,29.8,73,13.2,299,0.0,940.0,23.03,72.58
2024-09-10 12:00:00,30.0,73,12.8,302,0.1,845.0,23.03,72.58
2024-09-10 13:00:00,31.1,70,10.8,300,0.1,1075.0,23.03,72.58
2024-09-10 14:00:00,31.4,69,10.1,287,0.0,1105.0,23.03,72.58
2024-09-10 15:00:00,30.7,69,15.2,284,0.2,830.0,23.03,72.58
2024-09-10 16:00:00,30.2,73,16.6,297,1.1,745.0,23.03,72.58
2024-09-10 17:00:00,29.0,79,10.9,314,0.1,400.0,23.03,72.58
2024-09-10 18:00:00,28.7,86,3.7,299,0.0,250.0,23.03,72.58
2024-09-10 19:00:00,28.4,83,3.7,259,0.0,25.0,23.03,72.58
2024-09-10 20:00:00,27.4,89,2.1,121,0.0,15.0,23.03,72.58
2024-09-10 21:00:00,27.1,90,8.3,178,0.0,120.0,23.03,72.58
2024-09-10 22:00:00,26.8,90,5.6,195,0.0,120.0,23.03,72.58
2024-09-10 23:00:00,26.2,92,4.3,204,0.0,90.0,23.03,72.58
2024-09-11 00:00:00,26.0,93,4.4,215,0.1,160.0,23.03,72.58
2024-09-11 01:00:00,25.0,97,9.3,13,7.7,140.0,23.03,72.58
2024-09-11 02:00:00,24.6,96,1.0,45,5.1,35.0,23.03,72.58
2024-09-11 03:00:00,24.5,98,6.6,229,2.0,185.0,23.03,72.58
2024-09-11 04:00:00,24.9,95,9.3,286,1.6,375.0,23.03,72.58
2024-09-11 05:00:00,25.0,95,9.2,244,1.4,385.0,23.03,72.58
2024-09-11 06:00:00,25.5,95,8.8,279,1.6,395.0,23.03,72.58
2024-09-11 07:00:00,25.1,95,13.0,246,4.6,510.0,23.03,72.58
2024-09-11 08:00:00,25.4,91,15.1,267,0.7,430.0,23.03,72.58
2024-09-11 09:00:00,25.9,92,17.0,275,0.2,465.0,23.03,72.58
2024-09-11 10:00:00,27.4,87,13.0,284,0.4,510.0,23.03,72.58
2024-09-11 11:00:00,29.1,81,13.2,287,0.1,740.0,23.03,72.58
2024-09-11 12:00:00,30.5,73,14.1,289,0.0,1040.0,23.03,72.58
2024-09-11 13:00:00,30.6,70,13.7,297,0.1,1015.0,23.03,72.58
2024-09-11 14:00:00,30.0,72,13.6,307,0.2,825.0,23.03,72.58
2024-09-11 15:00:00,29.6,77,6.7,254,0.8,495.0,23.03,72.58
2024-09-11 16:00:00,30.2,74,9.0,272,0.1,750.0,23.03,72.58
2024-09-11 17:00:00,29.8,75,7.6,251,0.0,560.0,23.03,72.58
2024-09-11 18:00:00,28.3,85,7.9,204,0.0,195.0,23.03,72.58
2024-09-11 19:00:00,27.4,88,12.2,204,0.0,275.0,23.03,72.58
2024-09-11 20:00:00,26.8,92,13.8,208,0.0,305.0,23.03,72.58
2024-09-11 21:00:00,26.1,93,11.8,203,0.0,255.0,23.03,72.58
2024-09-11 22:00:00,26.0,93,9.8,208,0.1,220.0,23.03,72.58
2024-09-11 23:00:00,25.9,93,9.4,220,0.0,220.0,23.03,72.58
2024-09-12 00:00:00,25.8,93,10.2,238,0.0,250.0,23.03,72.58
2024-09-12 01:00:00,25.7,92,11.2,237,0.0,310.0,23.03,72.58
2024-09-12 02:00:00,25.6,91,11.9,245,0.0,440.0,23.03,72.58
2024-09-12 03:00:00,25.6,89,12.8,254,0.0,465.0,23.03,72.58
2024-09-12 04:00:00,25.4,89,12.8,254,0.0,470.0,23.03,72.58
2024-09-12 05:00:00,25.2,90,12.8,259,0.0,455.0,23.03,72.58
2024-09-12 06:00:00,25.3,92,10.0,244,0.0,465.0,23.03,72.58
2024-09-12 07:00:00,26.1,88,13.1,249,0.0,535.0,23.03,72.58
2024-09-12 08:00:00,27.1,83,15.3,255,0.0,615.0,23.03,72.58
2024-09-12 09:00:00,28.3,77,16.0,261,0.0,760.0,23.03,72.58
2024-09-12 10:00:00,29.5,71,15.7,259,0.0,940.0,23.03,72.58
2024-09-12 11:00:00,30.4,66,14.3,260,0.0,1135.0,23.03,72.58
2024-09-12 12:00:00,30.7,66,13.7,252,0.0,1015.0,23.03,72.58
2024-09-12 13:00:00,31.2,64,14.2,240,0.1,1075.0,23.03,72.58
2024-09-12 14:00:00,31.8,62,14.6,237,0.0,1250.0,23.03,72.58
2024-09-12 15:00:00,32.0,60,16.2,233,0.0,1310.0,23.03,72.58
2024-09-12 16:00:00,31.4,61,15.4,233,0.0,1160.0,23.03,72.58
2024-09-12 17:00:00,30.7,67,10.2,225,0.0,1045.0,23.03,72.58
2024-09-12 18:00:00,29.1,72,6.0,245,0.0,210.0,23.03,72.58
2024-09-12 19:00:00,28.2,73,6.0,213,0.0,90.0,23.03,72.58
2024-09-12 20:00:00,27.3,80,13.7,177,0.0,255.0,23.03,72.58
2024-09-12 21:00:00,27.1,80,13.6,197,0.0,315.0,23.03,72.58
2024-09-12 22:00:00,26.9,82,12.7,209,0.0,310.0,23.03,72.58
2024-09-12 23:00:00,26.5,84,10.4,214,0.0,250.0,23.03,72.58
2024-09-13 00:00:00,26.1,87,8.9,220,0.0,230.0,23.03,72.58
2024-09-13 01:00:00,25.8,88,9.0,233,0.0,295.0,23.03,72.58
2024-09-13 02:00:00,25.6,88,8.9,243,0.0,385.0,23.03,72.58
2024-09-13 03:00:00,25.2,88,9.5,241,0.0,420.0,23.03,72.58
2024-09-13 04:00:00,24.9,88,9.7,239,0.0,455.0,23.03,72.58
2024-09-13 05:00:00,24.4,89,9.9,237,0.0,440.0,23.03,72.58
2024-09-13 06:00:00,24.7,88,10.6,242,0.0,525.0,23.03,72.58
2024-09-13 07:00:00,25.3,86,14.3,245,0.0,595.0,23.03,72.58
2024-09-13 08:00:00,26.3,81,17.3,247,0.0,720.0,23.03,72.58
2024-09-13 09:00:00,27.4,75,17.5,251,0.1,895.0,23.03,72.58
2024-09-13 10:00:00,28.5,71,15.9,252,0.0,1060.0,23.03,72.58
2024-09-13 11:00:00,29.4,67,13.0,246,0.0,1100.0,23.03,72.58
2024-09-13 12:00:00,30.1,63,13.2,235,0.0,1105.0,23.03,72.58
2024-09-13 13:00:00,30.7,60,13.3,232,0.0,1125.0,23.03,72.58
2024-09-13 14:00:00,31.1,57,15.3,236,0.0,1270.0,23.03,72.58
2024-09-13 15:00:00,31.1,56,17.2,233,0.0,1240.0,23.03,72.58
2024-09-13 16:00:00,30.6,59,15.3,231,0.0,1205.0,23.03,72.58
2024-09-13 17:00:00,29.8,66,11.0,221,0.0,1135.0,23.03,72.58
2024-09-13 18:00:00,28.2,76,8.9,194,0.0,395.0,23.03,72.58
2024-09-13 19:00:00,26.4,82,22.0,195,0.0,470.0,23.03,72.58
2024-09-13 20:00:00,25.5,84,10.8,182,0.0,205.0,23.03,72.58
2024-09-13 21:00:00,25.1,87,10.7,166,0.0,215.0,23.03,72.58
2024-09-13 22:00:00,24.9,89,10.3,168,0.0,210.0,23.03,72.58
2024-09-13 23:00:00,24.9,90,5.8,184,0.1,150.0,23.03,72.58
2024-09-14 00:00:00,24.7,92,5.4,180,0.0,145.0,23.03,72.58
2024-09-14 01:00:00,24.7,92,8.6,202,0.0,305.0,23.03,72.58
2024-09-14 02:00:00,24.4,91,11.8,230,0.0,345.0,23.03,72.58
2024-09-14 03:00:00,23.9,91,10.6,235,0.0,330.0,23.03,72.58
2024-09-14 04:00:00,23.4,94,8.1,225,0.0,300.0,23.03,72.58
2024-09-14 05:00:00,22.9,96,6.6,209,0.0,220.0,23.03,72.58
2024-09-14 06:00:00,23.5,94,8.5,216,0.0,315.0,23.03,72.58
2024-09-14 07:00:00,24.5,90,12.2,225,0.0,390.0,23.03,72.58
2024-09-14 08:00:00,25.9,84,14.1,230,0.0,505.0,23.03,72.58
2024-09-14 09:00:00,27.1,78,13.9,233,0.3,585.0,23.03,72.58
2024-09-14 10:00:00,28.2,73,13.6,230,0.3,735.0,23.03,72.58
2024-09-14 11:00:00,29.2,68,13.8,231,0.1,890.0,23.03,72.58
2024-09-14 12:00:00,29.9,65,14.1,230,0.1,930.0,23.03,72.58
2024-09-14 13:00:00,30.3,65,12.2,223,0.0,1150.0,23.03,72.58
2024-09-14 14:00:00,30.5,65,11.0,218,0.0,1305.0,23.03,72.58
2024-09-14 15:00:00,30.4,66,11.7,225,0.0,1340.0,23.03,72.58
2024-09-14 16:00:00,29.4,70,12.0,201,0.0,715.0,23.03,72.58
2024-09-14 17:00:00,26.8,78,17.3,225,0.2,575.0,23.03,72.58
2024-09-14 18:00:00,25.2,90,8.1,257,0.9,360.0,23.03,72.58
2024-09-14 19:00:00,25.2,88,6.8,162,0.3,170.0,23.03,72.58
2024-09-14 20:00:00,25.0,90,8.4,149,0.0,155.0,23.03,72.58
2024-09-14 21:00:00,24.9,91,10.7,160,0.2,200.0,23.03,72.58
2024-09-14 22:00:00,24.7,93,9.1,171,0.0,200.0,23.03,72.58
2024-09-14 23:00:00,24.3,95,7.6,175,0.0,185.0,23.03,72.58
2024-09-15 00:00:00,24.1,96,7.0,168,0.0,155.0,23.03,72.58
2024-09-15 01:00:00,23.9,97,6.8,177,0.0,160.0,23.03,72.58
2024-09-15 02:00:00,23.6,97,5.8,187,0.0,135.0,23.03,72.58
2024-09-15 03:00:00,23.3,98,4.8,207,0.0,105.0,23.03,72.58
2024-09-15 04:00:00,22.9,98,4.6,231,0.0,80.0,23.03,72.58
2024-09-15 05:00:00,23.1,98,4.8,243,0.0,95.0,23.03,72.58
2024-09-15 06:00:00,24.4,96,9.4,270,0.3,340.0,23.03,72.58
2024-09-15 07:00:00,25.3,93,13.0,272,0.2,545.0,23.03,72.58
2024-09-15 08:00:00,26.3,86,13.6,281,0.1,550.0,23.03,72.58
2024-09-15 09:00:00,26.8,85,12.8,280,0.4,535.0,23.03,72.58
2024-09-15 10:00:00,27.4,82,11.6,277,0.2,705.0,23.03,72.58
2024-09-15 11:00:00,28.2,76,11.5,268,0.2,660.0,23.03,72.58
2024-09-15 12:00:00,29.2,70,13.0,268,0.1,790.0,23.03,72.58
2024-09-15 13:00:00,30.2,65,13.4,264,0.0,955.0,23.03,72.58
2024-09-15 14:00:00,30.7,62,13.6,259,0.0,1035.0,23.03,72.58
2024-09-15 15:00:00,30.8,61,13.4,262,0.0,1060.0,23.03,72.58
2024-09-15 16:00:00,30.6,61,12.6,270,0.0,1160.0,23.03,72.58
2024-09-15 17:00:00,30.0,67,8.0,288,0.0,790.0,23.03,72.58
2024-09-15 18:00:00,28.1,74,5.4,266,0.0,170.0,23.03,72.58
2024-09-15 19:00:00,27.1,77,5.6,255,0.0,85.0,23.03,72.58
2024-09-15 20:00:00,26.7,79,6.8,238,0.0,85.0,23.03,72.58
2024-09-15 21:00:00,26.5,78,7.8,257,0.0,140.0,23.03,72.58
2024-09-15 22:00:00,25.4,83,6.7,254,0.0,95.0,23.03,72.58
2024-09-15 23:00:00,24.5,88,5.0,201,0.0,75.0,23.03,72.58
2024-09-16 00:00:00,23.9,94,5.2,205,0.0,65.0,23.03,72.58
2024-09-16 01:00:00,23.5,96,5.4,228,0.0,60.0,23.03,72.58
2024-09-16 02:00:00,23.4,96,6.9,264,0.0,80.0,23.03,72.58
2024-09-16 03:00:00,23.1,94,6.4,297,0.0,90.0,23.03,72.58
2024-09-16 04:00:00,22.6,94,5.5,302,0.0,85.0,23.03,72.58
2024-09-16 05:00:00,22.4,95,5.5,302,0.0,95.0,23.03,72.58
2024-09-16 06:00:00,23.5,95,6.6,292,0.0,275.0,23.03,72.58
2024-09-16 07:00:00,24.4,92,7.6,295,0.0,345.0,23.03,72.58
2024-09-16 08:00:00,26.0,84,12.9,297,0.0,530.0,23.03,72.58
2024-09-16 09:00:00,27.3,78,12.4,296,0.0,755.0,23.03,72.58
2024-09-16 10:00:00,28.4,72,9.6,283,0.0,965.0,23.03,72.58
2024-09-16 11:00:00,29.3,67,9.0,268,0.0,1260.0,23.03,72.58
2024-09-16 12:00:00,30.1,63,10.3,258,0.0,1350.0,23.03,72.58
2024-09-16 13:00:00,30.7,58,10.1,253,0.0,1485.0,23.03,72.58
2024-09-16 14:00:00,31.1,56,10.3,258,0.0,1565.0,23.03,72.58
2024-09-16 15:00:00,31.2,55,10.1,266,0.0,1560.0,23.03,72.58
2024-09-16 16:00:00,30.9,56,9.7,274,0.0,1270.0,23.03,72.58
2024-09-16 17:00:00,30.2,65,5.8,277,0.0,970.0,23.03,72.58
2024-09-16 18:00:00,28.0,79,6.7,306,0.0,80.0,23.03,72.58
2024-09-16 19:00:00,26.9,79,7.3,303,0.0,40.0,23.03,72.58
2024-09-16 20:00:00,26.7,77,6.0,295,0.0,65.0,23.03,72.58
2024-09-16 21:00:00,26.7,79,4.8,257,0.0,60.0,23.03,72.58
2024-09-16 22:00:00,26.6,80,4.1,255,0.0,55.0,23.03,72.58
2024-09-16 23:00:00,26.1,81,6.2,306,0.0,100.0,23.03,72.58
2024-09-17 00:00:00,24.9,87,5.5,259,0.0,60.0,23.03,72.58
2024-09-17 01:00:00,24.4,89,4.9,216,0.0,65.0,23.03,72.58
2024-09-17 02:00:00,24.0,91,4.5,241,0.0,60.0,23.03,72.58
2024-09-17 03:00:00,23.6,92,5.2,258,0.0,75.0,23.03,72.58
2024-09-17 04:00:00,23.5,93,6.6,261,0.0,115.0,23.03,72.58
2024-09-17 05:00:00,23.3,94,7.6,270,0.0,175.0,23.03,72.58
2024-09-17 06:00:00,24.1,91,9.0,286,0.0,255.0,23.03,72.58
2024-09-17 07:00:00,24.8,90,7.6,289,0.0,275.0,23.03,72.58
2024-09-17 08:00:00,26.1,85,7.1,300,0.0,355.0,23.03,72.58
2024-09-17 09:00:00,27.4,81,8.7,300,0.0,530.0,23.03,72.58
2024-09-17 10:00:00,28.7,74,11.4,305,0.1,755.0,23.03,72.58
2024-09-17 11:00:00,29.4,69,9.0,299,0.1,795.0,23.03,72.58
2024-09-17 12:00:00,30.2,65,7.9,294,0.0,910.0,23.03,72.58
2024-09-17 13:00:00,30.8,62,7.4,293,0.0,1000.0,23.03,72.58
2024-09-17 14:00:00,31.1,61,7.3,281,0.0,1085.0,23.03,72.58
2024-09-17 15:00:00,31.3,61,6.9,276,0.0,1070.0,23.03,72.58
2024-09-17 16:00:00,31.1,61,6.5,267,0.0,1060.0,23.03,72.58
2024-09-17 17:00:00,30.5,65,5.4,270,0.0,1045.0,23.03,72.58
2024-09-17 18:00:00,28.3,76,6.3,294,0.0,100.0,23.03,72.58
2024-09-17 19:00:00,27.0,78,6.1,298,0.0,60.0,23.03,72.58
2024-09-17 20:00:00,26.5,77,6.6,292,0.0,60.0,23.03,72.58
2024-09-17 21:00:00,26.2,79,6.6,292,0.0,40.0,23.03,72.58
2024-09-17 22:00:00,26.4,80,4.6,321,0.0,35.0,23.03,72.58
2024-09-17 23:00:00,25.6,83,5.2,326,0.0,40.0,23.03,72.58
2024-09-18 00:00:00,25.7,81,7.0,291,0.0,65.0,23.03,72.58
2024-09-18 01:00:00,25.9,78,7.3,281,0.0,105.0,23.03,72.58
2024-09-18 02:00:00,25.5,78,8.4,277,0.0,130.0,23.03,72.58
2024-09-18 03:00:00,25.0,81,10.1,287,0.0,160.0,23.03,72.58
2024-09-18 04:00:00,24.9,86,11.0,289,0.0,205.0,23.03,72.58
2024-09-18 05:00:00,24.7,91,9.9,289,0.0,220.0,23.03,72.58
2024-09-18 06:00:00,24.8,93,11.3,292,0.0,255.0,23.03,72.58
2024-09-18 07:00:00,25.4,92,10.6,288,0.0,310.0,23.03,72.58
2024-09-18 08:00:00,26.5,87,12.6,294,0.0,375.0,23.03,72.58
2024-09-18 09:00:00,27.8,83,12.3,291,0.0,465.0,23.03,72.58
2024-09-18 10:00:00,29.2,76,14.5,305,0.0,690.0,23.03,72.58
2024-09-18 11:00:00,30.1,70,13.3,311,0.0,805.0,23.03,72.58
2024-09-18 12:00:00,30.8,66,11.5,309,0.0,890.0,23.03,72.58
2024-09-18 13:00:00,31.5,61,11.5,302,0.0,980.0,23.03,72.58
2024-09-18 14:00:00,32.1,58,11.9,299,0.0,1165.0,23.03,72.58
2024-09-18 15:00:00,32.0,58,11.9,299,0.0,1175.0,23.03,72.58
2024-09-18 16:00:00,31.8,58,10.6,294,0.0,1170.0,23.03,72.58
2024-09-18 17:00:00,31.2,64,6.6,292,0.0,1180.0,23.03,72.58
2024-09-18 18:00:00,29.0,74,5.7,305,0.0,145.0,23.03,72.58
2024-09-18 19:00:00,28.0,81,7.1,294,0.0,50.0,23.03,72.58
2024-09-18 20:00:00,27.5,83,5.7,288,0.0,35.0,23.03,72.58
2024-09-18 21:00:00,26.7,86,6.3,294,0.0,35.0,23.03,72.58
2024-09-18 22:00:00,26.6,82,6.1,270,0.0,70.0,23.03,72.58
2024-09-18 23:00:00,26.6,78,8.3,268,0.0,120.0,23.03,72.58
2024-09-19 00:00:00,26.2,78,8.6,268,0.0,135.0,23.03,72.58
2024-09-19 01:00:00,25.8,79,9.8,262,0.0,145.0,23.03,72.58
2024-09-19 02:00:00,25.2,82,9.5,261,0.0,155.0,23.03,72.58
2024-09-19 03:00:00,24.6,85,8.8,261,0.0,170.0,23.03,72.58
2024-09-19 04:00:00,24.3,85,9.4,277,0.0,205.0,23.03,72.58
2024-09-19 05:00:00,24.0,85,9.0,286,0.0,210.0,23.03,72.58
2024-09-19 06:00:00,25.2,83,10.2,288,0.0,265.0,23.03,72.58
2024-09-19 07:00:00,25.5,87,9.4,268,0.0,295.0,23.03,72.58
2024-09-19 08:00:00,26.6,86,11.1,283,0.0,400.0,23.03,72.58
2024-09-19 09:00:00,28.3,78,13.5,299,0.0,540.0,23.03,72.58
2024-09-19 10:00:00,29.5,74,11.0,289,0.0,650.0,23.03,72.58
2024-09-19 11:00:00,30.7,69,11.1,283,0.0,760.0,23.03,72.58
2024-09-19 12:00:00,31.6,65,11.4,283,0.0,945.0,23.03,72.58
2024-09-19 13:00:00,32.2,62,12.2,284,0.0,1040.0,23.03,72.58
2024-09-19 14:00:00,32.5,61,11.7,279,0.0,1130.0,23.03,72.58
2024-09-19 15:00:00,32.6,60,11.4,281,0.0,1170.0,23.03,72.58
2024-09-19 16:00:00,32.4,61,10.6,280,0.0,1160.0,23.03,72.58
2024-09-19 17:00:00,31.7,65,8.3,270,0.0,1070.0,23.03,72.58
2024-09-19 18:00:00,29.8,72,6.0,253,0.0,150.0,23.03,72.58
2024-09-19 19:00:00,28.7,76,5.7,235,0.0,65.0,23.03,72.58
2024-09-19 20:00:00,28.2,77,6.4,227,0.0,65.0,23.03,72.58
2024-09-19 21:00:00,27.9,77,8.9,227,0.0,115.0,23.03,72.58
2024-09-19 22:00:00,27.7,76,10.4,226,0.0,180.0,23.03,72.58
2024-09-19 23:00:00,27.2,77,9.2,219,0.0,170.0,23.03,72.58
2024-09-20 00:00:00,26.6,79,7.9,223,0.0,160.0,23.03,72.58
2024-09-20 01:00:00,26.0,82,6.4,232,0.0,120.0,23.03,72.58
2024-09-20 02:00:00,25.6,84,6.8,238,0.0,135.0,23.03,72.58
2024-09-20 03:00:00,25.3,81,7.3,250,0.0,175.0,23.03,72.58
2024-09-20 04:00:00,24.9,78,7.8,257,0.0,195.0,23.03,72.58
2024-09-20 05:00:00,24.6,80,9.4,263,0.0,255.0,23.03,72.58
2024-09-20 06:00:00,25.3,82,11.3,263,0.0,325.0,23.03,72.58
2024-09-20 07:00:00,25.9,84,10.2,260,0.0,390.0,23.03,72.58
2024-09-20 08:00:00,27.2,83,12.7,263,0.0,500.0,23.03,72.58
2024-09-20 09:00:00,28.6,79,14.1,267,0.0,645.0,23.03,72.58
2024-09-20 10:00:00,30.0,72,15.2,275,0.0,790.0,23.03,72.58
2024-09-20 11:00:00,31.2,66,15.8,287,0.0,960.0,23.03,72.58
2024-09-20 12:00:00,32.0,64,14.3,288,0.0,1070.0,23.03,72.58
2024-09-20 13:00:00,32.4,62,12.8,286,0.0,1070.0,23.03,72.58
2024-09-20 14:00:00,32.8,61,10.8,285,0.0,1185.0,23.03,72.58
2024-09-20 15:00:00,32.9,60,10.4,284,0.0,1230.0,23.03,72.58
2024-09-20 16:00:00,32.7,61,9.1,288,0.0,1240.0,23.03,72.58
2024-09-20 17:00:00,32.1,64,6.4,286,0.0,1140.0,23.03,72.58
2024-09-20 18:00:00,30.4,68,6.6,257,0.0,195.0,23.03,72.58
2024-09-20 19:00:00,29.3,71,8.1,238,0.0,105.0,23.03,72.58
2024-09-20 20:00:00,28.8,72,7.6,239,0.0,85.0,23.03,72.58
2024-09-20 21:00:00,28.2,76,8.1,212,0.0,105.0,23.03,72.58
2024-09-20 22:00:00,27.6,80,10.1,197,0.0,130.0,23.03,72.58
2024-09-20 23:00:00,27.3,82,9.0,203,0.0,145.0,23.03,72.58
2024-09-21 00:00:00,27.1,83,7.2,217,0.0,135.0,23.03,72.58
2024-09-21 01:00:00,26.8,83,7.5,235,0.0,150.0,23.03,72.58
2024-09-21 02:00:00,26.5,84,7.9,246,0.0,165.0,23.03,72.58
2024-09-21 03:00:00,26.3,85,8.1,257,0.0,280.0,23.03,72.58
2024-09-21 04:00:00,25.9,85,8.0,265,0.0,275.0,23.03,72.58
2024-09-21 05:00:00,25.5,87,7.2,276,0.0,270.0,23.03,72.58
2024-09-21 06:00:00,25.7,87,6.9,279,0.0,380.0,23.03,72.58
2024-09-21 07:00:00,26.5,86,11.0,281,0.0,450.0,23.03,72.58
2024-09-21 08:00:00,27.7,80,13.5,286,0.0,580.0,23.03,72.58
2024-09-21 09:00:00,29.0,74,13.2,287,0.0,780.0,23.03,72.58
2024-09-21 10:00:00,30.0,72,10.8,285,0.0,905.0,23.03,72.58
2024-09-21 11:00:00,30.8,69,9.6,283,0.0,1050.0,23.03,72.58
2024-09-21 12:00:00,31.4,67,8.9,284,0.0,1205.0,23.03,72.58
2024-09-21 13:00:00,31.8,64,8.4,280,0.0,1285.0,23.03,72.58
2024-09-21 14:00:00,31.7,64,7.2,273,0.0,1275.0,23.03,72.58
2024-09-21 15:00:00,31.8,64,8.6,272,0.0,1105.0,23.03,72.58
2024-09-21 16:00:00,31.7,65,8.3,272,0.1,1010.0,23.03,72.58
2024-09-21 17:00:00,31.2,67,7.2,267,0.0,865.0,23.03,72.58
2024-09-21 18:00:00,29.7,80,5.4,250,0.0,105.0,23.03,72.58
2024-09-21 19:00:00,29.0,82,5.7,235,0.0,50.0,23.03,72.58
2024-09-21 20:00:00,28.5,81,4.9,216,0.0,60.0,23.03,72.58
2024-09-21 21:00:00,28.3,80,6.1,225,0.0,85.0,23.03,72.58
2024-09-21 22:00:00,27.9,80,8.3,214,0.0,125.0,23.03,72.58
2024-09-21 23:00:00,27.4,83,8.2,209,0.0,130.0,23.03,72.58
2024-09-22 00:00:00,26.9,86,7.1,225,0.0,115.0,23.03,72.58
2024-09-22 01:00:00,26.5,89,6.2,234,0.0,105.0,23.03,72.58
2024-09-22 02:00:00,26.3,89,7.0,249,0.0,130.0,23.03,72.58
2024-09-22 03:00:00,26.3,86,8.0,265,0.0,310.0,23.03,72.58
2024-09-22 04:00:00,26.0,83,7.9,273,0.0,320.0,23.03,72.58
2024-09-22 05:00:00,25.6,85,7.8,283,0.0,325.0,23.03,72.58
2024-09-22 06:00:00,26.1,86,9.3,286,0.0,365.0,23.03,72.58
2024-09-22 07:00:00,26.7,86,9.8,294,0.0,425.0,23.03,72.58
2024-09-22 08:00:00,27.8,82,12.1,300,0.0,485.0,23.03,72.58
2024-09-22 09:00:00,29.1,78,11.9,305,0.0,595.0,23.03,72.58
2024-09-22 10:00:00,30.4,73,11.8,308,0.0,775.0,23.03,72.58
2024-09-22 11:00:00,31.3,70,11.0,308,0.0,940.0,23.03,72.58
2024-09-22 12:00:00,31.8,68,9.7,312,0.1,975.0,23.03,72.58
2024-09-22 13:00:00,32.6,65,7.9,309,0.0,1090.0,23.03,72.58
2024-09-22 14:00:00,33.0,62,8.1,315,0.0,1195.0,23.03,72.58
2024-09-22 15:00:00,33.1,62,8.7,318,0.0,1170.0,23.03,72.58
2024-09-22 16:00:00,32.8,62,5.4,318,0.0,1035.0,23.03,72.58
2024-09-22 17:00:00,32.6,62,0.8,27,0.0,925.0,23.03,72.58
2024-09-22 18:00:00,30.4,75,5.9,317,0.0,100.0,23.03,72.58
2024-09-22 19:00:00,29.4,81,6.1,3,0.0,35.0,23.03,72.58
2024-09-22 20:00:00,29.0,81,5.9,14,0.0,45.0,23.03,72.58
2024-09-22 21:00:00,29.0,80,4.0,280,0.0,20.0,23.03,72.58
2024-09-22 22:00:00,28.3,81,6.0,245,0.0,55.0,23.03,72.58
2024-09-22 23:00:00,27.7,82,5.8,274,0.0,60.0,23.03,72.58
2024-09-23 00:00:00,27.4,83,5.2,286,0.0,50.0,23.03,72.58
2024-09-23 01:00:00,27.3,81,8.3,270,0.0,110.0,23.03,72.58
2024-09-23 02:00:00,27.3,77,10.4,272,0.0,170.0,23.03,72.58
2024-09-23 03:00:00,26.8,81,11.4,283,0.0,225.0,23.03,72.58
2024-09-23 04:00:00,26.4,84,10.4,290,0.0,235.0,23.03,72.58
2024-09-23 05:00:00,26.3,85,10.3,295,0.0,275.0,23.03,72.58
2024-09-23 06:00:00,26.5,85,10.7,303,0.0,320.0,23.03,72.58
2024-09-23 07:00:00,27.1,83,10.5,308,0.0,365.0,23.03,72.58
2024-09-23 08:00:00,28.3,78,12.3,310,0.0,405.0,23.03,72.58
2024-09-23 09:00:00,29.5,74,12.2,313,0.0,480.0,23.03,72.58
2024-09-23 10:00:00,30.8,70,13.0,316,0.0,615.0,23.03,72.58
2024-09-23 11:00:00,32.0,65,14.1,320,0.0,815.0,23.03,72.58
2024-09-23 12:00:00,32.8,62,13.3,327,0.0,985.0,23.03,72.58
2024-09-23 13:00:00,33.3,59,13.4,329,0.0,1095.0,23.03,72.58
2024-09-23 14:00:00,33.5,58,13.7,325,0.0,1165.0,23.03,72.58
2024-09-23 15:00:00,33.6,58,11.2,318,0.0,1175.0,23.03,72.58
2024-09-23 16:00:00,33.3,59,9.7,333,0.0,1060.0,23.03,72.58
2024-09-23 17:00:00,32.7,63,6.3,336,0.0,655.0,23.03,72.58
2024-09-23 18:00:00,30.8,69,5.6,333,0.0,220.0,23.03,72.58
2024-09-23 19:00:00,30.0,71,5.8,338,0.0,110.0,23.03,72.58
2024-09-23 20:00:00,29.8,71,6.4,344,0.0,110.0,23.03,72.58
2024-09-23 21:00:00,29.5,71,7.5,325,0.0,120.0,23.03,72.58
2024-09-23 22:00:00,29.0,73,7.1,336,0.0,110.0,23.03,72.58
2024-09-23 23:00:00,28.8,74,8.0,8,0.0,115.0,23.03,72.58
2024-09-24 00:00:00,28.3,76,5.6,333,0.1,85.0,23.03,72.58
2024-09-24 01:00:00,27.3,85,4.0,280,1.9,40.0,23.03,72.58
2024-09-24 02:00:00,26.8,89,6.1,220,0.9,65.0,23.03,72.58
2024-09-24 03:00:00,26.9,84,12.2,268,0.4,230.0,23.03,72.58
2024-09-24 04:00:00,26.1,88,5.9,256,0.1,165.0,23.03,72.58
2024-09-24 05:00:00,25.8,89,4.7,270,0.0,130.0,23.03,72.58
2024-09-24 06:00:00,26.1,92,3.3,264,0.1,100.0,23.03,72.58
2024-09-24 07:00:00,27.0,90,8.6,292,0.0,295.0,23.03,72.58
2024-09-24 08:00:00,28.3,82,10.2,309,0.0,465.0,23.03,72.58
2024-09-24 09:00:00,29.4,76,11.2,318,0.0,535.0,23.03,72.58
2024-09-24 10:00:00,30.7,72,11.2,318,0.0,650.0,23.03,72.58
2024-09-24 11:00:00,31.8,69,10.7,315,0.0,825.0,23.03,72.58
2024-09-24 12:00:00,32.7,67,10.4,326,0.1,1015.0,23.03,72.58
2024-09-24 13:00:00,33.3,65,9.8,336,0.1,1150.0,23.03,72.58
2024-09-24 14:00:00,33.5,63,10.1,343,0.0,1215.0,23.03,72.58
2024-09-24 15:00:00,33.5,63,10.2,342,0.0,1220.0,23.03,72.58
2024-09-24 16:00:00,33.3,64,8.6,338,0.0,1135.0,23.03,72.58
2024-09-24 17:00:00,32.5,66,5.6,320,0.0,325.0,23.03,72.58
2024-09-24 18:00:00,31.0,81,4.4,55,0.0,80.0,23.03,72.58
2024-09-24 19:00:00,30.0,83,2.5,180,0.0,25.0,23.03,72.58
2024-09-24 20:00:00,29.3,88,3.8,197,0.0,35.0,23.03,72.58
2024-09-24 21:00:00,28.6,93,3.4,198,0.0,30.0,23.03,72.58
2024-09-24 22:00:00,28.4,92,7.6,199,0.0,70.0,23.03,72.58
2024-09-24 23:00:00,28.2,91,5.5,212,0.2,75.0,23.03,72.58
2024-09-25 00:00:00,28.3,87,8.4,250,0.1,130.0,23.03,72.58
2024-09-25 01:00:00,28.3,79,8.7,277,0.0,245.0,23.03,72.58
2024-09-25 02:00:00,27.8,79,9.1,277,0.0,240.0,23.03,72.58
2024-09-25 03:00:00,26.9,85,6.4,232,2.0,150.0,23.03,72.58
2024-09-25 04:00:00,26.8,86,5.6,255,0.0,265.0,23.03,72.58
2024-09-25 05:00:00,26.4,89,4.6,309,0.0,200.0,23.03,72.58
2024-09-25 06:00:00,26.7,93,4.1,283,0.0,130.0,23.03,72.58
2024-09-25 07:00:00,27.5,86,3.4,286,0.0,190.0,23.03,72.58
2024-09-25 08:00:00,28.4,82,5.9,325,0.0,405.0,23.03,72.58
2024-09-25 09:00:00,29.6,77,6.4,328,0.0,585.0,23.03,72.58
2024-09-25 10:00:00,30.5,73,7.0,337,0.0,745.0,23.03,72.58
2024-09-25 11:00:00,31.9,67,10.1,349,0.0,975.0,23.03,72.58
2024-09-25 12:00:00,32.6,67,8.3,344,0.0,1055.0,23.03,72.58
2024-09-25 13:00:00,32.9,67,8.0,352,0.1,1170.0,23.03,72.58
2024-09-25 14:00:00,33.0,67,6.6,351,0.1,1145.0,23.03,72.58
2024-09-25 15:00:00,32.3,70,8.5,24,2.1,565.0,23.03,72.58
2024-09-25 16:00:00,32.0,71,3.3,347,0.5,445.0,23.03,72.58
2024-09-25 17:00:00,31.8,71,2.8,259,0.0,335.0,23.03,72.58
2024-09-25 18:00:00,28.3,87,3.4,227,0.0,115.0,23.03,72.58
2024-09-25 19:00:00,27.9,91,3.3,241,0.0,110.0,23.03,72.58
2024-09-25 20:00:00,27.6,94,4.8,225,0.0,90.0,23.03,72.58
2024-09-25 21:00:00,27.4,95,4.6,222,0.0,100.0,23.03,72.58
2024-09-25 22:00:00,27.2,97,2.9,184,0.0,90.0,23.03,72.58
2024-09-25 23:00:00,27.1,97,3.1,28,0.2,85.0,23.03,72.58
2024-09-26 00:00:00,26.8,98,3.9,323,0.1,105.0,23.03,72.58
2024-09-26 01:00:00,26.2,96,4.2,43,0.7,125.0,23.03,72.58
2024-09-26 02:00:00,26.1,97,5.7,246,0.0,100.0,23.03,72.58
2024-09-26 03:00:00,25.8,97,2.4,243,0.0,115.0,23.03,72.58
2024-09-26 04:00:00,25.8,97,2.6,214,0.0,125.0,23.03,72.58
2024-09-26 05:00:00,26.0,96,1.0,225,0.0,30.0,23.03,72.58
2024-09-26 06:00:00,25.6,96,2.9,240,0.0,125.0,23.03,72.58
2024-09-26 07:00:00,25.1,98,6.8,177,3.0,130.0,23.03,72.58
2024-09-26 08:00:00,26.3,92,10.5,265,0.1,310.0,23.03,72.58
2024-09-26 09:00:00,28.4,83,13.2,305,0.0,550.0,23.03,72.58
2024-09-26 10:00:00,29.9,77,10.4,326,0.0,760.0,23.03,72.58
2024-09-26 11:00:00,30.6,73,6.4,322,0.1,865.0,23.03,72.58
2024-09-26 12:00:00,31.1,72,5.0,311,0.1,945.0,23.03,72.58
2024-09-26 13:00:00,31.1,73,5.4,284,0.1,890.0,23.03,72.58
2024-09-26 14:00:00,31.5,72,1.6,276,0.1,865.0,23.03,72.58
2024-09-26 15:00:00,30.1,78,10.0,21,5.0,255.0,23.03,72.58
2024-09-26 16:00:00,28.5,87,9.6,26,1.4,190.0,23.03,72.58
2024-09-26 17:00:00,28.5,87,7.9,35,0.0,225.0,23.03,72.58
2024-09-26 18:00:00,27.6,92,4.2,72,0.7,255.0,23.03,72.58
2024-09-26 19:00:00,27.4,93,4.2,102,1.0,145.0,23.03,72.58
2024-09-26 20:00:00,27.2,95,3.6,189,1.0,65.0,23.03,72.58
2024-09-26 21:00:00,27.0,96,4.7,208,0.5,100.0,23.03,72.58
2024-09-26 22:00:00,26.8,97,5.9,200,0.3,130.0,23.03,72.58
2024-09-26 23:00:00,26.5,98,6.4,234,0.2,150.0,23.03,72.58
2024-09-27 00:00:00,26.3,98,7.8,277,0.0,155.0,23.03,72.58
2024-09-27 01:00:00,26.2,98,5.9,293,0.1,155.0,23.03,72.58
2024-09-27 02:00:00,25.0,100,3.0,33,0.6,75.0,23.03,72.58
2024-09-27 03:00:00,25.2,96,3.9,53,4.7,75.0,23.03,72.58
2024-09-27 04:00:00,25.3,96,7.6,31,0.5,150.0,23.03,72.58
2024-09-27 05:00:00,25.2,96,5.8,34,0.7,185.0,23.03,72.58
2024-09-27 06:00:00,25.3,96,5.1,315,0.0,205.0,23.03,72.58
2024-09-27 07:00:00,25.8,94,5.0,308,0.0,240.0,23.03,72.58
2024-09-27 08:00:00,26.8,88,8.0,306,0.0,325.0,23.03,72.58
2024-09-27 09:00:00,27.4,85,8.6,311,0.0,435.0,23.03,72.58
2024-09-27 10:00:00,28.0,83,8.3,321,0.0,510.0,23.03,72.58
2024-09-27 11:00:00,28.5,81,4.3,315,0.1,580.0,23.03,72.58
2024-09-27 12:00:00,28.8,81,2.8,310,0.2,600.0,23.03,72.58
2024-09-27 13:00:00,29.1,82,4.2,290,0.1,560.0,23.03,72.58
2024-09-27 14:00:00,29.6,82,4.7,317,0.1,625.0,23.03,72.58
2024-09-27 15:00:00,29.6,82,3.4,360,0.0,520.0,23.03,72.58
2024-09-27 16:00:00,30.2,78,3.1,336,0.0,655.0,23.03,72.58
2024-09-27 17:00:00,29.3,80,4.6,288,1.4,475.0,23.03,72.58
2024-09-27 18:00:00,27.7,91,8.9,36,0.6,230.0,23.03,72.58
2024-09-27 19:00:00,26.9,93,7.4,41,0.3,255.0,23.03,72.58
2024-09-27 20:00:00,26.3,92,3.7,256,3.8,100.0,23.03,72.58
2024-09-27 21:00:00,25.8,94,4.3,112,3.8,85.0,23.03,72.58
2024-09-27 22:00:00,25.7,95,3.8,135,1.5,90.0,23.03,72.58
2024-09-27 23:00:00,25.7,95,0.4,63,1.5,20.0,23.03,72.58
2024-09-28 00:00:00,25.7,97,4.2,290,2.3,175.0,23.03,72.58
2024-09-28 01:00:00,25.7,97,4.7,298,1.5,315.0,23.03,72.58
2024-09-28 02:00:00,25.7,97,8.0,314,1.8,385.0,23.03,72.58
2024-09-28 03:00:00,25.7,96,8.4,301,1.7,365.0,23.03,72.58
2024-09-28 04:00:00,25.4,97,10.2,278,2.3,380.0,23.03,72.58
2024-09-28 05:00:00,25.3,97,10.9,282,2.4,415.0,23.03,72.58
2024-09-28 06:00:00,25.0,97,8.1,313,0.5,295.0,23.03,72.58
2024-09-28 07:00:00,25.3,95,10.6,316,0.1,290.0,23.03,72.58
2024-09-28 08:00:00,26.0,91,11.6,330,0.2,350.0,23.03,72.58
2024-09-28 09:00:00,26.7,87,10.8,336,0.1,330.0,23.03,72.58
2024-09-28 10:00:00,28.1,81,10.5,341,0.1,450.0,23.03,72.58
2024-09-28 11:00:00,28.7,82,8.3,336,0.1,615.0,23.03,72.58
2024-09-28 12:00:00,29.3,77,8.0,340,0.1,730.0,23.03,72.58
2024-09-28 13:00:00,29.3,78,8.7,336,0.1,730.0,23.03,72.58
2024-09-28 14:00:00,29.8,77,8.3,336,0.2,820.0,23.03,72.58
2024-09-28 15:00:00,30.1,76,6.0,309,0.1,810.0,23.03,72.58
2024-09-28 16:00:00,29.1,79,6.8,252,2.4,310.0,23.03,72.58
2024-09-28 17:00:00,27.7,90,4.3,204,0.6,100.0,23.03,72.58
2024-09-28 18:00:00,26.2,96,7.2,167,6.5,135.0,23.03,72.58
2024-09-28 19:00:00,26.1,97,5.9,215,7.1,170.0,23.03,72.58
2024-09-28 20:00:00,26.1,97,2.1,142,4.5,55.0,23.03,72.58
2024-09-28 21:00:00,26.0,97,6.2,201,2.3,165.0,23.03,72.58
2024-09-28 22:00:00,25.6,98,7.9,210,1.3,245.0,23.03,72.58
2024-09-28 23:00:00,25.4,99,5.8,265,0.3,155.0,23.03,72.58
2024-09-29 00:00:00,25.3,98,5.3,308,0.3,145.0,23.03,72.58
2024-09-29 01:00:00,25.1,98,2.4,222,0.5,105.0,23.03,72.58
2024-09-29 02:00:00,24.8,99,2.5,210,0.0,115.0,23.03,72.58
2024-09-29 03:00:00,24.7,99,2.1,290,0.0,110.0,23.03,72.58
2024-09-29 04:00:00,24.8,98,2.0,333,0.0,95.0,23.03,72.58
2024-09-29 05:00:00,24.7,99,3.1,21,0.0,95.0,23.03,72.58
2024-09-29 06:00:00,25.3,97,2.3,148,0.0,65.0,23.03,72.58
2024-09-29 07:00:00,25.5,96,3.0,104,0.0,85.0,23.03,72.58
2024-09-29 08:00:00,26.2,92,1.5,7,0.0,165.0,23.03,72.58
2024-09-29 09:00:00,27.0,89,1.1,252,0.1,265.0,23.03,72.58
2024-09-29 10:00:00,27.7,85,2.3,302,0.0,425.0,23.03,72.58
2024-09-29 11:00:00,28.4,84,3.7,293,0.1,545.0,23.03,72.58
2024-09-29 12:00:00,28.3,84,5.7,325,1.6,510.0,23.03,72.58
2024-09-29 13:00:00,28.7,83,7.9,325,0.4,600.0,23.03,72.58
2024-09-29 14:00:00,29.2,82,7.1,326,0.1,685.0,23.03,72.58
2024-09-29 15:00:00,29.6,80,5.9,337,0.0,720.0,23.03,72.58
2024-09-29 16:00:00,29.7,78,7.9,347,0.1,705.0,23.03,72.58
2024-09-29 17:00:00,29.0,80,3.7,313,0.1,220.0,23.03,72.58
2024-09-29 18:00:00,26.6,96,3.2,164,0.6,65.0,23.03,72.58
2024-09-29 19:00:00,26.1,97,5.4,172,0.1,60.0,23.03,72.58
2024-09-29 20:00:00,26.0,97,7.0,179,0.0,120.0,23.03,72.58
2024-09-29 21:00:00,25.9,98,8.1,201,0.0,160.0,23.03,72.58
2024-09-29 22:00:00,25.8,98,7.5,215,0.0,165.0,23.03,72.58
2024-09-29 23:00:00,25.5,98,6.4,223,0.0,150.0,23.03,72.58
2024-09-30 00:00:00,25.4,98,6.1,227,0.0,155.0,23.03,72.58
2024-09-30 01:00:00,25.1,98,5.8,231,0.0,165.0,23.03,72.58
2024-09-30 02:00:00,24.9,97,4.8,250,0.1,155.0,23.03,72.58
2024-09-30 03:00:00,24.8,97,3.3,315,0.3,70.0,23.03,72.58
2024-09-30 04:00:00,24.8,96,6.1,284,0.0,120.0,23.03,72.58
2024-09-30 05:00:00,24.1,98,5.2,226,0.0,60.0,23.03,72.58
2024-09-30 06:00:00,24.2,98,8.5,184,1.1,145.0,23.03,72.58
2024-09-30 07:00:00,24.7,96,5.6,220,0.0,145.0,23.03,72.58
2024-09-30 08:00:00,26.3,88,8.6,244,0.0,270.0,23.03,72.58
2024-09-30 09:00:00,28.2,82,8.8,282,0.0,490.0,23.03,72.58
2024-09-30 10:00:00,29.6,78,7.8,302,0.0,675.0,23.03,72.58
2024-09-30 11:00:00,30.1,76,7.5,316,0.0,790.0,23.03,72.58
2024-09-30 12:00:00,31.0,75,6.4,320,0.0,875.0,23.03,72.58
2024-09-30 13:00:00,31.5,74,6.3,323,0.0,935.0,23.03,72.58
2024-09-30 14:00:00,31.9,73,5.9,320,0.1,1060.0,23.03,72.58
2024-09-30 15:00:00,32.0,72,6.8,302,0.1,1075.0,23.03,72.58
2024-09-30 16:00:00,31.6,72,9.1,338,0.1,835.0,23.03,72.58
2024-09-30 17:00:00,30.6,76,7.6,333,0.1,345.0,23.03,72.58
2024-09-30 18:00:00,28.7,87,5.9,325,0.0,180.0,23.03,72.58
2024-09-30 19:00:00,27.9,91,6.1,332,0.0,65.0,23.03,72.58
2024-09-30 20:00:00,27.3,94,6.2,330,0.0,40.0,23.03,72.58
2024-09-30 21:00:00,27.5,92,4.2,350,0.0,20.0,23.03,72.58
2024-09-30 22:00:00,27.5,91,1.1,90,0.0,10.0,23.03,72.58
2024-09-30 23:00:00,26.3,97,3.5,156,0.0,20.0,23.03,72.58
2024-10-01 00:00:00,26.4,97,5.3,204,0.0,45.0,23.03,72.58
2024-10-01 01:00:00,26.4,96,6.8,230,0.0,85.0,23.03,72.58
2024-10-01 02:00:00,26.4,96,8.2,244,0.0,115.0,23.03,72.58
2024-10-01 03:00:00,25.9,98,7.5,138,0.1,105.0,23.03,72.58
2024-10-01 04:00:00,25.7,98,5.8,210,0.0,80.0,23.03,72.58
2024-10-01 05:00:00,25.7,99,6.0,243,0.0,100.0,23.03,72.58
2024-10-01 06:00:00,26.1,94,8.9,289,0.0,280.0,23.03,72.58
2024-10-01 07:00:00,26.8,91,9.3,298,0.0,335.0,23.03,72.58
2024-10-01 08:00:00,28.1,86,10.3,308,0.0,380.0,23.03,72.58
2024-10-01 09:00:00,29.5,81,10.7,318,0.0,450.0,23.03,72.58
2024-10-01 10:00:00,30.9,76,10.6,325,0.0,605.0,23.03,72.58
2024-10-01 11:00:00,32.1,70,11.4,331,0.0,790.0,23.03,72.58
2024-10-01 12:00:00,32.8,65,11.0,337,0.0,935.0,23.03,72.58
2024-10-01 13:00:00,33.3,62,9.9,339,0.0,1060.0,23.03,72.58
2024-10-01 14:00:00,33.4,63,8.8,337,0.0,1110.0,23.03,72.58
2024-10-01 15:00:00,33.4,62,7.7,332,0.0,1090.0,23.03,72.58
2024-10-01 16:00:00,33.1,63,7.7,332,0.0,1050.0,23.03,72.58
2024-10-01 17:00:00,32.3,70,4.6,324,0.0,390.0,23.03,72.58
2024-10-01 18:00:00,30.0,81,6.4,280,0.0,70.0,23.03,72.58
2024-10-01 19:00:00,29.2,83,5.9,282,0.0,45.0,23.03,72.58
2024-10-01 20:00:00,28.5,85,6.3,267,0.0,30.0,23.03,72.58
2024-10-01 21:00:00,28.2,85,5.4,244,0.0,40.0,23.03,72.58
2024-10-01 22:00:00,28.0,85,6.2,237,0.0,50.0,23.03,72.58
2024-10-01 23:00:00,27.6,86,6.1,238,0.0,60.0,23.03,72.58
2024-10-02 00:00:00,27.3,85,7.3,261,0.0,85.0,23.03,72.58
2024-10-02 01:00:00,26.9,88,6.0,265,0.0,75.0,23.03,72.58
2024-10-02 02:00:00,26.5,89,6.8,267,0.0,85.0,23.03,72.58
2024-10-02 03:00:00,26.4,90,8.0,280,0.0,130.0,23.03,72.58
2024-10-02 04:00:00,26.1,90,8.5,283,0.0,180.0,23.03,72.58
2024-10-02 05:00:00,25.8,90,8.8,293,0.0,200.0,23.03,72.58
2024-10-02 06:00:00,26.3,88,7.9,313,0.0,170.0,23.03,72.58
2024-10-02 07:00:00,26.9,87,8.9,312,0.0,205.0,23.03,72.58
2024-10-02 08:00:00,28.3,83,8.1,302,0.0,255.0,23.03,72.58
2024-10-02 09:00:00,29.7,80,8.5,299,0.0,335.0,23.03,72.58
2024-10-02 10:00:00,31.2,74,9.6,303,0.0,525.0,23.03,72.58
2024-10-02 11:00:00,32.2,70,10.8,303,0.0,810.0,23.03,72.58
2024-10-02 12:00:00,33.0,64,10.3,299,0.0,970.0,23.03,72.58
2024-10-02 13:00:00,33.3,62,9.9,295,0.0,1075.0,23.03,72.58
2024-10-02 14:00:00,33.5,61,9.8,296,0.0,1160.0,23.03,72.58
2024-10-02 15:00:00,33.4,61,9.9,297,0.0,1165.0,23.03,72.58
2024-10-02 16:00:00,33.2,61,8.2,292,0.0,1175.0,23.03,72.58
2024-10-02 17:00:00,32.4,69,4.4,282,0.0,1065.0,23.03,72.58
2024-10-02 18:00:00,32.0,68,3.5,255,0.0,25.0,23.03,72.58
2024-10-02 19:00:00,29.2,81,5.2,192,0.0,45.0,23.03,72.58
2024-10-02 20:00:00,28.7,82,6.3,193,0.0,55.0,23.03,72.58
2024-10-02 21:00:00,28.2,81,6.7,200,0.0,70.0,23.03,72.58
2024-10-02 22:00:00,27.9,82,7.6,216,0.0,90.0,23.03,72.58
2024-10-02 23:00:00,27.6,85,9.1,218,0.0,145.0,23.03,72.58
2024-10-03 00:00:00,27.0,90,8.9,228,0.0,175.0,23.03,72.58
2024-10-03 01:00:00,26.5,93,8.9,225,0.0,205.0,23.03,72.58
2024-10-03 02:00:00,26.1,95,8.3,248,0.0,205.0,23.03,72.58
2024-10-03 03:00:00,25.8,95,8.3,264,0.0,210.0,23.03,72.58
2024-10-03 04:00:00,25.4,93,7.8,277,0.0,225.0,23.03,72.58
2024-10-03 05:00:00,24.9,92,7.1,277,0.0,220.0,23.03,72.58
2024-10-03 06:00:00,25.1,91,7.8,289,0.0,260.0,23.03,72.58
2024-10-03 07:00:00,26.0,91,14.9,297,0.0,350.0,23.03,72.58
2024-10-03 08:00:00,27.4,83,15.4,296,0.0,525.0,23.03,72.58
2024-10-03 09:00:00,28.6,77,13.2,294,0.0,640.0,23.03,72.58
2024-10-03 10:00:00,29.7,72,10.5,290,0.0,865.0,23.03,72.58
2024-10-03 11:00:00,30.6,69,8.8,282,0.0,1070.0,23.03,72.58
2024-10-03 12:00:00,31.2,65,8.5,270,0.0,1230.0,23.03,72.58
2024-10-03 13:00:00,31.9,61,8.4,263,0.0,1320.0,23.03,72.58
2024-10-03 14:00:00,32.2,59,8.5,263,0.0,1360.0,23.03,72.58
2024-10-03 15:00:00,32.5,59,7.8,263,0.0,1415.0,23.03,72.58
2024-10-03 16:00:00,32.4,59,7.3,254,0.0,1410.0,23.03,72.58
2024-10-03 17:00:00,31.3,69,4.7,238,0.0,265.0,23.03,72.58
2024-10-03 18:00:00,31.3,63,3.2,236,0.0,20.0,23.03,72.58
2024-10-03 19:00:00,28.9,75,5.5,171,0.0,30.0,23.03,72.58
2024-10-03 20:00:00,28.3,77,10.1,179,0.0,120.0,23.03,72.58
2024-10-03 21:00:00,27.6,84,11.1,188,0.0,215.0,23.03,72.58
2024-10-03 22:00:00,27.0,91,10.8,191,0.0,230.0,23.03,72.58
2024-10-03 23:00:00,26.8,93,10.8,201,0.0,245.0,23.03,72.58
2024-10-04 00:00:00,26.6,92,10.2,208,0.0,285.0,23.03,72.58
2024-10-04 01:00:00,26.1,93,8.5,226,0.0,250.0,23.03,72.58
2024-10-04 02:00:00,25.7,95,7.8,251,0.0,245.0,23.03,72.58
2024-10-04 03:00:00,25.3,95,7.1,280,0.0,275.0,23.03,72.58
2024-10-04 04:00:00,24.8,96,5.0,291,0.0,165.0,23.03,72.58
2024-10-04 05:00:00,24.5,96,6.1,300,0.0,165.0,23.03,72.58
2024-10-04 06:00:00,25.0,95,8.0,304,0.0,355.0,23.03,72.58
2024-10-04 07:00:00,25.9,91,10.7,292,0.0,430.0,23.03,72.58
2024-10-04 08:00:00,27.1,84,11.9,284,0.0,535.0,23.03,72.58
2024-10-04 09:00:00,28.4,78,10.3,269,0.0,705.0,23.03,72.58
2024-10-04 10:00:00,29.3,73,10.4,252,0.1,785.0,23.03,72.58
2024-10-04 11:00:00,29.7,72,11.4,243,0.1,835.0,23.03,72.58
2024-10-04 12:00:00,30.7,68,12.1,240,0.1,1025.0,23.03,72.58
2024-10-04 13:00:00,31.2,65,11.6,231,0.0,1120.0,23.03,72.58
2024-10-04 14:00:00,31.6,64,11.6,224,0.0,1250.0,23.03,72.58
2024-10-04 15:00:00,31.7,62,10.9,225,0.0,1205.0,23.03,72.58
2024-10-04 16:00:00,31.5,62,9.7,228,0.0,1115.0,23.03,72.58
2024-10-04 17:00:00,30.7,69,6.4,209,0.0,660.0,23.03,72.58
2024-10-04 18:00:00,28.2,81,7.0,179,0.0,70.0,23.03,72.58
2024-10-04 19:00:00,27.5,82,5.8,171,0.0,65.0,23.03,72.58
2024-10-04 20:00:00,27.0,83,6.5,182,0.0,70.0,23.03,72.58
2024-10-04 21:00:00,26.8,83,9.3,190,0.0,140.0,23.03,72.58
2024-10-04 22:00:00,26.0,89,7.3,196,0.0,135.0,23.03,72.58
2024-10-04 23:00:00,25.4,94,6.6,189,0.0,135.0,23.03,72.58
2024-10-05 00:00:00,25.3,96,6.9,197,0.0,145.0,23.03,72.58
2024-10-05 01:00:00,25.1,97,5.9,223,0.0,175.0,23.03,72.58
2024-10-05 02:00:00,24.6,99,5.3,225,0.0,100.0,23.03,72.58
2024-10-05 03:00:00,24.1,100,6.2,244,0.0,55.0,23.03,72.58
2024-10-05 04:00:00,24.0,100,5.6,287,0.0,60.0,23.03,72.58
2024-10-05 05:00:00,24.2,99,5.1,302,0.0,80.0,23.03,72.58
2024-10-05 06:00:00,25.0,97,4.3,303,0.0,140.0,23.03,72.58
2024-10-05 07:00:00,25.9,92,4.4,291,0.0,300.0,23.03,72.58
2024-10-05 08:00:00,26.9,86,9.2,296,0.0,405.0,23.03,72.58
2024-10-05 09:00:00,28.1,80,8.1,287,0.1,600.0,23.03,72.58
2024-10-05 10:00:00,29.3,74,6.9,256,0.0,830.0,23.03,72.58
2024-10-05 11:00:00,30.3,69,7.5,228,0.0,985.0,23.03,72.58
2024-10-05 12:00:00,31.1,65,8.1,217,0.0,1140.0,23.03,72.58
2024-10-05 13:00:00,31.6,62,8.7,207,0.0,1195.0,23.03,72.58
2024-10-05 14:00:00,31.9,59,8.9,207,0.0,1230.0,23.03,72.58
2024-10-05 15:00:00,31.9,58,9.1,207,0.0,1190.0,23.03,72.58
2024-10-05 16:00:00,31.4,60,8.4,220,0.0,1130.0,23.03,72.58
2024-10-05 17:00:00,30.5,68,4.9,242,0.0,885.0,23.03,72.58
2024-10-05 18:00:00,28.7,75,6.1,247,0.0,55.0,23.03,72.58
2024-10-05 19:00:00,27.9,78,4.8,193,0.0,25.0,23.03,72.58
2024-10-05 20:00:00,26.4,85,5.2,166,0.0,40.0,23.03,72.58
2024-10-05 21:00:00,25.7,86,8.2,188,0.0,50.0,23.03,72.58
2024-10-05 22:00:00,25.6,85,7.0,192,0.0,55.0,23.03,72.58
2024-10-05 23:00:00,25.3,86,6.0,187,0.0,60.0,23.03,72.58
2024-10-06 00:00:00,24.7,90,5.3,204,0.0,60.0,23.03,72.58
2024-10-06 01:00:00,24.1,94,6.3,231,0.0,50.0,23.03,72.58
2024-10-06 02:00:00,23.7,96,7.5,207,0.0,40.0,23.03,72.58
2024-10-06 03:00:00,23.6,96,6.5,178,0.0,30.0,23.03,72.58
2024-10-06 04:00:00,24.4,94,3.2,183,0.0,15.0,23.03,72.58
2024-10-06 05:00:00,23.0,98,5.2,276,0.0,40.0,23.03,72.58
2024-10-06 06:00:00,23.8,98,4.5,286,0.0,45.0,23.03,72.58
2024-10-06 07:00:00,24.9,95,3.6,323,0.0,80.0,23.03,72.58
2024-10-06 08:00:00,26.6,86,4.6,342,0.0,245.0,23.03,72.58
2024-10-06 09:00:00,28.3,77,6.1,360,0.0,395.0,23.03,72.58
2024-10-06 10:00:00,29.7,69,6.6,17,0.0,655.0,23.03,72.58
2024-10-06 11:00:00,30.7,63,6.6,47,0.0,900.0,23.03,72.58
2024-10-06 12:00:00,31.4,61,7.0,64,0.0,1040.0,23.03,72.58
2024-10-06 13:00:00,31.8,59,6.4,72,0.0,1120.0,23.03,72.58
2024-10-06 14:00:00,32.2,57,5.6,68,0.0,1180.0,23.03,72.58
2024-10-06 15:00:00,32.2,58,6.1,62,0.0,1160.0,23.03,72.58
2024-10-06 16:00:00,32.0,57,6.6,55,0.0,1135.0,23.03,72.58
2024-10-06 17:00:00,31.0,67,3.9,37,0.0,255.0,23.03,72.58
2024-10-06 18:00:00,29.1,69,5.0,300,0.0,30.0,23.03,72.58
2024-10-06 19:00:00,27.7,74,5.9,313,0.0,35.0,23.03,72.58
2024-10-06 20:00:00,26.6,79,6.2,345,0.0,35.0,23.03,72.58
2024-10-06 21:00:00,25.9,82,6.3,5,0.0,30.0,23.03,72.58
2024-10-06 22:00:00,25.4,83,6.0,353,0.0,40.0,23.03,72.58
2024-10-06 23:00:00,25.1,83,6.7,354,0.0,50.0,23.03,72.58
2024-10-07 00:00:00,24.9,82,8.1,6,0.0,65.0,23.03,72.58
2024-10-07 01:00:00,25.0,77,8.8,20,0.0,85.0,23.03,72.58
2024-10-07 02:00:00,24.6,76,8.1,28,0.0,85.0,23.03,72.58
2024-10-07 03:00:00,24.3,77,8.6,30,0.0,90.0,23.03,72.58
2024-10-07 04:00:00,24.0,78,9.4,32,0.0,95.0,23.03,72.58
2024-10-07 05:00:00,23.8,79,9.4,35,0.0,95.0,23.03,72.58
2024-10-07 06:00:00,24.3,74,10.3,41,0.0,145.0,23.03,72.58
2024-10-07 07:00:00,24.8,75,9.6,64,0.0,150.0,23.03,72.58
2024-10-07 08:00:00,26.4,72,9.3,61,0.0,205.0,23.03,72.58
2024-10-07 09:00:00,28.4,67,9.0,60,0.0,290.0,23.03,72.58
2024-10-07 10:00:00,30.3,63,9.7,65,0.0,385.0,23.03,72.58
2024-10-07 11:00:00,32.1,59,10.7,67,0.0,500.0,23.03,72.58
2024-10-07 12:00:00,33.4,53,10.8,75,0.0,855.0,23.03,72.58
2024-10-07 13:00:00,34.1,48,10.4,82,0.0,1275.0,23.03,72.58
2024-10-07 14:00:00,34.4,45,9.8,84,0.0,1545.0,23.03,72.58
2024-10-07 15:00:00,34.3,44,8.9,82,0.0,1715.0,23.03,72.58
2024-10-07 16:00:00,33.7,50,7.3,62,0.0,1740.0,23.03,72.58
2024-10-07 17:00:00,32.0,63,5.2,34,0.0,170.0,23.03,72.58
2024-10-07 18:00:00,29.8,62,7.3,59,0.0,145.0,23.03,72.58
2024-10-07 19:00:00,28.6,60,7.7,59,0.0,90.0,23.03,72.58
2024-10-07 20:00:00,28.2,58,8.8,47,0.0,75.0,23.03,72.58
2024-10-07 21:00:00,26.9,66,7.5,33,0.0,55.0,23.03,72.58
2024-10-07 22:00:00,26.1,73,6.9,28,0.0,45.0,23.03,72.58
2024-10-07 23:00:00,25.5,78,6.4,32,0.0,45.0,23.03,72.58
2024-10-08 00:00:00,24.9,82,5.7,44,0.0,40.0,23.03,72.58
2024-10-08 01:00:00,24.7,82,6.3,51,0.0,50.0,23.03,72.58
2024-10-08 02:00:00,24.5,82,6.0,63,0.0,45.0,23.03,72.58
2024-10-08 03:00:00,24.4,81,6.5,58,0.0,55.0,23.03,72.58
2024-10-08 04:00:00,24.2,82,6.9,62,0.0,65.0,23.03,72.58
2024-10-08 05:00:00,23.9,82,6.9,65,0.0,80.0,23.03,72.58
2024-10-08 06:00:00,25.1,77,7.7,62,0.0,105.0,23.03,72.58
2024-10-08 07:00:00,25.8,77,9.4,73,0.0,110.0,23.03,72.58
2024-10-08 08:00:00,27.6,75,7.0,67,0.0,140.0,23.03,72.58
2024-10-08 09:00:00,29.8,70,7.6,75,0.0,225.0,23.03,72.58
2024-10-08 10:00:00,31.7,63,9.2,84,0.0,385.0,23.03,72.58
2024-10-08 11:00:00,33.1,57,10.7,85,0.0,995.0,23.03,72.58
2024-10-08 12:00:00,34.0,48,11.8,84,0.0,1435.0,23.03,72.58
2024-10-08 13:00:00,34.3,47,10.6,80,0.0,1495.0,23.03,72.58
2024-10-08 14:00:00,34.4,46,9.4,78,0.0,1630.0,23.03,72.58
2024-10-08 15:00:00,34.2,46,8.2,58,0.0,1635.0,23.03,72.58
2024-10-08 16:00:00,33.5,51,7.4,41,0.0,1575.0,23.03,72.58
2024-10-08 17:00:00,31.9,65,4.0,21,0.0,90.0,23.03,72.58
2024-10-08 18:00:00,30.0,59,8.7,84,0.0,40.0,23.03,72.58
2024-10-08 19:00:00,30.0,54,7.5,53,0.0,25.0,23.03,72.58
2024-10-08 20:00:00,28.0,62,6.5,19,0.0,25.0,23.03,72.58
2024-10-08 21:00:00,27.0,71,6.5,24,0.0,35.0,23.03,72.58
2024-10-08 22:00:00,26.0,76,5.7,28,0.0,35.0,23.03,72.58
2024-10-08 23:00:00,25.3,78,5.8,26,0.0,35.0,23.03,72.58
2024-10-09 00:00:00,24.9,77,6.4,32,0.0,40.0,23.03,72.58
2024-10-09 01:00:00,24.2,78,6.1,40,0.0,40.0,23.03,72.58
2024-10-09 02:00:00,24.1,76,8.7,30,0.0,65.0,23.03,72.58
2024-10-09 03:00:00,23.9,74,8.4,40,0.0,75.0,23.03,72.58
2024-10-09 04:00:00,23.4,75,7.0,55,0.0,70.0,23.03,72.58
2024-10-09 05:00:00,23.0,76,6.8,50,0.0,65.0,23.03,72.58
2024-10-09 06:00:00,24.8,68,9.1,52,0.0,115.0,23.03,72.58
2024-10-09 07:00:00,25.3,70,11.1,54,0.0,125.0,23.03,72.58
2024-10-09 08:00:00,27.1,70,10.1,57,0.0,160.0,23.03,72.58
2024-10-09 09:00:00,29.4,66,9.5,71,0.0,225.0,23.03,72.58
2024-10-09 10:00:00,31.7,59,10.1,84,0.0,440.0,23.03,72.58
2024-10-09 11:00:00,32.9,53,11.2,86,0.0,705.0,23.03,72.58
2024-10-09 12:00:00,33.5,50,10.6,81,0.0,960.0,23.03,72.58
2024-10-09 13:00:00,34.2,46,9.4,86,0.0,1510.0,23.03,72.58
2024-10-09 14:00:00,34.3,43,8.7,77,0.0,1670.0,23.03,72.58
2024-10-09 15:00:00,34.2,42,8.3,56,0.0,1720.0,23.03,72.58
2024-10-09 16:00:00,33.4,49,7.5,50,0.0,1600.0,23.03,72.58
2024-10-09 17:00:00,31.8,62,4.4,58,0.0,155.0,23.03,72.58
2024-10-09 18:00:00,30.0,62,7.2,28,0.0,40.0,23.03,72.58
2024-10-09 19:00:00,28.9,65,7.1,16,0.0,45.0,23.03,72.58
2024-10-09 20:00:00,28.4,64,6.8,18,0.0,50.0,23.03,72.58
2024-10-09 21:00:00,28.9,58,6.6,21,0.0,50.0,23.03,72.58
2024-10-09 22:00:00,28.2,62,5.8,94,0.0,60.0,23.03,72.58
2024-10-09 23:00:00,27.3,72,4.8,103,0.0,70.0,23.03,72.58
2024-10-10 00:00:00,26.6,81,5.8,144,0.0,35.0,23.03,72.58
2024-10-10 01:00:00,27.1,78,7.8,158,0.0,90.0,23.03,72.58
2024-10-10 02:00:00,26.6,86,5.4,250,0.0,40.0,23.03,72.58
2024-10-10 03:00:00,27.2,79,2.4,189,0.0,15.0,23.03,72.58
2024-10-10 04:00:00,26.5,85,5.5,142,0.0,110.0,23.03,72.58
2024-10-10 05:00:00,26.4,86,4.8,158,0.0,90.0,23.03,72.58
2024-10-10 06:00:00,27.1,74,8.2,75,0.3,185.0,23.03,72.58
2024-10-10 07:00:00,26.8,79,9.9,93,0.0,180.0,23.03,72.58
2024-10-10 08:00:00,27.1,83,7.1,109,0.0,160.0,23.03,72.58
2024-10-10 09:00:00,28.3,77,6.1,104,0.0,250.0,23.03,72.58
2024-10-10 10:00:00,29.0,72,6.8,92,0.0,435.0,23.03,72.58
2024-10-10 11:00:00,29.4,68,9.0,125,0.0,770.0,23.03,72.58
2024-10-10 12:00:00,28.1,70,11.5,148,0.0,300.0,23.03,72.58
2024-10-10 13:00:00,25.6,80,14.0,150,0.6,240.0,23.03,72.58
2024-10-10 14:00:00,24.4,91,11.7,104,3.5,215.0,23.03,72.58
2024-10-10 15:00:00,24.3,86,8.9,138,3.4,175.0,23.03,72.58
2024-10-10 16:00:00,24.2,85,5.8,173,3.2,110.0,23.03,72.58
2024-10-10 17:00:00,23.8,87,8.6,92,2.7,135.0,23.03,72.58
2024-10-10 18:00:00,26.0,84,4.9,336,0.0,55.0,23.03,72.58
2024-10-10 19:00:00,26.3,80,7.1,326,0.0,85.0,23.03,72.58
2024-10-10 20:00:00,26.4,76,9.4,329,0.0,145.0,23.03,72.58
2024-10-10 21:00:00,26.3,76,9.2,320,0.0,180.0,23.03,72.58
2024-10-10 22:00:00,26.1,79,10.8,334,0.0,180.0,23.03,72.58
2024-10-10 23:00:00,26.2,80,12.5,353,0.0,260.0,23.03,72.58
2024-10-11 00:00:00,26.3,77,13.4,6,0.0,250.0,23.03,72.58
2024-10-11 01:00:00,26.4,72,10.4,23,0.0,195.0,23.03,72.58
2024-10-11 02:00:00,26.4,71,9.6,33,0.0,190.0,23.03,72.58
2024-10-11 03:00:00,26.1,72,9.1,38,0.0,175.0,23.03,72.58
2024-10-11 04:00:00,25.9,71,10.7,45,0.0,195.0,23.03,72.58
2024-10-11 05:00:00,25.8,70,10.1,61,0.0,215.0,23.03,72.58
2024-10-11 06:00:00,25.4,77,10.5,66,0.1,240.0,23.03,72.58
2024-10-11 07:00:00,25.9,77,11.0,58,0.0,240.0,23.03,72.58
2024-10-11 08:00:00,27.0,76,11.2,64,0.0,420.0,23.03,72.58
2024-10-11 09:00:00,28.4,71,14.7,62,0.0,580.0,23.03,72.58
2024-10-11 10:00:00,29.9,64,17.3,57,0.0,930.0,23.03,72.58
2024-10-11 11:00:00,30.1,63,15.7,47,0.0,1005.0,23.03,72.58
2024-10-11 12:00:00,30.2,63,13.3,60,0.0,1085.0,23.03,72.58
2024-10-11 13:00:00,30.5,60,15.0,69,0.0,1120.0,23.03,72.58
2024-10-11 14:00:00,30.4,62,13.7,63,0.0,885.0,23.03,72.58
2024-10-11 15:00:00,30.6,63,12.5,55,0.0,1155.0,23.03,72.58
2024-10-11 16:00:00,30.4,64,12.0,54,0.0,1140.0,23.03,72.58
2024-10-11 17:00:00,29.9,65,8.9,56,0.0,970.0,23.03,72.58
2024-10-11 18:00:00,27.4,75,10.5,19,0.0,245.0,23.03,72.58
2024-10-11 19:00:00,27.0,77,9.0,30,0.0,195.0,23.03,72.58
2024-10-11 20:00:00,26.9,78,10.3,41,0.0,230.0,23.03,72.58
2024-10-11 21:00:00,26.7,75,10.9,57,0.0,305.0,23.03,72.58
2024-10-11 22:00:00,26.5,70,10.0,75,0.0,300.0,23.03,72.58
2024-10-11 23:00:00,26.3,68,10.1,68,0.0,265.0,23.03,72.58
2024-10-12 00:00:00,26.0,69,8.6,59,0.1,215.0,23.03,72.58
2024-10-12 01:00:00,25.8,68,9.7,65,0.0,220.0,23.03,72.58
2024-10-12 02:00:00,25.5,70,8.6,68,0.0,200.0,23.03,72.58
2024-10-12 03:00:00,25.1,72,9.6,57,0.0,200.0,23.03,72.58
2024-10-12 04:00:00,24.9,73,10.5,61,0.0,235.0,23.03,72.58
2024-10-12 05:00:00,25.0,72,11.4,62,0.0,255.0,23.03,72.58
2024-10-12 06:00:00,24.5,88,10.7,63,0.0,295.0,23.03,72.58
2024-10-12 07:00:00,25.0,86,11.9,61,0.0,310.0,23.03,72.58
2024-10-12 08:00:00,26.5,81,15.9,84,0.0,425.0,23.03,72.58
2024-10-12 09:00:00,27.7,76,18.5,83,0.0,595.0,23.03,72.58
2024-10-12 10:00:00,29.1,71,18.5,79,0.0,770.0,23.03,72.58
2024-10-12 11:00:00,30.1,66,18.8,95,0.1,825.0,23.03,72.58
2024-10-12 12:00:00,30.7,65,16.7,96,0.2,905.0,23.03,72.58
2024-10-12 13:00:00,31.4,64,13.2,97,0.1,1180.0,23.03,72.58
2024-10-12 14:00:00,31.8,61,11.1,97,0.0,1380.0,23.03,72.58
2024-10-12 15:00:00,25.7,92,9.3,143,6.5,180.0,23.03,72.58
2024-10-12 16:00:00,25.4,94,7.1,135,1.1,190.0,23.03,72.58
2024-10-12 17:00:00,25.9,90,2.6,65,0.3,170.0,23.03,72.58
2024-10-12 18:00:00,27.8,83,5.8,104,0.0,175.0,23.03,72.58
2024-10-12 19:00:00,27.1,85,8.3,90,0.0,205.0,23.03,72.58
2024-10-12 20:00:00,26.6,86,8.9,82,0.0,220.0,23.03,72.58
2024-10-12 21:00:00,26.2,87,8.4,65,0.0,185.0,23.03,72.58
2024-10-12 22:00:00,25.8,88,8.3,79,0.0,180.0,23.03,72.58
2024-10-12 23:00:00,25.7,87,9.0,80,0.0,180.0,23.03,72.58
2024-10-13 00:00:00,25.5,88,7.5,73,0.0,155.0,23.03,72.58
2024-10-13 01:00:00,25.4,88,10.3,65,0.0,190.0,23.03,72.58
2024-10-13 02:00:00,25.2,88,9.2,74,0.0,190.0,23.03,72.58
2024-10-13 03:00:00,25.1,89,9.2,79,0.0,175.0,23.03,72.58
2024-10-13 04:00:00,25.0,89,8.7,72,0.0,175.0,23.03,72.58
2024-10-13 05:00:00,24.6,92,8.5,84,3.9,235.0,23.03,72.58
2024-10-13 06:00:00,24.6,95,17.1,27,2.2,365.0,23.03,72.58
2024-10-13 07:00:00,24.9,93,13.8,29,0.4,350.0,23.03,72.58
2024-10-13 08:00:00,25.8,89,17.2,37,0.0,415.0,23.03,72.58
2024-10-13 09:00:00,26.4,86,12.5,54,5.1,375.0,23.03,72.58
2024-10-13 10:00:00,27.6,82,15.5,55,0.5,455.0,23.03,72.58
2024-10-13 11:00:00,28.8,77,14.0,77,0.1,475.0,23.03,72.58
2024-10-13 12:00:00,30.9,69,11.9,100,0.1,815.0,23.03,72.58
2024-10-13 13:00:00,31.3,69,9.5,112,0.1,860.0,23.03,72.58
2024-10-13 14:00:00,31.4,70,6.0,123,0.2,880.0,23.03,72.58
2024-10-13 15:00:00,31.2,70,4.1,142,0.1,840.0,23.03,72.58
2024-10-13 16:00:00,31.0,71,0.9,180,0.1,785.0,23.03,72.58
2024-10-13 17:00:00,28.2,82,3.6,240,2.4,110.0,23.03,72.58
2024-10-13 18:00:00,28.6,80,6.5,44,0.0,150.0,23.03,72.58
2024-10-13 19:00:00,27.8,84,6.8,53,0.0,125.0,23.03,72.58
2024-10-13 20:00:00,27.5,84,9.2,70,0.0,250.0,23.03,72.58
2024-10-13 21:00:00,27.2,84,8.3,89,0.0,290.0,23.03,72.58
2024-10-13 22:00:00,26.8,85,9.2,94,0.0,305.0,23.03,72.58
2024-10-13 23:00:00,26.4,87,8.0,84,0.0,270.0,23.03,72.58
2024-10-14 00:00:00,25.9,88,9.2,89,0.0,265.0,23.03,72.58
2024-10-14 01:00:00,25.4,91,8.3,85,0.0,220.0,23.03,72.58
2024-10-14 02:00:00,25.2,92,8.0,85,0.0,205.0,23.03,72.58
2024-10-14 03:00:00,24.8,94,6.7,81,0.0,160.0,23.03,72.58
2024-10-14 04:00:00,24.6,95,6.6,74,0.0,125.0,23.03,72.58
2024-10-14 05:00:00,24.4,96,6.4,63,0.0,115.0,23.03,72.58
2024-10-14 06:00:00,24.8,92,8.6,91,0.0,165.0,23.03,72.58
2024-10-14 07:00:00,25.2,91,7.9,69,0.0,170.0,23.03,72.58
2024-10-14 08:00:00,26.2,86,9.3,65,0.0,270.0,23.03,72.58
2024-10-14 09:00:00,27.5,80,11.3,65,0.0,435.0,23.03,72.58
2024-10-14 10:00:00,28.8,76,11.5,67,0.0,570.0,23.03,72.58
2024-10-14 11:00:00,30.4,69,12.0,72,0.0,945.0,23.03,72.58
2024-10-14 12:00:00,30.7,66,11.4,83,0.0,1060.0,23.03,72.58
2024-10-14 13:00:00,31.4,63,11.2,80,0.0,1195.0,23.03,72.58
2024-10-14 14:00:00,31.3,64,10.2,72,0.0,1145.0,23.03,72.58
2024-10-14 15:00:00,31.3,64,10.5,77,0.1,1060.0,23.03,72.58
2024-10-14 16:00:00,31.3,64,7.9,87,0.0,1075.0,23.03,72.58
2024-10-14 17:00:00,30.6,73,2.8,117,0.0,175.0,23.03,72.58
2024-10-14 18:00:00,28.8,80,5.7,11,0.0,70.0,23.03,72.58
2024-10-14 19:00:00,28.3,80,5.5,23,0.0,60.0,23.03,72.58
2024-10-14 20:00:00,27.7,83,6.9,28,0.0,30.0,23.03,72.58
2024-10-14 21:00:00,28.3,78,4.2,40,0.0,15.0,23.03,72.58
2024-10-14 22:00:00,26.9,85,5.5,11,0.0,25.0,23.03,72.58
2024-10-14 23:00:00,26.5,86,4.9,36,0.0,35.0,23.03,72.58
2024-10-15 00:00:00,26.1,88,5.7,55,0.0,50.0,23.03,72.58
2024-10-15 01:00:00,25.6,90,5.2,41,0.0,45.0,23.03,72.58
2024-10-15 02:00:00,25.3,91,6.0,16,0.0,50.0,23.03,72.58
2024-10-15 03:00:00,25.1,92,6.8,29,0.0,75.0,23.03,72.58
2024-10-15 04:00:00,25.0,90,6.6,43,0.0,90.0,23.03,72.58
2024-10-15 05:00:00,24.9,87,8.2,49,0.0,120.0,23.03,72.58
2024-10-15 06:00:00,25.3,86,8.3,44,0.0,100.0,23.03,72.58
2024-10-15 07:00:00,25.9,84,9.4,58,0.0,130.0,23.03,72.58
2024-10-15 08:00:00,27.5,81,7.6,83,0.0,210.0,23.03,72.58
2024-10-15 09:00:00,29.3,77,8.7,86,0.0,365.0,23.03,72.58
2024-10-15 10:00:00,30.8,71,9.5,92,0.0,695.0,23.03,72.58
2024-10-15 11:00:00,31.8,65,9.8,96,0.0,935.0,23.03,72.58
2024-10-15 12:00:00,32.5,63,8.7,86,0.0,1150.0,23.03,72.58
2024-10-15 13:00:00,32.8,62,7.8,77,0.0,1225.0,23.03,72.58
2024-10-15 14:00:00,32.9,61,7.1,75,0.0,1290.0,23.03,72.58
2024-10-15 15:00:00,32.9,61,6.1,62,0.0,1310.0,23.03,72.58
2024-10-15 16:00:00,32.6,62,5.6,61,0.0,1245.0,23.03,72.58
2024-10-15 17:00:00,31.4,70,4.6,72,0.0,260.0,23.03,72.58
2024-10-15 18:00:00,29.7,78,4.9,33,0.5,105.0,23.03,72.58
2024-10-15 19:00:00,28.8,82,5.7,347,0.0,80.0,23.03,72.58
2024-10-15 20:00:00,28.0,85,6.8,349,0.0,110.0,23.03,72.58
2024-10-15 21:00:00,27.6,86,6.5,2,0.0,140.0,23.03,72.58
2024-10-15 22:00:00,26.9,88,5.4,2,0.0,85.0,23.03,72.58
2024-10-15 23:00:00,26.5,89,5.0,13,0.0,65.0,23.03,72.58
2024-10-16 00:00:00,26.1,91,4.6,9,0.0,45.0,23.03,72.58
2024-10-16 01:00:00,25.6,94,5.4,21,0.0,40.0,23.03,72.58
2024-10-16 02:00:00,25.5,94,4.2,36,0.0,45.0,23.03,72.58
2024-10-16 03:00:00,25.2,95,4.2,36,0.0,55.0,23.03,72.58
2024-10-16 04:00:00,25.2,95,4.9,36,0.0,70.0,23.03,72.58
2024-10-16 05:00:00,25.1,94,5.9,45,0.0,90.0,23.03,72.58
2024-10-16 06:00:00,26.2,87,7.1,66,0.0,135.0,23.03,72.58
2024-10-16 07:00:00,26.8,86,7.8,64,0.0,145.0,23.03,72.58
2024-10-16 08:00:00,28.2,82,6.8,65,0.0,205.0,23.03,72.58
2024-10-16 09:00:00,30.0,76,6.9,73,0.0,325.0,23.03,72.58
2024-10-16 10:00:00,31.6,68,7.7,78,0.0,665.0,23.03,72.58
2024-10-16 11:00:00,32.4,63,8.2,82,0.0,970.0,23.03,72.58
2024-10-16 12:00:00,32.8,60,7.4,77,0.0,1080.0,23.03,72.58
2024-10-16 13:00:00,33.0,61,7.1,81,0.0,1245.0,23.03,72.58
2024-10-16 14:00:00,32.8,63,6.3,83,0.1,1280.0,23.03,72.58
2024-10-16 15:00:00,32.5,65,5.3,66,0.1,1250.0,23.03,72.58
2024-10-16 16:00:00,32.0,66,6.7,56,0.1,495.0,23.03,72.58
2024-10-16 17:00:00,28.8,80,6.4,188,5.5,145.0,23.03,72.58
2024-10-16 18:00:00,29.1,77,3.1,260,0.0,30.0,23.03,72.58
2024-10-16 19:00:00,28.2,83,4.1,268,0.0,15.0,23.03,72.58
2024-10-16 20:00:00,28.0,82,4.7,270,0.0,15.0,23.03,72.58
2024-10-16 21:00:00,28.2,79,4.5,277,0.0,20.0,23.03,72.58
2024-10-16 22:00:00,29.3,70,3.1,294,0.0,15.0,23.03,72.58
2024-10-16 23:00:00,28.9,72,0.9,37,0.0,10.0,23.03,72.58
2024-10-17 00:00:00,26.8,85,3.1,31,0.0,15.0,23.03,72.58
2024-10-17 01:00:00,26.3,87,4.9,4,0.0,40.0,23.03,72.58
2024-10-17 02:00:00,25.8,89,6.2,343,0.0,50.0,23.03,72.58
2024-10-17 03:00:00,25.7,88,8.5,360,0.0,85.0,23.03,72.58
2024-10-17 04:00:00,25.2,84,6.9,14,0.0,90.0,23.03,72.58
2024-10-17 05:00:00,24.7,79,7.4,29,0.0,100.0,23.03,72.58
2024-10-17 06:00:00,25.1,69,9.2,40,0.0,130.0,23.03,72.58
2024-10-17 07:00:00,25.3,69,10.2,56,0.0,155.0,23.03,72.58
2024-10-17 08:00:00,26.7,66,8.9,58,0.0,235.0,23.03,72.58
2024-10-17 09:00:00,28.4,61,10.2,62,0.0,305.0,23.03,72.58
2024-10-17 10:00:00,30.1,57,10.5,70,0.0,395.0,23.03,72.58
2024-10-17 11:00:00,31.5,53,9.9,81,0.0,480.0,23.03,72.58
2024-10-17 12:00:00,32.5,51,8.1,85,0.0,590.0,23.03,72.58
2024-10-17 13:00:00,33.2,49,6.5,88,0.0,730.0,23.03,72.58
2024-10-17 14:00:00,33.6,47,5.4,96,0.0,870.0,23.03,72.58
2024-10-17 15:00:00,33.6,46,3.8,90,0.0,935.0,23.03,72.58
2024-10-17 16:00:00,33.3,47,3.1,54,0.0,870.0,23.03,72.58
2024-10-17 17:00:00,32.2,56,4.0,21,0.0,85.0,23.03,72.58
2024-10-17 18:00:00,28.8,71,7.2,25,0.0,55.0,23.03,72.58
2024-10-17 19:00:00,27.5,75,8.4,40,0.0,35.0,23.03,72.58
2024-10-17 20:00:00,27.0,73,7.0,35,0.0,35.0,23.03,72.58
2024-10-17 21:00:00,26.4,75,6.5,30,0.0,35.0,23.03,72.58
2024-10-17 22:00:00,26.4,73,7.5,21,0.0,50.0,23.03,72.58
2024-10-17 23:00:00,26.4,71,7.9,33,0.0,65.0,23.03,72.58
2024-10-18 00:00:00,26.3,70,7.8,44,0.0,80.0,23.03,72.58
2024-10-18 01:00:00,26.3,67,9.2,40,0.0,110.0,23.03,72.58
2024-10-18 02:00:00,25.8,63,7.9,66,0.0,130.0,23.03,72.58
2024-10-18 03:00:00,25.1,64,8.4,55,0.0,120.0,23.03,72.58
2024-10-18 04:00:00,24.8,63,10.6,44,0.0,135.0,23.03,72.58
2024-10-18 05:00:00,24.6,63,11.3,51,0.0,150.0,23.03,72.58
2024-10-18 06:00:00,25.0,61,11.3,63,0.0,220.0,23.03,72.58
2024-10-18 07:00:00,25.3,63,12.6,63,0.0,220.0,23.03,72.58
2024-10-18 08:00:00,27.0,63,12.5,67,0.0,245.0,23.03,72.58
2024-10-18 09:00:00,28.8,60,12.7,69,0.0,290.0,23.03,72.58
2024-10-18 10:00:00,30.6,60,13.0,80,0.0,450.0,23.03,72.58
2024-10-18 11:00:00,32.0,60,13.1,90,0.0,685.0,23.03,72.58
2024-10-18 12:00:00,32.9,56,11.9,91,0.0,975.0,23.03,72.58
2024-10-18 13:00:00,33.5,53,10.3,96,0.0,1200.0,23.03,72.58
2024-10-18 14:00:00,33.8,51,9.3,100,0.0,1365.0,23.03,72.58
2024-10-18 15:00:00,33.7,51,7.8,94,0.0,1410.0,23.03,72.58
2024-10-18 16:00:00,33.1,54,8.4,80,0.0,1360.0,23.03,72.58
2024-10-18 17:00:00,31.6,66,5.2,78,0.0,210.0,23.03,72.58
2024-10-18 18:00:00,30.2,65,6.8,58,0.0,100.0,23.03,72.58
2024-10-18 19:00:00,29.0,70,7.9,77,0.0,60.0,23.03,72.58
2024-10-18 20:00:00,28.6,72,7.0,64,0.0,45.0,23.03,72.58
2024-10-18 21:00:00,27.7,77,5.4,34,0.0,40.0,23.03,72.58
2024-10-18 22:00:00,27.3,80,5.6,42,0.0,45.0,23.03,72.58
2024-10-18 23:00:00,27.0,81,5.8,88,0.0,45.0,23.03,72.58
2024-10-19 00:00:00,27.0,79,9.2,129,0.0,100.0,23.03,72.58
2024-10-19 01:00:00,26.3,82,6.1,150,0.0,100.0,23.03,72.58
2024-10-19 02:00:00,25.7,86,6.9,166,0.0,130.0,23.03,72.58
2024-10-19 03:00:00,25.5,90,6.0,163,0.0,165.0,23.03,72.58
2024-10-19 04:00:00,25.0,94,3.6,127,0.0,100.0,23.03,72.58
2024-10-19 05:00:00,24.8,96,3.1,87,0.0,50.0,23.03,72.58
2024-10-19 06:00:00,25.3,92,3.6,30,0.0,50.0,23.03,72.58
2024-10-19 07:00:00,26.1,89,5.5,52,0.0,80.0,23.03,72.58
2024-10-19 08:00:00,27.8,82,5.0,52,0.0,230.0,23.03,72.58
2024-10-19 09:00:00,29.4,76,4.6,59,0.0,360.0,23.03,72.58
2024-10-19 10:00:00,30.9,71,3.8,79,0.0,605.0,23.03,72.58
2024-10-19 11:00:00,31.6,68,4.6,101,0.2,850.0,23.03,72.58
2024-10-19 12:00:00,32.1,68,5.2,96,0.3,1025.0,23.03,72.58
2024-10-19 13:00:00,32.4,67,6.3,88,0.3,1130.0,23.03,72.58
2024-10-19 14:00:00,32.3,67,8.3,79,0.3,1115.0,23.03,72.58
2024-10-19 15:00:00,32.4,64,8.8,85,0.1,1055.0,23.03,72.58
2024-10-19 16:00:00,30.9,67,4.8,169,0.6,360.0,23.03,72.58
2024-10-19 17:00:00,29.4,77,15.3,219,0.1,335.0,23.03,72.58
2024-10-19 18:00:00,29.9,76,4.8,207,0.0,70.0,23.03,72.58
2024-10-19 19:00:00,28.9,83,5.9,225,0.0,35.0,23.03,72.58
2024-10-19 20:00:00,27.9,84,18.8,136,3.8,415.0,23.03,72.58
2024-10-19 21:00:00,25.5,90,11.2,252,2.7,120.0,23.03,72.58
2024-10-19 22:00:00,25.4,93,10.8,169,0.1,160.0,23.03,72.58
2024-10-19 23:00:00,24.9,96,4.6,231,0.0,75.0,23.03,72.58
2024-10-20 00:00:00,25.0,96,4.7,180,0.0,125.0,23.03,72.58
2024-10-20 01:00:00,24.9,96,4.9,172,0.0,145.0,23.03,72.58
2024-10-20 02:00:00,24.5,97,5.1,132,0.0,80.0,23.03,72.58
2024-10-20 03:00:00,24.8,96,4.0,141,0.0,55.0,23.03,72.58
2024-10-20 04:00:00,24.4,98,3.5,105,0.0,35.0,23.03,72.58
2024-10-20 05:00:00,24.4,98,3.0,104,0.0,50.0,23.03,72.58
2024-10-20 06:00:00,24.7,94,6.6,99,0.0,140.0,23.03,72.58
2024-10-20 07:00:00,25.2,92,5.7,99,0.0,140.0,23.03,72.58
2024-10-20 08:00:00,26.5,86,6.4,122,0.0,270.0,23.03,72.58
2024-10-20 09:00:00,28.2,78,6.2,126,0.0,585.0,23.03,72.58
2024-10-20 10:00:00,29.4,73,8.5,126,0.0,725.0,23.03,72.58
2024-10-20 11:00:00,30.4,67,9.1,129,0.0,820.0,23.03,72.58
2024-10-20 12:00:00,31.1,64,8.1,133,0.0,955.0,23.03,72.58
2024-10-20 13:00:00,31.6,61,6.6,137,0.0,1055.0,23.03,72.58
2024-10-20 14:00:00,31.9,59,6.5,141,0.0,1130.0,23.03,72.58
2024-10-20 15:00:00,31.7,60,5.2,151,0.0,1120.0,23.03,72.58
2024-10-20 16:00:00,31.4,60,4.8,160,0.0,1080.0,23.03,72.58
2024-10-20 17:00:00,30.6,67,3.9,193,0.0,210.0,23.03,72.58
2024-10-20 18:00:00,28.8,76,5.4,201,0.0,60.0,23.03,72.58
2024-10-20 19:00:00,28.2,79,4.6,244,0.0,40.0,23.03,72.58
2024-10-20 20:00:00,27.9,83,5.8,234,0.0,30.0,23.03,72.58
2024-10-20 21:00:00,28.5,76,3.5,235,0.0,15.0,23.03,72.58
2024-10-20 22:00:00,26.7,87,5.4,244,0.0,40.0,23.03,72.58
2024-10-20 23:00:00,26.2,89,5.3,258,0.0,45.0,23.03,72.58
2024-10-21 00:00:00,26.0,89,5.2,282,0.0,45.0,23.03,72.58
2024-10-21 01:00:00,25.8,88,7.2,295,0.0,75.0,23.03,72.58
2024-10-21 02:00:00,25.4,90,6.3,357,0.0,100.0,23.03,72.58
2024-10-21 03:00:00,25.0,93,4.0,30,0.0,90.0,23.03,72.58
2024-10-21 04:00:00,24.8,94,4.3,45,0.0,65.0,23.03,72.58
2024-10-21 05:00:00,24.7,94,5.1,54,0.0,75.0,23.03,72.58
2024-10-21 06:00:00,25.5,88,6.6,37,0.0,140.0,23.03,72.58
2024-10-21 07:00:00,26.0,87,6.2,41,0.0,155.0,23.03,72.58
2024-10-21 08:00:00,27.5,82,6.3,72,0.0,235.0,23.03,72.58
2024-10-21 09:00:00,29.2,76,8.6,112,0.0,470.0,23.03,72.58
2024-10-21 10:00:00,27.5,80,4.3,156,3.4,425.0,23.03,72.58
2024-10-21 11:00:00,29.0,74,5.5,153,0.1,655.0,23.03,72.58
2024-10-21 12:00:00,29.8,71,6.9,129,0.1,710.0,23.03,72.58
2024-10-21 13:00:00,30.3,71,6.1,130,0.2,910.0,23.03,72.58
2024-10-21 14:00:00,30.9,67,5.0,105,0.2,1070.0,23.03,72.58
2024-10-21 15:00:00,30.7,67,6.1,90,0.1,930.0,23.03,72.58
2024-10-21 16:00:00,30.2,68,6.4,50,0.1,715.0,23.03,72.58
2024-10-21 17:00:00,29.2,73,6.2,69,0.5,415.0,23.03,72.58
2024-10-21 18:00:00,29.1,74,2.7,4,0.0,20.0,23.03,72.58
2024-10-21 19:00:00,28.1,78,5.1,23,0.0,80.0,23.03,72.58
2024-10-21 20:00:00,27.1,80,5.3,33,0.0,70.0,23.03,72.58
2024-10-21 21:00:00,26.2,83,4.3,24,0.0,60.0,23.03,72.58
2024-10-21 22:00:00,25.6,84,4.8,31,0.0,50.0,23.03,72.58
2024-10-21 23:00:00,24.8,86,6.6,35,1.9,55.0,23.03,72.58
2024-10-22 00:00:00,23.1,98,12.9,311,4.9,270.0,23.03,72.58
2024-10-22 01:00:00,23.3,94,12.0,44,3.8,170.0,23.03,72.58
2024-10-22 02:00:00,23.2,94,5.5,23,0.9,145.0,23.03,72.58
2024-10-22 03:00:00,22.7,96,3.4,6,0.0,120.0,23.03,72.58
2024-10-22 04:00:00,22.5,96,5.5,32,0.0,85.0,23.03,72.58
2024-10-22 05:00:00,22.4,96,5.0,77,0.0,115.0,23.03,72.58
2024-10-22 06:00:00,23.6,93,3.9,47,0.0,70.0,23.03,72.58
2024-10-22 07:00:00,24.6,87,5.4,56,0.0,70.0,23.03,72.58
2024-10-22 08:00:00,26.2,83,6.7,109,0.0,180.0,23.03,72.58
2024-10-22 09:00:00,28.0,74,7.4,103,0.0,315.0,23.03,72.58
2024-10-22 10:00:00,29.8,66,7.2,89,0.0,460.0,23.03,72.58
2024-10-22 11:00:00,31.1,62,6.4,115,0.0,690.0,23.03,72.58
2024-10-22 12:00:00,31.8,60,4.5,137,0.0,910.0,23.03,72.58
2024-10-22 13:00:00,32.2,59,4.0,120,0.0,1240.0,23.03,72.58
2024-10-22 14:00:00,32.4,58,4.6,121,0.0,1395.0,23.03,72.58
2024-10-22 15:00:00,31.7,61,5.0,69,0.0,575.0,23.03,72.58
2024-10-22 16:00:00,30.5,66,8.7,4,0.1,310.0,23.03,72.58
2024-10-22 17:00:00,29.6,71,6.3,345,0.0,145.0,23.03,72.58
2024-10-22 18:00:00,29.1,68,6.6,35,0.0,95.0,23.03,72.58
2024-10-22 19:00:00,27.6,75,6.3,37,0.0,50.0,23.03,72.58
2024-10-22 20:00:00,26.5,82,6.8,17,0.0,35.0,23.03,72.58
2024-10-22 21:00:00,26.3,83,4.9,350,0.0,35.0,23.03,72.58
2024-10-22 22:00:00,26.2,80,6.5,360,0.0,45.0,23.03,72.58
2024-10-22 23:00:00,26.2,75,8.7,7,0.0,70.0,23.03,72.58
2024-10-23 00:00:00,25.8,73,9.6,14,0.0,90.0,23.03,72.58
2024-10-23 01:00:00,25.2,72,10.2,24,0.0,125.0,23.03,72.58
2024-10-23 02:00:00,24.8,71,9.2,47,0.0,130.0,23.03,72.58
2024-10-23 03:00:00,24.3,72,7.9,57,0.0,115.0,23.03,72.58
2024-10-23 04:00:00,24.0,73,8.3,48,0.0,110.0,23.03,72.58
2024-10-23 05:00:00,23.8,73,9.0,44,0.0,110.0,23.03,72.58
2024-10-23 06:00:00,24.6,75,10.4,54,0.0,140.0,23.03,72.58
2024-10-23 07:00:00,25.0,76,9.1,63,0.0,150.0,23.03,72.58
2024-10-23 08:00:00,26.8,75,7.2,72,0.0,180.0,23.03,72.58
2024-10-23 09:00:00,28.9,70,9.5,65,0.0,305.0,23.03,72.58
2024-10-23 10:00:00,30.8,65,10.3,79,0.0,500.0,23.03,72.58
2024-10-23 11:00:00,31.9,61,8.5,85,0.0,870.0,23.03,72.58
2024-10-23 12:00:00,32.7,55,8.1,77,0.0,1260.0,23.03,72.58
2024-10-23 13:00:00,33.2,51,7.3,70,0.0,1485.0,23.03,72.58
2024-10-23 14:00:00,33.4,48,7.6,45,0.0,1595.0,23.03,72.58
2024-10-23 15:00:00,33.1,47,9.6,33,0.0,1495.0,23.03,72.58
2024-10-23 16:00:00,32.5,50,9.2,39,0.0,1355.0,23.03,72.58
2024-10-23 17:00:00,30.8,59,5.7,49,0.0,215.0,23.03,72.58
2024-10-23 18:00:00,30.2,57,6.3,358,0.0,30.0,23.03,72.58
2024-10-23 19:00:00,27.8,65,8.8,351,0.0,50.0,23.03,72.58
2024-10-23 20:00:00,27.8,59,8.3,1,0.0,100.0,23.03,72.58
2024-10-23 21:00:00,26.4,64,6.7,24,0.0,70.0,23.03,72.58
2024-10-23 22:00:00,25.7,67,7.0,44,0.0,65.0,23.03,72.58
2024-10-23 23:00:00,25.0,70,6.4,47,0.0,65.0,23.03,72.58
2024-10-24 00:00:00,24.7,70,7.1,34,0.0,85.0,23.03,72.58
2024-10-24 01:00:00,24.7,67,8.6,37,0.0,110.0,23.03,72.58
2024-10-24 02:00:00,24.3,67,8.8,43,0.0,90.0,23.03,72.58
2024-10-24 03:00:00,23.8,69,9.2,40,0.0,80.0,23.03,72.58
2024-10-24 04:00:00,23.3,70,8.8,33,0.0,85.0,23.03,72.58
2024-10-24 05:00:00,23.2,69,9.2,35,0.0,110.0,23.03,72.58
2024-10-24 06:00:00,24.0,66,10.7,44,0.0,145.0,23.03,72.58
2024-10-24 07:00:00,24.5,65,11.6,46,0.0,165.0,23.03,72.58
2024-10-24 08:00:00,26.4,63,10.4,42,0.0,220.0,23.03,72.58
2024-10-24 09:00:00,28.7,58,9.7,56,0.0,295.0,23.03,72.58
2024-10-24 10:00:00,30.7,53,10.4,76,0.0,445.0,23.03,72.58
2024-10-24 11:00:00,32.1,48,11.5,89,0.0,780.0,23.03,72.58
2024-10-24 12:00:00,33.0,45,10.7,102,0.0,1030.0,23.03,72.58
2024-10-24 13:00:00,33.5,41,8.3,92,0.0,1410.0,23.03,72.58
2024-10-24 14:00:00,33.8,39,6.7,71,0.0,1935.0,23.03,72.58
2024-10-24 15:00:00,33.7,38,6.2,46,0.0,2080.0,23.03,72.58
2024-10-24 16:00:00,33.2,40,5.1,48,0.0,2325.0,23.03,72.58
2024-10-24 17:00:00,31.4,58,3.8,107,0.0,30.0,23.03,72.58
2024-10-24 18:00:00,30.3,46,2.4,228,0.0,15.0,23.03,72.58
2024-10-24 19:00:00,27.5,61,7.2,219,0.0,30.0,23.03,72.58
2024-10-24 20:00:00,26.7,64,2.7,70,0.0,15.0,23.03,72.58
2024-10-24 21:00:00,24.7,71,5.6,15,0.0,20.0,23.03,72.58
2024-10-24 22:00:00,24.0,70,6.1,348,0.0,20.0,23.03,72.58
2024-10-24 23:00:00,23.8,66,7.6,360,0.0,45.0,23.03,72.58
2024-10-25 00:00:00,23.2,61,7.6,22,0.0,65.0,23.03,72.58
2024-10-25 01:00:00,22.6,61,7.3,38,0.0,55.0,23.03,72.58
2024-10-25 02:00:00,22.2,62,7.8,22,0.0,45.0,23.03,72.58
2024-10-25 03:00:00,21.9,63,7.7,24,0.0,45.0,23.03,72.58
2024-10-25 04:00:00,21.4,65,7.3,31,0.0,55.0,23.03,72.58
2024-10-25 05:00:00,21.1,67,8.2,50,0.0,65.0,23.03,72.58
2024-10-25 06:00:00,21.9,67,8.3,27,0.0,75.0,23.03,72.58
2024-10-25 07:00:00,22.4,69,9.4,12,0.0,95.0,23.03,72.58
2024-10-25 08:00:00,24.7,65,5.9,59,0.0,170.0,23.03,72.58
2024-10-25 09:00:00,27.2,57,6.4,74,0.0,290.0,23.03,72.58
2024-10-25 10:00:00,29.4,52,7.4,77,0.0,390.0,23.03,72.58
2024-10-25 11:00:00,31.1,49,7.6,91,0.0,540.0,23.03,72.58
2024-10-25 12:00:00,32.4,46,8.1,90,0.0,1025.0,23.03,72.58
2024-10-25 13:00:00,33.4,41,9.5,65,0.0,1320.0,23.03,72.58
2024-10-25 14:00:00,33.6,38,11.1,51,0.0,1385.0,23.03,72.58
2024-10-25 15:00:00,33.4,38,10.8,48,0.0,1310.0,23.03,72.58
2024-10-25 16:00:00,32.7,43,7.5,60,0.0,1025.0,23.03,72.58
2024-10-25 17:00:00,30.1,64,6.3,85,0.0,80.0,23.03,72.58
2024-10-25 18:00:00,28.6,56,7.1,128,0.0,30.0,23.03,72.58
2024-10-25 19:00:00,26.4,65,6.5,186,0.0,25.0,23.03,72.58
2024-10-25 20:00:00,25.1,74,8.3,179,0.0,25.0,23.03,72.58
2024-10-25 21:00:00,24.6,76,6.5,156,0.0,40.0,23.03,72.58
2024-10-25 22:00:00,25.2,72,0.6,342,0.0,10.0,23.03,72.58
2024-10-25 23:00:00,23.3,80,4.8,304,0.0,30.0,23.03,72.58
2024-10-26 00:00:00,22.3,84,6.5,321,0.0,20.0,23.03,72.58
2024-10-26 01:00:00,22.2,83,6.4,335,0.0,35.0,23.03,72.58
2024-10-26 02:00:00,21.5,86,7.5,336,0.0,30.0,23.03,72.58
2024-10-26 03:00:00,21.5,83,5.8,353,0.0,35.0,23.03,72.58
2024-10-26 04:00:00,20.5,85,5.4,48,0.0,35.0,23.03,72.58
2024-10-26 05:00:00,19.8,88,6.1,60,0.0,35.0,23.03,72.58
2024-10-26 06:00:00,21.1,78,5.6,31,0.0,40.0,23.03,72.58
2024-10-26 07:00:00,21.8,78,7.2,62,0.0,40.0,23.03,72.58
2024-10-26 08:00:00,24.6,72,4.5,85,0.0,70.0,23.03,72.58
2024-10-26 09:00:00,27.9,63,3.6,93,0.0,140.0,23.03,72.58
2024-10-26 10:00:00,30.4,53,3.9,106,0.0,280.0,23.03,72.58
2024-10-26 11:00:00,32.0,48,2.1,105,0.0,505.0,23.03,72.58
2024-10-26 12:00:00,33.2,45,0.7,14,0.0,740.0,23.03,72.58
2024-10-26 13:00:00,33.9,41,2.8,349,0.0,1030.0,23.03,72.58
2024-10-26 14:00:00,34.3,40,4.8,335,0.0,1230.0,23.03,72.58
2024-10-26 15:00:00,34.3,39,5.8,330,0.0,1270.0,23.03,72.58
2024-10-26 16:00:00,33.8,40,5.3,327,0.0,1150.0,23.03,72.58
2024-10-26 17:00:00,31.3,62,6.4,297,0.0,115.0,23.03,72.58
2024-10-26 18:00:00,31.4,47,4.7,252,0.0,20.0,23.03,72.58
2024-10-26 19:00:00,30.2,49,4.4,212,0.0,15.0,23.03,72.58
2024-10-26 20:00:00,29.0,53,3.6,147,0.0,15.0,23.03,72.58
2024-10-26 21:00:00,25.5,67,7.2,162,0.0,20.0,23.03,72.58
2024-10-26 22:00:00,24.5,73,8.0,211,0.0,20.0,23.03,72.58
2024-10-26 23:00:00,24.0,75,6.3,288,0.0,20.0,23.03,72.58
2024-10-27 00:00:00,23.7,71,7.2,298,0.0,55.0,23.03,72.58
2024-10-27 01:00:00,22.5,76,9.0,317,0.0,35.0,23.03,72.58
2024-10-27 02:00:00,22.3,75,7.3,310,0.0,35.0,23.03,72.58
2024-10-27 03:00:00,21.9,77,7.8,310,0.0,30.0,23.03,72.58
2024-10-27 04:00:00,21.3,80,8.4,325,0.0,25.0,23.03,72.58
2024-10-27 05:00:00,20.9,81,7.3,349,0.0,25.0,23.03,72.58
2024-10-27 06:00:00,22.7,65,7.8,356,0.0,70.0,23.03,72.58
2024-10-27 07:00:00,23.5,66,6.5,357,0.0,55.0,23.03,72.58
2024-10-27 08:00:00,26.0,62,2.8,305,0.0,95.0,23.03,72.58
2024-10-27 09:00:00,28.5,57,0.7,104,0.0,160.0,23.03,72.58
2024-10-27 10:00:00,31.0,50,1.3,82,0.0,280.0,23.03,72.58
2024-10-27 11:00:00,32.9,44,1.0,338,0.0,450.0,23.03,72.58
2024-10-27 12:00:00,34.2,40,1.9,299,0.0,645.0,23.03,72.58
2024-10-27 13:00:00,35.0,37,3.7,317,0.0,940.0,23.03,72.58
2024-10-27 14:00:00,35.5,34,5.0,316,0.0,1280.0,23.03,72.58
2024-10-27 15:00:00,35.7,32,6.4,299,0.0,1565.0,23.03,72.58
2024-10-27 16:00:00,35.0,36,6.4,278,0.0,615.0,23.03,72.58
2024-10-27 17:00:00,32.0,57,6.2,240,0.0,60.0,23.03,72.58
2024-10-27 18:00:00,30.2,42,10.3,311,0.0,55.0,23.03,72.58
2024-10-27 19:00:00,32.6,33,4.2,59,0.0,15.0,23.03,72.58
2024-10-27 20:00:00,31.2,38,2.1,149,0.0,10.0,23.03,72.58
2024-10-27 21:00:00,26.3,56,7.0,302,0.0,20.0,23.03,72.58
2024-10-27 22:00:00,25.0,58,7.5,291,0.0,35.0,23.03,72.58
2024-10-27 23:00:00,25.4,58,4.8,15,0.0,20.0,23.03,72.58
2024-10-28 00:00:00,24.5,61,6.2,353,0.0,15.0,23.03,72.58
2024-10-28 01:00:00,23.3,63,7.6,3,0.0,25.0,23.03,72.58
2024-10-28 02:00:00,22.9,63,8.3,354,0.0,25.0,23.03,72.58
2024-10-28 03:00:00,22.8,61,7.0,10,0.0,30.0,23.03,72.58
2024-10-28 04:00:00,22.4,62,6.3,37,0.0,30.0,23.03,72.58
2024-10-28 05:00:00,21.5,67,8.0,31,0.0,30.0,23.03,72.58
2024-10-28 06:00:00,22.1,69,6.3,55,0.0,45.0,23.03,72.58
2024-10-28 07:00:00,23.2,68,7.5,66,0.0,60.0,23.03,72.58
2024-10-28 08:00:00,26.1,61,6.1,58,0.0,85.0,23.03,72.58
2024-10-28 09:00:00,29.1,55,4.5,83,0.0,160.0,23.03,72.58
2024-10-28 10:00:00,31.7,49,6.3,105,0.0,280.0,23.03,72.58
2024-10-28 11:00:00,33.5,43,4.4,117,0.0,485.0,23.03,72.58
2024-10-28 12:00:00,34.7,38,2.3,119,0.0,700.0,23.03,72.58
2024-10-28 13:00:00,35.5,35,0.8,117,0.0,985.0,23.03,72.58
2024-10-28 14:00:00,35.9,32,1.3,315,0.0,1160.0,23.03,72.58
2024-10-28 15:00:00,36.0,32,3.2,313,0.0,1285.0,23.03,72.58
2024-10-28 16:00:00,35.5,35,3.6,315,0.0,1270.0,23.03,72.58
2024-10-28 17:00:00,34.0,49,3.3,261,0.0,25.0,23.03,72.58
2024-10-28 18:00:00,29.6,57,7.3,134,0.0,35.0,23.03,72.58
2024-10-28 19:00:00,28.9,59,8.9,124,0.0,60.0,23.03,72.58
2024-10-28 20:00:00,27.4,64,6.9,123,0.0,45.0,23.03,72.58
2024-10-28 21:00:00,26.6,67,8.7,130,0.0,45.0,23.03,72.58
2024-10-28 22:00:00,26.6,64,7.4,141,0.0,50.0,23.03,72.58
2024-10-28 23:00:00,24.8,72,7.6,225,0.0,40.0,23.03,72.58
2024-10-29 00:00:00,25.0,71,7.8,238,0.0,85.0,23.03,72.58
2024-10-29 01:00:00,24.5,74,8.3,265,0.0,40.0,23.03,72.58
2024-10-29 02:00:00,25.3,71,7.2,283,0.0,25.0,23.03,72.58
2024-10-29 03:00:00,24.7,74,7.2,284,0.0,70.0,23.03,72.58
2024-10-29 04:00:00,24.1,77,10.4,113,0.0,75.0,23.03,72.58
2024-10-29 05:00:00,24.4,75,4.0,111,0.0,20.0,23.03,72.58
2024-10-29 06:00:00,23.6,81,6.7,52,0.0,25.0,23.03,72.58
2024-10-29 07:00:00,24.5,78,7.3,83,0.0,45.0,23.03,72.58
2024-10-29 08:00:00,27.4,69,1.0,338,0.0,45.0,23.03,72.58
2024-10-29 09:00:00,30.3,57,0.6,252,0.0,230.0,23.03,72.58
2024-10-29 10:00:00,32.3,50,2.8,281,0.0,375.0,23.03,72.58
2024-10-29 11:00:00,33.9,44,3.5,285,0.0,530.0,23.03,72.58
2024-10-29 12:00:00,35.2,38,5.2,297,0.0,820.0,23.03,72.58
2024-10-29 13:00:00,36.3,32,8.5,312,0.0,1470.0,23.03,72.58
2024-10-29 14:00:00,36.8,28,10.4,318,0.0,2810.0,23.03,72.58
2024-10-29 15:00:00,36.7,26,10.3,317,0.0,2725.0,23.03,72.58
2024-10-29 16:00:00,35.7,29,10.3,286,0.0,650.0,23.03,72.58
2024-10-29 17:00:00,33.6,31,12.7,281,0.0,275.0,23.03,72.58
2024-10-29 18:00:00,31.9,29,9.9,314,0.0,235.0,23.03,72.58
2024-10-29 19:00:00,29.2,35,10.5,6,0.0,85.0,23.03,72.58
2024-10-29 20:00:00,27.7,44,9.3,58,0.0,40.0,23.03,72.58
2024-10-29 21:00:00,30.1,39,4.8,121,0.0,15.0,23.03,72.58
2024-10-29 22:00:00,29.7,43,4.2,121,0.0,15.0,23.03,72.58
2024-10-29 23:00:00,25.1,63,7.2,63,0.0,25.0,23.03,72.58
2024-10-30 00:00:00,27.2,54,1.8,354,0.0,10.0,23.03,72.58
2024-10-30 01:00:00,26.1,55,2.9,300,0.0,15.0,23.03,72.58
2024-10-30 02:00:00,25.2,58,0.4,333,0.0,10.0,23.03,72.58
2024-10-30 03:00:00,23.6,66,3.6,6,0.0,15.0,23.03,72.58
2024-10-30 04:00:00,22.5,66,5.7,351,0.0,35.0,23.03,72.58
2024-10-30 05:00:00,22.1,69,4.9,66,0.0,30.0,23.03,72.58
2024-10-30 06:00:00,22.1,66,6.0,33,0.0,40.0,23.03,72.58
2024-10-30 07:00:00,23.2,64,6.7,36,0.0,45.0,23.03,72.58
2024-10-30 08:00:00,26.1,58,4.5,23,0.0,75.0,23.03,72.58
2024-10-30 09:00:00,29.4,48,4.3,28,0.0,210.0,23.03,72.58
2024-10-30 10:00:00,32.1,39,6.2,26,0.0,390.0,23.03,72.58
2024-10-30 11:00:00,34.0,34,6.6,17,0.0,640.0,23.03,72.58
2024-10-30 12:00:00,35.4,29,6.7,6,0.0,1215.0,23.03,72.58
2024-10-30 13:00:00,36.2,26,5.8,351,0.0,2450.0,23.03,72.58
2024-10-30 14:00:00,36.3,26,5.0,341,0.0,2460.0,23.03,72.58
2024-10-30 15:00:00,36.3,26,4.7,328,0.0,2500.0,23.03,72.58
2024-10-30 16:00:00,35.7,29,4.9,309,0.0,2510.0,23.03,72.58
2024-10-30 17:00:00,32.2,46,6.4,295,0.0,115.0,23.03,72.58
2024-10-30 18:00:00,31.2,45,4.5,16,0.0,30.0,23.03,72.58
2024-10-30 19:00:00,30.5,45,3.5,24,0.0,15.0,23.03,72.58
2024-10-30 20:00:00,30.1,44,0.6,342,0.0,10.0,23.03,72.58
2024-10-30 21:00:00,30.6,41,1.5,330,0.0,10.0,23.03,72.58
2024-10-30 22:00:00,31.1,39,0.5,45,0.0,10.0,23.03,72.58
2024-10-30 23:00:00,26.6,50,5.9,38,0.0,20.0,23.03,72.58
2024-10-31 00:00:00,25.9,52,9.4,20,0.0,25.0,23.03,72.58
2024-10-31 01:00:00,24.8,54,9.3,342,0.0,45.0,23.03,72.58
2024-10-31 02:00:00,23.8,56,8.5,353,0.0,65.0,23.03,72.58
2024-10-31 03:00:00,23.6,55,10.0,346,0.0,60.0,23.03,72.58
2024-10-31 04:00:00,22.3,60,7.6,72,0.0,65.0,23.03,72.58
2024-10-31 05:00:00,22.1,62,6.8,73,0.0,70.0,23.03,72.58
2024-10-31 06:00:00,22.7,64,8.8,57,0.0,90.0,23.03,72.58
2024-10-31 07:00:00,23.6,63,9.4,40,0.0,80.0,23.03,72.58
2024-10-31 08:00:00,26.4,59,8.4,42,0.0,115.0,23.03,72.58
2024-10-31 09:00:00,29.5,50,7.1,56,0.0,180.0,23.03,72.58
2024-10-31 10:00:00,32.2,42,7.4,72,0.0,375.0,23.03,72.58
2024-10-31 11:00:00,34.0,37,7.8,71,0.0,810.0,23.03,72.58
2024-10-31 12:00:00,35.1,33,8.0,63,0.0,2215.0,23.03,72.58
2024-10-31 13:00:00,35.8,30,7.9,60,0.0,2315.0,23.03,72.58
2024-10-31 14:00:00,35.9,29,7.3,57,0.0,2380.0,23.03,72.58
2024-10-31 15:00:00,35.8,29,7.6,47,0.0,2375.0,23.03,72.58
2024-10-31 16:00:00,35.0,30,8.7,38,0.0,2250.0,23.03,72.58
2024-10-31 17:00:00,32.6,37,6.9,39,0.0,175.0,23.03,72.58
2024-10-31 18:00:00,29.4,43,10.4,36,0.0,55.0,23.03,72.58
2024-10-31 19:00:00,32.8,29,3.4,47,0.0,15.0,23.03,72.58
2024-10-31 20:00:00,31.0,34,1.9,248,0.0,10.0,23.03,72.58
2024-10-31 21:00:00,27.0,48,7.2,283,0.0,25.0,23.03,72.58
2024-10-31 22:00:00,27.2,46,5.0,345,0.0,15.0,23.03,72.58
2024-10-31 23:00:00,25.3,50,6.2,7,0.0,35.0,23.03,72.58
2024-11-01 00:00:00,24.3,51,7.3,349,0.0,45.0,23.03,72.58
2024-11-01 01:00:00,24.9,48,11.1,335,0.0,55.0,23.03,72.58
2024-11-01 02:00:00,23.9,50,8.7,14,0.0,80.0,23.03,72.58
2024-11-01 03:00:00,22.5,56,6.9,60,0.0,65.0,23.03,72.58
2024-11-01 04:00:00,22.1,60,7.6,36,0.0,70.0,23.03,72.58
2024-11-01 05:00:00,21.8,64,7.5,33,0.0,55.0,23.03,72.58
2024-11-01 06:00:00,22.3,67,9.1,32,0.0,70.0,23.03,72.58
2024-11-01 07:00:00,23.2,65,10.5,25,0.0,75.0,23.03,72.58
2024-11-01 08:00:00,26.3,58,9.5,22,0.0,100.0,23.03,72.58
2024-11-01 09:00:00,30.0,50,7.5,21,0.0,220.0,23.03,72.58
2024-11-01 10:00:00,32.9,38,9.4,24,0.0,580.0,23.03,72.58
2024-11-01 11:00:00,34.3,32,9.3,24,0.0,1050.0,23.03,72.58
2024-11-01 12:00:00,35.3,27,7.6,22,0.0,2205.0,23.03,72.58
2024-11-01 13:00:00,35.7,25,4.4,35,0.0,2360.0,23.03,72.58
2024-11-01 14:00:00,35.8,24,2.7,42,0.0,2280.0,23.03,72.58
2024-11-01 15:00:00,35.7,24,1.4,50,0.0,2240.0,23.03,72.58
2024-11-01 16:00:00,35.4,25,0.7,90,0.0,2220.0,23.03,72.58
2024-11-01 17:00:00,34.0,29,1.9,139,0.0,15.0,23.03,72.58
2024-11-01 18:00:00,32.8,32,2.7,37,0.0,20.0,23.03,72.58
2024-11-01 19:00:00,27.5,47,8.9,69,0.0,50.0,23.03,72.58
2024-11-01 20:00:00,29.5,38,6.3,127,0.0,20.0,23.03,72.58
2024-11-01 21:00:00,25.8,50,7.4,122,0.0,35.0,23.03,72.58
2024-11-01 22:00:00,24.7,56,10.1,158,0.0,30.0,23.03,72.58
2024-11-01 23:00:00,25.1,55,6.6,254,0.0,25.0,23.03,72.58
2024-11-02 00:00:00,23.7,57,5.2,346,0.0,35.0,23.03,72.58
2024-11-02 01:00:00,22.2,60,9.1,339,0.0,35.0,23.03,72.58
2024-11-02 02:00:00,21.8,58,9.4,340,0.0,25.0,23.03,72.58
2024-11-02 03:00:00,21.3,59,6.1,24,0.0,20.0,23.03,72.58
2024-11-02 04:00:00,20.7,60,7.2,6,0.0,25.0,23.03,72.58
2024-11-02 05:00:00,20.2,64,6.6,41,0.0,20.0,23.03,72.58
2024-11-02 06:00:00,20.0,70,5.9,88,0.0,35.0,23.03,72.58
2024-11-02 07:00:00,21.0,69,6.9,95,0.0,40.0,23.03,72.58
2024-11-02 08:00:00,23.8,61,1.7,103,0.0,65.0,23.03,72.58
2024-11-02 09:00:00,27.3,52,0.4,207,0.0,125.0,23.03,72.58
2024-11-02 10:00:00,30.4,43,1.4,220,0.0,275.0,23.03,72.58
2024-11-02 11:00:00,32.3,36,2.5,240,0.0,525.0,23.03,72.58
2024-11-02 12:00:00,33.6,31,4.2,252,0.0,1170.0,23.03,72.58
2024-11-02 13:00:00,34.5,26,4.1,257,0.0,2060.0,23.03,72.58
2024-11-02 14:00:00,34.8,24,3.6,250,0.0,2120.0,23.03,72.58
2024-11-02 15:00:00,34.7,24,4.1,232,0.0,2085.0,23.03,72.58
2024-11-02 16:00:00,34.1,25,5.0,226,0.0,2050.0,23.03,72.58
2024-11-02 17:00:00,30.8,43,7.0,228,0.0,90.0,23.03,72.58
2024-11-02 18:00:00,29.0,35,7.5,207,0.0,75.0,23.03,72.58
2024-11-02 19:00:00,27.0,42,8.9,204,0.0,25.0,23.03,72.58
2024-11-02 20:00:00,27.5,40,6.2,201,0.0,15.0,23.03,72.58
2024-11-02 21:00:00,28.8,36,3.0,256,0.0,10.0,23.03,72.58
2024-11-02 22:00:00,27.6,38,5.1,309,0.0,15.0,23.03,72.58
2024-11-02 23:00:00,28.5,34,4.9,306,0.0,15.0,23.03,72.58
2024-11-03 00:00:00,26.4,40,4.0,321,0.0,15.0,23.03,72.58
2024-11-03 01:00:00,22.8,51,6.4,335,0.0,35.0,23.03,72.58
2024-11-03 02:00:00,22.0,53,6.7,8,0.0,40.0,23.03,72.58
2024-11-03 03:00:00,22.0,52,8.7,18,0.0,50.0,23.03,72.58
2024-11-03 04:00:00,21.8,52,7.4,26,0.0,45.0,23.03,72.58
2024-11-03 05:00:00,20.3,61,9.6,78,0.0,55.0,23.03,72.58
2024-11-03 06:00:00,20.6,65,6.4,72,0.0,60.0,23.03,72.58
2024-11-03 07:00:00,21.6,65,6.9,60,0.0,55.0,23.03,72.58
2024-11-03 08:00:00,24.6,59,5.4,53,0.0,75.0,23.03,72.58
2024-11-03 09:00:00,28.1,50,5.9,67,0.0,170.0,23.03,72.58
2024-11-03 10:00:00,31.1,42,7.5,70,0.0,325.0,23.03,72.58
2024-11-03 11:00:00,33.1,35,7.9,70,0.0,825.0,23.03,72.58
2024-11-03 12:00:00,34.3,30,7.9,66,0.0,2150.0,23.03,72.58
2024-11-03 13:00:00,34.9,28,6.8,78,0.0,2345.0,23.03,72.58
2024-11-03 14:00:00,35.0,28,6.0,99,0.0,2365.0,23.03,72.58
2024-11-03 15:00:00,34.8,28,5.5,107,0.0,2365.0,23.03,72.58
2024-11-03 16:00:00,34.2,30,4.8,112,0.0,2360.0,23.03,72.58
2024-11-03 17:00:00,32.5,44,3.5,105,0.0,30.0,23.03,72.58
2024-11-03 18:00:00,29.5,49,6.5,188,0.0,35.0,23.03,72.58
2024-11-03 19:00:00,29.8,45,4.4,215,0.0,25.0,23.03,72.58
2024-11-03 20:00:00,27.4,54,5.1,312,0.0,25.0,23.03,72.58
2024-11-03 21:00:00,26.2,56,8.1,305,0.0,30.0,23.03,72.58
2024-11-03 22:00:00,25.2,59,8.5,305,0.0,25.0,23.03,72.58
2024-11-03 23:00:00,25.9,55,5.8,334,0.0,15.0,23.03,72.58
2024-11-04 00:00:00,24.5,56,8.0,9,0.0,55.0,23.03,72.58
2024-11-04 01:00:00,24.2,54,7.2,1,0.0,50.0,23.03,72.58
2024-11-04 02:00:00,23.3,56,7.0,35,0.0,40.0,23.03,72.58
2024-11-04 03:00:00,23.3,54,10.5,57,0.0,95.0,23.03,72.58
2024-11-04 04:00:00,22.4,58,6.8,35,0.0,80.0,23.03,72.58
2024-11-04 05:00:00,21.9,59,7.0,40,0.0,85.0,23.03,72.58
2024-11-04 06:00:00,21.8,65,8.4,34,0.0,70.0,23.03,72.58
2024-11-04 07:00:00,22.3,65,8.5,44,0.0,65.0,23.03,72.58
2024-11-04 08:00:00,24.9,59,7.2,53,0.0,95.0,23.03,72.58
2024-11-04 09:00:00,28.2,49,5.5,67,0.0,175.0,23.03,72.58
2024-11-04 10:00:00,31.0,42,6.3,70,0.0,345.0,23.03,72.58
2024-11-04 11:00:00,33.0,37,6.7,70,0.0,835.0,23.03,72.58
2024-11-04 12:00:00,34.3,31,6.9,73,0.0,2150.0,23.03,72.58
2024-11-04 13:00:00,34.9,29,7.3,73,0.0,2310.0,23.03,72.58
2024-11-04 14:00:00,34.9,29,8.3,70,0.0,2350.0,23.03,72.58
2024-11-04 15:00:00,34.6,29,8.9,65,0.0,2305.0,23.03,72.58
2024-11-04 16:00:00,33.9,30,8.8,62,0.0,2030.0,23.03,72.58
2024-11-04 17:00:00,31.1,43,5.9,67,0.0,110.0,23.03,72.58
2024-11-04 18:00:00,28.7,46,9.0,64,0.0,55.0,23.03,72.58
2024-11-04 19:00:00,28.8,45,7.3,70,0.0,25.0,23.03,72.58
2024-11-04 20:00:00,30.1,38,5.8,112,0.0,20.0,23.03,72.58
2024-11-04 21:00:00,29.0,41,1.9,241,0.0,10.0,23.03,72.58
2024-11-04 22:00:00,25.6,58,6.4,260,0.0,40.0,23.03,72.58
2024-11-04 23:00:00,25.0,62,8.6,247,0.0,20.0,23.03,72.58
2024-11-05 00:00:00,23.6,65,5.1,27,0.0,25.0,23.03,72.58
2024-11-05 01:00:00,23.8,58,7.4,22,0.0,45.0,23.03,72.58
2024-11-05 02:00:00,22.9,60,6.7,346,0.0,40.0,23.03,72.58
2024-11-05 03:00:00,22.4,62,7.7,1,0.0,35.0,23.03,72.58
2024-11-05 04:00:00,22.5,62,7.9,41,0.0,45.0,23.03,72.58
2024-11-05 05:00:00,21.8,66,9.7,79,0.0,95.0,23.03,72.58
2024-11-05 06:00:00,22.2,68,8.8,75,0.0,90.0,23.03,72.58
2024-11-05 07:00:00,22.8,66,8.8,71,0.0,85.0,23.03,72.58
2024-11-05 08:00:00,25.3,59,8.7,72,0.0,175.0,23.03,72.58
2024-11-05 09:00:00,27.9,50,9.4,72,0.0,245.0,23.03,72.58
2024-11-05 10:00:00,30.5,44,9.9,74,0.0,340.0,23.03,72.58
2024-11-05 11:00:00,32.5,39,9.1,80,0.0,510.0,23.03,72.58
2024-11-05 12:00:00,33.8,35,8.1,84,0.0,1225.0,23.03,72.58
2024-11-05 13:00:00,34.6,30,8.6,79,0.0,1865.0,23.03,72.58
2024-11-05 14:00:00,35.0,28,10.0,67,0.0,1970.0,23.03,72.58
2024-11-05 15:00:00,34.7,27,12.0,54,0.0,1890.0,23.03,72.58
2024-11-05 16:00:00,33.7,30,11.1,48,0.0,1575.0,23.03,72.58
2024-11-05 17:00:00,30.8,43,6.7,46,0.0,140.0,23.03,72.58
2024-11-05 18:00:00,29.0,44,8.1,32,0.0,35.0,23.03,72.58
2024-11-05 19:00:00,30.1,39,5.3,350,0.0,20.0,23.03,72.58
2024-11-05 20:00:00,30.5,37,4.7,358,0.0,20.0,23.03,72.58
2024-11-05 21:00:00,25.9,50,6.9,49,0.0,45.0,23.03,72.58
2024-11-05 22:00:00,24.8,54,7.3,40,0.0,40.0,23.03,72.58
2024-11-05 23:00:00,24.3,55,7.5,21,0.0,45.0,23.03,72.58
2024-11-06 00:00:00,23.9,55,8.1,28,0.0,55.0,23.03,72.58
2024-11-06 01:00:00,23.7,55,8.6,39,0.0,75.0,23.03,72.58
2024-11-06 02:00:00,23.5,55,9.2,57,0.0,95.0,23.03,72.58
2024-11-06 03:00:00,23.0,57,9.2,62,0.0,95.0,23.03,72.58
2024-11-06 04:00:00,22.4,59,8.7,66,0.0,95.0,23.03,72.58
2024-11-06 05:00:00,22.0,60,8.5,72,0.0,90.0,23.03,72.58
2024-11-06 06:00:00,22.1,61,9.0,74,0.0,95.0,23.03,72.58
2024-11-06 07:00:00,22.6,62,10.0,83,0.0,105.0,23.03,72.58
2024-11-06 08:00:00,25.0,57,9.2,88,0.0,165.0,23.03,72.58
2024-11-06 09:00:00,27.7,50,9.2,91,0.0,250.0,23.03,72.58
2024-11-06 10:00:00,30.2,44,9.0,96,0.0,350.0,23.03,72.58
2024-11-06 11:00:00,32.1,39,8.5,103,0.0,560.0,23.03,72.58
2024-11-06 12:00:00,33.4,35,7.5,101,0.0,985.0,23.03,72.58
2024-11-06 13:00:00,34.1,33,6.4,79,0.0,1495.0,23.03,72.58
2024-11-06 14:00:00,34.5,31,7.3,50,0.0,1870.0,23.03,72.58
2024-11-06 15:00:00,34.4,30,9.8,41,0.0,1930.0,23.03,72.58
2024-11-06 16:00:00,33.6,32,11.3,44,0.0,1625.0,23.03,72.58
2024-11-06 17:00:00,31.2,40,7.8,58,0.0,195.0,23.03,72.58
2024-11-06 18:00:00,28.6,47,7.5,66,0.0,65.0,23.03,72.58
2024-11-06 19:00:00,27.9,52,9.2,43,0.0,35.0,23.03,72.58
2024-11-06 20:00:00,27.8,51,8.0,27,0.0,25.0,23.03,72.58
2024-11-06 21:00:00,26.5,53,7.2,346,0.0,35.0,23.03,72.58
2024-11-06 22:00:00,26.4,53,9.0,327,0.0,50.0,23.03,72.58
2024-11-06 23:00:00,25.0,57,6.7,6,0.0,55.0,23.03,72.58
2024-11-07 00:00:00,23.7,63,7.3,42,0.0,50.0,23.03,72.58
2024-11-07 01:00:00,23.1,65,6.9,25,0.0,40.0,23.03,72.58
2024-11-07 02:00:00,23.2,64,7.0,21,0.0,45.0,23.03,72.58
2024-11-07 03:00:00,22.9,64,7.8,32,0.0,60.0,23.03,72.58
2024-11-07 04:00:00,22.4,66,8.7,63,0.0,90.0,23.03,72.58
2024-11-07 05:00:00,21.9,68,7.7,79,0.0,95.0,23.03,72.58
2024-11-07 06:00:00,22.0,69,9.0,70,0.0,105.0,23.03,72.58
2024-11-07 07:00:00,22.6,68,9.7,80,0.0,115.0,23.03,72.58
2024-11-07 08:00:00,25.0,62,7.7,81,0.0,160.0,23.03,72.58
2024-11-07 09:00:00,27.6,55,5.6,86,0.0,245.0,23.03,72.58
2024-11-07 10:00:00,30.1,47,5.5,101,0.0,375.0,23.03,72.58
2024-11-07 11:00:00,32.0,42,5.1,117,0.0,605.0,23.03,72.58
2024-11-07 12:00:00,33.2,38,4.3,123,0.0,1035.0,23.03,72.58
2024-11-07 13:00:00,33.9,36,3.3,96,0.0,1530.0,23.03,72.58
2024-11-07 14:00:00,34.3,33,3.7,55,0.0,1825.0,23.03,72.58
2024-11-07 15:00:00,34.4,32,5.4,40,0.0,1870.0,23.03,72.58
2024-11-07 16:00:00,33.8,33,7.7,39,0.0,1785.0,23.03,72.58
2024-11-07 17:00:00,31.2,43,6.5,58,0.0,160.0,23.03,72.58
2024-11-07 18:00:00,28.5,51,8.2,76,0.0,70.0,23.03,72.58
2024-11-07 19:00:00,28.2,52,7.0,108,0.0,25.0,23.03,72.58
2024-11-07 20:00:00,26.7,58,3.3,229,0.0,15.0,23.03,72.58
2024-11-07 21:00:00,25.0,68,7.1,240,0.0,20.0,23.03,72.58
2024-11-07 22:00:00,26.6,59,4.6,216,0.0,15.0,23.03,72.58
2024-11-07 23:00:00,25.1,66,6.7,246,0.0,20.0,23.03,72.58
2024-11-08 00:00:00,24.1,68,6.5,23,0.0,40.0,23.03,72.58
2024-11-08 01:00:00,22.9,70,8.1,58,0.0,40.0,23.03,72.58
2024-11-08 02:00:00,22.3,72,5.5,9,0.0,30.0,23.03,72.58
2024-11-08 03:00:00,22.0,71,6.1,358,0.0,35.0,23.03,72.58
2024-11-08 04:00:00,21.9,69,6.7,6,0.0,40.0,23.03,72.58
2024-11-08 05:00:00,21.7,67,7.2,22,0.0,55.0,23.03,72.58
2024-11-08 06:00:00,21.8,67,9.8,47,0.0,75.0,23.03,72.58
2024-11-08 07:00:00,22.0,66,9.3,58,0.0,90.0,23.03,72.58
2024-11-08 08:00:00,24.2,62,7.2,55,0.0,105.0,23.03,72.58
2024-11-08 09:00:00,27.2,56,6.0,57,0.0,155.0,23.03,72.58
2024-11-08 10:00:00,30.0,50,6.2,64,0.0,280.0,23.03,72.58
2024-11-08 11:00:00,32.0,43,5.1,51,0.0,645.0,23.03,72.58
2024-11-08 12:00:00,33.2,38,5.6,29,0.0,1090.0,23.03,72.58
2024-11-08 13:00:00,34.0,35,6.4,29,0.0,1400.0,23.03,72.58
2024-11-08 14:00:00,34.3,33,5.9,38,0.0,2005.0,23.03,72.58
2024-11-08 15:00:00,34.3,32,6.0,49,0.0,2035.0,23.03,72.58
2024-11-08 16:00:00,33.7,33,7.3,52,0.0,1890.0,23.03,72.58
2024-11-08 17:00:00,30.9,44,5.8,54,0.0,110.0,23.03,72.58
2024-11-08 18:00:00,29.1,46,7.8,9,0.0,70.0,23.03,72.58
2024-11-08 19:00:00,28.3,47,9.9,15,0.0,40.0,23.03,72.58
2024-11-08 20:00:00,27.5,49,7.6,7,0.0,25.0,23.03,72.58
2024-11-08 21:00:00,26.0,56,7.8,338,0.0,25.0,23.03,72.58
2024-11-08 22:00:00,27.2,51,5.1,321,0.0,15.0,23.03,72.58
2024-11-08 23:00:00,24.0,64,7.8,5,0.0,35.0,23.03,72.58
2024-11-09 00:00:00,23.9,59,8.7,354,0.0,40.0,23.03,72.58
2024-11-09 01:00:00,24.0,53,9.1,333,0.0,50.0,23.03,72.58
2024-11-09 02:00:00,23.7,51,8.7,5,0.0,75.0,23.03,72.58
2024-11-09 03:00:00,23.0,55,9.4,43,0.0,90.0,23.03,72.58
2024-11-09 04:00:00,22.3,60,7.2,39,0.0,80.0,23.03,72.58
2024-11-09 05:00:00,21.7,62,7.5,55,0.0,75.0,23.03,72.58
2024-11-09 06:00:00,21.9,62,10.1,41,0.0,90.0,23.03,72.58
2024-11-09 07:00:00,22.1,64,10.6,46,0.0,90.0,23.03,72.58
2024-11-09 08:00:00,24.5,60,9.4,58,0.0,150.0,23.03,72.58
2024-11-09 09:00:00,27.0,53,5.8,51,0.0,255.0,23.03,72.58
2024-11-09 10:00:00,29.3,48,4.1,34,0.0,375.0,23.03,72.58
2024-11-09 11:00:00,31.2,43,3.8,31,0.0,555.0,23.03,72.58
2024-11-09 12:00:00,32.6,40,4.4,30,0.0,805.0,23.03,72.58
2024-11-09 13:00:00,33.6,37,5.0,41,0.0,1670.0,23.03,72.58
2024-11-09 14:00:00,34.2,33,5.8,54,0.0,2405.0,23.03,72.58
2024-11-09 15:00:00,34.2,32,6.9,43,0.0,2380.0,23.03,72.58
2024-11-09 16:00:00,33.5,32,8.5,29,0.0,2345.0,23.03,72.58
2024-11-09 17:00:00,31.2,40,6.5,8,0.0,140.0,23.03,72.58
2024-11-09 18:00:00,28.8,43,8.5,356,0.0,75.0,23.03,72.58
2024-11-09 19:00:00,29.4,38,8.7,343,0.0,40.0,23.03,72.58
2024-11-09 20:00:00,31.1,32,5.2,56,0.0,15.0,23.03,72.58
2024-11-09 21:00:00,26.8,46,8.2,52,0.0,35.0,23.03,72.58
2024-11-09 22:00:00,24.6,54,9.6,21,0.0,40.0,23.03,72.58
2024-11-09 23:00:00,24.3,55,7.1,330,0.0,35.0,23.03,72.58
2024-11-10 00:00:00,23.1,60,7.1,351,0.0,40.0,23.03,72.58
2024-11-10 01:00:00,22.9,61,7.4,6,0.0,55.0,23.03,72.58
2024-11-10 02:00:00,22.5,63,7.3,30,0.0,60.0,23.03,72.58
2024-11-10 03:00:00,21.5,67,6.1,62,0.0,70.0,23.03,72.58
2024-11-10 04:00:00,21.4,65,7.2,62,0.0,90.0,23.03,72.58
2024-11-10 05:00:00,21.9,59,9.5,57,0.0,100.0,23.03,72.58
2024-11-10 06:00:00,21.5,65,8.7,42,0.0,85.0,23.03,72.58
2024-11-10 07:00:00,22.2,62,9.1,54,0.0,95.0,23.03,72.58
2024-11-10 08:00:00,24.6,56,8.9,65,0.0,140.0,23.03,72.58
2024-11-10 09:00:00,27.6,50,9.4,77,0.0,210.0,23.03,72.58
2024-11-10 10:00:00,30.2,44,11.2,80,0.0,335.0,23.03,72.58
2024-11-10 11:00:00,31.9,40,10.3,79,0.0,475.0,23.03,72.58
2024-11-10 12:00:00,33.2,35,8.2,80,0.0,1280.0,23.03,72.58
2024-11-10 13:00:00,34.1,30,7.4,77,0.0,2340.0,23.03,72.58
2024-11-10 14:00:00,34.3,27,8.3,60,0.0,2365.0,23.03,72.58
2024-11-10 15:00:00,34.0,28,8.7,50,0.0,2320.0,23.03,72.58
2024-11-10 16:00:00,33.2,30,8.3,41,0.0,2180.0,23.03,72.58
2024-11-10 17:00:00,30.2,42,6.6,17,0.0,125.0,23.03,72.58
2024-11-10 18:00:00,28.1,40,10.2,9,0.0,85.0,23.03,72.58
2024-11-10 19:00:00,27.1,41,12.6,351,0.0,75.0,23.03,72.58
2024-11-10 20:00:00,26.7,41,12.3,350,0.0,100.0,23.03,72.58
2024-11-10 21:00:00,25.2,45,9.5,37,0.0,60.0,23.03,72.58
2024-11-10 22:00:00,24.0,50,7.5,46,0.0,50.0,23.03,72.58
2024-11-10 23:00:00,23.1,53,5.8,346,0.0,30.0,23.03,72.58
2024-11-11 00:00:00,23.4,49,11.1,344,0.0,70.0,23.03,72.58
2024-11-11 01:00:00,22.7,51,7.6,5,0.0,60.0,23.03,72.58
2024-11-11 02:00:00,21.9,54,8.5,52,0.0,85.0,23.03,72.58
2024-11-11 03:00:00,21.7,55,9.5,46,0.0,95.0,23.03,72.58
2024-11-11 04:00:00,21.5,55,9.0,53,0.0,85.0,23.03,72.58
2024-11-11 05:00:00,21.2,55,9.6,67,0.0,100.0,23.03,72.58
2024-11-11 06:00:00,20.4,64,8.6,59,0.0,85.0,23.03,72.58
2024-11-11 07:00:00,21.3,61,10.8,69,0.0,105.0,23.03,72.58
2024-11-11 08:00:00,24.1,56,11.4,77,0.0,150.0,23.03,72.58
2024-11-11 09:00:00,26.8,50,9.0,84,0.0,210.0,23.03,72.58
2024-11-11 10:00:00,29.3,45,9.4,89,0.0,335.0,23.03,72.58
2024-11-11 11:00:00,31.2,40,8.8,99,0.0,495.0,23.03,72.58
2024-11-11 12:00:00,32.5,37,7.3,113,0.0,925.0,23.03,72.58
2024-11-11 13:00:00,33.2,32,6.5,122,0.0,2285.0,23.03,72.58
2024-11-11 14:00:00,33.5,29,6.3,108,0.0,2315.0,23.03,72.58
2024-11-11 15:00:00,33.4,28,6.0,87,0.0,2265.0,23.03,72.58
2024-11-11 16:00:00,32.7,31,6.0,63,0.0,2110.0,23.03,72.58
2024-11-11 17:00:00,29.5,48,6.5,44,0.0,90.0,23.03,72.58
2024-11-11 18:00:00,27.9,51,6.5,13,0.0,30.0,23.03,72.58
2024-11-11 19:00:00,26.2,53,9.3,351,0.0,35.0,23.03,72.58
2024-11-11 20:00:00,29.2,37,4.7,328,0.0,15.0,23.03,72.58
2024-11-11 21:00:00,28.7,37,5.6,354,0.0,20.0,23.03,72.58
2024-11-11 22:00:00,26.7,43,5.4,334,0.0,20.0,23.03,72.58
2024-11-11 23:00:00,23.1,57,7.5,333,0.0,35.0,23.03,72.58
2024-11-12 00:00:00,22.1,60,8.5,4,0.0,30.0,23.03,72.58
2024-11-12 01:00:00,22.2,57,9.0,1,0.0,55.0,23.03,72.58
2024-11-12 02:00:00,21.7,57,7.3,350,0.0,50.0,23.03,72.58
2024-11-12 03:00:00,21.3,57,8.1,59,0.0,65.0,23.03,72.58
2024-11-12 04:00:00,20.2,65,7.8,61,0.0,55.0,23.03,72.58
2024-11-12 05:00:00,20.1,65,7.0,50,0.0,60.0,23.03,72.58
2024-11-12 06:00:00,20.1,68,7.9,60,0.0,75.0,23.03,72.58
2024-11-12 07:00:00,20.8,66,9.1,63,0.0,75.0,23.03,72.58
2024-11-12 08:00:00,23.6,59,10.0,67,0.0,145.0,23.03,72.58
2024-11-12 09:00:00,26.5,51,9.9,69,0.0,230.0,23.03,72.58
2024-11-12 10:00:00,29.1,45,11.6,71,0.0,360.0,23.03,72.58
2024-11-12 11:00:00,30.8,42,10.2,81,0.0,500.0,23.03,72.58
2024-11-12 12:00:00,32.2,39,9.0,93,0.0,835.0,23.03,72.58
2024-11-12 13:00:00,33.1,34,7.7,108,0.0,2405.0,23.03,72.58
2024-11-12 14:00:00,33.4,30,7.8,97,0.0,2410.0,23.03,72.58
2024-11-12 15:00:00,33.1,31,8.1,87,0.0,2385.0,23.03,72.58
2024-11-12 16:00:00,32.4,33,6.5,85,0.0,2250.0,23.03,72.58
2024-11-12 17:00:00,31.2,40,3.3,131,0.0,20.0,23.03,72.58
2024-11-12 18:00:00,31.9,30,0.9,217,0.0,75.0,23.03,72.58
2024-11-12 19:00:00,31.1,33,6.2,255,0.0,90.0,23.03,72.58
2024-11-12 20:00:00,30.0,38,4.6,315,0.0,110.0,23.03,72.58
2024-11-12 21:00:00,28.9,41,5.4,323,0.0,90.0,23.03,72.58
2024-11-12 22:00:00,28.4,42,6.8,333,0.0,95.0,23.03,72.58
2024-11-12 23:00:00,27.8,42,8.1,356,0.0,125.0,23.03,72.58
2024-11-13 00:00:00,27.7,40,9.8,346,0.0,125.0,23.03,72.58
2024-11-13 01:00:00,26.1,44,7.3,81,0.0,100.0,23.03,72.58
2024-11-13 02:00:00,24.5,51,7.1,63,0.0,135.0,23.03,72.58
2024-11-13 03:00:00,24.2,53,7.9,55,0.0,105.0,23.03,72.58
2024-11-13 04:00:00,23.7,53,8.3,60,0.0,110.0,23.03,72.58
2024-11-13 05:00:00,23.3,52,8.4,65,0.0,110.0,23.03,72.58
2024-11-13 06:00:00,22.6,55,9.4,64,0.0,115.0,23.03,72.58
2024-11-13 07:00:00,22.6,54,9.8,70,0.0,120.0,23.03,72.58
2024-11-13 08:00:00,23.9,51,7.3,73,0.0,145.0,23.03,72.58
2024-11-13 09:00:00,26.6,45,6.6,73,0.0,210.0,23.03,72.58
2024-11-13 10:00:00,29.3,40,7.0,86,0.0,365.0,23.03,72.58
2024-11-13 11:00:00,31.3,37,6.7,99,0.0,1090.0,23.03,72.58
2024-11-13 12:00:00,32.5,32,7.5,114,0.0,2195.0,23.03,72.58
2024-11-13 13:00:00,33.1,28,8.9,115,0.0,2220.0,23.03,72.58
2024-11-13 14:00:00,33.1,28,9.8,114,0.0,2205.0,23.03,72.58
2024-11-13 15:00:00,32.8,29,8.8,109,0.0,2065.0,23.03,72.58
2024-11-13 16:00:00,32.4,30,7.5,105,0.0,1990.0,23.03,72.58
2024-11-13 17:00:00,31.9,31,5.2,117,0.0,1900.0,23.03,72.58
2024-11-13 18:00:00,31.7,31,1.3,164,0.0,35.0,23.03,72.58
2024-11-13 19:00:00,30.8,32,3.7,281,0.0,50.0,23.03,72.58
2024-11-13 20:00:00,29.7,35,3.4,295,0.0,55.0,23.03,72.58
2024-11-13 21:00:00,29.0,38,2.0,207,0.0,50.0,23.03,72.58
2024-11-13 22:00:00,28.1,41,4.7,23,0.0,65.0,23.03,72.58
2024-11-13 23:00:00,27.0,45,5.1,54,0.0,70.0,23.03,72.58
2024-11-14 00:00:00,26.0,50,7.7,39,0.0,85.0,23.03,72.58
2024-11-14 01:00:00,25.8,50,6.4,18,0.0,70.0,23.03,72.58
2024-11-14 02:00:00,24.3,55,7.5,69,0.0,95.0,23.03,72.58
2024-11-14 03:00:00,23.7,55,7.1,69,0.0,90.0,23.03,72.58
2024-11-14 04:00:00,23.3,56,7.8,83,0.0,90.0,23.03,72.58
2024-11-14 05:00:00,23.0,57,7.7,62,0.0,80.0,23.03,72.58
2024-11-14 06:00:00,21.9,63,8.9,66,0.0,100.0,23.03,72.58
2024-11-14 07:00:00,21.8,63,9.3,72,0.0,115.0,23.03,72.58
2024-11-14 08:00:00,23.4,58,6.9,75,0.0,145.0,23.03,72.58
2024-11-14 09:00:00,26.2,49,6.5,82,0.0,295.0,23.03,72.58
2024-11-14 10:00:00,28.7,41,7.9,89,0.0,470.0,23.03,72.58
2024-11-14 11:00:00,30.7,36,8.0,96,0.0,1010.0,23.03,72.58
2024-11-14 12:00:00,32.2,28,10.0,111,0.0,2010.0,23.03,72.58
2024-11-14 13:00:00,32.9,24,10.0,107,0.0,2055.0,23.03,72.58
2024-11-14 14:00:00,33.0,23,9.9,102,0.0,2035.0,23.03,72.58
2024-11-14 15:00:00,32.9,23,9.0,96,0.0,2000.0,23.03,72.58
2024-11-14 16:00:00,32.5,24,8.7,95,0.0,1875.0,23.03,72.58
2024-11-14 17:00:00,31.7,25,6.7,95,0.0,1700.0,23.03,72.58
2024-11-14 18:00:00,31.3,28,2.4,138,0.0,60.0,23.03,72.58
2024-11-14 19:00:00,30.4,30,2.7,318,0.0,50.0,23.03,72.58
2024-11-14 20:00:00,29.4,32,1.5,249,0.0,20.0,23.03,72.58
2024-11-14 21:00:00,28.8,34,3.4,196,0.0,40.0,23.03,72.58
2024-11-14 22:00:00,27.6,37,2.7,8,0.0,45.0,23.03,72.58
2024-11-14 23:00:00,26.5,41,7.6,355,0.0,65.0,23.03,72.58
2024-11-15 00:00:00,25.8,42,7.0,44,0.0,65.0,23.03,72.58
2024-11-15 01:00:00,24.9,44,7.5,20,0.0,70.0,23.03,72.58
2024-11-15 02:00:00,23.6,48,8.3,70,0.0,110.0,23.03,72.58
2024-11-15 03:00:00,22.7,51,7.8,48,0.0,95.0,23.03,72.58
2024-11-15 04:00:00,22.0,54,7.0,61,0.0,85.0,23.03,72.58
2024-11-15 05:00:00,21.5,56,6.7,63,0.0,85.0,23.03,72.58
2024-11-15 06:00:00,20.9,61,7.8,64,0.0,80.0,23.03,72.58
2024-11-15 07:00:00,20.8,61,8.5,73,0.0,95.0,23.03,72.58
2024-11-15 08:00:00,22.6,55,7.3,67,0.0,125.0,23.03,72.58
2024-11-15 09:00:00,25.6,47,6.3,85,0.0,225.0,23.03,72.58
2024-11-15 10:00:00,28.2,39,8.1,90,0.0,390.0,23.03,72.58
2024-11-15 11:00:00,30.1,35,7.2,89,0.0,615.0,23.03,72.58
2024-11-15 12:00:00,31.5,30,7.0,91,0.0,1655.0,23.03,72.58
2024-11-15 13:00:00,32.4,26,7.4,90,0.0,1830.0,23.03,72.58
2024-11-15 14:00:00,32.6,24,7.2,94,0.0,1980.0,23.03,72.58
2024-11-15 15:00:00,32.6,23,6.6,103,0.0,1995.0,23.03,72.58
2024-11-15 16:00:00,32.2,24,6.0,100,0.0,1995.0,23.03,72.58
2024-11-15 17:00:00,31.4,25,5.5,103,0.0,350.0,23.03,72.58
2024-11-15 18:00:00,30.2,28,0.6,214,0.0,35.0,23.03,72.58
2024-11-15 19:00:00,29.5,32,3.5,219,0.0,80.0,23.03,72.58
2024-11-15 20:00:00,29.0,35,3.7,227,0.0,75.0,23.03,72.58
2024-11-15 21:00:00,28.8,36,1.3,344,0.0,55.0,23.03,72.58
2024-11-15 22:00:00,27.7,38,5.2,346,0.0,50.0,23.03,72.58
2024-11-15 23:00:00,27.1,37,6.5,332,0.0,45.0,23.03,72.58
2024-11-16 00:00:00,26.6,37,6.6,339,0.0,45.0,23.03,72.58
2024-11-16 01:00:00,25.5,40,6.8,11,0.0,70.0,23.03,72.58
2024-11-16 02:00:00,25.2,39,7.3,7,0.0,65.0,23.03,72.58
2024-11-16 03:00:00,24.5,40,6.4,11,0.0,65.0,23.03,72.58
2024-11-16 04:00:00,22.8,45,6.9,83,0.0,105.0,23.03,72.58
2024-11-16 05:00:00,22.1,50,6.3,31,0.0,100.0,23.03,72.58
2024-11-16 06:00:00,21.8,57,6.9,53,0.0,85.0,23.03,72.58
2024-11-16 07:00:00,21.6,55,6.6,61,0.0,80.0,23.03,72.58
2024-11-16 08:00:00,23.1,49,5.6,90,0.0,100.0,23.03,72.58
2024-11-16 09:00:00,25.9,41,3.8,95,0.0,165.0,23.03,72.58
2024-11-16 10:00:00,28.5,35,4.7,90,0.0,330.0,23.03,72.58
2024-11-16 11:00:00,30.6,30,4.0,72,0.0,1830.0,23.03,72.58
2024-11-16 12:00:00,32.0,24,5.6,57,0.0,2025.0,23.03,72.58
2024-11-16 13:00:00,32.4,22,6.6,55,0.0,2085.0,23.03,72.58
2024-11-16 14:00:00,32.6,22,7.1,56,0.0,2115.0,23.03,72.58
2024-11-16 15:00:00,32.4,22,7.1,56,0.0,2065.0,23.03,72.58
2024-11-16 16:00:00,31.9,23,7.3,52,0.0,1910.0,23.03,72.58
2024-11-16 17:00:00,31.3,24,6.7,56,0.0,1705.0,23.03,72.58
2024-11-16 18:00:00,30.3,26,2.8,40,0.0,55.0,23.03,72.58
2024-11-16 19:00:00,29.4,30,4.6,329,0.0,110.0,23.03,72.58
2024-11-16 20:00:00,28.2,37,6.8,349,0.0,125.0,23.03,72.58
2024-11-16 21:00:00,27.3,40,7.8,355,0.0,90.0,23.03,72.58
2024-11-16 22:00:00,26.5,41,9.0,2,0.0,100.0,23.03,72.58
2024-11-16 23:00:00,26.1,42,9.5,1,0.0,95.0,23.03,72.58
2024-11-17 00:00:00,25.6,42,9.7,358,0.0,95.0,23.03,72.58
2024-11-17 01:00:00,24.9,44,9.1,14,0.0,95.0,23.03,72.58
2024-11-17 02:00:00,23.8,49,9.2,357,0.0,110.0,23.03,72.58
2024-11-17 03:00:00,22.8,52,8.5,46,0.0,115.0,23.03,72.58
2024-11-17 04:00:00,21.8,52,7.6,52,0.0,115.0,23.03,72.58
2024-11-17 05:00:00,21.8,48,8.2,52,0.0,90.0,23.03,72.58
2024-11-17 06:00:00,21.4,51,8.7,43,0.0,90.0,23.03,72.58
2024-11-17 07:00:00,21.1,51,9.2,62,0.0,110.0,23.03,72.58
2024-11-17 08:00:00,22.3,48,7.7,62,0.0,160.0,23.03,72.58
2024-11-17 09:00:00,24.8,43,6.9,59,0.0,200.0,23.03,72.58
2024-11-17 10:00:00,28.0,36,6.2,68,0.0,305.0,23.03,72.58
2024-11-17 11:00:00,30.6,30,6.9,81,0.0,760.0,23.03,72.58
2024-11-17 12:00:00,31.9,26,7.6,86,0.0,2025.0,23.03,72.58
2024-11-17 13:00:00,32.6,23,8.1,90,0.0,2050.0,23.03,72.58
2024-11-17 14:00:00,32.8,22,8.3,86,0.0,2110.0,23.03,72.58
2024-11-17 15:00:00,32.6,22,8.4,83,0.0,2105.0,23.03,72.58
2024-11-17 16:00:00,32.1,23,8.5,78,0.0,1990.0,23.03,72.58
2024-11-17 17:00:00,31.4,24,7.3,74,0.0,1690.0,23.03,72.58
2024-11-17 18:00:00,30.8,27,5.7,46,0.0,295.0,23.03,72.58
2024-11-17 19:00:00,30.9,27,3.1,350,0.0,110.0,23.03,72.58
2024-11-17 20:00:00,29.7,30,4.7,351,0.0,50.0,23.03,72.58
2024-11-17 21:00:00,28.5,33,5.5,351,0.0,80.0,23.03,72.58
2024-11-17 22:00:00,27.5,36,5.6,353,0.0,80.0,23.03,72.58
2024-11-17 23:00:00,26.5,39,5.2,4,0.0,65.0,23.03,72.58
2024-11-18 00:00:00,24.9,44,6.4,58,0.0,70.0,23.03,72.58
2024-11-18 01:00:00,23.8,45,8.3,51,0.0,85.0,23.03,72.58
2024-11-18 02:00:00,23.6,43,8.6,41,0.0,75.0,23.03,72.58
2024-11-18 03:00:00,23.5,42,7.7,31,0.0,65.0,23.03,72.58
2024-11-18 04:00:00,22.2,45,8.9,71,0.0,90.0,23.03,72.58
2024-11-18 05:00:00,21.7,45,10.1,51,0.0,95.0,23.03,72.58
2024-11-18 06:00:00,21.0,49,10.3,59,0.0,115.0,23.03,72.58
2024-11-18 07:00:00,20.9,50,10.1,63,0.0,120.0,23.03,72.58
2024-11-18 08:00:00,22.2,48,7.7,62,0.0,135.0,23.03,72.58
2024-11-18 09:00:00,24.9,42,6.8,73,0.0,210.0,23.03,72.58
2024-11-18 10:00:00,27.7,37,8.6,80,0.0,390.0,23.03,72.58
2024-11-18 11:00:00,29.6,33,8.1,84,0.0,600.0,23.03,72.58
2024-11-18 12:00:00,30.9,30,7.0,90,0.0,1700.0,23.03,72.58
2024-11-18 13:00:00,31.7,27,6.3,92,0.0,2060.0,23.03,72.58
2024-11-18 14:00:00,32.1,25,6.5,84,0.0,2185.0,23.03,72.58
2024-11-18 15:00:00,32.0,26,7.4,77,0.0,2230.0,23.03,72.58
2024-11-18 16:00:00,31.5,27,7.5,73,0.0,2155.0,23.03,72.58
2024-11-18 17:00:00,30.9,28,6.2,75,0.0,1960.0,23.03,72.58
2024-11-18 18:00:00,30.3,29,0.4,180,0.0,40.0,23.03,72.58
2024-11-18 19:00:00,29.8,31,1.8,246,0.0,40.0,23.03,72.58
2024-11-18 20:00:00,28.8,33,3.4,360,0.0,55.0,23.03,72.58
2024-11-18 21:00:00,27.6,37,6.2,350,0.0,60.0,23.03,72.58
2024-11-18 22:00:00,26.6,40,7.4,356,0.0,70.0,23.03,72.58
2024-11-18 23:00:00,25.5,43,8.9,351,0.0,80.0,23.03,72.58
2024-11-19 00:00:00,23.7,49,7.4,119,0.0,95.0,23.03,72.58
2024-11-19 01:00:00,23.5,48,8.0,52,0.0,115.0,23.03,72.58
2024-11-19 02:00:00,23.7,45,8.6,49,0.0,85.0,23.03,72.58
2024-11-19 03:00:00,23.4,44,8.7,43,0.0,85.0,23.03,72.58
2024-11-19 04:00:00,22.1,47,9.6,64,0.0,130.0,23.03,72.58
2024-11-19 05:00:00,21.6,48,9.9,61,0.0,120.0,23.03,72.58
2024-11-19 06:00:00,20.6,54,10.2,66,0.0,140.0,23.03,72.58
2024-11-19 07:00:00,20.4,55,9.8,70,0.0,145.0,23.03,72.58
2024-11-19 08:00:00,21.6,52,7.3,70,0.0,170.0,23.03,72.58
2024-11-19 09:00:00,23.9,47,7.5,73,0.0,235.0,23.03,72.58
2024-11-19 10:00:00,26.6,41,8.1,78,0.0,365.0,23.03,72.58
2024-11-19 11:00:00,28.9,36,8.0,85,0.0,610.0,23.03,72.58
2024-11-19 12:00:00,30.2,33,6.7,92,0.0,1470.0,23.03,72.58
2024-11-19 13:00:00,31.1,29,5.1,96,0.0,2150.0,23.03,72.58
2024-11-19 14:00:00,31.4,28,4.8,79,0.0,2215.0,23.03,72.58
2024-11-19 15:00:00,31.4,28,6.3,63,0.0,2270.0,23.03,72.58
2024-11-19 16:00:00,30.9,29,8.0,54,0.0,2165.0,23.03,72.58
2024-11-19 17:00:00,30.3,30,8.2,49,0.0,1850.0,23.03,72.58
2024-11-19 18:00:00,29.5,32,5.5,41,0.0,335.0,23.03,72.58
2024-11-19 19:00:00,29.2,33,2.7,323,0.0,85.0,23.03,72.58
2024-11-19 20:00:00,28.3,35,5.9,342,0.0,100.0,23.03,72.58
2024-11-19 21:00:00,26.9,40,6.9,353,0.0,105.0,23.03,72.58
2024-11-19 22:00:00,25.9,43,7.9,356,0.0,110.0,23.03,72.58
2024-11-19 23:00:00,25.1,44,8.9,352,0.0,120.0,23.03,72.58
2024-11-20 00:00:00,24.0,47,8.6,349,0.0,110.0,23.03,72.58
2024-11-20 01:00:00,23.3,49,7.6,36,0.0,95.0,23.03,72.58
2024-11-20 02:00:00,21.8,54,7.9,74,0.0,145.0,23.03,72.58
2024-11-20 03:00:00,21.7,49,10.1,57,0.0,160.0,23.03,72.58
2024-11-20 04:00:00,21.5,47,10.6,51,0.0,190.0,23.03,72.58
2024-11-20 05:00:00,21.0,48,10.8,57,0.0,180.0,23.03,72.58
2024-11-20 06:00:00,20.4,51,10.4,62,0.0,180.0,23.03,72.58
2024-11-20 07:00:00,20.3,52,10.3,71,0.0,195.0,23.03,72.58
2024-11-20 08:00:00,21.4,48,8.4,74,0.0,230.0,23.03,72.58
2024-11-20 09:00:00,23.5,43,8.4,81,0.0,285.0,23.03,72.58
2024-11-20 10:00:00,26.1,39,8.5,88,0.0,390.0,23.03,72.58
2024-11-20 11:00:00,28.2,35,8.9,96,0.0,615.0,23.03,72.58
2024-11-20 12:00:00,29.5,32,8.7,103,0.0,1140.0,23.03,72.58
2024-11-20 13:00:00,30.3,30,6.9,104,0.0,1995.0,23.03,72.58
2024-11-20 14:00:00,30.7,29,5.4,92,0.0,2055.0,23.03,72.58
2024-11-20 15:00:00,30.7,28,5.7,72,0.0,2100.0,23.03,72.58
2024-11-20 16:00:00,30.4,28,6.8,61,0.0,2045.0,23.03,72.58
2024-11-20 17:00:00,29.6,29,7.0,58,0.0,1660.0,23.03,72.58
2024-11-20 18:00:00,28.6,31,6.5,19,0.0,480.0,23.03,72.58
2024-11-20 19:00:00,28.3,32,4.5,355,0.0,130.0,23.03,72.58
2024-11-20 20:00:00,27.4,34,4.3,336,0.0,70.0,23.03,72.58
2024-11-20 21:00:00,26.7,36,4.4,351,0.0,60.0,23.03,72.58
2024-11-20 22:00:00,25.5,40,4.0,27,0.0,55.0,23.03,72.58
2024-11-20 23:00:00,24.1,46,6.2,54,0.0,70.0,23.03,72.58
2024-11-21 00:00:00,23.1,50,6.1,32,0.0,65.0,23.03,72.58
2024-11-21 01:00:00,21.9,54,7.5,33,0.0,85.0,23.03,72.58
2024-11-21 02:00:00,21.4,50,8.9,52,0.0,115.0,23.03,72.58
2024-11-21 03:00:00,20.9,43,9.7,63,0.0,155.0,23.03,72.58
2024-11-21 04:00:00,20.3,42,9.7,62,0.0,160.0,23.03,72.58
2024-11-21 05:00:00,19.7,43,10.2,59,0.0,160.0,23.03,72.58
2024-11-21 06:00:00,19.0,46,10.5,65,0.0,175.0,23.03,72.58
2024-11-21 07:00:00,18.8,47,10.3,65,0.0,175.0,23.03,72.58
2024-11-21 08:00:00,20.0,45,7.9,66,0.0,195.0,23.03,72.58
2024-11-21 09:00:00,22.2,41,7.7,69,0.0,245.0,23.03,72.58
2024-11-21 10:00:00,25.0,36,7.5,73,0.0,330.0,23.03,72.58
2024-11-21 11:00:00,27.5,31,8.0,76,0.0,625.0,23.03,72.58
2024-11-21 12:00:00,29.0,26,7.4,76,0.0,1435.0,23.03,72.58
2024-11-21 13:00:00,29.7,24,6.3,63,0.0,1585.0,23.03,72.58
2024-11-21 14:00:00,30.0,23,6.0,53,0.0,1655.0,23.03,72.58
2024-11-21 15:00:00,29.9,24,6.1,50,0.0,1650.0,23.03,72.58
2024-11-21 16:00:00,29.5,24,6.5,44,0.0,1575.0,23.03,72.58
2024-11-21 17:00:00,28.8,26,5.7,41,0.0,1485.0,23.03,72.58
2024-11-21 18:00:00,27.9,26,2.6,16,0.0,55.0,23.03,72.58
2024-11-21 19:00:00,27.2,28,2.7,293,0.0,75.0,23.03,72.58
2024-11-21 20:00:00,26.4,30,2.9,360,0.0,80.0,23.03,72.58
2024-11-21 21:00:00,25.4,33,3.5,39,0.0,70.0,23.03,72.58
2024-11-21 22:00:00,24.2,39,4.9,6,0.0,65.0,23.03,72.58
2024-11-21 23:00:00,23.5,42,4.7,9,0.0,65.0,23.03,72.58
2024-11-22 00:00:00,22.1,46,6.5,24,0.0,70.0,23.03,72.58
2024-11-22 01:00:00,21.1,46,7.9,51,0.0,85.0,23.03,72.58
2024-11-22 02:00:00,20.3,43,8.8,62,0.0,95.0,23.03,72.58
2024-11-22 03:00:00,19.4,43,8.7,66,0.0,115.0,23.03,72.58
2024-11-22 04:00:00,19.0,46,8.7,53,0.0,115.0,23.03,72.58
2024-11-22 05:00:00,18.6,49,9.4,52,0.0,120.0,23.03,72.58
2024-11-22 06:00:00,17.6,54,10.3,61,0.0,165.0,23.03,72.58
2024-11-22 07:00:00,17.6,54,10.8,60,0.0,180.0,23.03,72.58
2024-11-22 08:00:00,19.1,50,8.5,62,0.0,210.0,23.03,72.58
2024-11-22 09:00:00,21.4,45,8.2,68,0.0,260.0,23.03,72.58
2024-11-22 10:00:00,24.2,40,8.3,72,0.0,360.0,23.03,72.58
2024-11-22 11:00:00,26.6,36,8.9,76,0.0,610.0,23.03,72.58
2024-11-22 12:00:00,28.1,31,8.9,81,0.0,1195.0,23.03,72.58
2024-11-22 13:00:00,29.0,27,7.8,75,0.0,1360.0,23.03,72.58
2024-11-22 14:00:00,29.3,26,7.5,70,0.0,1420.0,23.03,72.58
2024-11-22 15:00:00,29.2,25,7.1,66,0.0,1385.0,23.03,72.58
2024-11-22 16:00:00,28.9,26,6.8,65,0.0,1345.0,23.03,72.58
2024-11-22 17:00:00,28.3,27,5.6,63,0.0,1315.0,23.03,72.58
2024-11-22 18:00:00,27.9,28,2.7,67,0.0,120.0,23.03,72.58
2024-11-22 19:00:00,27.4,29,2.3,148,0.0,60.0,23.03,72.58
2024-11-22 20:00:00,26.4,31,3.7,35,0.0,65.0,23.03,72.58
2024-11-22 21:00:00,24.9,36,5.5,17,0.0,65.0,23.03,72.58
2024-11-22 22:00:00,24.1,39,6.5,19,0.0,60.0,23.03,72.58
2024-11-22 23:00:00,23.0,41,7.0,23,0.0,70.0,23.03,72.58
2024-11-23 00:00:00,21.6,42,7.7,24,0.0,80.0,23.03,72.58
2024-11-23 01:00:00,19.9,45,7.5,73,0.0,125.0,23.03,72.58
2024-11-23 02:00:00,19.4,47,8.7,56,0.0,130.0,23.03,72.58
2024-11-23 03:00:00,19.4,47,9.0,59,0.0,125.0,23.03,72.58
2024-11-23 04:00:00,19.0,49,9.1,68,0.0,140.0,23.03,72.58
2024-11-23 05:00:00,18.6,51,9.6,73,0.0,140.0,23.03,72.58
2024-11-23 06:00:00,17.8,56,9.4,73,0.0,135.0,23.03,72.58
2024-11-23 07:00:00,17.7,58,9.5,76,0.0,130.0,23.03,72.58
2024-11-23 08:00:00,19.0,55,7.0,69,0.0,155.0,23.03,72.58
2024-11-23 09:00:00,21.5,49,6.3,75,0.0,240.0,23.03,72.58
2024-11-23 10:00:00,24.3,44,6.6,79,0.0,340.0,23.03,72.58
2024-11-23 11:00:00,26.6,39,5.9,78,0.0,455.0,23.03,72.58
2024-11-23 12:00:00,28.4,34,5.0,75,0.0,1340.0,23.03,72.58
2024-11-23 13:00:00,29.3,30,4.6,54,0.0,1520.0,23.03,72.58
2024-11-23 14:00:00,29.7,28,5.4,48,0.0,1590.0,23.03,72.58
2024-11-23 15:00:00,29.7,28,6.1,47,0.0,1555.0,23.03,72.58
2024-11-23 16:00:00,29.3,29,6.4,47,0.0,1495.0,23.03,72.58
2024-11-23 17:00:00,28.6,30,6.0,49,0.0,1360.0,23.03,72.58
2024-11-23 18:00:00,28.2,31,5.0,19,0.0,220.0,23.03,72.58
2024-11-23 19:00:00,27.5,32,4.0,342,0.0,90.0,23.03,72.58
2024-11-23 20:00:00,26.4,37,4.6,347,0.0,70.0,23.03,72.58
2024-11-23 21:00:00,25.3,42,4.6,13,0.0,60.0,23.03,72.58
2024-11-23 22:00:00,24.4,46,4.9,6,0.0,60.0,23.03,72.58
2024-11-23 23:00:00,23.0,52,5.8,7,0.0,65.0,23.03,72.58
2024-11-24 00:00:00,22.0,54,5.9,18,0.0,60.0,23.03,72.58
2024-11-24 01:00:00,21.0,53,7.8,32,0.0,75.0,23.03,72.58
2024-11-24 02:00:00,19.9,49,8.6,49,0.0,100.0,23.03,72.58
2024-11-24 03:00:00,19.4,47,8.6,36,0.0,105.0,23.03,72.58
2024-11-24 04:00:00,19.2,47,9.3,37,0.0,120.0,23.03,72.58
2024-11-24 05:00:00,18.8,50,9.4,52,0.0,135.0,23.03,72.58
2024-11-24 06:00:00,18.0,55,9.9,61,0.0,130.0,23.03,72.58
2024-11-24 07:00:00,18.0,56,10.3,65,0.0,140.0,23.03,72.58
2024-11-24 08:00:00,19.3,52,8.1,62,0.0,160.0,23.03,72.58
2024-11-24 09:00:00,21.8,46,6.4,68,0.0,210.0,23.03,72.58
2024-11-24 10:00:00,24.7,43,7.1,81,0.0,330.0,23.03,72.58
2024-11-24 11:00:00,27.0,41,6.9,85,0.0,465.0,23.03,72.58
2024-11-24 12:00:00,28.7,37,5.8,86,0.0,1415.0,23.03,72.58
2024-11-24 13:00:00,29.7,32,5.2,90,0.0,1640.0,23.03,72.58
2024-11-24 14:00:00,30.1,31,5.7,81,0.0,1690.0,23.03,72.58
2024-11-24 15:00:00,30.1,30,7.1,69,0.0,1655.0,23.03,72.58
2024-11-24 16:00:00,29.6,30,8.4,65,0.0,1545.0,23.03,72.58
2024-11-24 17:00:00,29.1,32,5.8,74,0.0,1505.0,23.03,72.58
2024-11-24 18:00:00,28.5,33,1.0,149,0.0,35.0,23.03,72.58
2024-11-24 19:00:00,28.0,34,1.8,191,0.0,35.0,23.03,72.58
2024-11-24 20:00:00,27.2,36,1.5,353,0.0,35.0,23.03,72.58
2024-11-24 21:00:00,25.8,41,6.8,335,0.0,55.0,23.03,72.58
2024-11-24 22:00:00,24.9,45,7.0,348,0.0,55.0,23.03,72.58
2024-11-24 23:00:00,23.9,50,6.3,18,0.0,70.0,23.03,72.58
2024-11-25 00:00:00,22.8,54,5.3,38,0.0,65.0,23.03,72.58
2024-11-25 01:00:00,21.4,58,7.9,73,0.0,85.0,23.03,72.58
2024-11-25 02:00:00,20.9,55,7.8,40,0.0,80.0,23.03,72.58
2024-11-25 03:00:00,20.3,54,8.4,34,0.0,95.0,23.03,72.58
2024-11-25 04:00:00,19.7,54,8.9,47,0.0,120.0,23.03,72.58
2024-11-25 05:00:00,19.3,55,9.3,49,0.0,130.0,23.03,72.58
2024-11-25 06:00:00,19.0,58,10.3,57,0.0,160.0,23.03,72.58
2024-11-25 07:00:00,19.0,57,10.9,61,0.0,170.0,23.03,72.58
2024-11-25 08:00:00,20.3,52,8.7,60,0.0,180.0,23.03,72.58
2024-11-25 09:00:00,22.6,46,7.5,66,0.0,230.0,23.03,72.58
2024-11-25 10:00:00,25.3,41,7.8,75,0.0,350.0,23.03,72.58
2024-11-25 11:00:00,27.6,36,9.1,82,0.0,645.0,23.03,72.58
2024-11-25 12:00:00,29.0,33,9.7,86,0.0,1430.0,23.03,72.58
2024-11-25 13:00:00,29.7,30,10.5,85,0.0,1635.0,23.03,72.58
2024-11-25 14:00:00,30.0,28,10.5,84,0.0,1635.0,23.03,72.58
2024-11-25 15:00:00,30.0,28,9.9,81,0.0,1670.0,23.03,72.58
2024-11-25 16:00:00,29.8,27,9.2,74,0.0,1690.0,23.03,72.58
2024-11-25 17:00:00,29.2,27,7.0,87,0.0,1505.0,23.03,72.58
2024-11-25 18:00:00,28.5,29,4.9,98,0.0,390.0,23.03,72.58
2024-11-25 19:00:00,28.1,29,7.3,79,0.0,410.0,23.03,72.58
2024-11-25 20:00:00,27.1,30,8.2,75,0.0,210.0,23.03,72.58
2024-11-25 21:00:00,26.1,31,7.7,53,0.0,100.0,23.03,72.58
2024-11-25 22:00:00,25.3,33,6.8,25,0.0,65.0,23.03,72.58
2024-11-25 23:00:00,23.8,38,7.9,45,0.0,80.0,23.03,72.58
2024-11-26 00:00:00,21.9,43,7.1,71,0.0,110.0,23.03,72.58
2024-11-26 01:00:00,21.5,43,8.9,28,0.0,85.0,23.03,72.58
2024-11-26 02:00:00,21.0,44,7.6,43,0.0,80.0,23.03,72.58
2024-11-26 03:00:00,20.4,45,7.5,50,0.0,75.0,23.03,72.58
2024-11-26 04:00:00,19.8,47,8.7,53,0.0,85.0,23.03,72.58
2024-11-26 05:00:00,19.4,48,8.9,58,0.0,90.0,23.03,72.58
2024-11-26 06:00:00,18.4,51,9.0,46,0.0,95.0,23.03,72.58
2024-11-26 07:00:00,18.2,51,9.8,44,0.0,105.0,23.03,72.58
2024-11-26 08:00:00,19.5,47,8.7,60,0.0,130.0,23.03,72.58
2024-11-26 09:00:00,22.1,41,6.2,75,0.0,190.0,23.03,72.58
2024-11-26 10:00:00,25.0,36,6.9,84,0.0,310.0,23.03,72.58
2024-11-26 11:00:00,27.5,31,8.0,80,0.0,515.0,23.03,72.58
2024-11-26 12:00:00,29.1,28,7.7,78,0.0,1135.0,23.03,72.58
2024-11-26 13:00:00,30.1,23,7.9,79,0.0,1585.0,23.03,72.58
2024-11-26 14:00:00,30.5,22,8.5,73,0.0,1655.0,23.03,72.58
2024-11-26 15:00:00,30.4,23,7.5,70,0.0,1760.0,23.03,72.58
2024-11-26 16:00:00,30.3,22,7.1,71,0.0,1865.0,23.03,72.58
2024-11-26 17:00:00,29.7,22,5.8,99,0.0,975.0,23.03,72.58
2024-11-26 18:00:00,29.3,23,4.1,103,0.0,190.0,23.03,72.58
2024-11-26 19:00:00,28.5,25,0.6,252,0.0,20.0,23.03,72.58
2024-11-26 20:00:00,27.3,27,4.3,303,0.0,35.0,23.03,72.58
2024-11-26 21:00:00,26.5,29,7.6,332,0.0,50.0,23.03,72.58
2024-11-26 22:00:00,25.5,33,6.5,337,0.0,50.0,23.03,72.58
2024-11-26 23:00:00,24.1,37,5.8,112,0.0,40.0,23.03,72.58
2024-11-27 00:00:00,23.0,38,7.2,68,0.0,75.0,23.03,72.58
2024-11-27 01:00:00,22.0,40,7.5,48,0.0,65.0,23.03,72.58
2024-11-27 02:00:00,21.4,41,7.1,63,0.0,70.0,23.03,72.58
2024-11-27 03:00:00,20.8,42,7.3,57,0.0,65.0,23.03,72.58
2024-11-27 04:00:00,20.3,43,7.9,63,0.0,65.0,23.03,72.58
2024-11-27 05:00:00,19.8,44,8.1,59,0.0,65.0,23.03,72.58
2024-11-27 06:00:00,18.7,50,8.6,59,0.0,70.0,23.03,72.58
2024-11-27 07:00:00,18.6,51,9.1,63,0.0,80.0,23.03,72.58
2024-11-27 08:00:00,20.0,47,8.5,73,0.0,110.0,23.03,72.58
2024-11-27 09:00:00,22.7,40,5.3,82,0.0,150.0,23.03,72.58
2024-11-27 10:00:00,25.5,35,6.9,105,0.0,300.0,23.03,72.58
2024-11-27 11:00:00,27.5,31,7.4,104,0.0,500.0,23.03,72.58
2024-11-27 12:00:00,29.0,26,6.8,108,0.0,940.0,23.03,72.58
2024-11-27 13:00:00,30.0,23,6.3,103,0.0,1365.0,23.03,72.58
2024-11-27 14:00:00,30.5,21,6.1,85,0.0,1670.0,23.03,72.58
2024-11-27 15:00:00,30.5,21,7.1,69,0.0,1755.0,23.03,72.58
2024-11-27 16:00:00,30.0,23,7.7,62,0.0,1420.0,23.03,72.58
2024-11-27 17:00:00,29.3,24,4.8,63,0.0,1175.0,23.03,72.58
2024-11-27 18:00:00,29.2,25,3.1,306,0.0,80.0,23.03,72.58
2024-11-27 19:00:00,28.2,27,5.3,288,0.0,70.0,23.03,72.58
2024-11-27 20:00:00,27.3,29,6.2,303,0.0,65.0,23.03,72.58
2024-11-27 21:00:00,26.7,30,5.8,309,0.0,45.0,23.03,72.58
2024-11-27 22:00:00,26.1,32,10.0,332,0.0,70.0,23.03,72.58
2024-11-27 23:00:00,24.5,35,3.9,124,0.0,30.0,23.03,72.58
2024-11-28 00:00:00,23.5,38,8.0,98,0.0,100.0,23.03,72.58
2024-11-28 01:00:00,23.1,38,7.8,7,0.0,50.0,23.03,72.58
2024-11-28 02:00:00,22.4,40,5.7,66,0.0,35.0,23.03,72.58
2024-11-28 03:00:00,22.2,40,6.7,38,0.0,40.0,23.03,72.58
2024-11-28 04:00:00,21.1,44,7.1,34,0.0,50.0,23.03,72.58
2024-11-28 05:00:00,20.3,48,7.9,51,0.0,65.0,23.03,72.58
2024-11-28 06:00:00,19.0,54,8.7,58,0.0,95.0,23.03,72.58
2024-11-28 07:00:00,18.5,51,9.5,71,0.0,110.0,23.03,72.58
2024-11-28 08:00:00,19.4,47,7.6,75,0.0,125.0,23.03,72.58
2024-11-28 09:00:00,21.8,42,5.6,73,0.0,170.0,23.03,72.58
2024-11-28 10:00:00,24.7,37,6.1,90,0.0,265.0,23.03,72.58
2024-11-28 11:00:00,27.4,32,6.7,95,0.0,480.0,23.03,72.58
2024-11-28 12:00:00,29.1,29,7.5,100,0.0,940.0,23.03,72.58
2024-11-28 13:00:00,30.0,28,7.3,100,0.0,1580.0,23.03,72.58
2024-11-28 14:00:00,30.4,26,7.6,91,0.0,2025.0,23.03,72.58
2024-11-28 15:00:00,30.4,25,8.3,89,0.0,2045.0,23.03,72.58
2024-11-28 16:00:00,30.1,25,8.1,89,0.0,2080.0,23.03,72.58
2024-11-28 17:00:00,29.6,25,6.1,93,0.0,2050.0,23.03,72.58
2024-11-28 18:00:00,29.1,28,4.3,75,0.0,235.0,23.03,72.58
2024-11-28 19:00:00,28.3,30,5.9,79,0.0,205.0,23.03,72.58
2024-11-28 20:00:00,27.8,30,8.4,101,0.0,250.0,23.03,72.58
2024-11-28 21:00:00,26.9,30,8.2,54,0.0,135.0,23.03,72.58
2024-11-28 22:00:00,25.2,34,7.8,38,0.0,95.0,23.03,72.58
2024-11-28 23:00:00,23.1,40,8.1,72,0.0,175.0,23.03,72.58
2024-11-29 00:00:00,22.2,42,6.9,60,0.0,130.0,23.03,72.58
2024-11-29 01:00:00,21.6,44,6.7,82,0.0,115.0,23.03,72.58
2024-11-29 02:00:00,21.1,47,7.2,68,0.0,100.0,23.03,72.58
2024-11-29 03:00:00,20.5,49,8.9,61,0.0,110.0,23.03,72.58
2024-11-29 04:00:00,20.2,51,9.9,52,0.0,125.0,23.03,72.58
2024-11-29 05:00:00,19.8,53,10.2,66,0.0,160.0,23.03,72.58
2024-11-29 06:00:00,19.3,57,10.5,63,0.0,220.0,23.03,72.58
2024-11-29 07:00:00,19.1,56,11.1,63,0.0,240.0,23.03,72.58
2024-11-29 08:00:00,20.2,53,8.9,71,0.0,310.0,23.03,72.58
2024-11-29 09:00:00,22.2,48,10.0,73,0.0,400.0,23.03,72.58
2024-11-29 10:00:00,24.4,42,10.3,77,0.0,550.0,23.03,72.58
2024-11-29 11:00:00,26.4,36,10.4,80,0.0,975.0,23.03,72.58
2024-11-29 12:00:00,27.6,32,11.3,82,0.0,1350.0,23.03,72.58
2024-11-29 13:00:00,28.3,30,10.4,73,0.0,1625.0,23.03,72.58
2024-11-29 14:00:00,28.6,28,10.0,70,0.0,1690.0,23.03,72.58
2024-11-29 15:00:00,28.7,27,10.2,69,0.0,1750.0,23.03,72.58
2024-11-29 16:00:00,28.4,25,10.6,66,0.0,1735.0,23.03,72.58
2024-11-29 17:00:00,27.8,24,9.0,74,0.0,1555.0,23.03,72.58
2024-11-29 18:00:00,27.1,27,8.6,79,0.0,515.0,23.03,72.58
2024-11-29 19:00:00,26.3,29,8.2,80,0.0,250.0,23.03,72.58
2024-11-29 20:00:00,25.4,30,7.1,60,0.0,120.0,23.03,72.58
2024-11-29 21:00:00,24.5,33,7.5,42,0.0,90.0,23.03,72.58
2024-11-29 22:00:00,23.4,35,10.8,42,0.0,180.0,23.03,72.58
2024-11-29 23:00:00,22.1,35,11.8,57,0.0,200.0,23.03,72.58
2024-11-30 00:00:00,21.3,36,11.9,68,0.0,250.0,23.03,72.58
2024-11-30 01:00:00,20.5,38,11.7,67,0.0,260.0,23.03,72.58
2024-11-30 02:00:00,19.7,41,11.8,65,0.0,250.0,23.03,72.58
2024-11-30 03:00:00,19.1,43,11.6,66,0.0,245.0,23.03,72.58
2024-11-30 04:00:00,18.5,46,11.5,67,0.0,240.0,23.03,72.58
2024-11-30 05:00:00,18.0,48,11.2,66,0.0,235.0,23.03,72.58
2024-11-30 06:00:00,17.5,52,11.8,62,0.0,260.0,23.03,72.58
2024-11-30 07:00:00,17.3,54,12.1,62,0.0,275.0,23.03,72.58
2024-11-30 08:00:00,18.3,53,8.7,60,0.0,315.0,23.03,72.58
2024-11-30 09:00:00,20.4,49,10.3,67,0.0,400.0,23.03,72.58
2024-11-30 10:00:00,22.8,45,10.4,70,0.0,575.0,23.03,72.58
2024-11-30 11:00:00,25.0,38,11.5,68,0.0,895.0,23.03,72.58
2024-11-30 12:00:00,26.5,32,11.7,72,0.0,1105.0,23.03,72.58
2024-11-30 13:00:00,27.3,28,11.0,71,0.0,1210.0,23.03,72.58
2024-11-30 14:00:00,27.8,26,10.7,65,0.0,1280.0,23.03,72.58
2024-11-30 15:00:00,27.9,25,10.4,62,0.0,1285.0,23.03,72.58
2024-11-30 16:00:00,27.8,24,10.6,58,0.0,1280.0,23.03,72.58
2024-11-30 17:00:00,27.2,25,7.8,61,0.0,1230.0,23.03,72.58
2024-11-30 18:00:00,26.5,28,6.5,32,0.0,285.0,23.03,72.58
2024-11-30 19:00:00,25.6,31,8.3,30,0.0,240.0,23.03,72.58
2024-11-30 20:00:00,25.0,32,10.5,35,0.0,270.0,23.03,72.58
2024-11-30 21:00:00,24.2,34,11.2,48,0.0,250.0,23.03,72.58
2024-11-30 22:00:00,23.0,38,11.9,55,0.0,285.0,23.03,72.58
2024-11-30 23:00:00,22.2,42,12.7,57,0.0,320.0,23.03,72.58
2024-12-01 00:00:00,21.4,45,12.7,59,0.0,310.0,23.03,72.58
2024-12-01 01:00:00,20.6,48,12.6,65,0.0,295.0,23.03,72.58
2024-12-01 02:00:00,19.9,49,12.2,65,0.0,275.0,23.03,72.58
2024-12-01 03:00:00,19.1,51,11.9,60,0.0,255.0,23.03,72.58
2024-12-01 04:00:00,18.5,53,11.4,57,0.0,235.0,23.03,72.58
2024-12-01 05:00:00,17.9,55,11.1,61,0.0,245.0,23.03,72.58
2024-12-01 06:00:00,16.9,60,11.9,63,0.0,270.0,23.03,72.58
2024-12-01 07:00:00,16.7,62,11.6,64,0.0,275.0,23.03,72.58
2024-12-01 08:00:00,17.7,59,9.0,60,0.0,300.0,23.03,72.58
2024-12-01 09:00:00,19.9,54,9.8,64,0.0,345.0,23.03,72.58
2024-12-01 10:00:00,22.5,48,9.7,63,0.0,450.0,23.03,72.58
2024-12-01 11:00:00,25.0,39,10.5,68,0.0,715.0,23.03,72.58
2024-12-01 12:00:00,26.6,32,11.2,75,0.0,970.0,23.03,72.58
2024-12-01 13:00:00,27.5,28,10.7,74,0.0,1120.0,23.03,72.58
2024-12-01 14:00:00,28.0,25,10.3,71,0.0,1170.0,23.03,72.58
2024-12-01 15:00:00,28.2,23,10.2,66,0.0,1160.0,23.03,72.58
2024-12-01 16:00:00,28.0,23,10.3,59,0.0,1115.0,23.03,72.58
2024-12-01 17:00:00,27.4,23,7.9,57,0.0,1075.0,23.03,72.58
2024-12-01 18:00:00,26.7,25,7.1,60,0.0,365.0,23.03,72.58
2024-12-01 19:00:00,25.7,28,6.9,51,0.0,140.0,23.03,72.58
2024-12-01 20:00:00,24.8,30,8.2,41,0.0,110.0,23.03,72.58
2024-12-01 21:00:00,24.0,32,9.8,49,0.0,130.0,23.03,72.58
2024-12-01 22:00:00,23.0,34,12.1,48,0.0,195.0,23.03,72.58
2024-12-01 23:00:00,21.9,38,12.5,55,0.0,235.0,23.03,72.58
2024-12-02 00:00:00,21.0,40,11.6,66,0.0,260.0,23.03,72.58
2024-12-02 01:00:00,20.2,41,12.1,63,0.0,255.0,23.03,72.58
2024-12-02 02:00:00,19.7,44,12.6,59,0.0,250.0,23.03,72.58
2024-12-02 03:00:00,19.2,46,12.4,57,0.0,245.0,23.03,72.58
2024-12-02 04:00:00,18.6,49,11.9,60,0.0,240.0,23.03,72.58
2024-12-02 05:00:00,18.1,52,11.7,59,0.0,240.0,23.03,72.58
2024-12-02 06:00:00,17.2,57,12.1,57,0.0,235.0,23.03,72.58
2024-12-02 07:00:00,17.1,60,12.2,61,0.0,245.0,23.03,72.58
2024-12-02 08:00:00,18.3,57,9.2,64,0.0,270.0,23.03,72.58
2024-12-02 09:00:00,20.5,52,10.5,68,0.0,320.0,23.03,72.58
2024-12-02 10:00:00,23.2,46,9.9,69,0.0,400.0,23.03,72.58
2024-12-02 11:00:00,25.7,38,10.6,71,0.0,585.0,23.03,72.58
2024-12-02 12:00:00,27.5,33,11.5,80,0.0,840.0,23.03,72.58
2024-12-02 13:00:00,28.5,30,10.9,82,0.0,1040.0,23.03,72.58
2024-12-02 14:00:00,29.2,28,9.5,80,0.0,1180.0,23.03,72.58
2024-12-02 15:00:00,29.3,28,8.3,77,0.0,1265.0,23.03,72.58
2024-12-02 16:00:00,29.0,29,7.8,68,0.0,1205.0,23.03,72.58
2024-12-02 17:00:00,28.5,30,6.3,55,0.0,965.0,23.03,72.58
2024-12-02 18:00:00,27.8,30,6.3,31,0.0,275.0,23.03,72.58
2024-12-02 19:00:00,26.8,32,7.4,26,0.0,155.0,23.03,72.58
2024-12-02 20:00:00,26.2,32,7.8,38,0.0,135.0,23.03,72.58
2024-12-02 21:00:00,25.4,33,8.1,32,0.0,105.0,23.03,72.58
2024-12-02 22:00:00,24.1,35,8.8,28,0.0,110.0,23.03,72.58
2024-12-02 23:00:00,23.0,36,11.1,47,0.0,215.0,23.03,72.58
2024-12-03 00:00:00,22.5,33,11.9,56,0.0,280.0,23.03,72.58
2024-12-03 01:00:00,22.1,34,12.1,62,0.0,275.0,23.03,72.58
2024-12-03 02:00:00,21.6,37,12.4,64,0.0,285.0,23.03,72.58
2024-12-03 03:00:00,21.2,41,12.6,66,0.0,285.0,23.03,72.58
2024-12-03 04:00:00,20.8,46,12.8,64,0.0,285.0,23.03,72.58
2024-12-03 05:00:00,20.4,51,12.6,63,0.0,270.0,23.03,72.58
2024-12-03 06:00:00,20.3,53,12.5,67,0.0,305.0,23.03,72.58
2024-12-03 07:00:00,20.0,56,12.2,66,0.0,300.0,23.03,72.58
2024-12-03 08:00:00,20.9,54,8.2,61,0.0,315.0,23.03,72.58
2024-12-03 09:00:00,22.7,51,9.9,63,0.0,360.0,23.03,72.58
2024-12-03 10:00:00,24.9,45,9.8,64,0.0,425.0,23.03,72.58
2024-12-03 11:00:00,27.0,40,9.4,66,0.0,515.0,23.03,72.58
2024-12-03 12:00:00,28.8,35,9.0,74,0.0,670.0,23.03,72.58
2024-12-03 13:00:00,30.1,33,8.1,72,0.0,900.0,23.03,72.58
2024-12-03 14:00:00,30.8,32,7.6,62,0.0,1150.0,23.03,72.58
2024-12-03 15:00:00,31.1,32,7.5,55,0.0,1405.0,23.03,72.58
2024-12-03 16:00:00,30.8,33,8.0,50,0.0,1470.0,23.03,72.58
2024-12-03 17:00:00,30.3,34,7.2,37,0.0,1300.0,23.03,72.58
2024-12-03 18:00:00,29.7,36,6.6,26,0.0,350.0,23.03,72.58
2024-12-03 19:00:00,28.8,39,7.3,20,0.0,175.0,23.03,72.58
2024-12-03 20:00:00,27.7,42,8.4,16,0.0,175.0,23.03,72.58
2024-12-03 21:00:00,26.7,44,10.2,8,0.0,180.0,23.03,72.58
2024-12-03 22:00:00,26.0,45,10.8,11,0.0,220.0,23.03,72.58
2024-12-03 23:00:00,25.5,44,10.2,34,0.0,255.0,23.03,72.58
2024-12-04 00:00:00,24.9,44,11.4,41,0.0,350.0,23.03,72.58
2024-12-04 01:00:00,24.6,43,11.8,47,0.0,345.0,23.03,72.58
2024-12-04 02:00:00,24.2,43,12.7,51,0.0,325.0,23.03,72.58
2024-12-04 03:00:00,23.5,44,12.5,55,0.0,300.0,23.03,72.58
2024-12-04 04:00:00,22.7,45,11.9,56,0.0,300.0,23.03,72.58
2024-12-04 05:00:00,22.2,47,12.3,56,0.0,300.0,23.03,72.58
2024-12-04 06:00:00,21.3,51,12.3,63,0.0,300.0,23.03,72.58
2024-12-04 07:00:00,21.0,53,12.3,60,0.0,295.0,23.03,72.58
2024-12-04 08:00:00,21.9,51,9.7,56,0.0,310.0,23.03,72.58
2024-12-04 09:00:00,23.6,47,11.0,60,0.0,355.0,23.03,72.58
2024-12-04 10:00:00,25.8,42,10.0,67,0.0,440.0,23.03,72.58
2024-12-04 11:00:00,27.8,39,9.3,71,0.0,540.0,23.03,72.58
2024-12-04 12:00:00,29.4,37,8.7,72,0.0,745.0,23.03,72.58
2024-12-04 13:00:00,30.6,35,8.2,68,0.0,1170.0,23.03,72.58
2024-12-04 14:00:00,31.2,34,7.6,65,0.0,1460.0,23.03,72.58
2024-12-04 15:00:00,31.3,34,7.2,53,0.0,1610.0,23.03,72.58
2024-12-04 16:00:00,31.1,34,7.3,44,0.0,1595.0,23.03,72.58
2024-12-04 17:00:00,30.6,35,7.0,35,0.0,1535.0,23.03,72.58
2024-12-04 18:00:00,30.0,36,7.2,6,0.0,345.0,23.03,72.58
2024-12-04 19:00:00,29.1,39,8.4,349,0.0,215.0,23.03,72.58
2024-12-04 20:00:00,27.7,44,8.6,348,0.0,185.0,23.03,72.58
2024-12-04 21:00:00,26.7,45,9.1,351,0.0,160.0,23.03,72.58
2024-12-04 22:00:00,25.8,45,9.2,3,0.0,175.0,23.03,72.58
2024-12-04 23:00:00,25.3,42,8.1,18,0.0,155.0,23.03,72.58
2024-12-05 00:00:00,24.1,47,9.1,41,0.0,190.0,23.03,72.58
2024-12-05 01:00:00,23.3,49,9.5,39,0.0,260.0,23.03,72.58
2024-12-05 02:00:00,23.0,47,10.8,44,0.0,270.0,23.03,72.58
2024-12-05 03:00:00,22.7,46,11.1,53,0.0,265.0,23.03,72.58
2024-12-05 04:00:00,22.4,46,10.8,58,0.0,265.0,23.03,72.58
2024-12-05 05:00:00,22.1,46,10.6,58,0.0,250.0,23.03,72.58
2024-12-05 06:00:00,21.2,48,11.1,56,0.0,260.0,23.03,72.58
2024-12-05 07:00:00,21.2,48,11.3,54,0.0,265.0,23.03,72.58
2024-12-05 08:00:00,21.9,46,8.5,55,0.0,285.0,23.03,72.58
2024-12-05 09:00:00,23.8,42,9.0,67,0.0,325.0,23.03,72.58
2024-12-05 10:00:00,26.0,38,8.8,67,0.0,395.0,23.03,72.58
2024-12-05 11:00:00,28.1,35,8.7,66,0.0,505.0,23.03,72.58
2024-12-05 12:00:00,29.7,34,7.5,75,0.0,710.0,23.03,72.58
2024-12-05 13:00:00,30.6,35,6.0,80,0.0,1075.0,23.03,72.58
2024-12-05 14:00:00,31.1,36,4.4,83,0.0,1635.0,23.03,72.58
2024-12-05 15:00:00,31.3,35,3.0,76,0.0,1755.0,23.03,72.58
2024-12-05 16:00:00,31.2,35,3.2,52,0.0,1805.0,23.03,72.58
2024-12-05 17:00:00,30.6,35,5.7,18,0.0,1670.0,23.03,72.58
2024-12-05 18:00:00,29.7,36,7.6,342,0.0,465.0,23.03,72.58
2024-12-05 19:00:00,28.5,39,9.2,339,0.0,320.0,23.03,72.58
2024-12-05 20:00:00,27.3,38,9.6,340,0.0,240.0,23.03,72.58
2024-12-05 21:00:00,26.7,34,8.4,344,0.0,205.0,23.03,72.58
2024-12-05 22:00:00,26.1,33,8.5,342,0.0,170.0,23.03,72.58
2024-12-05 23:00:00,24.8,34,8.9,341,0.0,160.0,23.03,72.58
2024-12-06 00:00:00,23.5,36,8.5,355,0.0,150.0,23.03,72.58
2024-12-06 01:00:00,22.6,36,8.3,1,0.0,135.0,23.03,72.58
2024-12-06 02:00:00,21.9,37,9.4,4,0.0,135.0,23.03,72.58
2024-12-06 03:00:00,21.4,37,10.1,3,0.0,140.0,23.03,72.58
2024-12-06 04:00:00,20.8,39,10.3,12,0.0,140.0,23.03,72.58
2024-12-06 05:00:00,20.2,40,9.7,22,0.0,145.0,23.03,72.58
2024-12-06 06:00:00,19.1,48,9.4,38,0.0,130.0,23.03,72.58
2024-12-06 07:00:00,18.8,51,9.3,40,0.0,130.0,23.03,72.58
2024-12-06 08:00:00,19.8,50,7.8,40,0.0,165.0,23.03,72.58
2024-12-06 09:00:00,22.1,44,6.1,43,0.0,220.0,23.03,72.58
2024-12-06 10:00:00,24.8,39,5.6,45,0.0,290.0,23.03,72.58
2024-12-06 11:00:00,27.1,35,6.1,45,0.0,490.0,23.03,72.58
2024-12-06 12:00:00,28.8,30,5.7,44,0.0,1005.0,23.03,72.58
2024-12-06 13:00:00,29.8,26,5.6,25,0.0,1210.0,23.03,72.58
2024-12-06 14:00:00,30.3,24,5.8,7,0.0,1350.0,23.03,72.58
2024-12-06 15:00:00,30.3,22,6.2,352,0.0,1370.0,23.03,72.58
2024-12-06 16:00:00,30.0,23,6.6,338,0.0,1270.0,23.03,72.58
2024-12-06 17:00:00,28.9,25,8.1,325,0.0,675.0,23.03,72.58
2024-12-06 18:00:00,27.8,29,8.8,316,0.0,290.0,23.03,72.58
2024-12-06 19:00:00,26.9,30,7.8,316,0.0,170.0,23.03,72.58
2024-12-06 20:00:00,26.0,32,7.3,303,0.0,110.0,23.03,72.58
2024-12-06 21:00:00,25.0,34,7.3,300,0.0,80.0,23.03,72.58
2024-12-06 22:00:00,23.7,37,9.7,317,0.0,135.0,23.03,72.58
2024-12-06 23:00:00,22.2,40,9.6,323,0.0,145.0,23.03,72.58
2024-12-07 00:00:00,21.7,40,9.0,327,0.0,135.0,23.03,72.58
2024-12-07 01:00:00,21.1,41,8.2,328,0.0,120.0,23.03,72.58
2024-12-07 02:00:00,20.4,41,7.7,327,0.0,100.0,23.03,72.58
2024-12-07 03:00:00,19.8,42,7.7,327,0.0,85.0,23.03,72.58
2024-12-07 04:00:00,19.0,45,8.6,319,0.0,90.0,23.03,72.58
2024-12-07 05:00:00,18.3,46,7.6,348,0.0,95.0,23.03,72.58
2024-12-07 06:00:00,17.8,52,7.2,359,0.0,85.0,23.03,72.58
2024-12-07 07:00:00,17.6,52,7.6,3,0.0,80.0,23.03,72.58
2024-12-07 08:00:00,18.7,49,6.5,8,0.0,95.0,23.03,72.58
2024-12-07 09:00:00,21.3,41,2.9,11,0.0,130.0,23.03,72.58
2024-12-07 10:00:00,24.4,33,3.3,354,0.0,305.0,23.03,72.58
2024-12-07 11:00:00,26.4,29,5.3,332,0.0,660.0,23.03,72.58
2024-12-07 12:00:00,27.7,28,6.5,328,0.0,1215.0,23.03,72.58
2024-12-07 13:00:00,28.5,26,7.0,325,0.0,1380.0,23.03,72.58
2024-12-07 14:00:00,28.9,26,7.4,321,0.0,1410.0,23.03,72.58
2024-12-07 15:00:00,28.9,25,7.6,322,0.0,1390.0,23.03,72.58
2024-12-07 16:00:00,28.5,25,7.8,331,0.0,1310.0,23.03,72.58
2024-12-07 17:00:00,27.7,27,7.3,340,0.0,1135.0,23.03,72.58
2024-12-07 18:00:00,27.0,31,6.2,339,0.0,320.0,23.03,72.58
2024-12-07 19:00:00,26.1,34,5.8,326,0.0,155.0,23.03,72.58
2024-12-07 20:00:00,25.5,36,5.6,312,0.0,105.0,23.03,72.58
2024-12-07 21:00:00,24.8,38,6.1,294,0.0,80.0,23.03,72.58
2024-12-07 22:00:00,23.8,41,7.9,300,0.0,100.0,23.03,72.58
2024-12-07 23:00:00,22.7,45,8.6,307,0.0,130.0,23.03,72.58
2024-12-08 00:00:00,21.9,47,9.2,325,0.0,125.0,23.03,72.58
2024-12-08 01:00:00,21.3,48,8.6,338,0.0,110.0,23.03,72.58
2024-12-08 02:00:00,20.5,50,8.0,354,0.0,100.0,23.03,72.58
2024-12-08 03:00:00,19.9,51,7.3,353,0.0,90.0,23.03,72.58
2024-12-08 04:00:00,19.3,52,7.3,330,0.0,85.0,23.03,72.58
2024-12-08 05:00:00,18.6,54,7.6,338,0.0,90.0,23.03,72.58
2024-12-08 06:00:00,17.6,59,8.0,335,0.0,80.0,23.03,72.58
2024-12-08 07:00:00,17.3,58,8.1,348,0.0,85.0,23.03,72.58
2024-12-08 08:00:00,18.3,53,6.7,352,0.0,110.0,23.03,72.58
2024-12-08 09:00:00,21.0,44,4.0,342,0.0,180.0,23.03,72.58
2024-12-08 10:00:00,24.0,34,5.3,342,0.0,355.0,23.03,72.58
2024-12-08 11:00:00,26.4,25,7.5,343,0.0,950.0,23.03,72.58
2024-12-08 12:00:00,27.8,17,9.4,340,0.0,1395.0,23.03,72.58
2024-12-08 13:00:00,28.3,16,9.3,333,0.0,1420.0,23.03,72.58
2024-12-08 14:00:00,28.5,15,9.3,328,0.0,1420.0,23.03,72.58
2024-12-08 15:00:00,28.4,15,9.8,328,0.0,1415.0,23.03,72.58
2024-12-08 16:00:00,27.9,15,11.1,328,0.0,1320.0,23.03,72.58
2024-12-08 17:00:00,26.9,15,9.4,331,0.0,1095.0,23.03,72.58
2024-12-08 18:00:00,26.0,19,8.7,320,0.0,330.0,23.03,72.58
2024-12-08 19:00:00,24.8,22,8.5,314,0.0,155.0,23.03,72.58
2024-12-08 20:00:00,23.5,24,10.1,319,0.0,170.0,23.03,72.58
2024-12-08 21:00:00,21.8,26,12.0,339,0.0,255.0,23.03,72.58
2024-12-08 22:00:00,21.1,22,10.9,347,0.0,215.0,23.03,72.58
2024-12-08 23:00:00,20.4,20,9.8,346,0.0,160.0,23.03,72.58
2024-12-09 00:00:00,19.7,21,11.2,334,0.0,160.0,23.03,72.58
2024-12-09 01:00:00,18.8,22,11.7,333,0.0,200.0,23.03,72.58
2024-12-09 02:00:00,18.0,25,11.6,336,0.0,185.0,23.03,72.58
2024-12-09 03:00:00,17.4,26,11.4,341,0.0,185.0,23.03,72.58
2024-12-09 04:00:00,16.8,25,11.1,347,0.0,160.0,23.03,72.58
2024-12-09 05:00:00,16.1,25,10.8,358,0.0,160.0,23.03,72.58
2024-12-09 06:00:00,15.1,28,10.5,13,0.0,150.0,23.03,72.58
2024-12-09 07:00:00,14.6,30,10.2,23,0.0,150.0,23.03,72.58
2024-12-09 08:00:00,15.8,28,10.2,18,0.0,195.0,23.03,72.58
2024-12-09 09:00:00,18.5,23,6.6,33,0.0,275.0,23.03,72.58
2024-12-09 10:00:00,21.5,20,5.9,47,0.0,495.0,23.03,72.58
2024-12-09 11:00:00,23.6,17,7.2,51,0.0,965.0,23.03,72.58
2024-12-09 12:00:00,25.0,14,7.8,46,0.0,1285.0,23.03,72.58
2024-12-09 13:00:00,25.9,13,8.6,33,0.0,1420.0,23.03,72.58
2024-12-09 14:00:00,26.5,12,8.5,25,0.0,1470.0,23.03,72.58
2024-12-09 15:00:00,26.7,11,9.1,17,0.0,1500.0,23.03,72.58
2024-12-09 16:00:00,26.4,12,10.4,10,0.0,1460.0,23.03,72.58
2024-12-09 17:00:00,25.4,14,9.0,348,0.0,1070.0,23.03,72.58
2024-12-09 18:00:00,24.0,21,8.4,329,0.0,280.0,23.03,72.58
2024-12-09 19:00:00,23.2,23,8.1,355,0.0,170.0,23.03,72.58
2024-12-09 20:00:00,21.8,26,9.0,10,0.0,190.0,23.03,72.58
2024-12-09 21:00:00,20.3,27,10.0,18,0.0,300.0,23.03,72.58
2024-12-09 22:00:00,19.6,26,11.6,24,0.0,235.0,23.03,72.58
2024-12-09 23:00:00,18.9,29,11.1,29,0.0,195.0,23.03,72.58
2024-12-10 00:00:00,18.2,30,11.2,38,0.0,210.0,23.03,72.58
2024-12-10 01:00:00,17.6,31,11.5,45,0.0,240.0,23.03,72.58
2024-12-10 02:00:00,17.2,33,11.6,53,0.0,265.0,23.03,72.58
2024-12-10 03:00:00,16.7,37,11.7,58,0.0,275.0,23.03,72.58
2024-12-10 04:00:00,16.0,41,11.8,59,0.0,270.0,23.03,72.58
2024-12-10 05:00:00,15.4,45,12.0,60,0.0,270.0,23.03,72.58
2024-12-10 06:00:00,14.6,51,12.1,58,0.0,270.0,23.03,72.58
2024-12-10 07:00:00,14.4,54,12.4,57,0.0,270.0,23.03,72.58
2024-12-10 08:00:00,15.3,53,10.0,51,0.0,335.0,23.03,72.58
2024-12-10 09:00:00,17.4,48,10.4,60,0.0,465.0,23.03,72.58
2024-12-10 10:00:00,19.6,42,11.8,67,0.0,595.0,23.03,72.58
2024-12-10 11:00:00,21.7,34,12.3,67,0.0,720.0,23.03,72.58
2024-12-10 12:00:00,23.3,28,12.2,70,0.0,865.0,23.03,72.58
2024-12-10 13:00:00,24.5,23,11.6,72,0.0,995.0,23.03,72.58
2024-12-10 14:00:00,25.2,20,10.8,66,0.0,1030.0,23.03,72.58
2024-12-10 15:00:00,25.4,19,10.0,57,0.0,985.0,23.03,72.58
2024-12-10 16:00:00,25.2,19,10.5,49,0.0,920.0,23.03,72.58
2024-12-10 17:00:00,24.4,21,8.7,52,0.0,850.0,23.03,72.58
2024-12-10 18:00:00,23.7,24,7.9,55,0.0,395.0,23.03,72.58
2024-12-10 19:00:00,22.8,26,8.6,41,0.0,215.0,23.03,72.58
2024-12-10 20:00:00,22.0,28,9.4,38,0.0,160.0,23.03,72.58
2024-12-10 21:00:00,21.1,30,10.0,38,0.0,160.0,23.03,72.58
2024-12-10 22:00:00,20.1,32,10.7,48,0.0,170.0,23.03,72.58
2024-12-10 23:00:00,19.0,36,12.3,55,0.0,245.0,23.03,72.58
2024-12-11 00:00:00,18.2,39,11.8,62,0.0,250.0,23.03,72.58
2024-12-11 01:00:00,17.6,41,12.0,62,0.0,255.0,23.03,72.58
2024-12-11 02:00:00,17.0,43,12.6,63,0.0,265.0,23.03,72.58
2024-12-11 03:00:00,16.5,45,12.7,60,0.0,260.0,23.03,72.58
2024-12-11 04:00:00,16.0,47,12.5,60,0.0,255.0,23.03,72.58
2024-12-11 05:00:00,15.6,48,12.4,60,0.0,255.0,23.03,72.58
2024-12-11 06:00:00,14.9,52,13.0,59,0.0,260.0,23.03,72.58
2024-12-11 07:00:00,14.6,53,13.0,59,0.0,270.0,23.03,72.58
2024-12-11 08:00:00,15.6,50,10.2,59,0.0,300.0,23.03,72.58
2024-12-11 09:00:00,17.6,46,11.1,61,0.0,355.0,23.03,72.58
2024-12-11 10:00:00,20.0,41,10.8,60,0.0,430.0,23.03,72.58
2024-12-11 11:00:00,22.4,35,11.0,60,0.0,540.0,23.03,72.58
2024-12-11 12:00:00,24.4,30,10.6,62,0.0,695.0,23.03,72.58
2024-12-11 13:00:00,25.7,27,9.6,62,0.0,875.0,23.03,72.58
2024-12-11 14:00:00,26.4,25,8.6,60,0.0,1035.0,23.03,72.58
2024-12-11 15:00:00,26.6,24,7.8,58,0.0,1090.0,23.03,72.58
2024-12-11 16:00:00,26.4,24,7.7,53,0.0,1050.0,23.03,72.58
2024-12-11 17:00:00,25.7,25,7.0,40,0.0,955.0,23.03,72.58
2024-12-11 18:00:00,24.8,26,7.3,25,0.0,280.0,23.03,72.58
2024-12-11 19:00:00,23.8,28,7.3,25,0.0,130.0,23.03,72.58
2024-12-11 20:00:00,22.8,30,7.6,14,0.0,105.0,23.03,72.58
2024-12-11 21:00:00,21.9,30,8.2,9,0.0,90.0,23.03,72.58
2024-12-11 22:00:00,20.9,31,8.6,15,0.0,95.0,23.03,72.58
2024-12-11 23:00:00,19.7,33,8.3,14,0.0,90.0,23.03,72.58
2024-12-12 00:00:00,18.4,36,8.5,355,0.0,95.0,23.03,72.58
2024-12-12 01:00:00,17.4,39,8.8,9,0.0,100.0,23.03,72.58
2024-12-12 02:00:00,16.8,41,9.6,13,0.0,120.0,23.03,72.58
2024-12-12 03:00:00,16.2,45,9.4,20,0.0,130.0,23.03,72.58
2024-12-12 04:00:00,15.7,50,9.3,25,0.0,140.0,23.03,72.58
2024-12-12 05:00:00,15.4,53,9.5,33,0.0,145.0,23.03,72.58
2024-12-12 06:00:00,15.1,56,10.2,48,0.0,190.0,23.03,72.58
2024-12-12 07:00:00,14.9,58,10.3,55,0.0,205.0,23.03,72.58
2024-12-12 08:00:00,15.9,55,8.6,54,0.0,230.0,23.03,72.58
2024-12-12 09:00:00,18.0,48,8.0,54,0.0,275.0,23.03,72.58
2024-12-12 10:00:00,20.5,42,7.5,55,0.0,340.0,23.03,72.58
2024-12-12 11:00:00,23.0,37,6.9,57,0.0,450.0,23.03,72.58
2024-12-12 12:00:00,24.9,34,6.1,45,0.0,635.0,23.03,72.58
2024-12-12 13:00:00,26.2,29,6.3,39,0.0,1315.0,23.03,72.58
2024-12-12 14:00:00,26.8,26,6.7,36,0.0,1305.0,23.03,72.58
2024-12-12 15:00:00,26.9,25,7.0,23,0.0,1250.0,23.03,72.58
2024-12-12 16:00:00,26.6,25,8.1,13,0.0,1195.0,23.03,72.58
2024-12-12 17:00:00,25.9,26,7.5,8,0.0,1135.0,23.03,72.58
2024-12-12 18:00:00,24.9,29,8.0,346,0.0,265.0,23.03,72.58
2024-12-12 19:00:00,23.4,33,9.7,345,0.0,240.0,23.03,72.58
2024-12-12 20:00:00,22.3,35,8.8,348,0.0,165.0,23.03,72.58
2024-12-12 21:00:00,21.2,38,8.3,5,0.0,145.0,23.03,72.58
2024-12-12 22:00:00,20.2,40,9.0,30,0.0,150.0,23.03,72.58
2024-12-12 23:00:00,19.3,40,9.8,24,0.0,155.0,23.03,72.58
2024-12-13 00:00:00,18.5,37,11.2,32,0.0,160.0,23.03,72.58
2024-12-13 01:00:00,17.8,38,11.6,39,0.0,220.0,23.03,72.58
2024-12-13 02:00:00,17.3,40,12.2,44,0.0,265.0,23.03,72.58
2024-12-13 03:00:00,16.9,42,12.8,52,0.0,305.0,23.03,72.58
2024-12-13 04:00:00,16.6,43,13.6,59,0.0,330.0,23.03,72.58
2024-12-13 05:00:00,16.2,44,14.0,64,0.0,350.0,23.03,72.58
2024-12-13 06:00:00,15.1,49,14.5,65,0.0,360.0,23.03,72.58
2024-12-13 07:00:00,14.7,51,14.2,64,0.0,350.0,23.03,72.58
2024-12-13 08:00:00,15.5,49,10.8,62,0.0,375.0,23.03,72.58
2024-12-13 09:00:00,17.3,43,12.7,67,0.0,455.0,23.03,72.58
2024-12-13 10:00:00,19.6,37,13.1,67,0.0,585.0,23.03,72.58
2024-12-13 11:00:00,21.8,31,13.8,70,0.0,770.0,23.03,72.58
2024-12-13 12:00:00,23.5,25,14.1,74,0.0,915.0,23.03,72.58
2024-12-13 13:00:00,24.8,20,13.5,71,0.0,1025.0,23.03,72.58
2024-12-13 14:00:00,25.6,17,12.3,63,0.0,1020.0,23.03,72.58
2024-12-13 15:00:00,25.7,17,11.8,62,0.0,980.0,23.03,72.58
2024-12-13 16:00:00,25.3,18,11.8,61,0.0,945.0,23.03,72.58
2024-12-13 17:00:00,24.6,20,9.9,53,0.0,885.0,23.03,72.58
2024-12-13 18:00:00,23.6,23,9.8,40,0.0,540.0,23.03,72.58
2024-12-13 19:00:00,22.8,24,9.8,32,0.0,280.0,23.03,72.58
2024-12-13 20:00:00,21.7,26,10.7,27,0.0,220.0,23.03,72.58
2024-12-13 21:00:00,20.7,27,11.8,40,0.0,250.0,23.03,72.58
2024-12-13 22:00:00,19.8,29,13.0,49,0.0,300.0,23.03,72.58
2024-12-13 23:00:00,19.0,33,13.8,59,0.0,340.0,23.03,72.58
2024-12-14 00:00:00,18.2,36,14.0,67,0.0,355.0,23.03,72.58
2024-12-14 01:00:00,17.5,38,13.9,67,0.0,330.0,23.03,72.58
2024-12-14 02:00:00,16.7,39,13.6,68,0.0,320.0,23.03,72.58
2024-12-14 03:00:00,16.1,40,13.4,64,0.0,305.0,23.03,72.58
2024-12-14 04:00:00,15.5,41,13.3,62,0.0,290.0,23.03,72.58
2024-12-14 05:00:00,15.1,42,13.0,64,0.0,295.0,23.03,72.58
2024-12-14 06:00:00,14.3,45,13.9,67,0.0,310.0,23.03,72.58
2024-12-14 07:00:00,14.0,45,14.5,68,0.0,315.0,23.03,72.58
2024-12-14 08:00:00,14.8,42,11.2,69,0.0,345.0,23.03,72.58
2024-12-14 09:00:00,16.7,38,12.5,75,0.0,410.0,23.03,72.58
2024-12-14 10:00:00,19.2,34,12.8,76,0.0,490.0,23.03,72.58
2024-12-14 11:00:00,21.6,30,12.5,78,0.0,575.0,23.03,72.58
2024-12-14 12:00:00,23.7,26,11.8,78,0.0,685.0,23.03,72.58
2024-12-14 13:00:00,25.3,23,10.8,75,0.0,755.0,23.03,72.58
2024-12-14 14:00:00,26.1,21,9.8,72,0.0,810.0,23.03,72.58
2024-12-14 15:00:00,26.3,21,9.7,74,0.0,835.0,23.03,72.58
2024-12-14 16:00:00,25.9,22,9.6,76,0.0,780.0,23.03,72.58
2024-12-14 17:00:00,25.2,24,8.2,67,0.0,695.0,23.03,72.58
2024-12-14 18:00:00,24.6,25,8.7,34,0.0,345.0,23.03,72.58
2024-12-14 19:00:00,23.6,25,10.3,35,0.0,245.0,23.03,72.58
2024-12-14 20:00:00,22.8,25,11.2,42,0.0,225.0,23.03,72.58
2024-12-14 21:00:00,21.8,25,11.6,46,0.0,200.0,23.03,72.58
2024-12-14 22:00:00,20.9,26,11.4,59,0.0,190.0,23.03,72.58
2024-12-14 23:00:00,19.6,28,12.2,66,0.0,235.0,23.03,72.58
2024-12-15 00:00:00,18.8,31,12.5,67,0.0,220.0,23.03,72.58
2024-12-15 01:00:00,18.1,34,12.4,73,0.0,230.0,23.03,72.58
2024-12-15 02:00:00,17.3,37,12.5,72,0.0,235.0,23.03,72.58
2024-12-15 03:00:00,16.6,40,12.0,74,0.0,230.0,23.03,72.58
2024-12-15 04:00:00,16.0,42,11.7,75,0.0,225.0,23.03,72.58
2024-12-15 05:00:00,15.6,44,11.8,74,0.0,215.0,23.03,72.58
2024-12-15 06:00:00,14.6,48,11.7,77,0.0,230.0,23.03,72.58
2024-12-15 07:00:00,14.2,50,11.6,74,0.0,225.0,23.03,72.58
2024-12-15 08:00:00,15.2,48,10.4,70,0.0,245.0,23.03,72.58
2024-12-15 09:00:00,17.2,43,9.7,71,0.0,295.0,23.03,72.58
2024-12-15 10:00:00,20.0,37,10.0,73,0.0,355.0,23.03,72.58
2024-12-15 11:00:00,22.5,32,10.0,77,0.0,405.0,23.03,72.58
2024-12-15 12:00:00,24.6,28,8.6,79,0.0,465.0,23.03,72.58
2024-12-15 13:00:00,26.4,25,7.6,78,0.0,550.0,23.03,72.58
2024-12-15 14:00:00,27.5,23,6.9,75,0.0,640.0,23.03,72.58
2024-12-15 15:00:00,27.9,22,6.7,71,0.0,680.0,23.03,72.58
2024-12-15 16:00:00,27.6,23,7.2,68,0.0,670.0,23.03,72.58
2024-12-15 17:00:00,26.7,26,6.5,62,0.0,580.0,23.03,72.58
2024-12-15 18:00:00,25.9,28,6.9,43,0.0,210.0,23.03,72.58
2024-12-15 19:00:00,24.7,30,8.0,46,0.0,145.0,23.03,72.58
2024-12-15 20:00:00,24.0,27,8.8,51,0.0,135.0,23.03,72.58
2024-12-15 21:00:00,23.1,26,9.5,53,0.0,135.0,23.03,72.58
2024-12-15 22:00:00,21.9,26,9.5,69,0.0,145.0,23.03,72.58
2024-12-15 23:00:00,20.5,27,10.2,66,0.0,180.0,23.03,72.58
2024-12-16 00:00:00,19.5,30,10.6,60,0.0,150.0,23.03,72.58
2024-12-16 01:00:00,18.8,33,10.2,62,0.0,140.0,23.03,72.58
2024-12-16 02:00:00,18.1,37,10.1,55,0.0,140.0,23.03,72.58
2024-12-16 03:00:00,17.4,41,10.2,58,0.0,140.0,23.03,72.58
2024-12-16 04:00:00,16.8,44,10.9,63,0.0,155.0,23.03,72.58
2024-12-16 05:00:00,16.2,46,11.5,70,0.0,175.0,23.03,72.58
2024-12-16 06:00:00,15.2,48,11.8,74,0.0,180.0,23.03,72.58
2024-12-16 07:00:00,14.9,48,11.8,74,0.0,190.0,23.03,72.58
2024-12-16 08:00:00,15.9,45,11.2,79,0.0,215.0,23.03,72.58
2024-12-16 09:00:00,17.9,41,9.2,79,0.0,250.0,23.03,72.58
2024-12-16 10:00:00,20.7,36,7.9,78,0.0,305.0,23.03,72.58
2024-12-16 11:00:00,23.5,30,7.6,76,0.0,365.0,23.03,72.58
2024-12-16 12:00:00,25.6,27,6.0,73,0.0,450.0,23.03,72.58
2024-12-16 13:00:00,27.2,24,4.7,72,0.0,565.0,23.03,72.58
2024-12-16 14:00:00,28.2,22,3.3,68,0.0,670.0,23.03,72.58
2024-12-16 15:00:00,28.6,21,3.0,57,0.0,745.0,23.03,72.58
2024-12-16 16:00:00,28.4,21,3.2,56,0.0,755.0,23.03,72.58
2024-12-16 17:00:00,27.6,23,3.8,59,0.0,180.0,23.03,72.58
2024-12-16 18:00:00,26.8,25,5.6,358,0.0,90.0,23.03,72.58
2024-12-16 19:00:00,25.8,27,5.9,340,0.0,70.0,23.03,72.58
2024-12-16 20:00:00,24.3,32,7.0,334,0.0,80.0,23.03,72.58
2024-12-16 21:00:00,23.0,35,7.4,342,0.0,85.0,23.03,72.58
2024-12-16 22:00:00,21.8,37,7.9,340,0.0,95.0,23.03,72.58
2024-12-16 23:00:00,20.8,40,8.4,335,0.0,95.0,23.03,72.58
2024-12-17 00:00:00,19.6,42,8.0,344,0.0,105.0,23.03,72.58
2024-12-17 01:00:00,18.8,43,7.7,359,0.0,90.0,23.03,72.58
2024-12-17 02:00:00,17.8,45,7.0,26,0.0,90.0,23.03,72.58
2024-12-17 03:00:00,17.0,46,6.3,31,0.0,75.0,23.03,72.58
2024-12-17 04:00:00,16.4,46,5.2,16,0.0,75.0,23.03,72.58
2024-12-17 05:00:00,15.9,48,5.7,28,0.0,80.0,23.03,72.58
2024-12-17 06:00:00,15.0,55,4.6,13,0.0,75.0,23.03,72.58
2024-12-17 07:00:00,14.4,59,5.5,349,0.0,80.0,23.03,72.58
2024-12-17 08:00:00,15.0,60,5.7,9,0.0,95.0,23.03,72.58
2024-12-17 09:00:00,17.4,53,3.8,17,0.0,130.0,23.03,72.58
2024-12-17 10:00:00,20.6,44,3.6,27,0.0,200.0,23.03,72.58
2024-12-17 11:00:00,23.5,37,3.6,45,0.0,340.0,23.03,72.58
2024-12-17 12:00:00,25.8,31,3.8,31,0.0,500.0,23.03,72.58
2024-12-17 13:00:00,27.4,27,4.2,12,0.0,815.0,23.03,72.58
2024-12-17 14:00:00,28.2,24,5.6,358,0.0,1055.0,23.03,72.58
2024-12-17 15:00:00,28.4,23,6.6,351,0.0,1145.0,23.03,72.58
2024-12-17 16:00:00,28.1,25,7.5,349,0.0,1145.0,23.03,72.58
2024-12-17 17:00:00,27.2,27,7.2,342,0.0,940.0,23.03,72.58
2024-12-17 18:00:00,26.3,30,7.7,321,0.0,235.0,23.03,72.58
2024-12-17 19:00:00,25.3,32,8.0,316,0.0,150.0,23.03,72.58
2024-12-17 20:00:00,24.1,33,8.6,321,0.0,115.0,23.03,72.58
2024-12-17 21:00:00,22.4,34,10.8,317,0.0,150.0,23.03,72.58
2024-12-17 22:00:00,20.8,33,10.5,333,0.0,150.0,23.03,72.58
2024-12-17 23:00:00,19.9,33,9.5,341,0.0,140.0,23.03,72.58
2024-12-18 00:00:00,19.3,34,9.1,352,0.0,130.0,23.03,72.58
2024-12-18 01:00:00,18.7,36,7.8,356,0.0,105.0,23.03,72.58
2024-12-18 02:00:00,17.8,39,8.8,20,0.0,125.0,23.03,72.58
2024-12-18 03:00:00,17.2,42,8.7,43,0.0,115.0,23.03,72.58
2024-12-18 04:00:00,16.9,47,9.0,59,0.0,125.0,23.03,72.58
2024-12-18 05:00:00,16.7,54,9.7,56,0.0,140.0,23.03,72.58
2024-12-18 06:00:00,16.2,59,10.6,60,0.0,160.0,23.03,72.58
2024-12-18 07:00:00,16.0,60,11.0,64,0.0,175.0,23.03,72.58
2024-12-18 08:00:00,17.0,57,10.0,64,0.0,190.0,23.03,72.58
2024-12-18 09:00:00,19.2,50,7.6,68,0.0,230.0,23.03,72.58
2024-12-18 10:00:00,22.0,43,6.9,76,0.0,320.0,23.03,72.58
2024-12-18 11:00:00,24.6,37,7.3,81,0.0,435.0,23.03,72.58
2024-12-18 12:00:00,26.6,34,5.4,86,0.0,570.0,23.03,72.58
2024-12-18 13:00:00,28.0,30,3.8,87,0.0,805.0,23.03,72.58
2024-12-18 14:00:00,28.8,28,2.7,98,0.0,1035.0,23.03,72.58
2024-12-18 15:00:00,29.1,26,1.8,96,0.0,1175.0,23.03,72.58
2024-12-18 16:00:00,29.0,26,2.2,90,0.0,1250.0,23.03,72.58
2024-12-18 17:00:00,28.2,28,2.9,90,0.0,65.0,23.03,72.58
2024-12-18 18:00:00,27.2,31,2.0,100,0.0,25.0,23.03,72.58
2024-12-18 19:00:00,26.2,33,1.2,231,0.0,15.0,23.03,72.58
2024-12-18 20:00:00,25.7,35,0.8,225,0.0,35.0,23.03,72.58
2024-12-18 21:00:00,24.1,39,3.9,313,0.0,35.0,23.03,72.58
2024-12-18 22:00:00,22.7,43,6.0,307,0.0,55.0,23.03,72.58
2024-12-18 23:00:00,21.2,51,8.0,316,0.0,80.0,23.03,72.58
2024-12-19 00:00:00,20.1,57,7.5,318,0.0,90.0,23.03,72.58
2024-12-19 01:00:00,19.3,59,5.1,10,0.0,90.0,23.03,72.58
2024-12-19 02:00:00,18.7,61,4.2,31,0.0,70.0,23.03,72.58
2024-12-19 03:00:00,18.2,63,3.4,18,0.0,55.0,23.03,72.58
2024-12-19 04:00:00,17.5,64,4.5,360,0.0,60.0,23.03,72.58
2024-12-19 05:00:00,16.7,64,5.2,360,0.0,70.0,23.03,72.58
2024-12-19 06:00:00,16.2,60,5.6,40,0.0,85.0,23.03,72.58
2024-12-19 07:00:00,15.8,62,5.2,34,0.0,80.0,23.03,72.58
2024-12-19 08:00:00,16.6,60,5.0,35,0.0,100.0,23.03,72.58
2024-12-19 09:00:00,19.1,52,3.6,57,0.0,145.0,23.03,72.58
2024-12-19 10:00:00,22.2,44,4.1,75,0.0,250.0,23.03,72.58
2024-12-19 11:00:00,24.7,38,3.8,85,0.0,370.0,23.03,72.58
2024-12-19 12:00:00,26.6,34,2.3,94,0.0,585.0,23.03,72.58
2024-12-19 13:00:00,28.0,31,0.6,146,0.0,910.0,23.03,72.58
2024-12-19 14:00:00,28.8,29,1.5,240,0.0,1200.0,23.03,72.58
2024-12-19 15:00:00,28.9,29,2.9,266,0.0,1375.0,23.03,72.58
2024-12-19 16:00:00,28.6,29,4.7,270,0.0,1370.0,23.03,72.58
2024-12-19 17:00:00,27.8,31,6.7,270,0.0,425.0,23.03,72.58
2024-12-19 18:00:00,27.0,34,7.1,291,0.0,255.0,23.03,72.58
2024-12-19 19:00:00,26.0,38,7.4,304,0.0,195.0,23.03,72.58
2024-12-19 20:00:00,24.1,44,8.4,312,0.0,190.0,23.03,72.58
2024-12-19 21:00:00,23.0,48,8.5,324,0.0,155.0,23.03,72.58
2024-12-19 22:00:00,21.9,50,9.2,332,0.0,170.0,23.03,72.58
2024-12-19 23:00:00,21.1,50,9.8,342,0.0,160.0,23.03,72.58
2024-12-20 00:00:00,20.5,49,9.5,338,0.0,145.0,23.03,72.58
2024-12-20 01:00:00,20.1,48,9.1,338,0.0,125.0,23.03,72.58
2024-12-20 02:00:00,19.4,49,9.0,340,0.0,130.0,23.03,72.58
2024-12-20 03:00:00,18.6,52,9.1,324,0.0,120.0,23.03,72.58
2024-12-20 04:00:00,17.5,55,9.3,324,0.0,140.0,23.03,72.58
2024-12-20 05:00:00,16.9,57,9.0,329,0.0,140.0,23.03,72.58
2024-12-20 06:00:00,16.1,64,7.1,344,0.0,125.0,23.03,72.58
2024-12-20 07:00:00,15.7,65,6.9,346,0.0,120.0,23.03,72.58
2024-12-20 08:00:00,16.4,62,4.9,336,0.0,125.0,23.03,72.58
2024-12-20 09:00:00,18.5,55,3.6,333,0.0,170.0,23.03,72.58
2024-12-20 10:00:00,21.1,47,3.5,336,0.0,230.0,23.03,72.58
2024-12-20 11:00:00,23.9,40,3.3,331,0.0,365.0,23.03,72.58
2024-12-20 12:00:00,25.9,34,4.8,331,0.0,820.0,23.03,72.58
2024-12-20 13:00:00,26.9,30,6.2,324,0.0,1235.0,23.03,72.58
2024-12-20 14:00:00,27.3,28,6.9,323,0.0,1505.0,23.03,72.58
2024-12-20 15:00:00,27.4,28,7.1,322,0.0,1530.0,23.03,72.58
2024-12-20 16:00:00,27.0,28,7.7,321,0.0,1470.0,23.03,72.58
2024-12-20 17:00:00,26.2,28,8.6,321,0.0,1150.0,23.03,72.58
2024-12-20 18:00:00,25.0,32,8.8,319,0.0,330.0,23.03,72.58
2024-12-20 19:00:00,23.8,34,8.5,318,0.0,170.0,23.03,72.58
2024-12-20 20:00:00,22.9,34,8.8,317,0.0,145.0,23.03,72.58
2024-12-20 21:00:00,21.8,35,9.8,311,0.0,135.0,23.03,72.58
2024-12-20 22:00:00,20.1,45,9.3,317,0.0,115.0,23.03,72.58
2024-12-20 23:00:00,18.8,52,9.1,330,0.0,120.0,23.03,72.58
2024-12-21 00:00:00,18.3,55,8.3,355,0.0,120.0,23.03,72.58
2024-12-21 01:00:00,18.3,55,8.1,6,0.0,115.0,23.03,72.58
2024-12-21 02:00:00,18.0,59,8.0,18,0.0,115.0,23.03,72.58
2024-12-21 03:00:00,17.3,66,9.1,27,0.0,140.0,23.03,72.58
2024-12-21 04:00:00,16.9,67,9.1,41,0.0,160.0,23.03,72.58
2024-12-21 05:00:00,17.0,66,9.3,46,0.0,175.0,23.03,72.58
2024-12-21 06:00:00,17.1,72,9.9,53,0.0,215.0,23.03,72.58
2024-12-21 07:00:00,17.0,74,10.0,54,0.0,225.0,23.03,72.58
2024-12-21 08:00:00,18.0,70,9.3,56,0.0,255.0,23.03,72.58
2024-12-21 09:00:00,20.0,62,8.5,63,0.0,310.0,23.03,72.58
2024-12-21 10:00:00,22.6,53,8.3,70,0.0,390.0,23.03,72.58
2024-12-21 11:00:00,25.1,45,8.3,76,0.0,475.0,23.03,72.58
2024-12-21 12:00:00,27.1,39,7.4,86,0.0,625.0,23.03,72.58
2024-12-21 13:00:00,28.6,35,6.7,93,0.0,1585.0,23.03,72.58
2024-12-21 14:00:00,29.5,31,6.3,108,0.0,1805.0,23.03,72.58
2024-12-21 15:00:00,29.6,30,6.1,124,0.0,1805.0,23.03,72.58
2024-12-21 16:00:00,29.4,31,6.3,125,0.0,1600.0,23.03,72.58
2024-12-21 17:00:00,28.8,33,6.0,123,0.0,1280.0,23.03,72.58
2024-12-21 18:00:00,28.2,35,4.5,29,0.0,140.0,23.03,72.58
2024-12-21 19:00:00,26.8,39,7.9,21,0.0,165.0,23.03,72.58
2024-12-21 20:00:00,26.0,40,8.2,38,0.0,155.0,23.03,72.58
2024-12-21 21:00:00,25.3,41,8.4,45,0.0,135.0,23.03,72.58
2024-12-21 22:00:00,24.7,42,7.7,54,0.0,115.0,23.03,72.58
2024-12-21 23:00:00,23.6,44,8.1,72,0.0,125.0,23.03,72.58
2024-12-22 00:00:00,22.4,47,8.0,76,0.0,145.0,23.03,72.58
2024-12-22 01:00:00,21.5,49,8.8,71,0.0,170.0,23.03,72.58
2024-12-22 02:00:00,20.8,50,9.6,86,0.0,210.0,23.03,72.58
2024-12-22 03:00:00,20.1,51,9.7,87,0.0,185.0,23.03,72.58
2024-12-22 04:00:00,19.7,53,10.5,87,0.0,185.0,23.03,72.58
2024-12-22 05:00:00,19.3,56,10.1,93,0.0,215.0,23.03,72.58
2024-12-22 06:00:00,19.0,61,11.3,99,0.0,255.0,23.03,72.58
2024-12-22 07:00:00,18.8,62,11.1,97,0.0,235.0,23.03,72.58
2024-12-22 08:00:00,19.6,59,9.3,105,0.0,260.0,23.03,72.58
2024-12-22 09:00:00,21.4,53,9.2,113,0.0,335.0,23.03,72.58
2024-12-22 10:00:00,23.4,54,9.1,124,0.0,465.0,23.03,72.58
2024-12-22 11:00:00,25.2,51,8.3,138,0.0,745.0,23.03,72.58
2024-12-22 12:00:00,26.6,47,7.6,165,0.0,1090.0,23.03,72.58
2024-12-22 13:00:00,27.6,45,8.8,176,0.0,1610.0,23.03,72.58
2024-12-22 14:00:00,27.7,46,11.9,177,0.0,1625.0,23.03,72.58
2024-12-22 15:00:00,27.5,46,10.3,183,0.0,1645.0,23.03,72.58
2024-12-22 16:00:00,27.4,45,11.0,198,0.0,1645.0,23.03,72.58
2024-12-22 17:00:00,26.4,47,8.6,182,0.0,695.0,23.03,72.58
2024-12-22 18:00:00,25.5,50,7.4,167,0.0,310.0,23.03,72.58
2024-12-22 19:00:00,25.0,52,7.0,168,0.0,350.0,23.03,72.58
2024-12-22 20:00:00,24.7,54,7.2,181,0.0,340.0,23.03,72.58
2024-12-22 21:00:00,23.7,59,7.7,216,0.0,255.0,23.03,72.58
2024-12-22 22:00:00,22.2,64,7.9,227,0.0,210.0,23.03,72.58
2024-12-22 23:00:00,21.7,65,6.7,234,0.0,160.0,23.03,72.58
2024-12-23 00:00:00,21.2,67,7.4,273,0.0,220.0,23.03,72.58
2024-12-23 01:00:00,21.0,62,6.6,287,0.0,210.0,23.03,72.58
2024-12-23 02:00:00,20.4,60,7.3,293,0.0,205.0,23.03,72.58
2024-12-23 03:00:00,19.6,61,6.6,296,0.0,175.0,23.03,72.58
2024-12-23 04:00:00,18.8,64,6.2,296,0.0,145.0,23.03,72.58
2024-12-23 05:00:00,18.1,68,6.5,302,0.0,140.0,23.03,72.58
2024-12-23 06:00:00,18.8,66,4.6,296,0.0,155.0,23.03,72.58
2024-12-23 07:00:00,18.3,67,5.9,317,0.0,150.0,23.03,72.58
2024-12-23 08:00:00,18.5,66,3.1,294,0.0,155.0,23.03,72.58
2024-12-23 09:00:00,20.1,56,5.1,297,0.0,230.0,23.03,72.58
2024-12-23 10:00:00,22.3,44,5.6,315,0.0,380.0,23.03,72.58
2024-12-23 11:00:00,24.0,38,5.7,305,0.0,635.0,23.03,72.58
2024-12-23 12:00:00,25.2,35,7.0,299,0.0,1180.0,23.03,72.58
2024-12-23 13:00:00,26.0,34,7.6,285,0.0,1550.0,23.03,72.58
2024-12-23 14:00:00,26.4,34,8.3,284,0.0,1670.0,23.03,72.58
2024-12-23 15:00:00,26.4,34,9.1,284,0.0,1730.0,23.03,72.58
2024-12-23 16:00:00,25.8,34,10.1,281,0.0,1725.0,23.03,72.58
2024-12-23 17:00:00,25.0,34,10.5,277,0.0,1435.0,23.03,72.58
2024-12-23 18:00:00,24.2,38,8.1,301,0.0,640.0,23.03,72.58
2024-12-23 19:00:00,23.0,40,7.8,304,0.0,305.0,23.03,72.58
2024-12-23 20:00:00,22.1,41,7.9,300,0.0,165.0,23.03,72.58
2024-12-23 21:00:00,21.0,42,9.7,295,0.0,240.0,23.03,72.58
2024-12-23 22:00:00,20.1,44,9.5,306,0.0,190.0,23.03,72.58
2024-12-23 23:00:00,19.4,45,8.7,310,0.0,165.0,23.03,72.58
2024-12-24 00:00:00,18.8,46,8.3,319,0.0,145.0,23.03,72.58
2024-12-24 01:00:00,18.1,46,9.0,313,0.0,145.0,23.03,72.58
2024-12-24 02:00:00,17.1,48,9.2,312,0.0,155.0,23.03,72.58
2024-12-24 03:00:00,16.3,51,8.9,313,0.0,145.0,23.03,72.58
2024-12-24 04:00:00,15.7,53,8.6,319,0.0,135.0,23.03,72.58
2024-12-24 05:00:00,15.2,54,8.6,331,0.0,140.0,23.03,72.58
2024-12-24 06:00:00,14.7,59,8.7,326,0.0,125.0,23.03,72.58
2024-12-24 07:00:00,14.3,61,7.7,330,0.0,115.0,23.03,72.58
2024-12-24 08:00:00,14.9,60,4.6,315,0.0,120.0,23.03,72.58
2024-12-24 09:00:00,17.0,54,2.9,313,0.0,165.0,23.03,72.58
2024-12-24 10:00:00,19.9,47,2.3,309,0.0,240.0,23.03,72.58
2024-12-24 11:00:00,22.7,41,2.7,312,0.0,415.0,23.03,72.58
2024-12-24 12:00:00,24.5,33,3.7,331,0.0,1175.0,23.03,72.58
2024-12-24 13:00:00,25.5,28,5.5,319,0.0,1335.0,23.03,72.58
2024-12-24 14:00:00,25.9,26,7.5,325,0.0,1440.0,23.03,72.58
2024-12-24 15:00:00,25.9,26,8.6,334,0.0,1435.0,23.03,72.58
2024-12-24 16:00:00,25.4,27,9.2,339,0.0,1295.0,23.03,72.58
2024-12-24 17:00:00,24.8,28,8.9,335,0.0,1155.0,23.03,72.58
2024-12-24 18:00:00,24.1,33,8.0,322,0.0,525.0,23.03,72.58
2024-12-24 19:00:00,23.4,35,7.1,313,0.0,190.0,23.03,72.58
2024-12-24 20:00:00,22.2,38,10.5,311,0.0,270.0,23.03,72.58
2024-12-24 21:00:00,20.5,48,11.3,324,0.0,280.0,23.03,72.58
2024-12-24 22:00:00,19.7,51,10.5,333,0.0,275.0,23.03,72.58
2024-12-24 23:00:00,19.2,53,10.7,343,0.0,270.0,23.03,72.58
2024-12-25 00:00:00,18.7,55,10.4,349,0.0,245.0,23.03,72.58
2024-12-25 01:00:00,18.2,57,10.5,354,0.0,260.0,23.03,72.58
2024-12-25 02:00:00,17.7,60,10.8,3,0.0,235.0,23.03,72.58
2024-12-25 03:00:00,17.4,62,10.3,6,0.0,205.0,23.03,72.58
2024-12-25 04:00:00,17.1,64,9.7,11,0.0,195.0,23.03,72.58
2024-12-25 05:00:00,16.9,66,9.6,20,0.0,205.0,23.03,72.58
2024-12-25 06:00:00,16.8,74,10.1,40,0.0,300.0,23.03,72.58
2024-12-25 07:00:00,16.8,78,10.1,43,0.0,310.0,23.03,72.58
2024-12-25 08:00:00,17.7,76,9.3,43,0.0,335.0,23.03,72.58
2024-12-25 09:00:00,19.7,69,9.0,52,0.0,400.0,23.03,72.58
2024-12-25 10:00:00,22.0,62,8.8,57,0.0,510.0,23.03,72.58
2024-12-25 11:00:00,24.2,56,8.6,61,0.0,650.0,23.03,72.58
2024-12-25 12:00:00,25.9,51,7.3,67,0.0,910.0,23.03,72.58
2024-12-25 13:00:00,27.1,47,5.9,76,0.0,1360.0,23.03,72.58
2024-12-25 14:00:00,27.9,44,4.7,83,0.0,1625.0,23.03,72.58
2024-12-25 15:00:00,28.2,42,4.0,87,0.0,1675.0,23.03,72.58
2024-12-25 16:00:00,28.1,42,4.1,92,0.0,1750.0,23.03,72.58
2024-12-25 17:00:00,27.7,43,5.1,86,0.0,1650.0,23.03,72.58
2024-12-25 18:00:00,26.1,49,6.0,44,0.0,380.0,23.03,72.58
2024-12-25 19:00:00,25.1,53,6.5,44,0.0,230.0,23.03,72.58
2024-12-25 20:00:00,24.2,56,5.9,35,0.0,185.0,23.03,72.58
2024-12-25 21:00:00,23.5,59,5.6,15,0.0,145.0,23.03,72.58
2024-12-25 22:00:00,22.8,61,6.4,18,0.0,155.0,23.03,72.58
2024-12-25 23:00:00,22.0,64,7.9,17,0.0,235.0,23.03,72.58
2024-12-26 00:00:00,21.5,64,9.2,40,0.0,340.0,23.03,72.58
2024-12-26 01:00:00,21.1,67,10.6,56,0.0,350.0,23.03,72.58
2024-12-26 02:00:00,20.8,70,11.5,63,0.0,365.0,23.03,72.58
2024-12-26 03:00:00,20.3,73,12.0,68,0.0,360.0,23.03,72.58
2024-12-26 04:00:00,19.9,76,12.0,68,0.0,340.0,23.03,72.58
2024-12-26 05:00:00,19.6,77,11.7,70,0.0,335.0,23.03,72.58
2024-12-26 06:00:00,19.7,75,11.3,70,0.0,305.0,23.03,72.58
2024-12-26 07:00:00,19.7,76,10.2,73,0.0,300.0,23.03,72.58
2024-12-26 08:00:00,20.3,73,8.0,67,0.0,295.0,23.03,72.58
2024-12-26 09:00:00,21.9,67,8.0,70,0.0,365.0,23.03,72.58
2024-12-26 10:00:00,23.6,62,8.1,78,0.0,455.0,23.03,72.58
2024-12-26 11:00:00,25.4,57,7.6,89,0.0,535.0,23.03,72.58
2024-12-26 12:00:00,27.2,52,5.1,98,0.0,740.0,23.03,72.58
2024-12-26 13:00:00,28.5,49,3.1,121,0.0,1075.0,23.03,72.58
2024-12-26 14:00:00,29.3,46,2.8,169,0.0,1300.0,23.03,72.58
2024-12-26 15:00:00,29.5,45,4.8,191,0.0,1425.0,23.03,72.58
2024-12-26 16:00:00,29.1,46,3.4,227,0.0,1300.0,23.03,72.58
2024-12-26 17:00:00,28.8,47,3.0,232,0.0,1380.0,23.03,72.58
2024-12-26 18:00:00,27.0,55,4.8,37,0.0,315.0,23.03,72.58
2024-12-26 19:00:00,26.0,59,6.5,2,0.0,295.0,23.03,72.58
2024-12-26 20:00:00,25.3,62,5.8,356,0.0,195.0,23.03,72.58
2024-12-26 21:00:00,24.2,67,4.6,324,0.1,165.0,23.03,72.58
2024-12-26 22:00:00,23.4,72,6.9,311,0.0,125.0,23.03,72.58
2024-12-26 23:00:00,23.0,72,6.5,355,0.0,115.0,23.03,72.58
2024-12-27 00:00:00,22.5,75,6.8,358,0.0,125.0,23.03,72.58
2024-12-27 01:00:00,21.9,78,6.4,350,0.0,125.0,23.03,72.58
2024-12-27 02:00:00,21.5,80,6.0,17,0.0,175.0,23.03,72.58
2024-12-27 03:00:00,21.1,82,6.8,35,0.0,190.0,23.03,72.58
2024-12-27 04:00:00,20.7,83,6.1,60,0.0,140.0,23.03,72.58
2024-12-27 05:00:00,20.9,83,6.6,73,0.0,155.0,23.03,72.58
2024-12-27 06:00:00,21.0,82,5.1,333,0.0,110.0,23.03,72.58
2024-12-27 07:00:00,20.8,83,2.3,321,0.0,60.0,23.03,72.58
2024-12-27 08:00:00,21.3,81,4.0,30,0.0,185.0,23.03,72.58
2024-12-27 09:00:00,22.7,74,2.1,31,0.0,290.0,23.03,72.58
2024-12-27 10:00:00,24.2,67,1.3,82,0.0,495.0,23.03,72.58
2024-12-27 11:00:00,25.9,60,0.0,270,0.0,735.0,23.03,72.58
2024-12-27 12:00:00,27.1,55,1.6,270,0.0,920.0,23.03,72.58
2024-12-27 13:00:00,28.1,50,4.4,235,0.0,1310.0,23.03,72.58
2024-12-27 14:00:00,28.2,49,7.4,264,0.0,1325.0,23.03,72.58
2024-12-27 15:00:00,28.1,48,9.4,302,0.0,1275.0,23.03,72.58
2024-12-27 16:00:00,27.6,50,11.1,318,0.0,1195.0,23.03,72.58
2024-12-27 17:00:00,27.0,50,9.7,321,0.0,1075.0,23.03,72.58
2024-12-27 18:00:00,26.4,50,8.3,312,0.0,1075.0,23.03,72.58
2024-12-27 19:00:00,25.3,53,9.6,313,0.0,665.0,23.03,72.58
2024-12-27 20:00:00,24.1,55,10.7,318,0.0,540.0,23.03,72.58
2024-12-27 21:00:00,23.1,59,10.1,325,0.0,420.0,23.03,72.58
2024-12-27 22:00:00,22.4,62,9.2,325,0.0,310.0,23.03,72.58
2024-12-27 23:00:00,21.8,63,8.9,324,0.0,265.0,23.03,72.58
2024-12-28 00:00:00,21.1,65,9.6,322,0.0,280.0,23.03,72.58
2024-12-28 01:00:00,20.3,67,9.1,321,0.0,240.0,23.03,72.58
2024-12-28 02:00:00,19.5,70,8.3,333,0.0,220.0,23.03,72.58
2024-12-28 03:00:00,19.0,72,8.8,345,0.0,195.0,23.03,72.58
2024-12-28 04:00:00,18.6,75,8.7,353,0.0,240.0,23.03,72.58
2024-12-28 05:00:00,18.1,78,9.2,357,0.0,235.0,23.03,72.58
2024-12-28 06:00:00,17.7,82,8.5,354,0.0,210.0,23.03,72.58
2024-12-28 07:00:00,17.2,84,8.6,349,0.0,195.0,23.03,72.58
2024-12-28 08:00:00,17.7,80,6.7,341,0.0,210.0,23.03,72.58
2024-12-28 09:00:00,19.3,72,6.8,348,0.0,250.0,23.03,72.58
2024-12-28 10:00:00,21.5,65,5.9,349,0.0,355.0,23.03,72.58
2024-12-28 11:00:00,23.4,61,5.6,353,0.0,580.0,23.03,72.58
2024-12-28 12:00:00,25.0,55,5.1,354,0.0,1200.0,23.03,72.58
2024-12-28 13:00:00,25.9,47,4.1,337,0.0,1335.0,23.03,72.58
2024-12-28 14:00:00,26.5,42,4.5,323,0.0,1365.0,23.03,72.58
2024-12-28 15:00:00,26.7,39,5.0,325,0.0,1370.0,23.03,72.58
2024-12-28 16:00:00,26.4,40,6.3,333,0.0,1330.0,23.03,72.58
2024-12-28 17:00:00,25.7,42,7.9,336,0.0,1245.0,23.03,72.58
2024-12-28 18:00:00,25.2,49,7.3,350,0.0,525.0,23.03,72.58
2024-12-28 19:00:00,24.1,53,8.7,338,0.0,240.0,23.03,72.58
2024-12-28 20:00:00,22.9,54,9.4,334,0.0,205.0,23.03,72.58
2024-12-28 21:00:00,21.9,49,10.7,338,0.0,230.0,23.03,72.58
2024-12-28 22:00:00,20.8,42,10.9,344,0.0,195.0,23.03,72.58
2024-12-28 23:00:00,19.7,46,10.4,10,0.0,230.0,23.03,72.58
2024-12-29 00:00:00,19.0,47,10.4,8,0.0,215.0,23.03,72.58
2024-12-29 01:00:00,18.4,46,10.2,18,0.0,195.0,23.03,72.58
2024-12-29 02:00:00,18.0,52,10.7,35,0.0,260.0,23.03,72.58
2024-12-29 03:00:00,17.8,58,11.0,40,0.0,305.0,23.03,72.58
2024-12-29 04:00:00,17.7,55,11.7,44,0.0,310.0,23.03,72.58
2024-12-29 05:00:00,17.3,51,12.2,46,0.0,320.0,23.03,72.58
2024-12-29 06:00:00,17.0,59,12.7,54,0.0,305.0,23.03,72.58
2024-12-29 07:00:00,16.6,61,13.0,53,0.0,295.0,23.03,72.58
2024-12-29 08:00:00,17.3,61,10.4,54,0.0,310.0,23.03,72.58
2024-12-29 09:00:00,19.1,57,10.6,58,0.0,365.0,23.03,72.58
2024-12-29 10:00:00,21.3,53,10.9,61,0.0,460.0,23.03,72.58
2024-12-29 11:00:00,23.3,51,11.0,65,0.0,565.0,23.03,72.58
2024-12-29 12:00:00,25.0,50,10.1,63,0.0,710.0,23.03,72.58
2024-12-29 13:00:00,26.2,49,8.8,59,0.0,990.0,23.03,72.58
2024-12-29 14:00:00,26.8,48,8.0,62,0.0,1355.0,23.03,72.58
2024-12-29 15:00:00,27.0,47,7.8,53,0.0,1290.0,23.03,72.58
2024-12-29 16:00:00,26.7,47,8.7,48,0.0,1250.0,23.03,72.58
2024-12-29 17:00:00,26.1,48,8.7,42,0.0,1250.0,23.03,72.58
2024-12-29 18:00:00,24.8,51,7.9,33,0.0,800.0,23.03,72.58
2024-12-29 19:00:00,23.9,54,8.4,34,0.0,315.0,23.03,72.58
2024-12-29 20:00:00,22.8,57,8.5,29,0.0,205.0,23.03,72.58
2024-12-29 21:00:00,21.7,60,8.3,22,0.0,160.0,23.03,72.58
2024-12-29 22:00:00,20.6,62,9.0,38,0.0,190.0,23.03,72.58
2024-12-29 23:00:00,19.6,61,9.5,46,0.0,190.0,23.03,72.58
2024-12-30 00:00:00,18.6,58,10.8,53,0.0,220.0,23.03,72.58
2024-12-30 01:00:00,17.9,55,11.2,60,0.0,265.0,23.03,72.58
2024-12-30 02:00:00,17.5,56,11.5,60,0.0,270.0,23.03,72.58
2024-12-30 03:00:00,17.1,58,11.1,60,0.0,265.0,23.03,72.58
2024-12-30 04:00:00,16.7,62,11.2,58,0.0,265.0,23.03,72.58
2024-12-30 05:00:00,16.3,65,11.6,55,0.0,260.0,23.03,72.58
2024-12-30 06:00:00,15.7,65,11.8,52,0.0,245.0,23.03,72.58
2024-12-30 07:00:00,15.4,66,12.3,53,0.0,245.0,23.03,72.58
2024-12-30 08:00:00,16.0,63,9.9,52,0.0,260.0,23.03,72.58
2024-12-30 09:00:00,17.8,57,10.2,62,0.0,295.0,23.03,72.58
2024-12-30 10:00:00,20.2,51,9.7,63,0.0,360.0,23.03,72.58
2024-12-30 11:00:00,22.6,47,10.1,65,0.0,450.0,23.03,72.58
2024-12-30 12:00:00,24.5,46,9.3,68,0.0,555.0,23.03,72.58
2024-12-30 13:00:00,25.9,46,7.7,65,0.0,670.0,23.03,72.58
2024-12-30 14:00:00,26.7,45,6.8,55,0.0,865.0,23.03,72.58
2024-12-30 15:00:00,27.0,45,6.4,43,0.0,1045.0,23.03,72.58
2024-12-30 16:00:00,26.8,46,6.8,37,0.0,1120.0,23.03,72.58
2024-12-30 17:00:00,26.1,48,7.5,33,0.0,925.0,23.03,72.58
2024-12-30 18:00:00,25.5,50,7.0,29,0.0,525.0,23.03,72.58
2024-12-30 19:00:00,24.5,54,6.8,29,0.0,185.0,23.03,72.58
2024-12-30 20:00:00,23.2,59,6.4,11,0.0,120.0,23.03,72.58
2024-12-30 21:00:00,22.0,62,7.6,1,0.0,125.0,23.03,72.58
2024-12-30 22:00:00,21.3,59,7.1,9,0.0,95.0,23.03,72.58
2024-12-30 23:00:00,20.3,59,7.5,11,0.0,100.0,23.03,72.58
2024-12-31 00:00:00,19.4,60,7.3,16,0.0,90.0,23.03,72.58
2024-12-31 01:00:00,18.5,64,7.4,32,0.0,85.0,23.03,72.58
2024-12-31 02:00:00,17.5,70,8.1,47,0.0,105.0,23.03,72.58
2024-12-31 03:00:00,16.6,74,8.7,52,0.0,135.0,23.03,72.58
2024-12-31 04:00:00,16.1,73,8.8,51,0.0,140.0,23.03,72.58
2024-12-31 05:00:00,15.9,72,9.3,47,0.0,135.0,23.03,72.58
2024-12-31 06:00:00,15.9,72,9.7,50,0.0,145.0,23.03,72.58
2024-12-31 07:00:00,15.7,75,10.1,51,0.0,160.0,23.03,72.58
2024-12-31 08:00:00,16.5,72,9.2,47,0.0,175.0,23.03,72.58
2024-12-31 09:00:00,18.6,63,6.7,54,0.0,200.0,23.03,72.58
2024-12-31 10:00:00,21.3,57,5.8,56,0.0,255.0,23.03,72.58
2024-12-31 11:00:00,23.9,54,4.9,57,0.0,375.0,23.03,72.58
2024-12-31 12:00:00,25.8,49,2.7,53,0.0,690.0,23.03,72.58
2024-12-31 13:00:00,27.2,41,2.2,346,0.0,900.0,23.03,72.58
2024-12-31 14:00:00,28.0,37,2.7,328,0.0,995.0,23.03,72.58
2024-12-31 15:00:00,28.3,37,4.0,328,0.0,1020.0,23.03,72.58
2024-12-31 16:00:00,27.9,40,5.9,333,0.0,1025.0,23.03,72.58
2024-12-31 17:00:00,26.9,43,8.3,340,0.0,780.0,23.03,72.58
2024-12-31 18:00:00,25.8,46,7.4,342,0.0,365.0,23.03,72.58
2024-12-31 19:00:00,24.8,49,7.8,347,0.0,245.0,23.03,72.58
2024-12-31 20:00:00,23.9,51,5.8,353,0.0,120.0,23.03,72.58
2024-12-31 21:00:00,23.0,53,7.0,339,0.0,95.0,23.03,72.58
2024-12-31 22:00:00,22.0,57,6.9,343,0.0,85.0,23.03,72.58
2024-12-31 23:00:00,21.1,61,7.6,357,0.0,90.0,23.03,72.58
2025-01-01 00:00:00,19.9,64,7.9,12,0.0,105.0,23.03,72.58
2025-01-01 01:00:00,18.9,67,7.9,13,0.0,105.0,23.03,72.58
2025-01-01 02:00:00,18.3,69,7.5,21,0.0,90.0,23.03,72.58
2025-01-01 03:00:00,17.9,72,7.3,28,0.0,80.0,23.03,72.58
2025-01-01 04:00:00,17.2,79,8.4,47,0.0,110.0,23.03,72.58
2025-01-01 05:00:00,16.5,85,9.0,55,0.0,140.0,23.03,72.58
2025-01-01 06:00:00,16.5,86,9.5,61,0.0,180.0,23.03,72.58
2025-01-01 07:00:00,16.2,88,9.5,57,0.0,180.0,23.03,72.58
2025-01-01 08:00:00,16.9,84,8.1,58,0.0,205.0,23.03,72.58
2025-01-01 09:00:00,18.8,75,7.6,63,0.0,250.0,23.03,72.58
2025-01-01 10:00:00,21.3,65,7.9,69,0.0,320.0,23.03,72.58
2025-01-01 11:00:00,23.8,57,7.6,72,0.0,430.0,23.03,72.58
2025-01-01 12:00:00,25.9,51,7.0,77,0.0,615.0,23.03,72.58
2025-01-01 13:00:00,27.3,46,6.2,80,0.0,785.0,23.03,72.58
2025-01-01 14:00:00,28.2,41,6.0,85,0.0,910.0,23.03,72.58
2025-01-01 15:00:00,28.5,40,6.0,85,0.0,975.0,23.03,72.58
2025-01-01 16:00:00,28.3,40,5.9,79,0.0,915.0,23.03,72.58
2025-01-01 17:00:00,27.7,43,6.2,69,0.0,780.0,23.03,72.58
2025-01-01 18:00:00,26.5,50,6.2,57,0.0,420.0,23.03,72.58
2025-01-01 19:00:00,25.5,54,6.9,39,0.0,210.0,23.03,72.58
2025-01-01 20:00:00,24.4,57,7.4,41,0.0,145.0,23.03,72.58
2025-01-01 21:00:00,23.6,58,7.6,36,0.0,110.0,23.03,72.58
2025-01-01 22:00:00,22.7,59,8.0,44,0.0,110.0,23.03,72.58
2025-01-01 23:00:00,21.7,61,8.6,51,0.0,115.0,23.03,72.58
2025-01-02 00:00:00,20.7,63,9.3,58,0.0,125.0,23.03,72.58
2025-01-02 01:00:00,20.0,64,10.1,61,0.0,185.0,23.03,72.58
2025-01-02 02:00:00,19.5,67,10.1,66,0.0,190.0,23.03,72.58
2025-01-02 03:00:00,18.8,70,10.1,71,0.0,195.0,23.03,72.58
2025-01-02 04:00:00,18.3,75,10.4,75,0.0,195.0,23.03,72.58
2025-01-02 05:00:00,17.8,78,10.3,77,0.0,185.0,23.03,72.58
2025-01-02 06:00:00,16.9,76,9.9,75,0.0,175.0,23.03,72.58
2025-01-02 07:00:00,16.6,77,10.0,72,0.0,170.0,23.03,72.58
2025-01-02 08:00:00,17.2,72,8.3,68,0.0,180.0,23.03,72.58
2025-01-02 09:00:00,19.1,63,7.5,73,0.0,215.0,23.03,72.58
2025-01-02 10:00:00,21.9,54,7.5,80,0.0,270.0,23.03,72.58
2025-01-02 11:00:00,24.6,49,7.7,79,0.0,350.0,23.03,72.58
2025-01-02 12:00:00,26.9,44,7.9,78,0.0,485.0,23.03,72.58
2025-01-02 13:00:00,28.4,40,7.4,76,0.0,615.0,23.03,72.58
2025-01-02 14:00:00,29.4,38,6.9,73,0.0,690.0,23.03,72.58
2025-01-02 15:00:00,29.7,37,6.8,78,0.0,750.0,23.03,72.58
2025-01-02 16:00:00,29.3,38,7.2,89,0.0,715.0,23.03,72.58
2025-01-02 17:00:00,28.6,40,6.7,92,0.0,610.0,23.03,72.58
2025-01-02 18:00:00,28.0,44,5.3,114,0.0,160.0,23.03,72.58
2025-01-02 19:00:00,27.1,47,5.7,79,0.0,125.0,23.03,72.58
2025-01-02 20:00:00,26.0,52,6.0,57,0.0,110.0,23.03,72.58
2025-01-02 21:00:00,24.7,56,6.4,63,0.0,90.0,23.03,72.58
2025-01-02 22:00:00,23.6,59,5.9,47,0.0,70.0,23.03,72.58
2025-01-02 23:00:00,22.6,60,6.9,59,0.0,65.0,23.03,72.58
2025-01-03 00:00:00,21.4,62,8.3,70,0.0,75.0,23.03,72.58
2025-01-03 01:00:00,20.3,62,8.0,63,0.0,85.0,23.03,72.58
2025-01-03 02:00:00,19.4,61,7.7,59,0.0,90.0,23.03,72.58
2025-01-03 03:00:00,18.7,61,8.0,54,0.0,90.0,23.03,72.58
2025-01-03 04:00:00,18.0,63,8.0,56,0.0,90.0,23.03,72.58
2025-01-03 05:00:00,17.5,65,8.3,68,0.0,90.0,23.03,72.58
2025-01-03 06:00:00,16.8,69,9.4,79,0.0,95.0,23.03,72.58
2025-01-03 07:00:00,16.6,72,9.5,79,0.0,110.0,23.03,72.58
2025-01-03 08:00:00,17.2,70,9.0,80,0.0,130.0,23.03,72.58
2025-01-03 09:00:00,19.4,61,5.8,76,0.0,170.0,23.03,72.58
2025-01-03 10:00:00,22.5,50,5.7,81,0.0,240.0,23.03,72.58
2025-01-03 11:00:00,25.3,42,5.9,88,0.0,330.0,23.03,72.58
2025-01-03 12:00:00,27.5,36,4.3,85,0.0,435.0,23.03,72.58
2025-01-03 13:00:00,29.1,32,3.1,87,0.0,650.0,23.03,72.58
2025-01-03 14:00:00,30.1,29,2.7,98,0.0,820.0,23.03,72.58
2025-01-03 15:00:00,30.4,28,3.1,118,0.0,905.0,23.03,72.58
2025-01-03 16:00:00,30.3,28,3.5,118,0.0,930.0,23.03,72.58
2025-01-03 17:00:00,29.5,31,4.2,110,0.0,625.0,23.03,72.58
2025-01-03 18:00:00,28.5,35,4.8,115,0.0,90.0,23.03,72.58
2025-01-03 19:00:00,27.4,39,3.1,100,0.0,40.0,23.03,72.58
2025-01-03 20:00:00,26.5,41,2.1,15,0.0,40.0,23.03,72.58
2025-01-03 21:00:00,25.3,45,3.3,354,0.0,45.0,23.03,72.58
2025-01-03 22:00:00,24.1,50,4.1,38,0.0,45.0,23.03,72.58
2025-01-03 23:00:00,23.2,54,5.2,41,0.0,45.0,23.03,72.58
2025-01-04 00:00:00,22.1,57,6.4,22,0.0,45.0,23.03,72.58
2025-01-04 01:00:00,20.8,61,7.8,61,0.0,60.0,23.03,72.58
2025-01-04 02:00:00,19.6,62,8.0,59,0.0,65.0,23.03,72.58
2025-01-04 03:00:00,18.7,63,7.7,59,0.0,70.0,23.03,72.58
2025-01-04 04:00:00,17.9,65,7.8,61,0.0,80.0,23.03,72.58
2025-01-04 05:00:00,17.2,67,7.1,60,0.0,80.0,23.03,72.58
2025-01-04 06:00:00,16.7,71,6.9,83,0.0,85.0,23.03,72.58
2025-01-04 07:00:00,16.3,71,6.6,79,0.0,75.0,23.03,72.58
2025-01-04 08:00:00,16.9,67,5.9,70,0.0,90.0,23.03,72.58
2025-01-04 09:00:00,19.3,56,3.3,68,0.0,125.0,23.03,72.58
2025-01-04 10:00:00,22.4,46,3.3,81,0.0,210.0,23.03,72.58
2025-01-04 11:00:00,25.0,40,3.1,100,0.0,310.0,23.03,72.58
2025-01-04 12:00:00,27.2,35,2.5,120,0.0,435.0,23.03,72.58
2025-01-04 13:00:00,28.9,31,2.5,159,0.0,620.0,23.03,72.58
2025-01-04 14:00:00,29.9,27,3.2,196,0.0,870.0,23.03,72.58
2025-01-04 15:00:00,30.3,26,3.8,221,0.0,1020.0,23.03,72.58
2025-01-04 16:00:00,30.0,28,5.0,244,0.0,1010.0,23.03,72.58
2025-01-04 17:00:00,29.0,30,6.1,268,0.0,520.0,23.03,72.58
2025-01-04 18:00:00,27.8,40,8.1,315,0.0,385.0,23.03,72.58
2025-01-04 19:00:00,26.2,45,9.0,331,0.0,285.0,23.03,72.58
2025-01-04 20:00:00,25.3,47,7.6,326,0.0,175.0,23.03,72.58
2025-01-04 21:00:00,24.5,49,7.9,319,0.0,155.0,23.03,72.58
2025-01-04 22:00:00,23.3,54,7.9,319,0.0,140.0,23.03,72.58
2025-01-04 23:00:00,22.1,59,8.3,326,0.0,125.0,23.03,72.58
2025-01-05 00:00:00,21.1,61,8.3,327,0.0,125.0,23.03,72.58
2025-01-05 01:00:00,20.4,61,8.8,332,0.0,135.0,23.03,72.58
2025-01-05 02:00:00,19.9,60,8.4,332,0.0,130.0,23.03,72.58
2025-01-05 03:00:00,19.4,60,8.4,332,0.0,135.0,23.03,72.58
2025-01-05 04:00:00,18.9,60,7.9,336,0.0,130.0,23.03,72.58
2025-01-05 05:00:00,18.4,60,6.7,346,0.0,115.0,23.03,72.58
2025-01-05 06:00:00,18.3,63,5.7,342,0.0,95.0,23.03,72.58
2025-01-05 07:00:00,17.9,64,4.8,312,0.0,85.0,23.03,72.58
2025-01-05 08:00:00,18.0,64,5.6,295,0.0,115.0,23.03,72.58
2025-01-05 09:00:00,19.6,57,4.2,295,0.0,165.0,23.03,72.58
2025-01-05 10:00:00,22.1,47,4.5,299,0.0,245.0,23.03,72.58
2025-01-05 11:00:00,24.5,40,5.5,306,0.0,380.0,23.03,72.58
2025-01-05 12:00:00,26.3,35,6.6,313,0.0,725.0,23.03,72.58
2025-01-05 13:00:00,27.5,33,7.4,311,0.0,1060.0,23.03,72.58
2025-01-05 14:00:00,28.0,33,8.1,305,0.0,1240.0,23.03,72.58
2025-01-05 15:00:00,28.0,33,8.4,304,0.0,1310.0,23.03,72.58
2025-01-05 16:00:00,27.5,34,8.1,307,0.0,1230.0,23.03,72.58
2025-01-05 17:00:00,26.9,36,8.1,309,0.0,1090.0,23.03,72.58
2025-01-05 18:00:00,26.0,38,7.8,308,0.0,660.0,23.03,72.58
2025-01-05 19:00:00,24.9,41,8.8,309,0.0,355.0,23.03,72.58
2025-01-05 20:00:00,23.3,45,10.4,307,0.0,380.0,23.03,72.58
2025-01-05 21:00:00,21.8,50,11.5,310,0.0,410.0,23.03,72.58
2025-01-05 22:00:00,20.8,52,12.2,316,0.0,410.0,23.03,72.58
2025-01-05 23:00:00,20.2,49,12.2,319,0.0,330.0,23.03,72.58
2025-01-06 00:00:00,19.4,48,11.9,318,0.0,265.0,23.03,72.58
2025-01-06 01:00:00,18.5,49,11.6,318,0.0,250.0,23.03,72.58
2025-01-06 02:00:00,17.4,50,11.3,321,0.0,245.0,23.03,72.58
2025-01-06 03:00:00,16.6,49,10.4,326,0.0,205.0,23.03,72.58
2025-01-06 04:00:00,16.0,49,10.0,330,0.0,180.0,23.03,72.58
2025-01-06 05:00:00,15.4,51,10.0,337,0.0,185.0,23.03,72.58
2025-01-06 06:00:00,15.0,61,8.7,338,0.0,125.0,23.03,72.58
2025-01-06 07:00:00,14.8,64,9.2,339,0.0,140.0,23.03,72.58
2025-01-06 08:00:00,15.5,62,9.6,330,0.0,185.0,23.03,72.58
2025-01-06 09:00:00,17.6,55,6.9,354,0.0,275.0,23.03,72.58
2025-01-06 10:00:00,20.0,49,6.5,5,0.0,350.0,23.03,72.58
2025-01-06 11:00:00,22.4,42,5.9,358,0.0,690.0,23.03,72.58
2025-01-06 12:00:00,24.4,31,7.4,4,0.0,1060.0,23.03,72.58
2025-01-06 13:00:00,25.5,27,6.7,5,0.0,1190.0,23.03,72.58
2025-01-06 14:00:00,26.2,26,6.8,360,0.0,1255.0,23.03,72.58
2025-01-06 15:00:00,26.4,26,8.0,355,0.0,1270.0,23.03,72.58
2025-01-06 16:00:00,26.2,26,9.3,350,0.0,1240.0,23.03,72.58
2025-01-06 17:00:00,25.7,26,9.7,345,0.0,1190.0,23.03,72.58
2025-01-06 18:00:00,24.7,27,7.9,321,0.0,330.0,23.03,72.58
2025-01-06 19:00:00,23.0,35,10.7,325,0.0,385.0,23.03,72.58
2025-01-06 20:00:00,21.9,35,11.8,336,0.0,385.0,23.03,72.58
2025-01-06 21:00:00,20.8,36,12.1,339,0.0,385.0,23.03,72.58
2025-01-06 22:00:00,19.8,37,11.1,353,0.0,345.0,23.03,72.58
2025-01-06 23:00:00,19.1,38,11.5,1,0.0,285.0,23.03,72.58
2025-01-07 00:00:00,18.5,39,11.5,9,0.0,225.0,23.03,72.58
2025-01-07 01:00:00,18.0,42,11.3,20,0.0,230.0,23.03,72.58
2025-01-07 02:00:00,17.6,43,11.3,29,0.0,265.0,23.03,72.58
2025-01-07 03:00:00,17.2,43,11.9,35,0.0,310.0,23.03,72.58
2025-01-07 04:00:00,16.8,43,12.4,42,0.0,340.0,23.03,72.58
2025-01-07 05:00:00,16.4,44,12.5,46,0.0,340.0,23.03,72.58
2025-01-07 06:00:00,15.5,50,12.7,50,0.0,300.0,23.03,72.58
2025-01-07 07:00:00,15.1,52,12.2,52,0.0,295.0,23.03,72.58
2025-01-07 08:00:00,15.6,52,10.0,51,0.0,330.0,23.03,72.58
2025-01-07 09:00:00,17.3,47,10.5,53,0.0,395.0,23.03,72.58
2025-01-07 10:00:00,19.5,43,11.2,58,0.0,510.0,23.03,72.58
2025-01-07 11:00:00,21.8,37,12.4,62,0.0,690.0,23.03,72.58
2025-01-07 12:00:00,23.4,30,12.2,61,0.0,870.0,23.03,72.58
2025-01-07 13:00:00,24.6,24,11.3,56,0.0,955.0,23.03,72.58
2025-01-07 14:00:00,25.3,22,10.6,50,0.0,1025.0,23.03,72.58
2025-01-07 15:00:00,25.5,21,10.2,44,0.0,1035.0,23.03,72.58
2025-01-07 16:00:00,25.2,22,10.1,41,0.0,980.0,23.03,72.58
2025-01-07 17:00:00,24.6,23,9.4,42,0.0,900.0,23.03,72.58
2025-01-07 18:00:00,23.7,26,6.7,38,0.0,425.0,23.03,72.58
2025-01-07 19:00:00,22.6,29,6.0,33,0.0,105.0,23.03,72.58
2025-01-07 20:00:00,21.4,33,5.8,34,0.0,90.0,23.03,72.58
2025-01-07 21:00:00,20.3,36,6.5,24,0.0,75.0,23.03,72.58
2025-01-07 22:00:00,19.3,39,6.8,25,0.0,75.0,23.03,72.58
2025-01-07 23:00:00,18.0,43,8.3,27,0.0,100.0,23.03,72.58
2025-01-08 00:00:00,17.0,41,10.4,39,0.0,165.0,23.03,72.58
2025-01-08 01:00:00,16.1,39,10.7,54,0.0,195.0,23.03,72.58
2025-01-08 02:00:00,15.5,43,10.3,61,0.0,200.0,23.03,72.58
2025-01-08 03:00:00,15.0,49,10.1,68,0.0,190.0,23.03,72.58
2025-01-08 04:00:00,14.4,54,9.5,75,0.0,180.0,23.03,72.58
2025-01-08 05:00:00,13.9,58,9.6,67,0.0,175.0,23.03,72.58
2025-01-08 06:00:00,13.0,62,11.0,58,0.0,190.0,23.03,72.58
2025-01-08 07:00:00,12.7,64,11.6,60,0.0,200.0,23.03,72.58
2025-01-08 08:00:00,13.3,62,11.1,65,0.0,220.0,23.03,72.58
2025-01-08 09:00:00,15.2,56,8.8,75,0.0,270.0,23.03,72.58
2025-01-08 10:00:00,17.9,50,8.6,70,0.0,360.0,23.03,72.58
2025-01-08 11:00:00,20.9,39,10.1,68,0.0,470.0,23.03,72.58
2025-01-08 12:00:00,23.1,28,9.9,75,0.0,615.0,23.03,72.58
2025-01-08 13:00:00,24.5,23,9.0,78,0.0,755.0,23.03,72.58
2025-01-08 14:00:00,25.3,21,8.4,75,0.0,830.0,23.03,72.58
2025-01-08 15:00:00,25.6,20,8.1,69,0.0,800.0,23.03,72.58
2025-01-08 16:00:00,25.2,22,8.5,62,0.0,710.0,23.03,72.58
2025-01-08 17:00:00,24.3,25,8.1,65,0.0,630.0,23.03,72.58
2025-01-08 18:00:00,23.6,29,7.2,53,0.0,400.0,23.03,72.58
2025-01-08 19:00:00,22.4,33,7.6,54,0.0,210.0,23.03,72.58
2025-01-08 20:00:00,21.2,36,7.8,48,0.0,130.0,23.03,72.58
2025-01-08 21:00:00,20.4,37,8.2,49,0.0,110.0,23.03,72.58
2025-01-08 22:00:00,19.7,37,8.8,47,0.0,110.0,23.03,72.58
2025-01-08 23:00:00,18.7,39,9.1,51,0.0,110.0,23.03,72.58
2025-01-09 00:00:00,17.3,42,8.9,62,0.0,115.0,23.03,72.58
2025-01-09 01:00:00,16.1,45,9.5,63,0.0,120.0,23.03,72.58
2025-01-09 02:00:00,15.5,48,10.1,61,0.0,140.0,23.03,72.58
2025-01-09 03:00:00,15.1,52,10.7,67,0.0,160.0,23.03,72.58
2025-01-09 04:00:00,14.7,57,11.2,71,0.0,170.0,23.03,72.58
2025-01-09 05:00:00,14.3,59,11.3,72,0.0,170.0,23.03,72.58
2025-01-09 06:00:00,13.6,61,11.0,76,0.0,170.0,23.03,72.58
2025-01-09 07:00:00,13.2,63,11.4,75,0.0,180.0,23.03,72.58
2025-01-09 08:00:00,14.0,61,11.8,73,0.0,210.0,23.03,72.58
2025-01-09 09:00:00,16.2,54,8.9,76,0.0,240.0,23.03,72.58
2025-01-09 10:00:00,19.2,46,8.5,83,0.0,300.0,23.03,72.58
2025-01-09 11:00:00,22.0,39,8.3,85,0.0,370.0,23.03,72.58
2025-01-09 12:00:00,24.3,34,7.7,91,0.0,485.0,23.03,72.58
2025-01-09 13:00:00,25.9,31,7.0,93,0.0,655.0,23.03,72.58
2025-01-09 14:00:00,27.0,29,6.4,98,0.0,840.0,23.03,72.58
2025-01-09 15:00:00,27.4,29,6.2,98,0.0,915.0,23.03,72.58
2025-01-09 16:00:00,27.3,29,6.5,92,0.0,880.0,23.03,72.58
2025-01-09 17:00:00,26.6,31,6.5,84,0.0,775.0,23.03,72.58
2025-01-09 18:00:00,25.6,34,7.2,71,0.0,205.0,23.03,72.58
2025-01-09 19:00:00,24.3,37,8.9,63,0.0,170.0,23.03,72.58
2025-01-09 20:00:00,23.1,38,8.5,62,0.0,105.0,23.03,72.58
2025-01-09 21:00:00,22.2,39,8.2,58,0.0,85.0,23.03,72.58
2025-01-09 22:00:00,21.6,38,8.6,68,0.0,90.0,23.03,72.58
2025-01-09 23:00:00,20.9,39,9.4,73,0.0,95.0,23.03,72.58
2025-01-10 00:00:00,19.9,41,9.9,80,0.0,110.0,23.03,72.58
2025-01-10 01:00:00,18.8,45,10.6,79,0.0,140.0,23.03,72.58
2025-01-10 02:00:00,18.0,48,9.5,79,0.0,120.0,23.03,72.58
2025-01-10 03:00:00,17.4,51,9.4,77,0.0,110.0,23.03,72.58
2025-01-10 04:00:00,16.8,53,10.1,74,0.0,125.0,23.03,72.58
2025-01-10 05:00:00,16.4,55,10.4,73,0.0,135.0,23.03,72.58
2025-01-10 06:00:00,15.7,57,10.7,73,0.0,140.0,23.03,72.58
2025-01-10 07:00:00,15.4,59,10.9,78,0.0,145.0,23.03,72.58
2025-01-10 08:00:00,16.2,57,11.2,80,0.0,165.0,23.03,72.58
2025-01-10 09:00:00,18.3,51,7.8,83,0.0,205.0,23.03,72.58
2025-01-10 10:00:00,21.4,43,7.8,94,0.0,280.0,23.03,72.58
2025-01-10 11:00:00,24.0,37,7.2,102,0.0,385.0,23.03,72.58
2025-01-10 12:00:00,26.0,33,5.7,114,0.0,580.0,23.03,72.58
2025-01-10 13:00:00,27.5,30,5.0,136,0.0,865.0,23.03,72.58
2025-01-10 14:00:00,28.3,29,4.8,160,0.0,1095.0,23.03,72.58
2025-01-10 15:00:00,28.6,29,4.5,175,0.0,1235.0,23.03,72.58
2025-01-10 16:00:00,28.4,30,4.5,178,0.0,1135.0,23.03,72.58
2025-01-10 17:00:00,27.7,33,5.1,176,0.0,695.0,23.03,72.58
2025-01-10 18:00:00,26.9,36,5.0,215,0.0,110.0,23.03,72.58
2025-01-10 19:00:00,26.0,40,4.3,268,0.0,80.0,23.03,72.58
2025-01-10 20:00:00,25.3,42,3.3,347,0.0,55.0,23.03,72.58
2025-01-10 21:00:00,24.6,42,4.1,13,0.0,50.0,23.03,72.58
2025-01-10 22:00:00,23.8,44,5.5,71,0.0,55.0,23.03,72.58
2025-01-10 23:00:00,22.7,48,6.6,77,0.0,60.0,23.03,72.58
2025-01-11 00:00:00,21.7,51,6.7,71,0.0,55.0,23.03,72.58
2025-01-11 01:00:00,20.9,55,7.4,96,0.0,75.0,23.03,72.58
2025-01-11 02:00:00,20.0,60,8.3,204,0.0,115.0,23.03,72.58
2025-01-11 03:00:00,19.6,61,4.8,127,0.0,45.0,23.03,72.58
2025-01-11 04:00:00,19.1,64,7.1,195,0.0,80.0,23.03,72.58
2025-01-11 05:00:00,18.6,66,5.8,231,0.0,90.0,23.03,72.58
2025-01-11 06:00:00,19.6,63,4.8,245,0.0,90.0,23.03,72.58
2025-01-11 07:00:00,19.0,66,3.7,209,0.0,75.0,23.03,72.58
2025-01-11 08:00:00,19.0,66,3.5,242,0.0,155.0,23.03,72.58
2025-01-11 09:00:00,20.5,60,2.8,285,0.0,225.0,23.03,72.58
2025-01-11 10:00:00,22.7,52,2.3,309,0.0,320.0,23.03,72.58
2025-01-11 11:00:00,24.9,45,2.3,299,0.0,510.0,23.03,72.58
2025-01-11 12:00:00,26.6,40,4.5,272,0.0,1180.0,23.03,72.58
2025-01-11 13:00:00,27.5,37,7.9,273,0.0,1530.0,23.03,72.58
2025-01-11 14:00:00,27.7,35,9.1,278,0.0,1640.0,23.03,72.58
2025-01-11 15:00:00,27.7,34,9.7,285,0.0,1695.0,23.03,72.58
2025-01-11 16:00:00,27.3,34,9.8,293,0.0,1740.0,23.03,72.58
2025-01-11 17:00:00,26.6,34,9.8,296,0.0,1690.0,23.03,72.58
2025-01-11 18:00:00,25.6,38,7.9,294,0.0,565.0,23.03,72.58
2025-01-11 19:00:00,24.5,41,8.2,311,0.0,375.0,23.03,72.58
2025-01-11 20:00:00,23.6,43,8.7,315,0.0,245.0,23.03,72.58
2025-01-11 21:00:00,22.2,47,9.7,320,0.0,290.0,23.03,72.58
2025-01-11 22:00:00,21.0,51,9.6,323,0.0,270.0,23.03,72.58
2025-01-11 23:00:00,20.2,52,9.8,334,0.0,230.0,23.03,72.58
2025-01-12 00:00:00,19.9,53,9.5,345,0.0,170.0,23.03,72.58
2025-01-12 01:00:00,19.2,55,9.2,2,0.0,155.0,23.03,72.58
2025-01-12 02:00:00,18.6,57,7.9,359,0.0,125.0,23.03,72.58
2025-01-12 03:00:00,17.8,59,8.0,355,0.0,120.0,23.03,72.58
2025-01-12 04:00:00,17.2,61,8.0,9,0.0,120.0,23.03,72.58
2025-01-12 05:00:00,16.8,62,8.2,22,0.0,110.0,23.03,72.58
2025-01-12 06:00:00,16.1,67,8.3,22,0.0,120.0,23.03,72.58
2025-01-12 07:00:00,15.6,69,8.9,29,0.0,120.0,23.03,72.58
2025-01-12 08:00:00,16.0,67,8.9,24,0.0,140.0,23.03,72.58
2025-01-12 09:00:00,18.1,59,6.4,27,0.0,185.0,23.03,72.58
2025-01-12 10:00:00,21.1,51,6.5,30,0.0,315.0,23.03,72.58
2025-01-12 11:00:00,23.7,43,8.4,34,0.0,940.0,23.03,72.58
2025-01-12 12:00:00,25.4,31,8.7,32,0.0,1270.0,23.03,72.58
2025-01-12 13:00:00,26.4,25,8.9,27,0.0,1415.0,23.03,72.58
2025-01-12 14:00:00,26.9,22,9.5,22,0.0,1480.0,23.03,72.58
2025-01-12 15:00:00,27.1,21,10.0,18,0.0,1550.0,23.03,72.58
2025-01-12 16:00:00,27.1,18,10.8,15,0.0,1615.0,23.03,72.58
2025-01-12 17:00:00,26.6,18,10.5,7,0.0,1610.0,23.03,72.58
2025-01-12 18:00:00,25.4,22,7.2,354,0.0,305.0,23.03,72.58
2025-01-12 19:00:00,24.1,28,7.9,360,0.0,240.0,23.03,72.58
2025-01-12 20:00:00,22.9,29,11.3,1,0.0,355.0,23.03,72.58
2025-01-12 21:00:00,21.6,30,12.3,12,0.0,385.0,23.03,72.58
2025-01-12 22:00:00,20.3,30,13.4,15,0.0,315.0,23.03,72.58
2025-01-12 23:00:00,19.1,33,12.8,22,0.0,260.0,23.03,72.58
2025-01-13 00:00:00,18.3,36,12.4,30,0.0,265.0,23.03,72.58
2025-01-13 01:00:00,17.5,39,12.0,36,0.0,285.0,23.03,72.58
2025-01-13 02:00:00,16.9,41,12.2,41,0.0,310.0,23.03,72.58
2025-01-13 03:00:00,16.3,44,12.7,50,0.0,335.0,23.03,72.58
2025-01-13 04:00:00,15.8,51,12.9,54,0.0,355.0,23.03,72.58
2025-01-13 05:00:00,15.3,58,13.4,58,0.0,365.0,23.03,72.58
2025-01-13 06:00:00,14.4,67,14.0,57,0.0,360.0,23.03,72.58
2025-01-13 07:00:00,13.8,70,13.8,58,0.0,350.0,23.03,72.58
2025-01-13 08:00:00,14.2,69,10.5,55,0.0,345.0,23.03,72.58
2025-01-13 09:00:00,15.8,62,11.4,59,0.0,400.0,23.03,72.58
2025-01-13 10:00:00,18.0,56,11.2,58,0.0,475.0,23.03,72.58
2025-01-13 11:00:00,20.3,50,10.9,57,0.0,550.0,23.03,72.58
2025-01-13 12:00:00,22.2,41,9.8,55,0.0,650.0,23.03,72.58
2025-01-13 13:00:00,23.7,35,9.1,49,0.0,800.0,23.03,72.58
2025-01-13 14:00:00,24.7,31,9.0,43,0.0,905.0,23.03,72.58
2025-01-13 15:00:00,25.1,29,9.8,35,0.0,950.0,23.03,72.58
2025-01-13 16:00:00,24.9,28,10.2,31,0.0,935.0,23.03,72.58
2025-01-13 17:00:00,24.3,29,10.2,28,0.0,935.0,23.03,72.58
2025-01-13 18:00:00,22.8,33,8.5,35,0.0,915.0,23.03,72.58
2025-01-13 19:00:00,21.5,37,8.1,51,0.0,255.0,23.03,72.58
2025-01-13 20:00:00,20.3,41,9.4,66,0.0,325.0,23.03,72.58
2025-01-13 21:00:00,19.4,43,11.9,70,0.0,325.0,23.03,72.58
2025-01-13 22:00:00,18.4,46,11.3,61,0.0,290.0,23.03,72.58
2025-01-13 23:00:00,17.5,50,12.2,53,0.0,300.0,23.03,72.58
2025-01-14 00:00:00,16.7,57,12.7,54,0.0,340.0,23.03,72.58
2025-01-14 01:00:00,16.1,62,13.0,52,0.0,330.0,23.03,72.58
2025-01-14 02:00:00,15.4,65,13.0,53,0.0,320.0,23.03,72.58
2025-01-14 03:00:00,14.8,68,13.2,53,0.0,310.0,23.03,72.58
2025-01-14 04:00:00,14.4,70,13.6,51,0.0,300.0,23.03,72.58
2025-01-14 05:00:00,13.9,72,13.2,52,0.0,290.0,23.03,72.58
2025-01-14 06:00:00,13.5,74,13.3,58,0.0,275.0,23.03,72.58
2025-01-14 07:00:00,13.3,74,12.6,59,0.0,270.0,23.03,72.58
2025-01-14 08:00:00,13.9,71,9.5,53,0.0,290.0,23.03,72.58
2025-01-14 09:00:00,15.8,62,11.1,56,0.0,320.0,23.03,72.58
2025-01-14 10:00:00,18.4,53,10.4,69,0.0,380.0,23.03,72.58
2025-01-14 11:00:00,21.1,45,11.3,70,0.0,435.0,23.03,72.58
2025-01-14 12:00:00,23.6,40,10.1,74,0.0,555.0,23.03,72.58
2025-01-14 13:00:00,25.3,37,8.7,63,0.0,670.0,23.03,72.58
2025-01-14 14:00:00,26.3,36,7.7,62,0.0,840.0,23.03,72.58
2025-01-14 15:00:00,26.7,35,7.6,52,0.0,1020.0,23.03,72.58
2025-01-14 16:00:00,26.6,35,8.0,42,0.0,1045.0,23.03,72.58
2025-01-14 17:00:00,26.0,35,9.3,36,0.0,990.0,23.03,72.58
2025-01-14 18:00:00,24.8,38,8.2,22,0.0,550.0,23.03,72.58
2025-01-14 19:00:00,23.7,41,8.3,11,0.0,240.0,23.03,72.58
2025-01-14 20:00:00,22.5,43,9.8,354,0.0,210.0,23.03,72.58
2025-01-14 21:00:00,21.6,39,9.9,358,0.0,210.0,23.03,72.58
2025-01-14 22:00:00,20.7,37,9.4,8,0.0,200.0,23.03,72.58
2025-01-14 23:00:00,19.9,39,9.0,13,0.0,185.0,23.03,72.58
2025-01-15 00:00:00,19.2,43,9.9,10,0.0,190.0,23.03,72.58
2025-01-15 01:00:00,19.0,50,9.7,25,0.0,250.0,23.03,72.58
2025-01-15 02:00:00,18.9,58,10.3,38,0.0,280.0,23.03,72.58
2025-01-15 03:00:00,18.7,64,10.3,46,0.0,270.0,23.03,72.58
2025-01-15 04:00:00,18.5,66,10.6,46,0.0,270.0,23.03,72.58
2025-01-15 05:00:00,18.2,68,10.7,50,0.0,275.0,23.03,72.58
2025-01-15 06:00:00,17.4,72,11.1,58,0.3,260.0,23.03,72.58
2025-01-15 07:00:00,17.1,76,11.1,61,0.2,245.0,23.03,72.58
2025-01-15 08:00:00,17.8,74,6.9,45,0.0,250.0,23.03,72.58
2025-01-15 09:00:00,19.5,67,6.9,41,0.0,285.0,23.03,72.58
2025-01-15 10:00:00,21.2,61,7.1,52,0.0,375.0,23.03,72.58
2025-01-15 11:00:00,23.1,56,6.1,30,0.0,495.0,23.03,72.58
2025-01-15 12:00:00,24.7,51,4.7,16,0.0,615.0,23.03,72.58
2025-01-15 13:00:00,26.1,48,3.8,357,0.0,815.0,23.03,72.58
2025-01-15 14:00:00,26.9,47,5.3,327,0.0,1030.0,23.03,72.58
2025-01-15 15:00:00,27.1,47,8.6,319,0.0,1185.0,23.03,72.58
2025-01-15 16:00:00,26.6,50,10.3,324,0.0,1075.0,23.03,72.58
2025-01-15 17:00:00,25.8,52,10.2,330,0.0,970.0,23.03,72.58
2025-01-15 18:00:00,24.9,54,8.9,326,0.0,860.0,23.03,72.58
2025-01-15 19:00:00,24.2,56,8.9,318,0.0,555.0,23.03,72.58
2025-01-15 20:00:00,23.1,55,12.3,322,0.0,485.0,23.03,72.58
2025-01-15 21:00:00,21.8,56,11.9,325,0.0,365.0,23.03,72.58
2025-01-15 22:00:00,21.0,55,10.9,329,0.0,325.0,23.03,72.58
2025-01-15 23:00:00,20.3,54,10.7,335,0.0,310.0,23.03,72.58
2025-01-16 00:00:00,19.8,54,11.4,335,0.0,285.0,23.03,72.58
2025-01-16 01:00:00,19.2,54,11.2,341,0.0,255.0,23.03,72.58
2025-01-16 02:00:00,18.6,54,10.7,344,0.0,230.0,23.03,72.58
2025-01-16 03:00:00,17.9,54,10.3,344,0.0,205.0,23.03,72.58
2025-01-16 04:00:00,17.2,55,9.3,345,0.0,180.0,23.03,72.58
2025-01-16 05:00:00,16.5,57,8.3,355,0.0,170.0,23.03,72.58
2025-01-16 06:00:00,15.7,66,8.8,358,0.0,140.0,23.03,72.58
2025-01-16 07:00:00,15.2,72,8.8,4,0.0,135.0,23.03,72.58
2025-01-16 08:00:00,15.8,73,8.1,3,0.0,150.0,23.03,72.58
2025-01-16 09:00:00,17.9,67,5.8,7,0.0,215.0,23.03,72.58
2025-01-16 10:00:00,20.6,56,6.1,12,0.0,360.0,23.03,72.58
2025-01-16 11:00:00,23.3,44,8.0,16,0.0,875.0,23.03,72.58
2025-01-16 12:00:00,25.5,27,11.5,20,0.0,1185.0,23.03,72.58
2025-01-16 13:00:00,26.8,20,12.8,19,0.0,1435.0,23.03,72.58
2025-01-16 14:00:00,27.4,18,12.1,15,0.0,1615.0,23.03,72.58
2025-01-16 15:00:00,27.6,17,11.2,15,0.0,1670.0,23.03,72.58
2025-01-16 16:00:00,27.5,16,10.5,16,0.0,1670.0,23.03,72.58
2025-01-16 17:00:00,27.0,17,9.6,13,0.0,1670.0,23.03,72.58
2025-01-16 18:00:00,25.4,21,6.8,25,0.0,225.0,23.03,72.58
2025-01-16 19:00:00,23.8,26,8.8,39,0.0,265.0,23.03,72.58
2025-01-16 20:00:00,22.7,30,10.1,40,0.0,385.0,23.03,72.58
2025-01-16 21:00:00,21.4,34,12.1,49,0.0,405.0,23.03,72.58
2025-01-16 22:00:00,20.3,38,12.7,43,0.0,415.0,23.03,72.58
2025-01-16 23:00:00,19.3,42,12.7,44,0.0,405.0,23.03,72.58
2025-01-17 00:00:00,18.6,47,14.1,50,0.0,425.0,23.03,72.58
2025-01-17 01:00:00,18.1,53,14.1,51,0.0,415.0,23.03,72.58
2025-01-17 02:00:00,17.4,58,14.0,55,0.0,420.0,23.03,72.58
2025-01-17 03:00:00,16.7,61,14.6,60,0.0,420.0,23.03,72.58
2025-01-17 04:00:00,16.2,63,14.6,58,0.0,405.0,23.03,72.58
2025-01-17 05:00:00,15.7,68,14.7,62,0.0,400.0,23.03,72.58
2025-01-17 06:00:00,15.4,71,15.0,63,0.0,385.0,23.03,72.58
2025-01-17 07:00:00,15.2,74,14.1,59,0.0,375.0,23.03,72.58
2025-01-17 08:00:00,15.9,71,11.0,55,0.0,385.0,23.03,72.58
2025-01-17 09:00:00,17.6,66,13.2,59,0.0,415.0,23.03,72.58
2025-01-17 10:00:00,19.9,60,12.9,60,0.0,465.0,23.03,72.58
2025-01-17 11:00:00,22.2,55,12.5,62,0.0,530.0,23.03,72.58
2025-01-17 12:00:00,24.2,51,12.3,60,0.0,620.0,23.03,72.58
2025-01-17 13:00:00,25.7,48,11.9,61,0.0,720.0,23.03,72.58
2025-01-17 14:00:00,26.6,47,11.7,63,0.0,865.0,23.03,72.58
2025-01-17 15:00:00,27.0,47,11.1,63,0.0,970.0,23.03,72.58
2025-01-17 16:00:00,26.7,48,11.3,65,0.0,945.0,23.03,72.58
2025-01-17 17:00:00,26.1,49,11.0,66,0.0,810.0,23.03,72.58
2025-01-17 18:00:00,24.9,52,8.8,59,0.0,680.0,23.03,72.58
2025-01-17 19:00:00,24.1,54,10.1,63,0.0,485.0,23.03,72.58
2025-01-17 20:00:00,23.2,56,11.1,58,0.0,410.0,23.03,72.58
2025-01-17 21:00:00,22.4,57,12.0,57,0.0,415.0,23.03,72.58
2025-01-17 22:00:00,21.6,57,13.3,57,0.0,445.0,23.03,72.58
2025-01-17 23:00:00,20.9,60,13.9,61,0.0,405.0,23.03,72.58
2025-01-18 00:00:00,20.2,65,13.8,64,0.0,370.0,23.03,72.58
2025-01-18 01:00:00,19.7,68,13.5,65,0.0,350.0,23.03,72.58
2025-01-18 02:00:00,19.1,70,12.9,67,0.0,335.0,23.03,72.58
2025-01-18 03:00:00,18.7,71,13.0,66,0.0,320.0,23.03,72.58
2025-01-18 04:00:00,18.3,71,13.0,66,0.0,310.0,23.03,72.58
2025-01-18 05:00:00,18.0,71,12.7,67,0.0,295.0,23.03,72.58
2025-01-18 06:00:00,17.7,72,12.5,74,0.0,265.0,23.03,72.58
2025-01-18 07:00:00,17.5,73,13.0,76,0.0,260.0,23.03,72.58
2025-01-18 08:00:00,18.2,70,9.3,72,0.0,270.0,23.03,72.58
2025-01-18 09:00:00,20.0,64,10.2,77,0.0,330.0,23.03,72.58
2025-01-18 10:00:00,22.5,57,10.7,82,0.0,405.0,23.03,72.58
2025-01-18 11:00:00,24.9,51,10.4,90,0.0,495.0,23.03,72.58
2025-01-18 12:00:00,27.0,46,8.4,100,0.0,645.0,23.03,72.58
2025-01-18 13:00:00,28.7,41,7.2,115,0.0,850.0,23.03,72.58
2025-01-18 14:00:00,29.8,38,6.6,137,0.0,1080.0,23.03,72.58
2025-01-18 15:00:00,30.2,37,5.6,151,0.0,1270.0,23.03,72.58
2025-01-18 16:00:00,30.0,38,5.6,151,0.0,1270.0,23.03,72.58
2025-01-18 17:00:00,29.5,40,5.8,144,0.0,1060.0,23.03,72.58
2025-01-18 18:00:00,28.2,44,3.8,169,0.0,50.0,23.03,72.58
2025-01-18 19:00:00,27.4,47,3.3,131,0.0,60.0,23.03,72.58
2025-01-18 20:00:00,26.3,51,4.6,59,0.0,80.0,23.03,72.58
2025-01-18 21:00:00,25.4,56,5.2,74,0.0,70.0,23.03,72.58
2025-01-18 22:00:00,24.7,59,5.4,42,0.0,60.0,23.03,72.58
2025-01-18 23:00:00,23.5,64,7.3,70,0.0,80.0,23.03,72.58
2025-01-19 00:00:00,22.5,67,9.0,75,0.0,125.0,23.03,72.58
2025-01-19 01:00:00,22.0,68,9.0,80,0.0,110.0,23.03,72.58
2025-01-19 02:00:00,21.5,69,9.6,102,0.0,135.0,23.03,72.58
2025-01-19 03:00:00,21.3,67,8.7,103,0.0,125.0,23.03,72.58
2025-01-19 04:00:00,20.9,67,8.5,97,0.0,115.0,23.03,72.58
2025-01-19 05:00:00,20.4,69,7.4,103,0.0,110.0,23.03,72.58
2025-01-19 06:00:00,19.2,75,7.2,96,0.0,90.0,23.03,72.58
2025-01-19 07:00:00,18.8,77,7.6,97,0.0,85.0,23.03,72.58
2025-01-19 08:00:00,19.5,73,6.7,96,0.0,95.0,23.03,72.58
2025-01-19 09:00:00,21.9,62,4.5,95,0.0,160.0,23.03,72.58
2025-01-19 10:00:00,24.8,51,5.5,103,0.0,280.0,23.03,72.58
2025-01-19 11:00:00,27.1,43,5.1,113,0.0,490.0,23.03,72.58
2025-01-19 12:00:00,28.7,37,4.9,126,0.0,735.0,23.03,72.58
2025-01-19 13:00:00,29.9,33,4.5,146,0.0,1075.0,23.03,72.58
2025-01-19 14:00:00,30.7,31,3.9,164,0.0,1670.0,23.03,72.58
2025-01-19 15:00:00,31.1,29,3.2,177,0.0,1835.0,23.03,72.58
2025-01-19 16:00:00,31.0,29,3.6,177,0.0,1895.0,23.03,72.58
2025-01-19 17:00:00,30.5,30,3.3,167,0.0,1900.0,23.03,72.58
2025-01-19 18:00:00,28.9,34,3.3,139,0.0,45.0,23.03,72.58
2025-01-19 19:00:00,28.0,36,0.7,284,0.0,45.0,23.03,72.58
2025-01-19 20:00:00,27.6,37,0.9,143,0.0,75.0,23.03,72.58
2025-01-19 21:00:00,26.8,40,2.3,86,0.0,75.0,23.03,72.58
2025-01-19 22:00:00,25.6,44,2.7,42,0.0,60.0,23.03,72.58
2025-01-19 23:00:00,25.1,46,3.2,3,0.0,40.0,23.03,72.58
2025-01-20 00:00:00,24.4,48,4.2,7,0.0,45.0,23.03,72.58
2025-01-20 01:00:00,23.4,51,4.8,65,0.0,45.0,23.03,72.58
2025-01-20 02:00:00,22.0,55,6.8,92,0.0,85.0,23.03,72.58
2025-01-20 03:00:00,21.0,60,5.2,70,0.0,70.0,23.03,72.58
2025-01-20 04:00:00,20.0,65,6.1,66,0.0,70.0,23.03,72.58
2025-01-20 05:00:00,19.6,66,7.3,46,0.0,70.0,23.03,72.58
2025-01-20 06:00:00,18.6,69,8.4,65,0.0,95.0,23.03,72.58
2025-01-20 07:00:00,18.2,70,8.7,76,0.0,110.0,23.03,72.58
2025-01-20 08:00:00,18.9,67,8.0,76,0.0,115.0,23.03,72.58
2025-01-20 09:00:00,21.1,58,4.5,74,0.0,155.0,23.03,72.58
2025-01-20 10:00:00,24.1,49,4.0,80,0.0,240.0,23.03,72.58
2025-01-20 11:00:00,26.8,42,3.6,87,0.0,360.0,23.03,72.58
2025-01-20 12:00:00,28.9,36,2.9,90,0.0,665.0,23.03,72.58
2025-01-20 13:00:00,30.2,31,2.6,102,0.0,1505.0,23.03,72.58
2025-01-20 14:00:00,31.0,29,1.7,103,0.0,1680.0,23.03,72.58
2025-01-20 15:00:00,31.2,28,2.3,113,0.0,1770.0,23.03,72.58
2025-01-20 16:00:00,31.1,28,3.1,100,0.0,1820.0,23.03,72.58
2025-01-20 17:00:00,30.4,30,3.8,95,0.0,1840.0,23.03,72.58
2025-01-20 18:00:00,28.9,33,1.9,163,0.0,35.0,23.03,72.58
2025-01-20 19:00:00,28.2,35,2.5,249,0.0,80.0,23.03,72.58
2025-01-20 20:00:00,27.8,37,4.2,263,0.0,110.0,23.03,72.58
2025-01-20 21:00:00,27.2,39,3.1,336,0.0,65.0,23.03,72.58
2025-01-20 22:00:00,26.2,42,4.7,356,0.0,45.0,23.03,72.58
2025-01-20 23:00:00,24.9,45,5.6,22,0.0,50.0,23.03,72.58
2025-01-21 00:00:00,23.9,48,5.9,346,0.0,55.0,23.03,72.58
2025-01-21 01:00:00,22.5,52,7.9,4,0.0,90.0,23.03,72.58
2025-01-21 02:00:00,21.6,56,8.6,350,0.0,95.0,23.03,72.58
2025-01-21 03:00:00,20.8,60,7.2,22,0.0,105.0,23.03,72.58
2025-01-21 04:00:00,20.1,62,7.5,33,0.0,120.0,23.03,72.58
2025-01-21 05:00:00,19.7,63,7.3,33,0.0,100.0,23.03,72.58
2025-01-21 06:00:00,19.5,65,6.7,36,0.0,75.0,23.03,72.58
2025-01-21 07:00:00,19.0,67,7.0,46,0.0,75.0,23.03,72.58
2025-01-21 08:00:00,19.2,66,5.7,49,0.0,95.0,23.03,72.58
2025-01-21 09:00:00,21.4,58,3.3,41,0.0,130.0,23.03,72.58
2025-01-21 10:00:00,24.5,48,3.1,54,0.0,210.0,23.03,72.58
2025-01-21 11:00:00,27.2,40,3.1,59,0.0,490.0,23.03,72.58
2025-01-21 12:00:00,28.9,35,3.0,38,0.0,1400.0,23.03,72.58
2025-01-21 13:00:00,29.9,31,2.3,23,0.0,1585.0,23.03,72.58
2025-01-21 14:00:00,30.5,29,3.2,357,0.0,1735.0,23.03,72.58
2025-01-21 15:00:00,30.7,29,4.6,349,0.0,1810.0,23.03,72.58
2025-01-21 16:00:00,30.3,30,6.2,348,0.0,1810.0,23.03,72.58
2025-01-21 17:00:00,29.6,31,8.0,354,0.0,1755.0,23.03,72.58
2025-01-21 18:00:00,28.7,32,6.5,358,0.0,430.0,23.03,72.58
2025-01-21 19:00:00,27.8,35,5.1,328,0.0,175.0,23.03,72.58
2025-01-21 20:00:00,27.1,38,3.6,297,0.0,70.0,23.03,72.58
2025-01-21 21:00:00,26.1,41,2.6,326,0.0,60.0,23.03,72.58
2025-01-21 22:00:00,25.2,44,3.3,22,0.0,50.0,23.03,72.58
2025-01-21 23:00:00,24.7,47,4.3,360,0.0,60.0,23.03,72.58
2025-01-22 00:00:00,23.1,52,8.1,305,0.0,115.0,23.03,72.58
2025-01-22 01:00:00,21.8,55,8.1,332,0.0,135.0,23.03,72.58
2025-01-22 02:00:00,21.1,56,9.1,346,0.0,140.0,23.03,72.58
2025-01-22 03:00:00,20.5,58,8.6,350,0.0,130.0,23.03,72.58
2025-01-22 04:00:00,20.2,59,8.5,348,0.0,120.0,23.03,72.58
2025-01-22 05:00:00,19.6,60,8.0,337,0.0,115.0,23.03,72.58
2025-01-22 06:00:00,19.3,64,7.3,337,0.0,95.0,23.03,72.58
2025-01-22 07:00:00,18.9,65,7.2,333,0.0,90.0,23.03,72.58
2025-01-22 08:00:00,19.4,62,6.1,330,0.0,100.0,23.03,72.58
2025-01-22 09:00:00,21.5,54,4.2,317,0.0,165.0,23.03,72.58
2025-01-22 10:00:00,24.2,44,4.5,320,0.0,320.0,23.03,72.58
2025-01-22 11:00:00,26.5,36,5.7,314,0.0,750.0,23.03,72.58
2025-01-22 12:00:00,27.8,33,6.9,301,0.0,1175.0,23.03,72.58
2025-01-22 13:00:00,28.6,31,7.9,291,0.0,1415.0,23.03,72.58
2025-01-22 14:00:00,29.1,27,8.7,288,0.0,1515.0,23.03,72.58
2025-01-22 15:00:00,29.2,25,8.8,293,0.0,1530.0,23.03,72.58
2025-01-22 16:00:00,28.8,26,8.6,299,0.0,1480.0,23.03,72.58
2025-01-22 17:00:00,28.1,26,8.3,300,0.0,1385.0,23.03,72.58
2025-01-22 18:00:00,27.3,29,7.3,298,0.0,580.0,23.03,72.58
2025-01-22 19:00:00,26.3,31,7.0,296,0.0,265.0,23.03,72.58
2025-01-22 20:00:00,24.9,34,7.8,292,0.0,240.0,23.03,72.58
2025-01-22 21:00:00,23.6,37,8.5,294,0.0,235.0,23.03,72.58
2025-01-22 22:00:00,22.5,40,9.2,301,0.0,220.0,23.03,72.58
2025-01-22 23:00:00,21.7,41,9.9,307,0.0,205.0,23.03,72.58
2025-01-23 00:00:00,21.0,43,10.0,309,0.0,205.0,23.03,72.58
2025-01-23 01:00:00,20.4,44,10.5,308,0.0,225.0,23.03,72.58
2025-01-23 02:00:00,19.9,43,10.8,308,0.0,250.0,23.03,72.58
2025-01-23 03:00:00,19.2,44,10.8,318,0.0,260.0,23.03,72.58
2025-01-23 04:00:00,18.4,45,10.7,323,0.0,245.0,23.03,72.58
2025-01-23 05:00:00,17.6,47,10.2,329,0.0,240.0,23.03,72.58
2025-01-23 06:00:00,17.0,53,8.9,335,0.0,185.0,23.03,72.58
2025-01-23 07:00:00,16.4,56,9.0,331,0.0,155.0,23.03,72.58
2025-01-23 08:00:00,16.9,55,7.5,330,0.0,150.0,23.03,72.58
2025-01-23 09:00:00,19.1,50,6.4,338,0.0,225.0,23.03,72.58
2025-01-23 10:00:00,22.1,44,6.9,343,0.0,300.0,23.03,72.58
2025-01-23 11:00:00,24.8,38,6.5,346,0.0,480.0,23.03,72.58
2025-01-23 12:00:00,26.9,30,7.2,359,0.0,1385.0,23.03,72.58
2025-01-23 13:00:00,27.9,25,7.6,356,0.0,1740.0,23.03,72.58
2025-01-23 14:00:00,28.4,23,8.1,348,0.0,1905.0,23.03,72.58
2025-01-23 15:00:00,28.3,23,9.3,342,0.0,1940.0,23.03,72.58
2025-01-23 16:00:00,27.9,23,10.4,340,0.0,1675.0,23.03,72.58
2025-01-23 17:00:00,27.2,24,10.1,340,0.0,1545.0,23.03,72.58
2025-01-23 18:00:00,26.5,26,9.9,328,0.0,580.0,23.03,72.58
2025-01-23 19:00:00,25.3,28,12.5,325,0.0,405.0,23.03,72.58
2025-01-23 20:00:00,24.1,30,12.7,339,0.0,495.0,23.03,72.58
2025-01-23 21:00:00,23.1,31,13.6,352,0.0,440.0,23.03,72.58
2025-01-23 22:00:00,22.2,32,11.4,357,0.0,460.0,23.03,72.58
2025-01-23 23:00:00,21.4,33,12.1,4,0.0,360.0,23.03,72.58
2025-01-24 00:00:00,20.6,35,11.5,17,0.0,275.0,23.03,72.58
2025-01-24 01:00:00,20.2,38,10.9,24,0.0,270.0,23.03,72.58
2025-01-24 02:00:00,19.5,43,10.4,34,0.0,285.0,23.03,72.58
2025-01-24 03:00:00,19.0,49,10.8,37,0.0,340.0,23.03,72.58
2025-01-24 04:00:00,18.6,54,11.4,39,0.0,360.0,23.03,72.58
2025-01-24 05:00:00,18.1,58,11.8,46,0.0,385.0,23.03,72.58
2025-01-24 06:00:00,17.8,61,13.0,53,0.0,455.0,23.03,72.58
2025-01-24 07:00:00,17.5,61,13.6,53,0.0,450.0,23.03,72.58
2025-01-24 08:00:00,18.1,61,10.9,54,0.0,455.0,23.03,72.58
2025-01-24 09:00:00,19.8,57,13.2,60,0.0,495.0,23.03,72.58
2025-01-24 10:00:00,21.8,52,13.8,59,0.0,585.0,23.03,72.58
2025-01-24 11:00:00,24.0,43,14.0,59,0.0,730.0,23.03,72.58
2025-01-24 12:00:00,25.9,35,14.9,60,0.0,920.0,23.03,72.58
2025-01-24 13:00:00,27.0,31,14.2,60,0.0,1090.0,23.03,72.58
2025-01-24 14:00:00,27.8,28,13.0,56,0.0,1260.0,23.03,72.58
2025-01-24 15:00:00,28.1,26,12.0,55,0.0,1310.0,23.03,72.58
2025-01-24 16:00:00,27.9,26,11.9,55,0.0,1270.0,23.03,72.58
2025-01-24 17:00:00,27.3,27,11.9,55,0.0,1115.0,23.03,72.58
2025-01-24 18:00:00,26.2,30,9.1,58,0.0,795.0,23.03,72.58
2025-01-24 19:00:00,25.1,34,8.8,55,0.0,425.0,23.03,72.58
2025-01-24 20:00:00,24.1,36,10.9,51,0.0,360.0,23.03,72.58
2025-01-24 21:00:00,23.1,35,12.2,52,0.0,315.0,23.03,72.58
2025-01-24 22:00:00,22.1,36,13.4,50,0.0,325.0,23.03,72.58
2025-01-24 23:00:00,21.3,36,13.8,55,0.0,390.0,23.03,72.58
2025-01-25 00:00:00,20.6,37,13.3,58,0.0,370.0,23.03,72.58
2025-01-25 01:00:00,19.9,38,13.0,57,0.0,350.0,23.03,72.58
2025-01-25 02:00:00,19.2,41,12.8,56,0.0,330.0,23.03,72.58
2025-01-25 03:00:00,18.7,43,12.8,56,0.0,310.0,23.03,72.58
2025-01-25 04:00:00,18.2,44,12.8,56,0.0,290.0,23.03,72.58
2025-01-25 05:00:00,17.8,45,12.7,55,0.0,280.0,23.03,72.58
2025-01-25 06:00:00,16.9,48,13.1,58,0.0,280.0,23.03,72.58
2025-01-25 07:00:00,16.6,48,13.2,60,0.0,275.0,23.03,72.58
2025-01-25 08:00:00,17.2,44,9.8,58,0.0,280.0,23.03,72.58
2025-01-25 09:00:00,18.9,39,11.2,58,0.0,315.0,23.03,72.58
2025-01-25 10:00:00,21.3,35,10.9,59,0.0,375.0,23.03,72.58
2025-01-25 11:00:00,24.0,32,11.3,59,0.0,480.0,23.03,72.58
2025-01-25 12:00:00,26.2,31,11.1,63,0.0,615.0,23.03,72.58
2025-01-25 13:00:00,27.6,32,10.0,64,0.0,780.0,23.03,72.58
2025-01-25 14:00:00,28.5,32,8.6,60,0.0,990.0,23.03,72.58
2025-01-25 15:00:00,28.8,32,7.6,52,0.0,1235.0,23.03,72.58
2025-01-25 16:00:00,28.8,32,7.6,43,0.0,1200.0,23.03,72.58
2025-01-25 17:00:00,28.3,32,8.3,39,0.0,1140.0,23.03,72.58
2025-01-25 18:00:00,27.4,33,6.1,40,0.0,425.0,23.03,72.58
2025-01-25 19:00:00,26.1,37,5.5,38,0.0,130.0,23.03,72.58
2025-01-25 20:00:00,24.8,42,5.9,20,0.0,120.0,23.03,72.58
2025-01-25 21:00:00,23.7,45,7.4,6,0.0,125.0,23.03,72.58
2025-01-25 22:00:00,22.8,47,8.5,1,0.0,115.0,23.03,72.58
2025-01-25 23:00:00,21.8,47,9.0,5,0.0,120.0,23.03,72.58
2025-01-26 00:00:00,20.9,44,8.8,4,0.0,115.0,23.03,72.58
2025-01-26 01:00:00,20.1,42,8.2,19,0.0,105.0,23.03,72.58
2025-01-26 02:00:00,18.7,49,8.8,49,0.0,130.0,23.03,72.58
2025-01-26 03:00:00,17.8,54,8.8,44,0.0,145.0,23.03,72.58
2025-01-26 04:00:00,17.5,54,9.6,41,0.0,145.0,23.03,72.58
2025-01-26 05:00:00,17.2,54,10.1,43,0.0,150.0,23.03,72.58
2025-01-26 06:00:00,16.6,58,10.3,46,0.0,160.0,23.03,72.58
2025-01-26 07:00:00,16.3,59,10.2,49,0.0,160.0,23.03,72.58
2025-01-26 08:00:00,17.1,56,9.6,56,0.0,185.0,23.03,72.58
2025-01-26 09:00:00,19.2,50,7.8,61,0.0,225.0,23.03,72.58
2025-01-26 10:00:00,22.1,45,7.6,65,0.0,300.0,23.03,72.58
2025-01-26 11:00:00,24.8,42,8.1,65,0.0,405.0,23.03,72.58
2025-01-26 12:00:00,27.0,39,7.8,68,0.0,570.0,23.03,72.58
2025-01-26 13:00:00,28.5,37,6.8,68,0.0,1050.0,23.03,72.58
2025-01-26 14:00:00,29.4,32,5.6,65,0.0,1150.0,23.03,72.58
2025-01-26 15:00:00,29.8,30,5.2,56,0.0,1175.0,23.03,72.58
2025-01-26 16:00:00,29.6,30,5.2,46,0.0,1175.0,23.03,72.58
2025-01-26 17:00:00,29.1,31,5.7,46,0.0,1170.0,23.03,72.58
2025-01-26 18:00:00,28.2,34,6.1,32,0.0,395.0,23.03,72.58
2025-01-26 19:00:00,27.2,38,5.8,14,0.0,135.0,23.03,72.58
2025-01-26 20:00:00,25.7,42,6.3,3,0.0,120.0,23.03,72.58
2025-01-26 21:00:00,24.5,45,7.7,1,0.0,120.0,23.03,72.58
2025-01-26 22:00:00,23.8,44,7.4,353,0.0,90.0,23.03,72.58
2025-01-26 23:00:00,22.6,46,8.1,359,0.0,100.0,23.03,72.58
2025-01-27 00:00:00,21.6,47,7.2,1,0.0,95.0,23.03,72.58
2025-01-27 01:00:00,20.7,49,7.5,17,0.0,95.0,23.03,72.58
2025-01-27 02:00:00,19.4,53,8.5,36,0.0,110.0,23.03,72.58
2025-01-27 03:00:00,18.5,54,9.0,46,0.0,120.0,23.03,72.58
2025-01-27 04:00:00,18.0,54,9.2,45,0.0,120.0,23.03,72.58
2025-01-27 05:00:00,17.5,55,8.9,50,0.0,115.0,23.03,72.58
2025-01-27 06:00:00,16.8,60,8.9,47,0.0,130.0,23.03,72.58
2025-01-27 07:00:00,16.4,60,9.6,49,0.0,145.0,23.03,72.58
2025-01-27 08:00:00,17.1,57,9.1,51,0.0,175.0,23.03,72.58
2025-01-27 09:00:00,19.3,49,7.2,55,0.0,215.0,23.03,72.58
2025-01-27 10:00:00,22.2,42,7.4,58,0.0,290.0,23.03,72.58
2025-01-27 11:00:00,25.0,37,7.8,64,0.0,425.0,23.03,72.58
2025-01-27 12:00:00,27.1,35,6.7,63,0.0,655.0,23.03,72.58
2025-01-27 13:00:00,28.6,33,7.1,63,0.0,950.0,23.03,72.58
2025-01-27 14:00:00,29.4,31,6.9,59,0.0,1040.0,23.03,72.58
2025-01-27 15:00:00,29.8,30,6.0,53,0.0,1080.0,23.03,72.58
2025-01-27 16:00:00,29.7,30,5.4,56,0.0,1095.0,23.03,72.58
2025-01-27 17:00:00,29.2,31,5.5,63,0.0,1050.0,23.03,72.58
2025-01-27 18:00:00,28.4,33,4.3,66,0.0,240.0,23.03,72.58
2025-01-27 19:00:00,27.6,36,3.3,41,0.0,85.0,23.03,72.58
2025-01-27 20:00:00,26.4,39,5.2,348,0.0,95.0,23.03,72.58
2025-01-27 21:00:00,25.6,41,6.5,357,0.0,95.0,23.03,72.58
2025-01-27 22:00:00,24.5,43,7.4,7,0.0,95.0,23.03,72.58
2025-01-27 23:00:00,23.6,43,8.5,359,0.0,120.0,23.03,72.58
2025-01-28 00:00:00,22.8,42,8.5,356,0.0,105.0,23.03,72.58
2025-01-28 01:00:00,22.0,44,7.9,16,0.0,90.0,23.03,72.58
2025-01-28 02:00:00,20.6,49,8.1,59,0.0,110.0,23.03,72.58
2025-01-28 03:00:00,19.6,53,8.4,53,0.0,110.0,23.03,72.58
2025-01-28 04:00:00,19.0,52,9.2,50,0.0,125.0,23.03,72.58
2025-01-28 05:00:00,18.7,50,9.6,53,0.0,140.0,23.03,72.58
2025-01-28 06:00:00,18.5,50,9.8,62,0.0,155.0,23.03,72.58
2025-01-28 07:00:00,18.2,51,9.7,63,0.0,155.0,23.03,72.58
2025-01-28 08:00:00,18.9,49,8.7,66,0.0,170.0,23.03,72.58
2025-01-28 09:00:00,20.9,44,6.5,66,0.0,205.0,23.03,72.58
2025-01-28 10:00:00,23.4,40,6.8,73,0.0,265.0,23.03,72.58
2025-01-28 11:00:00,26.2,37,6.6,79,0.0,375.0,23.03,72.58
2025-01-28 12:00:00,28.3,36,5.4,75,0.0,540.0,23.03,72.58
2025-01-28 13:00:00,29.8,34,4.0,72,0.0,800.0,23.03,72.58
2025-01-28 14:00:00,30.8,32,3.6,90,0.0,1020.0,23.03,72.58
2025-01-28 15:00:00,31.3,30,3.6,110,0.0,1085.0,23.03,72.58
2025-01-28 16:00:00,31.3,30,2.2,114,0.0,1145.0,23.03,72.58
2025-01-28 17:00:00,30.9,31,2.6,115,0.0,1155.0,23.03,72.58
2025-01-28 18:00:00,29.7,33,2.1,110,0.0,40.0,23.03,72.58
2025-01-28 19:00:00,28.4,36,1.4,220,0.0,45.0,23.03,72.58
2025-01-28 20:00:00,27.5,39,3.7,227,0.0,65.0,23.03,72.58
2025-01-28 21:00:00,27.0,42,3.7,241,0.0,65.0,23.03,72.58
2025-01-28 22:00:00,26.2,43,3.5,321,0.0,55.0,23.03,72.58
2025-01-28 23:00:00,25.2,46,3.2,322,0.0,30.0,23.03,72.58
2025-01-29 00:00:00,24.2,48,2.7,318,0.0,35.0,23.03,72.58
2025-01-29 01:00:00,23.3,51,2.4,27,0.0,30.0,23.03,72.58
2025-01-29 02:00:00,21.9,57,4.7,32,0.0,40.0,23.03,72.58
2025-01-29 03:00:00,20.8,62,5.1,42,0.0,45.0,23.03,72.58
2025-01-29 04:00:00,20.1,66,5.1,42,0.0,40.0,23.03,72.58
2025-01-29 05:00:00,19.5,69,4.3,62,0.0,40.0,23.03,72.58
2025-01-29 06:00:00,18.5,74,4.9,73,0.0,40.0,23.03,72.58
2025-01-29 07:00:00,18.1,75,3.8,93,0.0,40.0,23.03,72.58
2025-01-29 08:00:00,18.6,72,1.7,103,0.0,55.0,23.03,72.58
2025-01-29 09:00:00,21.6,59,0.3,45,0.0,85.0,23.03,72.58
2025-01-29 10:00:00,24.8,47,0.2,270,0.0,240.0,23.03,72.58
2025-01-29 11:00:00,27.3,36,1.7,288,0.0,525.0,23.03,72.58
2025-01-29 12:00:00,29.2,28,3.5,279,0.0,825.0,23.03,72.58
2025-01-29 13:00:00,30.5,23,5.3,278,0.0,1005.0,23.03,72.58
2025-01-29 14:00:00,31.2,19,6.5,270,0.0,1100.0,23.03,72.58
2025-01-29 15:00:00,31.4,17,7.4,266,0.0,1120.0,23.03,72.58
2025-01-29 16:00:00,31.1,17,7.7,269,0.0,1085.0,23.03,72.58
2025-01-29 17:00:00,30.5,17,7.9,269,0.0,980.0,23.03,72.58
2025-01-29 18:00:00,29.6,18,7.9,259,0.0,365.0,23.03,72.58
2025-01-29 19:00:00,28.4,20,8.7,265,0.0,280.0,23.03,72.58
2025-01-29 20:00:00,27.2,21,8.8,287,0.0,230.0,23.03,72.58
2025-01-29 21:00:00,25.8,23,8.3,297,0.0,155.0,23.03,72.58
2025-01-29 22:00:00,24.8,23,7.9,303,0.0,110.0,23.03,72.58
2025-01-29 23:00:00,24.1,24,7.4,304,0.0,85.0,23.03,72.58
2025-01-30 00:00:00,23.4,25,7.5,300,0.0,80.0,23.03,72.58
2025-01-30 01:00:00,22.8,26,7.8,304,0.0,80.0,23.03,72.58
2025-01-30 02:00:00,22.0,28,7.9,309,0.0,85.0,23.03,72.58
2025-01-30 03:00:00,20.9,31,8.4,313,0.0,95.0,23.03,72.58
2025-01-30 04:00:00,20.0,34,8.4,317,0.0,95.0,23.03,72.58
2025-01-30 05:00:00,19.1,37,9.3,316,0.0,110.0,23.03,72.58
2025-01-30 06:00:00,17.9,61,8.5,312,0.0,140.0,23.03,72.58
2025-01-30 07:00:00,17.3,68,6.6,303,0.0,110.0,23.03,72.58
2025-01-30 08:00:00,17.8,68,3.8,281,0.0,110.0,23.03,72.58
2025-01-30 09:00:00,19.9,63,2.6,295,0.0,180.0,23.03,72.58
2025-01-30 10:00:00,22.5,56,3.3,292,0.0,295.0,23.03,72.58
2025-01-30 11:00:00,24.9,50,3.7,293,0.0,415.0,23.03,72.58
2025-01-30 12:00:00,27.2,42,3.7,293,0.0,650.0,23.03,72.58
2025-01-30 13:00:00,28.8,34,4.6,279,0.0,1115.0,23.03,72.58
2025-01-30 14:00:00,29.7,29,6.1,265,0.0,1360.0,23.03,72.58
2025-01-30 15:00:00,30.1,27,7.9,257,0.0,1480.0,23.03,72.58
2025-01-30 16:00:00,30.0,25,9.6,257,0.0,1475.0,23.03,72.58
2025-01-30 17:00:00,29.4,23,10.5,258,0.0,1350.0,23.03,72.58
2025-01-30 18:00:00,28.2,27,8.6,254,0.0,695.0,23.03,72.58
2025-01-30 19:00:00,26.7,33,8.1,257,0.0,295.0,23.03,72.58
2025-01-30 20:00:00,25.8,34,8.1,276,0.0,205.0,23.03,72.58
2025-01-30 21:00:00,25.4,35,9.0,285,0.0,220.0,23.03,72.58
2025-01-30 22:00:00,24.7,36,8.1,294,0.0,145.0,23.03,72.58
2025-01-30 23:00:00,23.5,40,6.9,311,0.0,95.0,23.03,72.58
2025-01-31 00:00:00,22.5,43,7.0,288,0.0,85.0,23.03,72.58
2025-01-31 01:00:00,21.5,47,7.5,297,0.0,100.0,23.03,72.58
2025-01-31 02:00:00,20.6,51,7.6,304,0.0,95.0,23.03,72.58
2025-01-31 03:00:00,19.9,56,8.5,306,0.0,105.0,23.03,72.58
2025-01-31 04:00:00,19.1,59,8.9,320,0.0,125.0,23.03,72.58
2025-01-31 05:00:00,18.5,61,8.3,318,0.0,115.0,23.03,72.58
2025-01-31 06:00:00,17.8,69,6.7,314,0.0,115.0,23.03,72.58
2025-01-31 07:00:00,17.2,72,5.2,311,0.0,95.0,23.03,72.58
2025-01-31 08:00:00,17.5,70,2.4,279,0.0,105.0,23.03,72.58
2025-01-31 09:00:00,19.6,60,1.9,299,0.0,170.0,23.03,72.58
2025-01-31 10:00:00,22.6,47,2.1,308,0.0,260.0,23.03,72.58
2025-01-31 11:00:00,25.5,35,2.3,302,0.0,615.0,23.03,72.58
2025-01-31 12:00:00,27.3,27,3.2,289,0.0,1310.0,23.03,72.58
2025-01-31 13:00:00,28.4,24,5.1,252,0.0,1450.0,23.03,72.58
2025-01-31 14:00:00,29.0,23,7.3,245,0.0,1485.0,23.03,72.58
2025-01-31 15:00:00,29.1,23,8.7,252,0.0,1560.0,23.03,72.58
2025-01-31 16:00:00,29.0,23,9.2,250,0.0,1580.0,23.03,72.58
2025-01-31 17:00:00,28.4,24,9.7,252,0.0,1455.0,23.03,72.58
2025-01-31 18:00:00,27.2,25,9.1,255,0.0,655.0,23.03,72.58
2025-01-31 19:00:00,26.1,26,9.2,273,0.0,375.0,23.03,72.58
2025-01-31 20:00:00,25.4,26,9.1,279,0.0,235.0,23.03,72.58
2025-01-31 21:00:00,24.5,28,8.7,291,0.0,185.0,23.03,72.58
2025-01-31 22:00:00,23.6,30,7.9,305,0.0,160.0,23.03,72.58
2025-01-31 23:00:00,22.8,31,6.9,298,0.0,120.0,23.03,72.58
2025-02-01 00:00:00,21.7,34,9.1,279,0.0,195.0,23.03,72.58
2025-02-01 01:00:00,20.4,37,9.1,284,0.0,180.0,23.03,72.58
2025-02-01 02:00:00,19.6,37,8.8,289,0.0,210.0,23.03,72.58
2025-02-01 03:00:00,18.9,40,8.5,287,0.0,210.0,23.03,72.58
2025-02-01 04:00:00,18.3,45,8.0,290,0.0,195.0,23.03,72.58
2025-02-01 05:00:00,17.6,51,7.9,291,0.0,195.0,23.03,72.58
2025-02-01 06:00:00,17.1,66,8.1,291,0.0,245.0,23.03,72.58
2025-02-01 07:00:00,16.5,69,7.7,291,0.0,230.0,23.03,72.58
2025-02-01 08:00:00,16.9,66,5.9,288,0.0,245.0,23.03,72.58
2025-02-01 09:00:00,18.6,55,6.6,296,0.0,300.0,23.03,72.58
2025-02-01 10:00:00,20.8,45,5.4,300,0.0,360.0,23.03,72.58
2025-02-01 11:00:00,23.2,35,4.4,297,0.0,530.0,23.03,72.58
2025-02-01 12:00:00,25.2,28,4.5,286,0.0,820.0,23.03,72.58
2025-02-01 13:00:00,26.5,24,5.3,282,0.0,1105.0,23.03,72.58
2025-02-01 14:00:00,27.4,22,6.4,281,0.0,1325.0,23.03,72.58
2025-02-01 15:00:00,27.7,20,6.5,284,0.0,1455.0,23.03,72.58
2025-02-01 16:00:00,27.7,19,6.2,277,0.0,1500.0,23.03,72.58
2025-02-01 17:00:00,27.3,20,6.3,285,0.0,1500.0,23.03,72.58
2025-02-01 18:00:00,26.3,23,6.2,285,0.0,470.0,23.03,72.58
2025-02-01 19:00:00,25.1,25,6.0,279,0.0,240.0,23.03,72.58
2025-02-01 20:00:00,23.9,28,5.9,284,0.0,165.0,23.03,72.58
2025-02-01 21:00:00,22.8,30,7.0,299,0.0,175.0,23.03,72.58
2025-02-01 22:00:00,21.8,31,8.0,314,0.0,175.0,23.03,72.58
2025-02-01 23:00:00,20.9,30,9.2,321,0.0,170.0,23.03,72.58
2025-02-02 00:00:00,20.0,30,9.4,330,0.0,145.0,23.03,72.58
2025-02-02 01:00:00,19.4,31,9.3,333,0.0,130.0,23.03,72.58
2025-02-02 02:00:00,18.8,31,8.2,338,0.0,95.0,23.03,72.58
2025-02-02 03:00:00,18.5,32,8.2,334,0.0,80.0,23.03,72.58
2025-02-02 04:00:00,17.9,33,7.7,339,0.0,80.0,23.03,72.58
2025-02-02 05:00:00,17.0,36,6.3,13,0.0,80.0,23.03,72.58
2025-02-02 06:00:00,16.3,47,5.6,31,0.0,70.0,23.03,72.58
2025-02-02 07:00:00,16.0,51,5.2,22,0.0,60.0,23.03,72.58
2025-02-02 08:00:00,16.5,51,4.5,7,0.0,75.0,23.03,72.58
2025-02-02 09:00:00,19.2,42,2.6,12,0.0,130.0,23.03,72.58
2025-02-02 10:00:00,22.3,31,3.5,24,0.0,345.0,23.03,72.58
2025-02-02 11:00:00,24.5,25,4.6,36,0.0,780.0,23.03,72.58
2025-02-02 12:00:00,25.9,22,4.1,56,0.0,1030.0,23.03,72.58
2025-02-02 13:00:00,27.0,20,2.7,67,0.0,1180.0,23.03,72.58
2025-02-02 14:00:00,27.9,18,1.7,77,0.0,1240.0,23.03,72.58
2025-02-02 15:00:00,28.4,17,1.1,99,0.0,1320.0,23.03,72.58
2025-02-02 16:00:00,28.6,16,1.0,149,0.0,1365.0,23.03,72.58
2025-02-02 17:00:00,28.2,16,1.7,167,0.0,1245.0,23.03,72.58
2025-02-02 18:00:00,26.8,18,3.0,205,0.0,55.0,23.03,72.58
2025-02-02 19:00:00,25.6,23,4.0,201,0.0,85.0,23.03,72.58
2025-02-02 20:00:00,25.1,26,4.1,225,0.0,90.0,23.03,72.58
2025-02-02 21:00:00,24.8,28,4.1,272,0.0,85.0,23.03,72.58
2025-02-02 22:00:00,24.4,29,4.0,297,0.0,65.0,23.03,72.58
2025-02-02 23:00:00,23.7,30,4.3,294,0.0,45.0,23.03,72.58
2025-02-03 00:00:00,22.8,32,5.5,287,0.0,55.0,23.03,72.58
2025-02-03 01:00:00,22.2,33,4.9,309,0.0,50.0,23.03,72.58
2025-02-03 02:00:00,21.5,34,3.6,354,0.0,35.0,23.03,72.58
2025-02-03 03:00:00,20.7,36,3.6,33,0.0,40.0,23.03,72.58
2025-02-03 04:00:00,20.2,37,4.5,47,0.0,45.0,23.03,72.58
2025-02-03 05:00:00,19.6,40,4.5,90,0.0,40.0,23.03,72.58
2025-02-03 06:00:00,19.6,43,3.3,96,0.0,45.0,23.03,72.58
2025-02-03 07:00:00,19.2,44,2.1,105,0.0,35.0,23.03,72.58
2025-02-03 08:00:00,19.8,43,0.5,225,0.0,55.0,23.03,72.58
2025-02-03 09:00:00,22.2,36,0.9,259,0.0,130.0,23.03,72.58
2025-02-03 10:00:00,24.9,28,0.8,243,0.0,280.0,23.03,72.58
2025-02-03 11:00:00,27.2,23,1.5,249,0.0,655.0,23.03,72.58
2025-02-03 12:00:00,28.7,20,4.2,265,0.0,1020.0,23.03,72.58
2025-02-03 13:00:00,29.7,19,6.8,268,0.0,1230.0,23.03,72.58
2025-02-03 14:00:00,30.2,19,8.5,274,0.0,1335.0,23.03,72.58
2025-02-03 15:00:00,30.3,19,8.4,277,0.0,1360.0,23.03,72.58
2025-02-03 16:00:00,30.0,19,7.6,275,0.0,1330.0,23.03,72.58
2025-02-03 17:00:00,29.5,19,7.9,267,0.0,1255.0,23.03,72.58
2025-02-03 18:00:00,28.4,21,8.5,287,0.0,1080.0,23.03,72.58
2025-02-03 19:00:00,27.2,24,7.1,304,0.0,490.0,23.03,72.58
2025-02-03 20:00:00,25.8,28,7.0,325,0.0,335.0,23.03,72.58
2025-02-03 21:00:00,24.7,32,7.1,341,0.0,230.0,23.03,72.58
2025-02-03 22:00:00,23.8,34,7.3,340,0.0,175.0,23.03,72.58
2025-02-03 23:00:00,23.3,34,7.0,337,0.0,125.0,23.03,72.58
2025-02-04 00:00:00,22.9,34,6.3,345,0.0,90.0,23.03,72.58
2025-02-04 01:00:00,22.5,36,5.3,350,0.0,75.0,23.03,72.58
2025-02-04 02:00:00,21.9,38,5.2,358,0.0,75.0,23.03,72.58
2025-02-04 03:00:00,21.3,40,4.5,358,0.0,70.0,23.03,72.58
2025-02-04 04:00:00,20.6,43,4.4,351,0.0,70.0,23.03,72.58
2025-02-04 05:00:00,19.8,47,7.2,325,0.0,100.0,23.03,72.58
2025-02-04 06:00:00,19.4,53,9.1,328,0.0,190.0,23.03,72.58
2025-02-04 07:00:00,19.1,52,9.0,331,0.0,180.0,23.03,72.58
2025-02-04 08:00:00,19.9,48,6.4,331,0.0,145.0,23.03,72.58
2025-02-04 09:00:00,21.9,41,4.1,322,0.0,170.0,23.03,72.58
2025-02-04 10:00:00,24.5,33,4.8,315,0.0,395.0,23.03,72.58
2025-02-04 11:00:00,26.5,27,7.5,314,0.0,920.0,23.03,72.58
2025-02-04 12:00:00,27.6,23,9.8,317,0.0,1240.0,23.03,72.58
2025-02-04 13:00:00,28.2,20,10.2,319,0.0,1445.0,23.03,72.58
2025-02-04 14:00:00,28.7,18,10.7,319,0.0,1540.0,23.03,72.58
2025-02-04 15:00:00,28.7,17,11.2,322,0.0,1590.0,23.03,72.58
2025-02-04 16:00:00,28.4,18,11.0,320,0.0,1595.0,23.03,72.58
2025-02-04 17:00:00,27.7,18,11.1,318,0.0,1475.0,23.03,72.58
2025-02-04 18:00:00,26.6,20,9.8,322,0.0,1245.0,23.03,72.58
2025-02-04 19:00:00,25.1,24,10.3,331,0.0,535.0,23.03,72.58
2025-02-04 20:00:00,23.8,26,9.9,335,0.0,315.0,23.03,72.58
2025-02-04 21:00:00,22.5,28,9.2,321,0.0,240.0,23.03,72.58
2025-02-04 22:00:00,21.2,30,9.5,316,0.0,205.0,23.03,72.58
2025-02-04 23:00:00,20.4,31,10.2,323,0.0,210.0,23.03,72.58
2025-02-05 00:00:00,19.7,32,10.2,323,0.0,180.0,23.03,72.58
2025-02-05 01:00:00,19.0,33,10.0,326,0.0,165.0,23.03,72.58
2025-02-05 02:00:00,18.5,35,9.9,333,0.0,165.0,23.03,72.58
2025-02-05 03:00:00,18.0,36,10.4,334,0.0,180.0,23.03,72.58
2025-02-05 04:00:00,17.5,38,9.6,334,0.0,175.0,23.03,72.58
2025-02-05 05:00:00,16.8,40,10.0,343,0.0,190.0,23.03,72.58
2025-02-05 06:00:00,16.0,46,6.8,3,0.0,135.0,23.03,72.58
2025-02-05 07:00:00,15.3,49,7.1,30,0.0,125.0,23.03,72.58
2025-02-05 08:00:00,16.0,47,5.7,13,0.0,115.0,23.03,72.58
2025-02-05 09:00:00,18.5,38,4.8,42,0.0,185.0,23.03,72.58
2025-02-05 10:00:00,21.4,29,5.8,54,0.0,330.0,23.03,72.58
2025-02-05 11:00:00,24.0,23,7.7,62,0.0,755.0,23.03,72.58
2025-02-05 12:00:00,25.8,19,10.2,56,0.0,1375.0,23.03,72.58
2025-02-05 13:00:00,26.9,17,9.4,54,0.0,1485.0,23.03,72.58
2025-02-05 14:00:00,27.6,17,8.0,50,0.0,1550.0,23.03,72.58
2025-02-05 15:00:00,28.0,17,7.1,47,0.0,1630.0,23.03,72.58
2025-02-05 16:00:00,27.9,17,6.9,51,0.0,1685.0,23.03,72.58
2025-02-05 17:00:00,27.6,17,6.6,57,0.0,1710.0,23.03,72.58
2025-02-05 18:00:00,26.5,19,7.6,94,0.0,660.0,23.03,72.58
2025-02-05 19:00:00,25.8,20,5.2,61,0.0,470.0,23.03,72.58
2025-02-05 20:00:00,25.1,21,5.2,344,0.0,105.0,23.03,72.58
2025-02-05 21:00:00,23.9,23,8.1,360,0.0,105.0,23.03,72.58
2025-02-05 22:00:00,22.6,26,9.0,10,0.0,115.0,23.03,72.58
2025-02-05 23:00:00,21.2,29,9.6,8,0.0,115.0,23.03,72.58
2025-02-06 00:00:00,19.8,31,10.3,15,0.0,140.0,23.03,72.58
2025-02-06 01:00:00,18.9,31,11.1,25,0.0,210.0,23.03,72.58
2025-02-06 02:00:00,18.2,32,11.6,30,0.0,225.0,23.03,72.58
2025-02-06 03:00:00,17.8,34,11.6,41,0.0,250.0,23.03,72.58
2025-02-06 04:00:00,17.4,36,11.6,44,0.0,255.0,23.03,72.58
2025-02-06 05:00:00,17.0,38,11.7,44,0.0,245.0,23.03,72.58
2025-02-06 06:00:00,16.0,45,12.4,47,0.0,260.0,23.03,72.58
2025-02-06 07:00:00,15.7,44,12.3,46,0.0,255.0,23.03,72.58
2025-02-06 08:00:00,16.6,40,12.2,46,0.0,305.0,23.03,72.58
2025-02-06 09:00:00,18.9,35,10.9,54,0.0,405.0,23.03,72.58
2025-02-06 10:00:00,21.6,31,12.9,60,0.0,580.0,23.03,72.58
2025-02-06 11:00:00,24.2,26,15.4,63,0.0,780.0,23.03,72.58
2025-02-06 12:00:00,25.9,20,16.9,68,0.0,970.0,23.03,72.58
2025-02-06 13:00:00,27.0,18,15.4,69,0.0,1095.0,23.03,72.58
2025-02-06 14:00:00,27.9,15,13.7,65,0.0,1170.0,23.03,72.58
2025-02-06 15:00:00,28.3,14,12.1,58,0.0,1205.0,23.03,72.58
2025-02-06 16:00:00,28.2,14,11.6,49,0.0,1165.0,23.03,72.58
2025-02-06 17:00:00,27.6,15,12.3,50,0.0,1050.0,23.03,72.58
2025-02-06 18:00:00,26.4,19,10.7,55,0.0,785.0,23.03,72.58
2025-02-06 19:00:00,25.4,21,11.4,52,0.0,545.0,23.03,72.58
2025-02-06 20:00:00,24.6,22,12.6,48,0.0,450.0,23.03,72.58
2025-02-06 21:00:00,23.7,23,12.9,44,0.0,390.0,23.03,72.58
2025-02-06 22:00:00,22.5,26,14.1,44,0.0,360.0,23.03,72.58
2025-02-06 23:00:00,21.6,29,14.7,53,0.0,400.0,23.03,72.58
2025-02-07 00:00:00,20.8,32,14.2,55,0.0,380.0,23.03,72.58
2025-02-07 01:00:00,20.1,34,13.9,53,0.0,350.0,23.03,72.58
2025-02-07 02:00:00,19.5,36,13.7,52,0.0,345.0,23.03,72.58
2025-02-07 03:00:00,18.8,37,13.6,51,0.0,335.0,23.03,72.58
2025-02-07 04:00:00,18.4,38,13.9,51,0.0,330.0,23.03,72.58
2025-02-07 05:00:00,18.0,38,14.2,55,0.0,320.0,23.03,72.58
2025-02-07 06:00:00,17.5,41,14.3,59,0.0,335.0,23.03,72.58
2025-02-07 07:00:00,17.2,43,14.3,65,0.0,340.0,23.03,72.58
2025-02-07 08:00:00,17.9,42,11.4,66,0.0,370.0,23.03,72.58
2025-02-07 09:00:00,19.7,39,13.7,68,0.0,420.0,23.03,72.58
2025-02-07 10:00:00,22.1,35,13.8,69,0.0,495.0,23.03,72.58
2025-02-07 11:00:00,24.5,31,12.8,68,0.0,615.0,23.03,72.58
2025-02-07 12:00:00,26.7,27,13.1,71,0.0,755.0,23.03,72.58
2025-02-07 13:00:00,28.2,24,12.9,71,0.0,890.0,23.03,72.58
2025-02-07 14:00:00,29.1,23,11.7,67,0.0,985.0,23.03,72.58
2025-02-07 15:00:00,29.5,23,10.9,61,0.0,1065.0,23.03,72.58
2025-02-07 16:00:00,29.4,23,11.0,60,0.0,1050.0,23.03,72.58
2025-02-07 17:00:00,28.8,25,10.8,58,0.0,930.0,23.03,72.58
2025-02-07 18:00:00,27.7,27,9.1,51,0.0,665.0,23.03,72.58
2025-02-07 19:00:00,26.5,28,10.0,39,0.0,380.0,23.03,72.58
2025-02-07 20:00:00,25.6,28,10.6,35,0.0,300.0,23.03,72.58
2025-02-07 21:00:00,24.8,28,10.5,35,0.0,250.0,23.03,72.58
2025-02-07 22:00:00,23.7,27,10.8,37,0.0,210.0,23.03,72.58
2025-02-07 23:00:00,22.8,25,11.0,49,0.0,210.0,23.03,72.58
2025-02-08 00:00:00,21.8,26,11.7,56,0.0,235.0,23.03,72.58
2025-02-08 01:00:00,21.0,30,12.0,55,0.0,245.0,23.03,72.58
2025-02-08 02:00:00,20.3,32,12.1,58,0.0,255.0,23.03,72.58
2025-02-08 03:00:00,19.7,34,12.2,62,0.0,250.0,23.03,72.58
2025-02-08 04:00:00,19.0,36,12.1,62,0.0,245.0,23.03,72.58
2025-02-08 05:00:00,18.6,37,12.2,65,0.0,245.0,23.03,72.58
2025-02-08 06:00:00,17.7,41,12.6,66,0.0,235.0,23.03,72.58
2025-02-08 07:00:00,17.4,41,12.6,68,0.0,235.0,23.03,72.58
2025-02-08 08:00:00,18.2,39,10.6,69,0.0,255.0,23.03,72.58
2025-02-08 09:00:00,20.2,35,10.4,70,0.0,290.0,23.03,72.58
2025-02-08 10:00:00,22.9,32,10.4,72,0.0,345.0,23.03,72.58
2025-02-08 11:00:00,25.6,29,9.7,74,0.0,415.0,23.03,72.58
2025-02-08 12:00:00,27.8,27,8.9,77,0.0,525.0,23.03,72.58
2025-02-08 13:00:00,29.5,26,7.5,82,0.0,740.0,23.03,72.58
2025-02-08 14:00:00,30.5,25,6.0,85,0.0,1250.0,23.03,72.58
2025-02-08 15:00:00,30.9,24,4.7,86,0.0,1385.0,23.03,72.58
2025-02-08 16:00:00,30.9,23,4.3,85,0.0,1435.0,23.03,72.58
2025-02-08 17:00:00,30.5,24,4.8,77,0.0,1380.0,23.03,72.58
2025-02-08 18:00:00,29.7,26,5.1,63,0.0,230.0,23.03,72.58
2025-02-08 19:00:00,28.7,28,4.6,45,0.0,115.0,23.03,72.58
2025-02-08 20:00:00,27.5,30,4.0,36,0.0,70.0,23.03,72.58
2025-02-08 21:00:00,26.4,33,3.5,15,0.0,70.0,23.03,72.58
2025-02-08 22:00:00,25.5,36,3.9,47,0.0,65.0,23.03,72.58
2025-02-08 23:00:00,24.7,37,4.3,62,0.0,45.0,23.03,72.58
2025-02-09 00:00:00,23.4,40,6.1,45,0.0,45.0,23.03,72.58
2025-02-09 01:00:00,21.9,44,7.8,50,0.0,60.0,23.03,72.58
2025-02-09 02:00:00,20.3,48,8.2,50,0.0,75.0,23.03,72.58
2025-02-09 03:00:00,19.0,51,8.4,48,0.0,90.0,23.03,72.58
2025-02-09 04:00:00,18.4,50,8.5,48,0.0,85.0,23.03,72.58
2025-02-09 05:00:00,18.1,49,8.8,49,0.0,85.0,23.03,72.58
2025-02-09 06:00:00,17.2,53,9.1,51,0.0,95.0,23.03,72.58
2025-02-09 07:00:00,16.9,52,9.1,56,0.0,100.0,23.03,72.58
2025-02-09 08:00:00,17.8,50,8.4,59,0.0,115.0,23.03,72.58
2025-02-09 09:00:00,20.3,45,5.6,65,0.0,135.0,23.03,72.58
2025-02-09 10:00:00,24.1,39,4.4,69,0.0,185.0,23.03,72.58
2025-02-09 11:00:00,27.5,34,4.3,75,0.0,335.0,23.03,72.58
2025-02-09 12:00:00,29.8,27,2.4,73,0.0,745.0,23.03,72.58
2025-02-09 13:00:00,31.3,22,0.9,360,0.0,1225.0,23.03,72.58
2025-02-09 14:00:00,32.1,19,2.0,280,0.0,1465.0,23.03,72.58
2025-02-09 15:00:00,32.5,18,3.4,286,0.0,1585.0,23.03,72.58
2025-02-09 16:00:00,32.4,17,4.4,300,0.0,1620.0,23.03,72.58
2025-02-09 17:00:00,31.7,18,5.4,310,0.0,1520.0,23.03,72.58
2025-02-09 18:00:00,30.5,21,5.7,332,0.0,195.0,23.03,72.58
2025-02-09 19:00:00,29.5,23,3.1,357,0.0,60.0,23.03,72.58
2025-02-09 20:00:00,28.5,24,2.7,262,0.0,45.0,23.03,72.58
2025-02-09 21:00:00,27.2,27,6.1,328,0.0,100.0,23.03,72.58
2025-02-09 22:00:00,26.3,28,6.7,355,0.0,95.0,23.03,72.58
2025-02-09 23:00:00,24.7,31,6.4,342,0.0,85.0,23.03,72.58
2025-02-10 00:00:00,23.3,34,7.3,340,0.0,85.0,23.03,72.58
2025-02-10 01:00:00,22.5,37,7.9,348,0.0,85.0,23.03,72.58
2025-02-10 02:00:00,21.9,38,7.4,356,0.0,75.0,23.03,72.58
2025-02-10 03:00:00,21.3,39,7.4,359,0.0,70.0,23.03,72.58
2025-02-10 04:00:00,20.7,40,7.2,1,0.0,60.0,23.03,72.58
2025-02-10 05:00:00,20.1,41,7.6,3,0.0,60.0,23.03,72.58
2025-02-10 06:00:00,19.0,49,6.9,14,0.0,45.0,23.03,72.58
2025-02-10 07:00:00,18.4,50,5.9,27,0.0,45.0,23.03,72.58
2025-02-10 08:00:00,19.0,48,4.2,47,0.0,65.0,23.03,72.58
2025-02-10 09:00:00,21.8,39,1.3,98,0.0,105.0,23.03,72.58
2025-02-10 10:00:00,25.4,30,1.2,39,0.0,205.0,23.03,72.58
2025-02-10 11:00:00,28.4,22,2.1,340,0.0,510.0,23.03,72.58
2025-02-10 12:00:00,30.3,18,4.1,304,0.0,1020.0,23.03,72.58
2025-02-10 13:00:00,31.5,17,6.1,293,0.0,1265.0,23.03,72.58
2025-02-10 14:00:00,32.0,16,6.6,291,0.0,1395.0,23.03,72.58
2025-02-10 15:00:00,32.2,16,6.4,299,0.0,1440.0,23.03,72.58
2025-02-10 16:00:00,32.0,16,6.2,308,0.0,1415.0,23.03,72.58
2025-02-10 17:00:00,31.6,16,6.0,314,0.0,1335.0,23.03,72.58
2025-02-10 18:00:00,30.7,18,5.0,285,0.0,195.0,23.03,72.58
2025-02-10 19:00:00,29.4,21,5.7,279,0.0,145.0,23.03,72.58
2025-02-10 20:00:00,28.1,24,7.6,304,0.0,170.0,23.03,72.58
2025-02-10 21:00:00,27.0,27,7.0,299,0.0,110.0,23.03,72.58
2025-02-10 22:00:00,26.1,28,6.6,303,0.0,70.0,23.03,72.58
2025-02-10 23:00:00,25.0,29,6.1,302,0.0,55.0,23.03,72.58
2025-02-11 00:00:00,24.3,30,5.3,294,0.0,45.0,23.03,72.58
2025-02-11 01:00:00,23.4,31,6.9,295,0.0,55.0,23.03,72.58
2025-02-11 02:00:00,22.3,32,8.1,288,0.0,80.0,23.03,72.58
2025-02-11 03:00:00,21.2,34,7.8,296,0.0,90.0,23.03,72.58
2025-02-11 04:00:00,19.9,38,8.2,303,0.0,100.0,23.03,72.58
2025-02-11 05:00:00,19.0,42,8.6,311,0.0,105.0,23.03,72.58
2025-02-11 06:00:00,17.9,54,8.4,313,0.0,120.0,23.03,72.58
2025-02-11 07:00:00,17.2,59,8.8,313,0.0,135.0,23.03,72.58
2025-02-11 08:00:00,17.9,59,7.2,307,0.0,160.0,23.03,72.58
2025-02-11 09:00:00,20.0,55,6.0,311,0.0,215.0,23.03,72.58
2025-02-11 10:00:00,22.8,45,5.2,316,0.0,285.0,23.03,72.58
2025-02-11 11:00:00,25.7,37,5.0,316,0.0,435.0,23.03,72.58
2025-02-11 12:00:00,27.9,31,5.4,312,0.0,705.0,23.03,72.58
2025-02-11 13:00:00,29.3,27,5.4,296,0.0,1035.0,23.03,72.58
2025-02-11 14:00:00,30.3,24,5.6,276,0.0,1245.0,23.03,72.58
2025-02-11 15:00:00,30.7,23,6.1,272,0.0,1335.0,23.03,72.58
2025-02-11 16:00:00,30.6,23,6.7,268,0.0,1380.0,23.03,72.58
2025-02-11 17:00:00,30.1,24,7.5,255,0.0,1375.0,23.03,72.58
2025-02-11 18:00:00,28.5,30,9.0,235,0.0,460.0,23.03,72.58
2025-02-11 19:00:00,27.6,32,8.3,236,0.0,355.0,23.03,72.58
2025-02-11 20:00:00,26.8,34,8.3,246,0.0,215.0,23.03,72.58
2025-02-11 21:00:00,25.8,34,7.8,265,0.0,145.0,23.03,72.58
2025-02-11 22:00:00,25.1,34,7.6,277,0.0,120.0,23.03,72.58
2025-02-11 23:00:00,24.5,35,7.7,286,0.0,100.0,23.03,72.58
2025-02-12 00:00:00,24.2,37,7.9,287,0.0,90.0,23.03,72.58
2025-02-12 01:00:00,23.5,42,9.2,282,0.0,130.0,23.03,72.58
2025-02-12 02:00:00,22.0,54,10.0,290,0.0,145.0,23.03,72.58
2025-02-12 03:00:00,20.9,66,10.0,300,0.0,145.0,23.03,72.58
2025-02-12 04:00:00,20.1,74,10.8,303,0.0,180.0,23.03,72.58
2025-02-12 05:00:00,19.6,81,8.5,308,0.0,155.0,23.03,72.58
2025-02-12 06:00:00,19.0,88,7.8,320,0.0,155.0,23.03,72.58
2025-02-12 07:00:00,18.6,90,6.9,313,0.0,150.0,23.03,72.58
2025-02-12 08:00:00,19.4,85,4.7,313,0.0,170.0,23.03,72.58
2025-02-12 09:00:00,21.6,73,4.5,313,0.0,220.0,23.03,72.58
2025-02-12 10:00:00,24.5,56,3.8,315,0.0,310.0,23.03,72.58
2025-02-12 11:00:00,27.2,44,3.3,338,0.0,480.0,23.03,72.58
2025-02-12 12:00:00,29.4,34,3.9,344,0.0,1175.0,23.03,72.58
2025-02-12 13:00:00,31.0,25,6.2,350,0.0,1560.0,23.03,72.58
2025-02-12 14:00:00,31.5,23,7.5,352,0.0,1720.0,23.03,72.58
2025-02-12 15:00:00,31.6,23,8.0,342,0.0,1750.0,23.03,72.58
2025-02-12 16:00:00,31.5,22,8.0,337,0.0,1655.0,23.03,72.58
2025-02-12 17:00:00,31.1,21,8.4,335,0.0,1535.0,23.03,72.58
2025-02-12 18:00:00,30.4,22,7.9,325,0.0,975.0,23.03,72.58
2025-02-12 19:00:00,29.6,23,7.5,312,0.0,275.0,23.03,72.58
2025-02-12 20:00:00,28.7,25,8.5,316,0.0,200.0,23.03,72.58
2025-02-12 21:00:00,26.8,28,10.7,324,0.0,235.0,23.03,72.58
2025-02-12 22:00:00,25.4,28,11.5,330,0.0,240.0,23.03,72.58
2025-02-12 23:00:00,24.4,29,10.9,344,0.0,215.0,23.03,72.58
2025-02-13 00:00:00,23.3,32,10.5,348,0.0,150.0,23.03,72.58
2025-02-13 01:00:00,23.1,31,11.7,360,0.0,185.0,23.03,72.58
2025-02-13 02:00:00,22.8,30,11.9,4,0.0,175.0,23.03,72.58
2025-02-13 03:00:00,22.2,30,11.6,15,0.0,165.0,23.03,72.58
2025-02-13 04:00:00,21.6,31,11.0,23,0.0,155.0,23.03,72.58
2025-02-13 05:00:00,20.9,31,10.3,47,0.0,140.0,23.03,72.58
2025-02-13 06:00:00,19.7,40,10.3,67,0.0,165.0,23.03,72.58
2025-02-13 07:00:00,19.4,43,9.8,66,0.0,175.0,23.03,72.58
2025-02-13 08:00:00,20.2,42,7.7,57,0.0,180.0,23.03,72.58
2025-02-13 09:00:00,22.1,40,5.9,63,0.0,220.0,23.03,72.58
2025-02-13 10:00:00,24.8,36,5.2,68,0.0,285.0,23.03,72.58
2025-02-13 11:00:00,27.6,31,5.4,75,0.0,515.0,23.03,72.58
2025-02-13 12:00:00,29.5,25,6.2,83,0.0,1060.0,23.03,72.58
2025-02-13 13:00:00,30.7,21,5.0,75,0.0,1340.0,23.03,72.58
2025-02-13 14:00:00,31.3,19,3.8,65,0.0,1455.0,23.03,72.58
2025-02-13 15:00:00,31.7,18,3.5,39,0.0,1515.0,23.03,72.58
2025-02-13 16:00:00,31.7,17,3.9,13,0.0,1520.0,23.03,72.58
2025-02-13 17:00:00,31.3,18,5.8,356,0.0,1330.0,23.03,72.58
2025-02-13 18:00:00,30.5,20,6.0,350,0.0,370.0,23.03,72.58
2025-02-13 19:00:00,29.7,22,4.8,312,0.0,120.0,23.03,72.58
2025-02-13 20:00:00,29.2,22,3.6,288,0.0,70.0,23.03,72.58
2025-02-13 21:00:00,28.3,24,0.7,180,0.0,10.0,23.03,72.58
2025-02-13 22:00:00,26.9,26,4.3,15,0.0,45.0,23.03,72.58
2025-02-13 23:00:00,25.9,28,5.1,23,0.0,70.0,23.03,72.58
2025-02-14 00:00:00,24.7,31,6.5,24,0.0,80.0,23.03,72.58
2025-02-14 01:00:00,23.8,33,6.7,8,0.0,75.0,23.03,72.58
2025-02-14 02:00:00,22.9,35,7.0,360,0.0,65.0,23.03,72.58
2025-02-14 03:00:00,22.4,37,7.0,357,0.0,55.0,23.03,72.58
2025-02-14 04:00:00,21.9,38,7.7,357,0.0,55.0,23.03,72.58
2025-02-14 05:00:00,21.5,40,8.5,348,0.0,60.0,23.03,72.58
2025-02-14 06:00:00,19.8,48,5.7,55,0.0,55.0,23.03,72.58
2025-02-14 07:00:00,18.9,52,6.5,71,0.0,75.0,23.03,72.58
2025-02-14 08:00:00,19.7,50,5.0,55,0.0,75.0,23.03,72.58
2025-02-14 09:00:00,22.5,42,2.8,79,0.0,105.0,23.03,72.58
2025-02-14 10:00:00,26.0,33,3.3,96,0.0,205.0,23.03,72.58
2025-02-14 11:00:00,28.7,25,2.3,90,0.0,490.0,23.03,72.58
2025-02-14 12:00:00,30.6,21,1.1,72,0.0,825.0,23.03,72.58
2025-02-14 13:00:00,31.9,17,1.2,297,0.0,1140.0,23.03,72.58
2025-02-14 14:00:00,32.8,16,2.7,274,0.0,1420.0,23.03,72.58
2025-02-14 15:00:00,33.1,15,4.5,270,0.0,1490.0,23.03,72.58
2025-02-14 16:00:00,32.9,17,6.0,267,0.0,1470.0,23.03,72.58
2025-02-14 17:00:00,32.4,19,6.5,247,0.0,1375.0,23.03,72.58
2025-02-14 18:00:00,31.3,22,8.6,234,0.0,455.0,23.03,72.58
2025-02-14 19:00:00,30.4,24,7.8,236,0.0,290.0,23.03,72.58
2025-02-14 20:00:00,29.4,26,8.7,243,0.0,190.0,23.03,72.58
2025-02-14 21:00:00,28.6,27,8.4,254,0.0,140.0,23.03,72.58
2025-02-14 22:00:00,28.1,27,7.2,256,0.0,100.0,23.03,72.58
2025-02-14 23:00:00,27.3,29,7.4,269,0.0,80.0,23.03,72.58
2025-02-15 00:00:00,26.3,31,9.4,268,0.0,115.0,23.03,72.58
2025-02-15 01:00:00,24.8,33,9.4,266,0.0,130.0,23.03,72.58
2025-02-15 02:00:00,23.3,35,9.7,272,0.0,145.0,23.03,72.58
2025-02-15 03:00:00,22.5,34,10.1,270,0.0,160.0,23.03,72.58
2025-02-15 04:00:00,21.9,34,10.1,272,0.0,160.0,23.03,72.58
2025-02-15 05:00:00,21.2,37,9.9,279,0.0,160.0,23.03,72.58
2025-02-15 06:00:00,20.3,47,8.7,266,0.0,135.0,23.03,72.58
2025-02-15 07:00:00,19.9,51,7.6,275,0.0,125.0,23.03,72.58
2025-02-15 08:00:00,20.8,50,5.4,300,0.0,160.0,23.03,72.58
2025-02-15 09:00:00,22.9,46,3.5,305,0.0,250.0,23.03,72.58
2025-02-15 10:00:00,25.6,39,4.0,300,0.0,380.0,23.03,72.58
2025-02-15 11:00:00,28.1,34,4.8,297,0.0,615.0,23.03,72.58
2025-02-15 12:00:00,30.1,30,5.2,292,0.0,800.0,23.03,72.58
2025-02-15 13:00:00,31.7,27,6.0,279,0.0,1060.0,23.03,72.58
2025-02-15 14:00:00,32.9,23,7.6,270,0.0,1355.0,23.03,72.58
2025-02-15 15:00:00,33.6,21,9.2,267,0.0,1580.0,23.03,72.58
2025-02-15 16:00:00,34.0,18,9.9,266,0.0,1745.0,23.03,72.58
2025-02-15 17:00:00,33.6,18,10.4,262,0.0,1730.0,23.03,72.58
2025-02-15 18:00:00,32.2,23,9.4,240,0.0,545.0,23.03,72.58
2025-02-15 19:00:00,30.8,28,9.0,223,0.0,255.0,23.03,72.58
2025-02-15 20:00:00,29.6,31,8.3,224,0.0,190.0,23.03,72.58
2025-02-15 21:00:00,28.4,33,7.1,243,0.0,155.0,23.03,72.58
2025-02-15 22:00:00,27.4,35,9.0,240,0.0,150.0,23.03,72.58
2025-02-15 23:00:00,26.7,36,9.7,260,0.0,195.0,23.03,72.58
2025-02-16 00:00:00,25.4,40,7.8,241,0.0,140.0,23.03,72.58
2025-02-16 01:00:00,24.1,43,7.7,237,0.0,130.0,23.03,72.58
2025-02-16 02:00:00,23.3,45,8.4,259,0.0,150.0,23.03,72.58
2025-02-16 03:00:00,22.7,47,8.8,271,0.0,180.0,23.03,72.58
2025-02-16 04:00:00,22.3,51,9.2,291,0.0,210.0,23.03,72.58
2025-02-16 05:00:00,22.0,54,8.1,295,0.0,175.0,23.03,72.58
2025-02-16 06:00:00,21.5,63,8.4,277,0.0,180.0,23.03,72.58
2025-02-16 07:00:00,21.1,65,7.7,282,0.0,170.0,23.03,72.58
2025-02-16 08:00:00,21.8,62,5.6,285,0.0,200.0,23.03,72.58
2025-02-16 09:00:00,23.8,54,5.5,289,0.0,315.0,23.03,72.58
2025-02-16 10:00:00,26.0,47,6.1,293,0.0,415.0,23.03,72.58
2025-02-16 11:00:00,28.2,40,5.8,292,0.0,535.0,23.03,72.58
2025-02-16 12:00:00,30.3,32,6.1,289,0.0,795.0,23.03,72.58
2025-02-16 13:00:00,31.8,27,6.2,277,0.0,1290.0,23.03,72.58
2025-02-16 14:00:00,32.6,24,7.6,258,0.0,1485.0,23.03,72.58
2025-02-16 15:00:00,32.7,24,9.8,252,0.0,1550.0,23.03,72.58
2025-02-16 16:00:00,32.5,24,10.7,248,0.0,1535.0,23.03,72.58
2025-02-16 17:00:00,32.2,25,10.8,249,0.0,1485.0,23.03,72.58
2025-02-16 18:00:00,31.1,26,8.9,236,0.0,1270.0,23.03,72.58
2025-02-16 19:00:00,30.0,29,9.2,228,0.0,370.0,23.03,72.58
2025-02-16 20:00:00,29.1,32,10.3,247,0.0,310.0,23.03,72.58
2025-02-16 21:00:00,28.4,36,9.9,249,0.0,210.0,23.03,72.58
2025-02-16 22:00:00,28.0,37,10.1,258,0.0,185.0,23.03,72.58
2025-02-16 23:00:00,27.1,40,11.5,273,0.0,235.0,23.03,72.58
2025-02-17 00:00:00,25.6,45,10.3,282,0.0,195.0,23.03,72.58
2025-02-17 01:00:00,24.6,47,9.6,284,0.0,185.0,23.03,72.58
2025-02-17 02:00:00,23.7,49,10.1,286,0.0,225.0,23.03,72.58
2025-02-17 03:00:00,22.9,53,9.5,289,0.0,205.0,23.03,72.58
2025-02-17 04:00:00,22.4,57,9.1,295,0.0,200.0,23.03,72.58
2025-02-17 05:00:00,22.0,61,8.5,298,0.0,190.0,23.03,72.58
2025-02-17 06:00:00,21.5,68,6.0,295,0.0,155.0,23.03,72.58
2025-02-17 07:00:00,21.1,71,2.3,241,0.0,65.0,23.03,72.58
2025-02-17 08:00:00,21.8,68,1.3,254,0.0,150.0,23.03,72.58
2025-02-17 09:00:00,23.7,60,2.1,301,0.0,290.0,23.03,72.58
2025-02-17 10:00:00,26.0,50,3.3,306,0.0,415.0,23.03,72.58
2025-02-17 11:00:00,28.2,42,3.5,305,0.0,505.0,23.03,72.58
2025-02-17 12:00:00,30.4,34,3.1,301,0.0,705.0,23.03,72.58
2025-02-17 13:00:00,32.0,28,4.0,280,0.0,1210.0,23.03,72.58
2025-02-17 14:00:00,33.0,25,5.9,268,0.0,1570.0,23.03,72.58
2025-02-17 15:00:00,33.2,25,7.1,261,0.0,1670.0,23.03,72.58
2025-02-17 16:00:00,33.1,25,7.6,256,0.0,1770.0,23.03,72.58
2025-02-17 17:00:00,32.8,25,7.7,254,0.0,1785.0,23.03,72.58
2025-02-17 18:00:00,31.9,27,4.5,236,0.0,170.0,23.03,72.58
2025-02-17 19:00:00,30.7,31,4.6,234,0.0,160.0,23.03,72.58
2025-02-17 20:00:00,30.3,32,5.3,262,0.0,180.0,23.03,72.58
2025-02-17 21:00:00,29.2,34,7.7,271,0.0,195.0,23.03,72.58
2025-02-17 22:00:00,28.5,37,9.2,264,0.0,200.0,23.03,72.58
2025-02-17 23:00:00,28.0,38,9.4,272,0.0,170.0,23.03,72.58
2025-02-18 00:00:00,27.1,39,9.2,276,0.0,160.0,23.03,72.58
2025-02-18 01:00:00,26.0,42,8.9,291,0.0,180.0,23.03,72.58
2025-02-18 02:00:00,25.1,45,9.0,296,0.0,185.0,23.03,72.58
2025-02-18 03:00:00,24.2,50,8.6,301,0.0,190.0,23.03,72.58
2025-02-18 04:00:00,23.4,55,8.5,298,0.0,185.0,23.03,72.58
2025-02-18 05:00:00,22.8,60,8.5,294,0.0,170.0,23.03,72.58
2025-02-18 06:00:00,23.6,61,7.9,273,0.0,160.0,23.03,72.58
2025-02-18 07:00:00,23.5,63,8.0,293,0.0,165.0,23.03,72.58
2025-02-18 08:00:00,23.9,62,7.0,293,0.0,190.0,23.03,72.58
2025-02-18 09:00:00,26.2,52,6.6,305,0.0,320.0,23.03,72.58
2025-02-18 10:00:00,28.7,40,6.8,305,0.0,570.0,23.03,72.58
2025-02-18 11:00:00,30.7,32,8.9,302,0.0,1160.0,23.03,72.58
2025-02-18 12:00:00,32.0,27,10.4,314,0.0,1635.0,23.03,72.58
2025-02-18 13:00:00,32.8,25,10.2,314,0.0,1890.0,23.03,72.58
2025-02-18 14:00:00,33.1,23,10.1,320,0.0,2060.0,23.03,72.58
2025-02-18 15:00:00,33.3,23,9.8,325,0.0,2120.0,23.03,72.58
2025-02-18 16:00:00,33.4,22,9.7,325,0.0,2210.0,23.03,72.58
2025-02-18 17:00:00,33.0,22,10.8,327,0.0,2095.0,23.03,72.58
2025-02-18 18:00:00,31.7,23,6.8,295,0.0,465.0,23.03,72.58
2025-02-18 19:00:00,30.4,26,4.4,277,0.0,135.0,23.03,72.58
2025-02-18 20:00:00,29.3,28,6.5,246,0.0,110.0,23.03,72.58
2025-02-18 21:00:00,28.2,32,9.1,253,0.0,140.0,23.03,72.58
2025-02-18 22:00:00,27.4,32,9.0,270,0.0,165.0,23.03,72.58
2025-02-18 23:00:00,26.7,32,9.3,280,0.0,160.0,23.03,72.58
2025-02-19 00:00:00,25.8,34,9.8,293,0.0,185.0,23.03,72.58
2025-02-19 01:00:00,25.1,35,10.6,302,0.0,215.0,23.03,72.58
2025-02-19 02:00:00,24.4,37,11.0,298,0.0,220.0,23.03,72.58
2025-02-19 03:00:00,23.6,40,10.5,301,0.0,205.0,23.03,72.58
2025-02-19 04:00:00,22.9,42,10.6,310,0.0,185.0,23.03,72.58
2025-02-19 05:00:00,22.4,43,10.1,319,0.0,165.0,23.03,72.58
2025-02-19 06:00:00,22.1,49,10.9,315,0.0,170.0,23.03,72.58
2025-02-19 07:00:00,21.7,50,10.7,319,0.0,155.0,23.03,72.58
2025-02-19 08:00:00,22.8,47,9.1,321,0.0,160.0,23.03,72.58
2025-02-19 09:00:00,25.2,40,5.2,329,0.0,210.0,23.03,72.58
2025-02-19 10:00:00,27.5,35,5.1,321,0.0,300.0,23.03,72.58
2025-02-19 11:00:00,27.6,35,4.7,317,0.0,345.0,23.03,72.58
2025-02-19 12:00:00,30.4,29,4.1,315,0.0,810.0,23.03,72.58
2025-02-19 13:00:00,30.9,28,5.8,324,0.0,1055.0,23.03,72.58
2025-02-19 14:00:00,32.3,25,6.5,312,0.0,1590.0,23.03,72.58
2025-02-19 15:00:00,33.0,23,6.1,282,0.0,1940.0,23.03,72.58
2025-02-19 16:00:00,33.4,21,9.0,280,0.0,2800.0,23.03,72.58
2025-02-19 17:00:00,32.7,21,14.1,274,0.0,2130.0,23.03,72.58
2025-02-19 18:00:00,31.8,23,12.1,243,0.0,840.0,23.03,72.58
2025-02-19 19:00:00,30.3,26,12.7,243,0.0,435.0,23.03,72.58
2025-02-19 20:00:00,29.3,28,11.9,243,0.0,320.0,23.03,72.58
2025-02-19 21:00:00,28.7,29,10.4,238,0.0,235.0,23.03,72.58
2025-02-19 22:00:00,28.4,30,9.3,238,0.0,175.0,23.03,72.58
2025-02-19 23:00:00,27.3,32,11.9,248,0.0,245.0,23.03,72.58
2025-02-20 00:00:00,26.2,34,11.0,251,0.0,260.0,23.03,72.58
2025-02-20 01:00:00,25.0,37,11.8,258,0.0,290.0,23.03,72.58
2025-02-20 02:00:00,24.2,42,11.0,269,0.0,280.0,23.03,72.58
2025-02-20 03:00:00,23.5,46,10.7,276,0.0,250.0,23.03,72.58
2025-02-20 04:00:00,22.7,49,10.9,292,0.0,240.0,23.03,72.58
2025-02-20 05:00:00,22.2,51,10.4,302,0.0,205.0,23.03,72.58
2025-02-20 06:00:00,21.9,55,10.6,313,0.0,215.0,23.03,72.58
2025-02-20 07:00:00,21.5,56,10.3,313,0.0,225.0,23.03,72.58
2025-02-20 08:00:00,22.5,51,7.9,303,0.0,250.0,23.03,72.58
2025-02-20 09:00:00,24.7,44,5.5,293,0.0,360.0,23.03,72.58
2025-02-20 10:00:00,27.1,39,6.0,291,0.0,570.0,23.03,72.58
2025-02-20 11:00:00,28.9,37,6.7,294,0.0,725.0,23.03,72.58
2025-02-20 12:00:00,30.6,33,5.7,294,0.0,1030.0,23.03,72.58
2025-02-20 13:00:00,31.9,28,5.8,300,0.0,2185.0,23.03,72.58
2025-02-20 14:00:00,32.8,24,6.9,307,0.0,2615.0,23.03,72.58
2025-02-20 15:00:00,33.2,21,7.6,313,0.0,2695.0,23.03,72.58
2025-02-20 16:00:00,33.3,19,7.8,316,0.0,2765.0,23.03,72.58
2025-02-20 17:00:00,32.8,19,8.5,314,0.0,2760.0,23.03,72.58
2025-02-20 18:00:00,31.8,23,9.2,259,0.0,680.0,23.03,72.58
2025-02-20 19:00:00,30.5,28,9.7,248,0.0,500.0,23.03,72.58
2025-02-20 20:00:00,29.4,31,8.5,266,0.0,310.0,23.03,72.58
2025-02-20 21:00:00,28.4,34,7.9,294,0.0,285.0,23.03,72.58
2025-02-20 22:00:00,28.0,34,6.9,275,0.0,175.0,23.03,72.58
2025-02-20 23:00:00,27.2,36,6.1,300,0.0,130.0,23.03,72.58
2025-02-21 00:00:00,26.3,38,5.3,308,0.0,95.0,23.03,72.58
2025-02-21 01:00:00,25.3,40,7.5,281,0.0,100.0,23.03,72.58
2025-02-21 02:00:00,24.8,40,8.2,302,0.0,110.0,23.03,72.58
2025-02-21 03:00:00,24.2,41,8.6,306,0.0,95.0,23.03,72.58
2025-02-21 04:00:00,23.4,43,8.6,329,0.0,95.0,23.03,72.58
2025-02-21 05:00:00,22.5,46,7.9,336,0.0,85.0,23.03,72.58
2025-02-21 06:00:00,22.0,52,7.5,343,0.0,85.0,23.03,72.58
2025-02-21 07:00:00,22.1,51,7.6,359,0.0,65.0,23.03,72.58
2025-02-21 08:00:00,23.6,46,7.3,11,0.0,85.0,23.03,72.58
2025-02-21 09:00:00,26.5,37,5.0,19,0.0,170.0,23.03,72.58
2025-02-21 10:00:00,29.3,28,6.3,27,0.0,430.0,23.03,72.58
2025-02-21 11:00:00,31.2,23,7.6,19,0.0,1290.0,23.03,72.58
2025-02-21 12:00:00,32.3,22,7.2,354,0.0,1990.0,23.03,72.58
2025-02-21 13:00:00,32.9,21,8.8,340,0.0,2085.0,23.03,72.58
2025-02-21 14:00:00,33.2,20,9.4,336,0.0,2145.0,23.03,72.58
2025-02-21 15:00:00,33.2,19,10.6,330,0.0,2130.0,23.03,72.58
2025-02-21 16:00:00,32.9,19,9.8,334,0.0,2090.0,23.03,72.58
2025-02-21 17:00:00,32.6,20,8.7,342,0.0,2010.0,23.03,72.58
2025-02-21 18:00:00,32.0,20,8.9,336,0.0,1580.0,23.03,72.58
2025-02-21 19:00:00,31.0,23,9.4,336,0.0,415.0,23.03,72.58
2025-02-21 20:00:00,29.8,26,9.3,336,0.0,200.0,23.03,72.58
2025-02-21 21:00:00,29.3,26,8.3,327,0.0,115.0,23.03,72.58
2025-02-21 22:00:00,28.4,27,8.3,311,0.0,105.0,23.03,72.58
2025-02-21 23:00:00,27.4,28,7.7,330,0.0,105.0,23.03,72.58
2025-02-22 00:00:00,26.1,31,8.3,346,0.0,120.0,23.03,72.58
2025-02-22 01:00:00,24.6,36,6.2,41,0.0,125.0,23.03,72.58
2025-02-22 02:00:00,24.1,37,3.8,355,0.0,65.0,23.03,72.58
2025-02-22 03:00:00,23.8,37,3.5,291,0.0,45.0,23.03,72.58
2025-02-22 04:00:00,23.0,40,5.5,341,0.0,65.0,23.03,72.58
2025-02-22 05:00:00,21.6,43,6.8,3,0.0,85.0,23.03,72.58
2025-02-22 06:00:00,21.9,46,6.1,40,0.0,80.0,23.03,72.58
2025-02-22 07:00:00,21.4,45,7.3,52,0.0,105.0,23.03,72.58
2025-02-22 08:00:00,22.3,41,5.8,54,0.0,135.0,23.03,72.58
2025-02-22 09:00:00,24.6,36,4.6,54,0.0,185.0,23.03,72.58
2025-02-22 10:00:00,27.5,31,4.6,69,0.0,275.0,23.03,72.58
2025-02-22 11:00:00,30.1,25,4.3,85,0.0,530.0,23.03,72.58
2025-02-22 12:00:00,31.8,22,2.8,75,0.0,940.0,23.03,72.58
2025-02-22 13:00:00,33.1,20,2.9,356,0.0,1890.0,23.03,72.58
2025-02-22 14:00:00,33.8,18,8.0,340,0.0,2155.0,23.03,72.58
2025-02-22 15:00:00,33.5,18,11.6,339,0.0,2010.0,23.03,72.58
2025-02-22 16:00:00,33.0,20,10.2,342,0.0,1805.0,23.03,72.58
2025-02-22 17:00:00,32.9,20,7.4,347,0.0,1975.0,23.03,72.58
2025-02-22 18:00:00,32.1,21,7.4,338,0.0,600.0,23.03,72.58
2025-02-22 19:00:00,31.8,21,5.5,11,0.0,165.0,23.03,72.58
2025-02-22 20:00:00,31.8,21,5.9,360,0.0,305.0,23.03,72.58
2025-02-22 21:00:00,30.0,23,4.2,313,0.0,40.0,23.03,72.58
2025-02-22 22:00:00,28.2,26,5.5,281,0.0,65.0,23.03,72.58
2025-02-22 23:00:00,26.9,30,5.6,299,0.0,80.0,23.03,72.58
2025-02-23 00:00:00,25.9,32,7.6,317,0.0,90.0,23.03,72.58
2025-02-23 01:00:00,25.3,31,9.2,329,0.0,95.0,23.03,72.58
2025-02-23 02:00:00,24.5,31,10.6,339,0.0,125.0,23.03,72.58
2025-02-23 03:00:00,23.5,33,10.7,340,0.0,135.0,23.03,72.58
2025-02-23 04:00:00,22.4,36,10.5,347,0.0,150.0,23.03,72.58
2025-02-23 05:00:00,21.7,37,10.5,352,0.0,145.0,23.03,72.58
2025-02-23 06:00:00,21.4,41,8.3,13,0.0,110.0,23.03,72.58
2025-02-23 07:00:00,20.9,42,7.6,38,0.0,90.0,23.03,72.58
2025-02-23 08:00:00,21.9,40,5.7,28,0.0,95.0,23.03,72.58
2025-02-23 09:00:00,24.9,32,2.7,20,0.0,130.0,23.03,72.58
2025-02-23 10:00:00,28.5,26,4.0,85,0.0,290.0,23.03,72.58
2025-02-23 11:00:00,30.9,21,6.0,99,0.0,785.0,23.03,72.58
2025-02-23 12:00:00,32.2,19,4.0,95,0.0,1460.0,23.03,72.58
2025-02-23 13:00:00,33.2,16,0.7,76,0.0,2265.0,23.03,72.58
2025-02-23 14:00:00,33.8,15,2.6,304,0.0,2700.0,23.03,72.58
2025-02-23 15:00:00,34.1,15,5.9,317,0.0,2735.0,23.03,72.58
2025-02-23 16:00:00,33.6,16,8.5,336,0.0,2570.0,23.03,72.58
2025-02-23 17:00:00,33.1,17,8.1,4,0.0,2305.0,23.03,72.58
2025-02-23 18:00:00,32.3,19,4.1,225,0.0,155.0,23.03,72.58
2025-02-23 19:00:00,30.8,22,3.5,171,0.0,95.0,23.03,72.58
2025-02-23 20:00:00,30.3,23,1.0,22,0.0,35.0,23.03,72.58
2025-02-23 21:00:00,29.7,25,5.2,295,0.0,85.0,23.03,72.58
2025-02-23 22:00:00,28.9,26,4.5,270,0.0,65.0,23.03,72.58
2025-02-23 23:00:00,27.4,29,5.5,322,0.0,50.0,23.03,72.58
2025-02-24 00:00:00,26.3,32,6.0,331,0.0,50.0,23.03,72.58
2025-02-24 01:00:00,25.2,35,7.2,357,0.0,65.0,23.03,72.58
2025-02-24 02:00:00,24.6,34,8.1,6,0.0,105.0,23.03,72.58
2025-02-24 03:00:00,24.3,32,9.2,17,0.0,105.0,23.03,72.58
2025-02-24 04:00:00,23.2,33,8.9,34,0.0,110.0,23.03,72.58
2025-02-24 05:00:00,22.5,34,9.8,40,0.0,130.0,23.03,72.58
2025-02-24 06:00:00,21.9,37,10.9,38,0.0,130.0,23.03,72.58
2025-02-24 07:00:00,21.4,39,11.3,48,0.0,150.0,23.03,72.58
2025-02-24 08:00:00,22.1,40,9.3,58,0.0,160.0,23.03,72.58
2025-02-24 09:00:00,24.2,38,7.6,62,0.0,210.0,23.03,72.58
2025-02-24 10:00:00,27.3,33,7.6,68,0.0,330.0,23.03,72.58
2025-02-24 11:00:00,30.0,27,8.1,73,0.0,540.0,23.03,72.58
2025-02-24 12:00:00,32.0,22,7.2,76,0.0,1250.0,23.03,72.58
2025-02-24 13:00:00,33.2,19,7.7,74,0.0,1870.0,23.03,72.58
2025-02-24 14:00:00,33.7,18,6.8,65,0.0,2260.0,23.03,72.58
2025-02-24 15:00:00,34.0,17,6.0,51,0.0,2515.0,23.03,72.58
2025-02-24 16:00:00,33.9,17,5.6,29,0.0,2550.0,23.03,72.58
2025-02-24 17:00:00,33.5,18,5.6,6,0.0,2490.0,23.03,72.58
2025-02-24 18:00:00,32.4,19,7.2,91,0.0,2205.0,23.03,72.58
2025-02-24 19:00:00,31.5,21,8.0,115,0.0,365.0,23.03,72.58
2025-02-24 20:00:00,31.0,21,7.7,118,0.0,275.0,23.03,72.58
2025-02-24 21:00:00,30.8,21,5.1,67,0.0,100.0,23.03,72.58
2025-02-24 22:00:00,29.6,23,6.7,336,0.0,60.0,23.03,72.58
2025-02-24 23:00:00,27.9,26,7.6,7,0.0,70.0,23.03,72.58
2025-02-25 00:00:00,26.7,30,7.8,34,0.0,70.0,23.03,72.58
2025-02-25 01:00:00,25.2,32,9.4,38,0.0,110.0,23.03,72.58
2025-02-25 02:00:00,24.0,34,10.9,51,0.0,155.0,23.03,72.58
2025-02-25 03:00:00,23.5,33,11.2,45,0.0,170.0,23.03,72.58
2025-02-25 04:00:00,23.0,34,11.2,48,0.0,160.0,23.03,72.58
2025-02-25 05:00:00,22.5,35,11.2,55,0.0,170.0,23.03,72.58
2025-02-25 06:00:00,22.2,39,11.2,66,0.0,180.0,23.03,72.58
2025-02-25 07:00:00,21.8,39,11.2,68,0.0,185.0,23.03,72.58
2025-02-25 08:00:00,22.9,37,9.9,74,0.0,225.0,23.03,72.58
2025-02-25 09:00:00,25.1,33,8.7,76,0.0,300.0,23.03,72.58
2025-02-25 10:00:00,27.8,28,9.3,82,0.0,385.0,23.03,72.58
2025-02-25 11:00:00,30.4,25,9.0,85,0.0,535.0,23.03,72.58
2025-02-25 12:00:00,32.5,22,8.7,94,0.0,950.0,23.03,72.58
2025-02-25 13:00:00,33.9,19,8.6,98,0.0,1585.0,23.03,72.58
2025-02-25 14:00:00,34.5,18,7.4,91,0.0,1700.0,23.03,72.58
2025-02-25 15:00:00,34.7,18,6.0,80,0.0,1755.0,23.03,72.58
2025-02-25 16:00:00,34.7,18,5.7,66,0.0,1845.0,23.03,72.58
2025-02-25 17:00:00,34.3,18,5.9,52,0.0,1820.0,23.03,72.58
2025-02-25 18:00:00,33.0,20,8.4,50,0.0,740.0,23.03,72.58
2025-02-25 19:00:00,31.9,22,10.1,49,0.0,390.0,23.03,72.58
2025-02-25 20:00:00,30.6,24,9.0,31,0.0,180.0,23.03,72.58
2025-02-25 21:00:00,29.9,25,8.2,33,0.0,125.0,23.03,72.58
2025-02-25 22:00:00,29.2,25,7.8,50,0.0,115.0,23.03,72.58
2025-02-25 23:00:00,28.1,27,7.0,87,0.0,100.0,23.03,72.58
2025-02-26 00:00:00,27.1,28,7.1,83,0.0,85.0,23.03,72.58
2025-02-26 01:00:00,26.2,30,9.6,60,0.0,115.0,23.03,72.58
2025-02-26 02:00:00,25.4,31,9.9,53,0.0,130.0,23.03,72.58
2025-02-26 03:00:00,24.5,33,10.2,49,0.0,140.0,23.03,72.58
2025-02-26 04:00:00,23.8,35,9.9,61,0.0,140.0,23.03,72.58
2025-02-26 05:00:00,23.3,37,9.9,63,0.0,135.0,23.03,72.58
2025-02-26 06:00:00,22.9,39,10.4,73,0.0,135.0,23.03,72.58
2025-02-26 07:00:00,22.7,39,10.6,71,0.0,150.0,23.03,72.58
2025-02-26 08:00:00,23.6,37,9.3,72,0.0,180.0,23.03,72.58
2025-02-26 09:00:00,25.9,32,7.2,78,0.0,260.0,23.03,72.58
2025-02-26 10:00:00,28.7,29,8.1,87,0.0,395.0,23.03,72.58
2025-02-26 11:00:00,31.2,26,8.3,92,0.0,560.0,23.03,72.58
2025-02-26 12:00:00,33.3,22,8.0,104,0.0,920.0,23.03,72.58
2025-02-26 13:00:00,34.7,20,8.1,118,0.0,1410.0,23.03,72.58
2025-02-26 14:00:00,35.5,18,7.6,121,0.0,1635.0,23.03,72.58
2025-02-26 15:00:00,35.9,17,6.0,127,0.0,1745.0,23.03,72.58
2025-02-26 16:00:00,35.8,17,4.4,142,0.0,1785.0,23.03,72.58
2025-02-26 17:00:00,35.5,18,3.1,149,0.0,1770.0,23.03,72.58
2025-02-26 18:00:00,34.5,20,5.7,229,0.0,225.0,23.03,72.58
2025-02-26 19:00:00,32.7,25,7.0,282,0.0,125.0,23.03,72.58
2025-02-26 20:00:00,31.6,28,6.5,309,0.0,90.0,23.03,72.58
2025-02-26 21:00:00,30.9,29,5.4,356,0.0,55.0,23.03,72.58
2025-02-26 22:00:00,30.1,30,5.1,10,0.0,45.0,23.03,72.58
2025-02-26 23:00:00,28.7,34,6.3,345,0.0,55.0,23.03,72.58
2025-02-27 00:00:00,27.8,36,5.3,38,0.0,40.0,23.03,72.58
2025-02-27 01:00:00,26.7,38,8.2,50,0.0,60.0,23.03,72.58
2025-02-27 02:00:00,25.9,37,8.0,44,0.0,65.0,23.03,72.58
2025-02-27 03:00:00,25.2,36,8.0,48,0.0,70.0,23.03,72.58
2025-02-27 04:00:00,24.6,36,8.5,63,0.0,75.0,23.03,72.58
2025-02-27 05:00:00,24.0,37,8.3,79,0.0,70.0,23.03,72.58
2025-02-27 06:00:00,23.7,40,8.3,92,0.0,75.0,23.03,72.58
2025-02-27 07:00:00,23.7,39,8.8,105,0.0,80.0,23.03,72.58
2025-02-27 08:00:00,25.0,36,5.4,130,0.0,100.0,23.03,72.58
2025-02-27 09:00:00,27.6,32,3.1,144,0.0,180.0,23.03,72.58
2025-02-27 10:00:00,30.2,28,3.4,180,0.0,345.0,23.03,72.58
2025-02-27 11:00:00,32.4,26,4.2,211,0.0,540.0,23.03,72.58
2025-02-27 12:00:00,34.1,24,5.8,219,0.0,945.0,23.03,72.58
2025-02-27 13:00:00,35.2,22,6.4,218,0.0,1540.0,23.03,72.58
2025-02-27 14:00:00,35.9,20,6.9,227,0.0,1895.0,23.03,72.58
2025-02-27 15:00:00,36.1,20,7.5,233,0.0,2080.0,23.03,72.58
2025-02-27 16:00:00,36.0,20,8.2,241,0.0,2075.0,23.03,72.58
2025-02-27 17:00:00,35.5,20,9.2,247,0.0,1830.0,23.03,72.58
2025-02-27 18:00:00,35.0,22,7.8,261,0.0,1515.0,23.03,72.58
2025-02-27 19:00:00,33.7,24,4.9,253,0.0,190.0,23.03,72.58
2025-02-27 20:00:00,32.6,26,3.7,231,0.0,105.0,23.03,72.58
2025-02-27 21:00:00,31.5,29,5.9,227,0.0,115.0,23.03,72.58
2025-02-27 22:00:00,30.4,31,5.4,230,0.0,100.0,23.03,72.58
2025-02-27 23:00:00,29.6,33,6.5,242,0.0,110.0,23.03,72.58
2025-02-28 00:00:00,28.7,33,8.4,285,0.0,205.0,23.03,72.58
2025-02-28 01:00:00,27.8,33,8.6,285,0.0,165.0,23.03,72.58
2025-02-28 02:00:00,26.6,33,9.2,281,0.0,185.0,23.03,72.58
2025-02-28 03:00:00,25.5,33,8.3,270,0.0,195.0,23.03,72.58
2025-02-28 04:00:00,24.6,35,8.6,278,0.0,205.0,23.03,72.58
2025-02-28 05:00:00,24.1,37,9.1,292,0.0,210.0,23.03,72.58
2025-02-28 06:00:00,24.2,42,9.8,296,0.0,235.0,23.03,72.58
2025-02-28 07:00:00,23.5,45,9.8,305,0.0,240.0,23.03,72.58
2025-02-28 08:00:00,24.2,44,6.7,306,0.0,235.0,23.03,72.58
2025-02-28 09:00:00,26.0,40,4.9,298,0.0,260.0,23.03,72.58
2025-02-28 10:00:00,28.4,36,3.9,294,0.0,335.0,23.03,72.58
2025-02-28 11:00:00,31.0,26,4.6,296,0.0,565.0,23.03,72.58
2025-02-28 12:00:00,32.9,20,5.7,294,0.0,900.0,23.03,72.58
2025-02-28 13:00:00,34.1,17,6.2,282,0.0,1300.0,23.03,72.58
2025-02-28 14:00:00,35.0,15,7.4,257,0.0,1520.0,23.03,72.58
2025-02-28 15:00:00,35.3,13,10.2,247,0.0,1600.0,23.03,72.58
2025-02-28 16:00:00,34.7,14,11.0,244,0.0,1475.0,23.03,72.58
2025-02-28 17:00:00,34.3,17,10.6,246,0.0,1440.0,23.03,72.58
2025-02-28 18:00:00,33.3,21,9.1,260,0.0,1240.0,23.03,72.58
2025-02-28 19:00:00,32.3,25,9.3,260,0.0,500.0,23.03,72.58
2025-02-28 20:00:00,31.2,28,9.2,267,0.0,230.0,23.03,72.58
2025-02-28 21:00:00,30.5,31,8.7,277,0.0,195.0,23.03,72.58
2025-02-28 22:00:00,29.7,34,9.2,273,0.0,210.0,23.03,72.58
2025-02-28 23:00:00,28.3,38,9.8,283,0.0,190.0,23.03,72.58
2025-03-01 00:00:00,26.8,41,8.2,289,0.0,200.0,23.03,72.58
2025-03-01 01:00:00,26.0,45,7.5,287,0.0,210.0,23.03,72.58
2025-03-01 02:00:00,25.2,49,8.1,282,0.0,240.0,23.03,72.58
2025-03-01 03:00:00,24.4,55,8.5,287,0.0,255.0,23.03,72.58
2025-03-01 04:00:00,23.8,61,9.3,298,0.0,260.0,23.03,72.58
2025-03-01 05:00:00,23.3,65,9.5,303,0.0,275.0,23.03,72.58
2025-03-01 06:00:00,23.1,69,8.7,308,0.0,260.0,23.03,72.58
2025-03-01 07:00:00,22.7,69,8.2,310,0.0,220.0,23.03,72.58
2025-03-01 08:00:00,23.6,64,6.2,314,0.0,235.0,23.03,72.58
2025-03-01 09:00:00,25.6,53,7.4,317,0.0,335.0,23.03,72.58
2025-03-01 10:00:00,28.0,42,9.0,317,0.0,480.0,23.03,72.58
2025-03-01 11:00:00,30.1,33,9.3,319,0.0,755.0,23.03,72.58
2025-03-01 12:00:00,31.8,26,10.0,319,0.0,1195.0,23.03,72.58
2025-03-01 13:00:00,32.9,24,10.2,318,0.0,1520.0,23.03,72.58
2025-03-01 14:00:00,33.6,22,10.1,311,0.0,1785.0,23.03,72.58
2025-03-01 15:00:00,33.9,20,9.5,306,0.0,2000.0,23.03,72.58
2025-03-01 16:00:00,34.0,20,8.6,303,0.0,2170.0,23.03,72.58
2025-03-01 17:00:00,33.7,19,7.9,300,0.0,2140.0,23.03,72.58
2025-03-01 18:00:00,32.5,22,8.6,278,0.0,990.0,23.03,72.58
2025-03-01 19:00:00,31.5,25,7.6,274,0.0,410.0,23.03,72.58
2025-03-01 20:00:00,30.5,27,6.6,286,0.0,195.0,23.03,72.58
2025-03-01 21:00:00,29.2,31,8.0,295,0.0,210.0,23.03,72.58
2025-03-01 22:00:00,28.2,33,9.4,300,0.0,235.0,23.03,72.58
2025-03-01 23:00:00,27.2,34,9.1,321,0.0,185.0,23.03,72.58
2025-03-02 00:00:00,26.3,35,8.4,323,0.0,150.0,23.03,72.58
2025-03-02 01:00:00,25.5,37,8.3,327,0.0,135.0,23.03,72.58
2025-03-02 02:00:00,24.9,39,8.8,327,0.0,150.0,23.03,72.58
2025-03-02 03:00:00,24.3,42,8.0,322,0.0,145.0,23.03,72.58
2025-03-02 04:00:00,23.4,45,7.6,317,0.0,145.0,23.03,72.58
2025-03-02 05:00:00,22.9,47,6.7,314,0.0,110.0,23.03,72.58
2025-03-02 06:00:00,23.2,52,7.1,313,0.0,140.0,23.03,72.58
2025-03-02 07:00:00,22.8,53,7.3,314,0.0,125.0,23.03,72.58
2025-03-02 08:00:00,23.7,50,6.5,318,0.0,180.0,23.03,72.58
2025-03-02 09:00:00,25.8,43,6.7,326,0.0,300.0,23.03,72.58
2025-03-02 10:00:00,28.3,37,5.5,333,0.0,420.0,23.03,72.58
2025-03-02 11:00:00,30.5,30,5.8,338,0.0,1520.0,23.03,72.58
2025-03-02 12:00:00,31.7,25,5.1,309,0.0,1915.0,23.03,72.58
2025-03-02 13:00:00,32.5,23,5.5,293,0.0,2050.0,23.03,72.58
2025-03-02 14:00:00,33.0,22,5.3,280,0.0,2150.0,23.03,72.58
2025-03-02 15:00:00,33.3,22,5.2,286,0.0,2170.0,23.03,72.58
2025-03-02 16:00:00,33.3,22,6.5,304,0.0,2160.0,23.03,72.58
2025-03-02 17:00:00,32.9,22,7.4,309,0.0,2055.0,23.03,72.58
2025-03-02 18:00:00,32.1,23,4.8,281,0.0,635.0,23.03,72.58
2025-03-02 19:00:00,30.8,26,5.1,228,0.0,265.0,23.03,72.58
2025-03-02 20:00:00,30.0,27,6.7,256,0.0,305.0,23.03,72.58
2025-03-02 21:00:00,29.0,29,7.4,276,0.0,270.0,23.03,72.58
2025-03-02 22:00:00,27.9,33,7.4,274,0.0,240.0,23.03,72.58
2025-03-02 23:00:00,27.0,36,7.6,269,0.0,215.0,23.03,72.58
2025-03-03 00:00:00,26.4,40,9.7,273,0.0,305.0,23.03,72.58
2025-03-03 01:00:00,25.8,41,10.6,288,0.0,265.0,23.03,72.58
2025-03-03 02:00:00,25.1,42,10.5,297,0.0,235.0,23.03,72.58
2025-03-03 03:00:00,24.3,43,10.5,305,0.0,210.0,23.03,72.58
2025-03-03 04:00:00,23.7,45,11.5,318,0.0,220.0,23.03,72.58
2025-03-03 05:00:00,23.1,48,11.2,330,0.0,220.0,23.03,72.58
2025-03-03 06:00:00,22.9,51,8.9,333,0.0,195.0,23.03,72.58
2025-03-03 07:00:00,22.7,52,6.8,328,0.0,165.0,23.03,72.58
2025-03-03 08:00:00,23.8,49,3.1,310,0.0,200.0,23.03,72.58
2025-03-03 09:00:00,25.9,43,4.1,322,0.0,350.0,23.03,72.58
2025-03-03 10:00:00,28.1,38,4.4,328,0.0,510.0,23.03,72.58
2025-03-03 11:00:00,30.1,33,4.5,323,0.0,735.0,23.03,72.58
2025-03-03 12:00:00,31.8,29,5.0,308,0.0,1065.0,23.03,72.58
2025-03-03 13:00:00,33.1,26,6.7,306,0.0,1570.0,23.03,72.58
2025-03-03 14:00:00,34.0,23,6.8,312,0.0,1830.0,23.03,72.58
2025-03-03 15:00:00,34.3,21,7.1,315,0.0,2055.0,23.03,72.58
2025-03-03 16:00:00,34.3,20,6.6,317,0.0,2155.0,23.03,72.58
2025-03-03 17:00:00,34.1,19,6.0,314,0.0,2245.0,23.03,72.58
2025-03-03 18:00:00,33.1,19,6.2,300,0.0,745.0,23.03,72.58
2025-03-03 19:00:00,31.8,22,5.8,279,0.0,240.0,23.03,72.58
2025-03-03 20:00:00,30.7,24,6.7,286,0.0,245.0,23.03,72.58
2025-03-03 21:00:00,29.7,25,7.2,270,0.0,195.0,23.03,72.58
2025-03-03 22:00:00,28.8,27,8.3,270,0.0,160.0,23.03,72.58
2025-03-03 23:00:00,28.0,30,8.4,295,0.0,120.0,23.03,72.58
2025-03-04 00:00:00,27.2,31,10.5,297,0.0,145.0,23.03,72.58
2025-03-04 01:00:00,26.1,34,12.6,297,0.0,225.0,23.03,72.58
2025-03-04 02:00:00,24.8,42,12.4,300,0.0,240.0,23.03,72.58
2025-03-04 03:00:00,23.7,49,12.2,307,0.0,290.0,23.03,72.58
2025-03-04 04:00:00,23.2,56,12.4,313,0.0,335.0,23.03,72.58
2025-03-04 05:00:00,23.0,58,12.7,317,0.0,435.0,23.03,72.58
2025-03-04 06:00:00,23.2,55,11.5,325,0.0,375.0,23.03,72.58
2025-03-04 07:00:00,22.7,53,10.1,329,0.0,285.0,23.03,72.58
2025-03-04 08:00:00,23.5,46,8.5,339,0.0,335.0,23.03,72.58
2025-03-04 09:00:00,25.4,37,9.2,356,0.0,460.0,23.03,72.58
2025-03-04 10:00:00,27.7,30,9.7,357,0.0,705.0,23.03,72.58
2025-03-04 11:00:00,29.9,23,11.4,356,0.0,1115.0,23.03,72.58
2025-03-04 12:00:00,31.3,19,12.5,349,0.0,1670.0,23.03,72.58
2025-03-04 13:00:00,32.1,16,12.9,347,0.0,1830.0,23.03,72.58
2025-03-04 14:00:00,32.4,15,13.3,344,0.0,1820.0,23.03,72.58
2025-03-04 15:00:00,32.3,14,14.0,337,0.0,1710.0,23.03,72.58
2025-03-04 16:00:00,31.9,12,14.8,339,0.0,1595.0,23.03,72.58
2025-03-04 17:00:00,31.1,9,15.8,339,0.0,1425.0,23.03,72.58
2025-03-04 18:00:00,30.1,13,12.4,324,0.0,905.0,23.03,72.58
2025-03-04 19:00:00,28.2,14,13.7,330,0.0,515.0,23.03,72.58
2025-03-04 20:00:00,27.0,14,12.6,343,0.0,385.0,23.03,72.58
2025-03-04 21:00:00,25.6,14,12.5,352,0.0,325.0,23.03,72.58
2025-03-04 22:00:00,24.4,13,12.8,355,0.0,305.0,23.03,72.58
2025-03-04 23:00:00,23.5,11,12.6,5,0.0,275.0,23.03,72.58
2025-03-05 00:00:00,22.7,10,11.5,27,0.0,290.0,23.03,72.58
2025-03-05 01:00:00,22.1,9,12.2,28,0.0,270.0,23.03,72.58
2025-03-05 02:00:00,21.1,10,12.4,28,0.0,230.0,23.03,72.58
2025-03-05 03:00:00,20.1,11,12.7,25,0.0,235.0,23.03,72.58
2025-03-05 04:00:00,19.4,11,13.2,26,0.0,275.0,23.03,72.58
2025-03-05 05:00:00,18.8,12,13.3,35,0.0,295.0,23.03,72.58
2025-03-05 06:00:00,19.0,17,14.0,47,0.0,360.0,23.03,72.58
2025-03-05 07:00:00,18.8,21,14.2,52,0.0,370.0,23.03,72.58
2025-03-05 08:00:00,19.9,23,11.8,51,0.0,430.0,23.03,72.58
2025-03-05 09:00:00,22.2,22,12.7,59,0.0,495.0,23.03,72.58
2025-03-05 10:00:00,24.7,19,13.0,65,0.0,585.0,23.03,72.58
2025-03-05 11:00:00,27.1,14,12.4,62,0.0,720.0,23.03,72.58
2025-03-05 12:00:00,29.2,11,11.9,58,0.0,910.0,23.03,72.58
2025-03-05 13:00:00,30.8,9,11.1,50,0.0,1115.0,23.03,72.58
2025-03-05 14:00:00,31.9,7,10.4,37,0.0,1315.0,23.03,72.58
2025-03-05 15:00:00,32.5,7,9.3,25,0.0,1445.0,23.03,72.58
2025-03-05 16:00:00,32.6,7,7.8,13,0.0,1540.0,23.03,72.58
2025-03-05 17:00:00,32.3,7,7.9,348,0.0,1575.0,23.03,72.58
2025-03-05 18:00:00,31.0,10,8.3,319,0.0,450.0,23.03,72.58
2025-03-05 19:00:00,29.4,13,10.6,313,0.0,305.0,23.03,72.58
2025-03-05 20:00:00,28.1,13,10.9,322,0.0,250.0,23.03,72.58
2025-03-05 21:00:00,26.8,14,10.4,332,0.0,175.0,23.03,72.58
2025-03-05 22:00:00,25.3,15,10.8,342,0.0,180.0,23.03,72.58
2025-03-05 23:00:00,23.8,15,11.3,343,0.0,165.0,23.03,72.58
2025-03-06 00:00:00,23.0,14,11.4,355,0.0,145.0,23.03,72.58
2025-03-06 01:00:00,22.6,14,11.4,4,0.0,145.0,23.03,72.58
2025-03-06 02:00:00,22.1,15,10.6,10,0.0,140.0,23.03,72.58
2025-03-06 03:00:00,21.5,16,9.9,16,0.0,125.0,23.03,72.58
2025-03-06 04:00:00,20.7,17,8.8,26,0.0,110.0,23.03,72.58
2025-03-06 05:00:00,20.0,18,8.0,36,0.0,95.0,23.03,72.58
2025-03-06 06:00:00,18.6,24,7.0,48,0.0,75.0,23.03,72.58
2025-03-06 07:00:00,18.3,28,7.8,48,0.0,75.0,23.03,72.58
2025-03-06 08:00:00,19.8,28,6.4,25,0.0,100.0,23.03,72.58
2025-03-06 09:00:00,23.0,26,3.8,31,0.0,150.0,23.03,72.58
2025-03-06 10:00:00,26.6,21,3.6,30,0.0,260.0,23.03,72.58
2025-03-06 11:00:00,29.3,16,2.4,42,0.0,745.0,23.03,72.58
2025-03-06 12:00:00,31.0,12,2.4,347,0.0,1000.0,23.03,72.58
2025-03-06 13:00:00,32.3,9,5.3,325,0.0,1150.0,23.03,72.58
2025-03-06 14:00:00,33.0,8,8.1,332,0.0,1205.0,23.03,72.58
2025-03-06 15:00:00,33.1,8,9.4,337,0.0,1155.0,23.03,72.58
2025-03-06 16:00:00,33.0,9,8.0,340,0.0,1215.0,23.03,72.58
2025-03-06 17:00:00,32.7,9,6.7,336,0.0,1140.0,23.03,72.58
2025-03-06 18:00:00,32.6,10,4.4,330,0.0,785.0,23.03,72.58
2025-03-06 19:00:00,31.9,10,4.4,341,0.0,200.0,23.03,72.58
2025-03-06 20:00:00,30.8,12,7.1,326,0.0,125.0,23.03,72.58
2025-03-06 21:00:00,29.1,15,8.2,328,0.0,100.0,23.03,72.58
2025-03-06 22:00:00,28.1,16,8.3,330,0.0,70.0,23.03,72.58
2025-03-06 23:00:00,27.4,16,9.0,325,0.0,80.0,23.03,72.58
2025-03-07 00:00:00,26.4,15,8.7,318,0.0,75.0,23.03,72.58
2025-03-07 01:00:00,25.6,16,8.4,323,0.0,75.0,23.03,72.58
2025-03-07 02:00:00,24.4,17,7.9,347,0.0,75.0,23.03,72.58
2025-03-07 03:00:00,23.3,19,7.9,349,0.0,75.0,23.03,72.58
2025-03-07 04:00:00,22.9,19,8.8,341,0.0,90.0,23.03,72.58
2025-03-07 05:00:00,22.5,19,8.7,330,0.0,95.0,23.03,72.58
2025-03-07 06:00:00,21.4,26,8.1,331,0.0,80.0,23.03,72.58
2025-03-07 07:00:00,21.0,27,6.9,327,0.0,65.0,23.03,72.58
2025-03-07 08:00:00,22.3,25,3.3,338,0.0,80.0,23.03,72.58
2025-03-07 09:00:00,25.1,21,0.6,108,0.0,155.0,23.03,72.58
2025-03-07 10:00:00,28.2,17,0.4,153,0.0,285.0,23.03,72.58
2025-03-07 11:00:00,31.0,15,1.0,202,0.0,430.0,23.03,72.58
2025-03-07 12:00:00,33.2,12,1.9,248,0.0,755.0,23.03,72.58
2025-03-07 13:00:00,34.7,12,3.3,264,0.0,1245.0,23.03,72.58
2025-03-07 14:00:00,35.6,11,4.7,270,0.0,1605.0,23.03,72.58
2025-03-07 15:00:00,35.9,12,5.6,277,0.0,1740.0,23.03,72.58
2025-03-07 16:00:00,35.9,13,6.0,299,0.0,1685.0,23.03,72.58
2025-03-07 17:00:00,35.7,13,5.8,309,0.0,1620.0,23.03,72.58
2025-03-07 18:00:00,34.5,15,3.9,236,0.0,90.0,23.03,72.58
2025-03-07 19:00:00,33.0,17,3.5,204,0.0,55.0,23.03,72.58
2025-03-07 20:00:00,32.1,19,5.5,247,0.0,115.0,23.03,72.58
2025-03-07 21:00:00,31.0,21,8.2,285,0.0,195.0,23.03,72.58
2025-03-07 22:00:00,30.2,22,9.0,285,0.0,145.0,23.03,72.58
2025-03-07 23:00:00,29.3,23,8.4,289,0.0,115.0,23.03,72.58
2025-03-08 00:00:00,28.3,24,8.3,290,0.0,105.0,23.03,72.58
2025-03-08 01:00:00,27.3,25,9.1,291,0.0,110.0,23.03,72.58
2025-03-08 02:00:00,26.7,26,9.7,294,0.0,120.0,23.03,72.58
2025-03-08 03:00:00,25.8,29,10.5,295,0.0,130.0,23.03,72.58
2025-03-08 04:00:00,24.9,30,10.5,301,0.0,145.0,23.03,72.58
2025-03-08 05:00:00,24.0,31,9.8,317,0.0,155.0,23.03,72.58
2025-03-08 06:00:00,23.2,38,9.5,316,0.0,120.0,23.03,72.58
2025-03-08 07:00:00,23.0,40,8.9,318,0.0,115.0,23.03,72.58
2025-03-08 08:00:00,24.3,38,6.8,312,0.0,145.0,23.03,72.58
2025-03-08 09:00:00,26.8,34,5.3,308,0.0,210.0,23.03,72.58
2025-03-08 10:00:00,29.7,30,3.6,300,0.0,270.0,23.03,72.58
2025-03-08 11:00:00,32.6,24,2.0,275,0.0,430.0,23.03,72.58
2025-03-08 12:00:00,34.9,19,2.0,270,0.0,1120.0,23.03,72.58
2025-03-08 13:00:00,36.3,16,3.3,276,0.0,2235.0,23.03,72.58
2025-03-08 14:00:00,37.0,14,4.3,275,0.0,2630.0,23.03,72.58
2025-03-08 15:00:00,37.2,14,5.2,250,0.0,2990.0,23.03,72.58
2025-03-08 16:00:00,37.2,15,7.8,230,0.0,3110.0,23.03,72.58
2025-03-08 17:00:00,36.8,15,11.6,237,0.0,3130.0,23.03,72.58
2025-03-08 18:00:00,35.5,15,3.6,229,0.0,115.0,23.03,72.58
2025-03-08 19:00:00,34.2,17,0.8,333,0.0,15.0,23.03,72.58
2025-03-08 20:00:00,33.6,18,2.0,225,0.0,20.0,23.03,72.58
2025-03-08 21:00:00,32.4,19,4.9,237,0.0,85.0,23.03,72.58
2025-03-08 22:00:00,31.3,21,8.4,295,0.0,200.0,23.03,72.58
2025-03-08 23:00:00,30.3,23,9.3,279,0.0,220.0,23.03,72.58
2025-03-09 00:00:00,29.3,24,9.4,273,0.0,180.0,23.03,72.58
2025-03-09 01:00:00,27.5,27,8.1,208,0.0,90.0,23.03,72.58
2025-03-09 02:00:00,26.8,28,8.1,246,0.0,90.0,23.03,72.58
2025-03-09 03:00:00,25.8,30,3.5,291,0.0,45.0,23.03,72.58
2025-03-09 04:00:00,25.3,32,4.0,333,0.0,40.0,23.03,72.58
2025-03-09 05:00:00,25.1,32,4.8,295,0.0,35.0,23.03,72.58
2025-03-09 06:00:00,24.8,38,6.5,321,0.0,40.0,23.03,72.58
2025-03-09 07:00:00,24.7,39,5.2,358,0.0,35.0,23.03,72.58
2025-03-09 08:00:00,26.5,35,4.2,348,0.0,55.0,23.03,72.58
2025-03-09 09:00:00,29.1,31,4.6,79,0.0,190.0,23.03,72.58
2025-03-09 10:00:00,31.5,27,3.4,115,0.0,325.0,23.03,72.58
2025-03-09 11:00:00,33.9,23,1.9,151,0.0,595.0,23.03,72.58
2025-03-09 12:00:00,36.0,18,0.6,198,0.0,1605.0,23.03,72.58
2025-03-09 13:00:00,37.2,15,0.5,225,0.0,1865.0,23.03,72.58
2025-03-09 14:00:00,37.7,14,1.5,225,0.0,2015.0,23.03,72.58
2025-03-09 15:00:00,38.0,14,1.9,236,0.0,2185.0,23.03,72.58
2025-03-09 16:00:00,37.9,14,2.7,293,0.0,2215.0,23.03,72.58
2025-03-09 17:00:00,37.3,15,4.6,334,0.0,2235.0,23.03,72.58
2025-03-09 18:00:00,36.0,17,5.4,346,0.0,220.0,23.03,72.58
2025-03-09 19:00:00,34.8,18,2.5,45,0.0,75.0,23.03,72.58
2025-03-09 20:00:00,33.9,20,4.2,133,0.0,65.0,23.03,72.58
2025-03-09 21:00:00,33.2,23,2.7,217,0.0,35.0,23.03,72.58
2025-03-09 22:00:00,31.9,24,4.0,333,0.0,35.0,23.03,72.58
2025-03-09 23:00:00,30.5,26,4.5,320,0.0,40.0,23.03,72.58
2025-03-10 00:00:00,29.2,29,5.9,337,0.0,55.0,23.03,72.58
2025-03-10 01:00:00,28.2,31,7.8,29,0.0,80.0,23.03,72.58
2025-03-10 02:00:00,27.8,30,7.2,37,0.0,80.0,23.03,72.58
2025-03-10 03:00:00,27.3,29,7.0,29,0.0,65.0,23.03,72.58
2025-03-10 04:00:00,26.5,31,6.0,9,0.0,60.0,23.03,72.58
2025-03-10 05:00:00,25.9,32,6.0,29,0.0,55.0,23.03,72.58
2025-03-10 06:00:00,25.1,36,6.6,33,0.0,75.0,23.03,72.58
2025-03-10 07:00:00,24.6,36,4.4,58,0.0,60.0,23.03,72.58
2025-03-10 08:00:00,25.7,34,4.5,47,0.0,100.0,23.03,72.58
2025-03-10 09:00:00,28.7,28,4.9,80,0.0,175.0,23.03,72.58
2025-03-10 10:00:00,32.1,24,5.6,88,0.0,300.0,23.03,72.58
2025-03-10 11:00:00,35.3,19,5.3,100,0.0,540.0,23.03,72.58
2025-03-10 12:00:00,37.3,17,5.7,99,0.0,1390.0,23.03,72.58
2025-03-10 13:00:00,38.4,15,5.0,90,0.0,1825.0,23.03,72.58
2025-03-10 14:00:00,39.1,13,4.8,77,0.0,2360.0,23.03,72.58
2025-03-10 15:00:00,39.4,12,5.6,63,0.0,2580.0,23.03,72.58
2025-03-10 16:00:00,39.3,12,7.1,60,0.0,2585.0,23.03,72.58
2025-03-10 17:00:00,38.8,11,7.7,59,0.0,2425.0,23.03,72.58
2025-03-10 18:00:00,38.2,11,5.8,39,0.0,1445.0,23.03,72.58
2025-03-10 19:00:00,37.1,13,3.8,319,0.0,30.0,23.03,72.58
2025-03-10 20:00:00,34.5,16,2.8,259,0.0,15.0,23.03,72.58
2025-03-10 21:00:00,33.1,18,3.7,321,0.0,35.0,23.03,72.58
2025-03-10 22:00:00,32.7,19,3.3,276,0.0,20.0,23.03,72.58
2025-03-10 23:00:00,32.0,21,3.7,299,0.0,40.0,23.03,72.58
2025-03-11 00:00:00,31.4,22,8.3,349,0.0,60.0,23.03,72.58
2025-03-11 01:00:00,30.4,23,7.0,40,0.0,45.0,23.03,72.58
2025-03-11 02:00:00,28.2,26,7.3,38,0.0,85.0,23.03,72.58
2025-03-11 03:00:00,27.3,28,5.6,40,0.0,70.0,23.03,72.58
2025-03-11 04:00:00,26.6,29,5.9,47,0.0,65.0,23.03,72.58
2025-03-11 05:00:00,26.0,30,6.9,49,0.0,65.0,23.03,72.58
2025-03-11 06:00:00,26.3,30,7.6,63,0.0,60.0,23.03,72.58
2025-03-11 07:00:00,25.8,30,8.3,86,0.0,75.0,23.03,72.58
2025-03-11 08:00:00,27.6,28,6.9,81,0.0,90.0,23.03,72.58
2025-03-11 09:00:00,30.9,23,4.1,77,0.0,135.0,23.03,72.58
2025-03-11 10:00:00,34.2,20,5.2,104,0.0,275.0,23.03,72.58
2025-03-11 11:00:00,36.7,17,4.6,116,0.0,580.0,23.03,72.58
2025-03-11 12:00:00,38.3,16,2.5,150,0.0,1885.0,23.03,72.58
2025-03-11 13:00:00,39.4,14,2.5,184,0.0,2625.0,23.03,72.58
2025-03-11 14:00:00,39.9,13,2.9,202,0.0,2725.0,23.03,72.58
2025-03-11 15:00:00,40.1,13,4.1,225,0.0,2820.0,23.03,72.58
2025-03-11 16:00:00,40.0,13,5.6,249,0.0,2815.0,23.03,72.58
2025-03-11 17:00:00,39.3,13,5.6,276,0.0,2670.0,23.03,72.58
2025-03-11 18:00:00,37.9,14,5.5,333,0.0,220.0,23.03,72.58
2025-03-11 19:00:00,36.8,15,3.0,327,0.0,70.0,23.03,72.58
2025-03-11 20:00:00,36.0,16,3.1,208,0.0,30.0,23.03,72.58
2025-03-11 21:00:00,34.7,18,6.2,330,0.0,55.0,23.03,72.58
2025-03-11 22:00:00,33.2,20,7.4,342,0.0,65.0,23.03,72.58
2025-03-11 23:00:00,32.4,21,7.6,335,0.0,80.0,23.03,72.58
2025-03-12 00:00:00,31.5,21,9.0,338,0.0,95.0,23.03,72.58
2025-03-12 01:00:00,30.7,20,9.3,344,0.0,85.0,23.03,72.58
2025-03-12 02:00:00,29.7,21,9.4,343,0.0,85.0,23.03,72.58
2025-03-12 03:00:00,28.2,23,9.8,343,0.0,95.0,23.03,72.58
2025-03-12 04:00:00,27.1,25,10.1,348,0.0,100.0,23.03,72.58
2025-03-12 05:00:00,26.6,25,5.4,296,0.0,75.0,23.03,72.58
2025-03-12 06:00:00,25.7,33,4.2,288,0.0,45.0,23.03,72.58
2025-03-12 07:00:00,25.7,33,7.4,328,0.0,60.0,23.03,72.58
2025-03-12 08:00:00,27.4,29,5.5,328,0.0,110.0,23.03,72.58
2025-03-12 09:00:00,30.5,23,4.0,339,0.0,160.0,23.03,72.58
2025-03-12 10:00:00,33.7,19,3.9,336,0.0,320.0,23.03,72.58
2025-03-12 11:00:00,36.3,16,5.0,339,0.0,885.0,23.03,72.58
2025-03-12 12:00:00,37.7,14,8.3,330,0.0,1445.0,23.03,72.58
2025-03-12 13:00:00,38.5,14,9.9,328,0.0,2025.0,23.03,72.58
2025-03-12 14:00:00,39.0,13,9.4,324,0.0,2450.0,23.03,72.58
2025-03-12 15:00:00,39.3,13,9.1,311,0.0,2800.0,23.03,72.58
2025-03-12 16:00:00,39.5,12,9.9,308,0.0,3135.0,23.03,72.58
2025-03-12 17:00:00,39.1,12,10.0,300,0.0,3310.0,23.03,72.58
2025-03-12 18:00:00,37.8,14,9.4,265,0.0,895.0,23.03,72.58
2025-03-12 19:00:00,36.4,16,9.7,270,0.0,530.0,23.03,72.58
2025-03-12 20:00:00,34.7,18,5.9,290,0.0,125.0,23.03,72.58
2025-03-12 21:00:00,33.5,20,5.9,308,0.0,90.0,23.03,72.58
2025-03-12 22:00:00,32.6,22,7.8,314,0.0,115.0,23.03,72.58
2025-03-12 23:00:00,31.9,20,8.0,320,0.0,120.0,23.03,72.58
2025-03-13 00:00:00,30.7,20,8.3,290,0.0,105.0,23.03,72.58
2025-03-13 01:00:00,29.5,21,9.4,275,0.0,125.0,23.03,72.58
2025-03-13 02:00:00,28.2,22,8.9,256,0.0,150.0,23.03,72.58
2025-03-13 03:00:00,27.1,25,8.5,257,0.0,150.0,23.03,72.58
2025-03-13 04:00:00,26.2,27,9.3,286,0.0,180.0,23.03,72.58
2025-03-13 05:00:00,25.7,27,9.5,292,0.0,135.0,23.03,72.58
2025-03-13 06:00:00,25.7,31,9.6,291,0.0,130.0,23.03,72.58
2025-03-13 07:00:00,25.1,33,10.0,300,0.0,155.0,23.03,72.58
2025-03-13 08:00:00,26.2,33,7.0,302,0.0,180.0,23.03,72.58
2025-03-13 09:00:00,28.7,27,5.7,302,0.0,300.0,23.03,72.58
2025-03-13 10:00:00,31.6,21,5.7,302,0.0,455.0,23.03,72.58
2025-03-13 11:00:00,34.3,16,6.0,297,0.0,895.0,23.03,72.58
2025-03-13 12:00:00,36.1,13,8.1,288,0.0,1480.0,23.03,72.58
2025-03-13 13:00:00,37.4,11,10.9,289,0.0,1840.0,23.03,72.58
2025-03-13 14:00:00,38.1,11,11.4,297,0.0,2345.0,23.03,72.58
2025-03-13 15:00:00,39.0,10,12.0,294,0.0,2945.0,23.03,72.58
2025-03-13 16:00:00,38.7,10,14.3,289,0.0,3100.0,23.03,72.58
2025-03-13 17:00:00,38.1,11,14.2,283,0.0,2900.0,23.03,72.58
2025-03-13 18:00:00,37.2,13,10.0,263,0.0,2830.0,23.03,72.58
2025-03-13 19:00:00,35.3,15,8.3,252,0.0,275.0,23.03,72.58
2025-03-13 20:00:00,34.0,17,8.6,259,0.0,240.0,23.03,72.58
2025-03-13 21:00:00,33.2,19,11.0,252,0.0,260.0,23.03,72.58
2025-03-13 22:00:00,32.2,21,12.5,252,0.0,325.0,23.03,72.58
2025-03-13 23:00:00,31.0,23,12.2,253,0.0,345.0,23.03,72.58
2025-03-14 00:00:00,30.1,24,13.8,258,0.0,365.0,23.03,72.58
2025-03-14 01:00:00,29.3,27,12.9,276,0.0,375.0,23.03,72.58
2025-03-14 02:00:00,28.5,30,11.0,284,0.0,350.0,23.03,72.58
2025-03-14 03:00:00,27.9,33,9.9,286,0.0,295.0,23.03,72.58
2025-03-14 04:00:00,27.2,35,10.0,283,0.0,265.0,23.03,72.58
2025-03-14 05:00:00,26.5,37,10.5,286,0.0,255.0,23.03,72.58
2025-03-14 06:00:00,26.3,43,9.6,286,0.0,235.0,23.03,72.58
2025-03-14 07:00:00,26.0,44,9.3,288,0.0,225.0,23.03,72.58
2025-03-14 08:00:00,27.0,43,6.4,281,0.0,250.0,23.03,72.58
2025-03-14 09:00:00,29.1,39,6.5,275,0.0,380.0,23.03,72.58
2025-03-14 10:00:00,31.6,33,7.0,269,0.0,635.0,23.03,72.58
2025-03-14 11:00:00,34.0,27,8.1,267,0.0,1075.0,23.03,72.58
2025-03-14 12:00:00,36.0,21,9.9,269,0.0,1800.0,23.03,72.58
2025-03-14 13:00:00,37.4,16,12.3,263,0.0,2550.0,23.03,72.58
2025-03-14 14:00:00,38.0,14,13.7,257,0.0,2830.0,23.03,72.58
2025-03-14 15:00:00,38.3,13,14.1,256,0.0,2975.0,23.03,72.58
2025-03-14 16:00:00,38.1,12,14.5,253,0.0,2975.0,23.03,72.58
2025-03-14 17:00:00,37.3,13,14.6,249,0.0,2700.0,23.03,72.58
2025-03-14 18:00:00,36.3,14,12.0,251,0.0,2095.0,23.03,72.58
2025-03-14 19:00:00,35.0,16,11.5,267,0.0,550.0,23.03,72.58
2025-03-14 20:00:00,33.9,16,12.3,284,0.0,325.0,23.03,72.58
2025-03-14 21:00:00,32.8,17,11.0,275,0.0,235.0,23.03,72.58
2025-03-14 22:00:00,31.7,17,9.6,261,0.0,205.0,23.03,72.58
2025-03-14 23:00:00,29.7,20,12.4,213,0.0,260.0,23.03,72.58
2025-03-15 00:00:00,29.1,22,11.3,252,0.0,275.0,23.03,72.58
2025-03-15 01:00:00,28.1,25,10.3,254,0.0,275.0,23.03,72.58
2025-03-15 02:00:00,27.3,30,9.5,268,0.0,260.0,23.03,72.58
2025-03-15 03:00:00,26.6,36,9.6,283,0.0,250.0,23.03,72.58
2025-03-15 04:00:00,26.1,41,9.1,291,0.0,230.0,23.03,72.58
2025-03-15 05:00:00,25.5,45,9.8,298,0.0,210.0,23.03,72.58
2025-03-15 06:00:00,25.4,51,9.7,305,0.0,205.0,23.03,72.58
2025-03-15 07:00:00,25.0,51,9.1,309,0.0,190.0,23.03,72.58
2025-03-15 08:00:00,26.2,47,5.0,305,0.0,235.0,23.03,72.58
2025-03-15 09:00:00,28.5,40,3.6,300,0.0,355.0,23.03,72.58
2025-03-15 10:00:00,31.0,32,3.2,304,0.0,580.0,23.03,72.58
2025-03-15 11:00:00,33.2,24,5.9,310,0.0,1050.0,23.03,72.58
2025-03-15 12:00:00,34.7,22,6.1,298,0.0,1315.0,23.03,72.58
2025-03-15 13:00:00,36.0,19,6.7,290,0.0,1900.0,23.03,72.58
2025-03-15 14:00:00,36.9,17,7.5,287,0.0,2370.0,23.03,72.58
2025-03-15 15:00:00,37.4,16,8.8,274,0.0,2650.0,23.03,72.58
2025-03-15 16:00:00,37.2,15,10.7,263,0.0,2735.0,23.03,72.58
2025-03-15 17:00:00,36.5,17,12.0,261,0.0,2500.0,23.03,72.58
2025-03-15 18:00:00,35.3,18,10.8,275,0.0,1980.0,23.03,72.58
2025-03-15 19:00:00,34.2,17,11.0,272,0.0,535.0,23.03,72.58
2025-03-15 20:00:00,33.6,17,9.9,273,0.0,300.0,23.03,72.58
2025-03-15 21:00:00,32.5,18,8.9,306,0.0,220.0,23.03,72.58
2025-03-15 22:00:00,31.1,21,8.0,324,0.0,225.0,23.03,72.58
2025-03-15 23:00:00,30.1,23,3.9,294,0.0,115.0,23.03,72.58
2025-03-16 00:00:00,29.3,25,2.6,282,0.0,75.0,23.03,72.58
2025-03-16 01:00:00,28.3,26,7.1,227,0.0,70.0,23.03,72.58
2025-03-16 02:00:00,27.3,29,8.4,260,0.0,115.0,23.03,72.58
2025-03-16 03:00:00,26.5,33,9.1,278,0.0,175.0,23.03,72.58
2025-03-16 04:00:00,25.6,39,10.3,285,0.0,245.0,23.03,72.58
2025-03-16 05:00:00,24.9,44,9.6,290,0.0,270.0,23.03,72.58
2025-03-16 06:00:00,24.9,51,9.1,288,0.0,215.0,23.03,72.58
2025-03-16 07:00:00,24.6,54,7.9,290,0.0,190.0,23.03,72.58
2025-03-16 08:00:00,25.8,48,6.5,298,0.0,245.0,23.03,72.58
2025-03-16 09:00:00,28.1,36,6.8,307,0.0,315.0,23.03,72.58
2025-03-16 10:00:00,30.7,28,5.9,313,0.0,435.0,23.03,72.58
2025-03-16 11:00:00,32.9,22,7.3,327,0.0,1120.0,23.03,72.58
2025-03-16 12:00:00,34.2,19,8.0,322,0.0,1635.0,23.03,72.58
2025-03-16 13:00:00,35.1,17,8.9,318,0.0,2310.0,23.03,72.58
2025-03-16 14:00:00,35.8,16,9.4,301,0.0,2915.0,23.03,72.58
2025-03-16 15:00:00,36.2,15,11.4,286,0.0,3115.0,23.03,72.58
2025-03-16 16:00:00,36.1,15,12.1,275,0.0,3060.0,23.03,72.58
2025-03-16 17:00:00,35.2,16,14.6,268,0.0,2910.0,23.03,72.58
2025-03-16 18:00:00,33.9,18,12.7,283,0.0,1290.0,23.03,72.58
2025-03-16 19:00:00,32.9,20,8.9,291,0.0,685.0,23.03,72.58
2025-03-16 20:00:00,31.8,20,8.5,324,0.0,425.0,23.03,72.58
2025-03-16 21:00:00,30.6,21,9.0,337,0.0,290.0,23.03,72.58
2025-03-16 22:00:00,29.4,21,10.2,337,0.0,270.0,23.03,72.58
2025-03-16 23:00:00,28.4,22,10.2,339,0.0,225.0,23.03,72.58
2025-03-17 00:00:00,27.6,23,8.9,331,0.0,170.0,23.03,72.58
2025-03-17 01:00:00,27.1,23,6.5,321,0.0,110.0,23.03,72.58
2025-03-17 02:00:00,26.2,25,6.3,257,0.0,85.0,23.03,72.58
2025-03-17 03:00:00,25.0,27,7.7,279,0.0,110.0,23.03,72.58
2025-03-17 04:00:00,24.2,28,8.0,308,0.0,120.0,23.03,72.58
2025-03-17 05:00:00,23.6,28,6.2,311,0.0,100.0,23.03,72.58
2025-03-17 06:00:00,23.7,32,6.9,303,0.0,105.0,23.03,72.58
2025-03-17 07:00:00,23.3,33,5.7,316,0.0,85.0,23.03,72.58
2025-03-17 08:00:00,25.0,29,3.7,317,0.0,120.0,23.03,72.58
2025-03-17 09:00:00,28.0,24,4.2,353,0.0,255.0,23.03,72.58
2025-03-17 10:00:00,30.9,21,4.2,36,0.0,500.0,23.03,72.58
2025-03-17 11:00:00,33.1,18,5.3,57,0.0,2170.0,23.03,72.58
2025-03-17 12:00:00,34.3,14,2.3,337,0.0,2505.0,23.03,72.58
2025-03-17 13:00:00,35.1,13,5.0,305,0.0,2670.0,23.03,72.58
2025-03-17 14:00:00,35.5,12,7.5,314,0.0,2745.0,23.03,72.58
2025-03-17 15:00:00,35.5,11,9.6,323,0.0,2740.0,23.03,72.58
2025-03-17 16:00:00,35.1,10,11.0,336,0.0,2520.0,23.03,72.58
2025-03-17 17:00:00,34.5,9,11.7,349,0.0,1425.0,23.03,72.58
2025-03-17 18:00:00,34.2,11,10.1,333,0.0,585.0,23.03,72.58
2025-03-17 19:00:00,33.3,13,6.8,323,0.0,205.0,23.03,72.58
2025-03-17 20:00:00,32.8,14,6.0,291,0.0,125.0,23.03,72.58
2025-03-17 21:00:00,31.8,16,4.6,329,0.0,55.0,23.03,72.58
2025-03-17 22:00:00,30.6,18,2.5,8,0.0,20.0,23.03,72.58
2025-03-17 23:00:00,29.5,20,3.6,333,0.0,35.0,23.03,72.58
2025-03-18 00:00:00,28.0,23,8.5,339,0.0,100.0,23.03,72.58
2025-03-18 01:00:00,27.1,25,6.8,35,0.0,90.0,23.03,72.58
2025-03-18 02:00:00,25.5,28,7.2,32,0.0,95.0,23.03,72.58
2025-03-18 03:00:00,24.8,29,7.6,12,0.0,65.0,23.03,72.58
2025-03-18 04:00:00,23.8,30,10.8,58,0.0,150.0,23.03,72.58
2025-03-18 05:00:00,24.0,31,11.2,66,0.0,180.0,23.03,72.58
2025-03-18 06:00:00,24.2,33,11.4,67,0.0,215.0,23.03,72.58
2025-03-18 07:00:00,24.4,33,11.5,73,0.0,225.0,23.03,72.58
2025-03-18 08:00:00,25.9,31,9.2,74,0.0,290.0,23.03,72.58
2025-03-18 09:00:00,28.5,28,9.2,79,0.0,420.0,23.03,72.58
2025-03-18 10:00:00,31.3,24,10.7,83,0.0,815.0,23.03,72.58
2025-03-18 11:00:00,33.5,20,12.1,94,0.0,2225.0,23.03,72.58
2025-03-18 12:00:00,34.8,16,8.9,99,0.0,2505.0,23.03,72.58
2025-03-18 13:00:00,35.6,15,6.3,97,0.0,2565.0,23.03,72.58
2025-03-18 14:00:00,36.1,14,4.9,92,0.0,2585.0,23.03,72.58
2025-03-18 15:00:00,36.3,13,4.0,85,0.0,2690.0,23.03,72.58
2025-03-18 16:00:00,36.3,13,3.8,85,0.0,2770.0,23.03,72.58
2025-03-18 17:00:00,36.0,13,3.2,87,0.0,2785.0,23.03,72.58
2025-03-18 18:00:00,34.8,14,2.9,43,0.0,230.0,23.03,72.58
2025-03-18 19:00:00,33.2,16,4.0,324,0.0,120.0,23.03,72.58
2025-03-18 20:00:00,32.6,16,3.7,293,0.0,110.0,23.03,72.58
2025-03-18 21:00:00,32.0,17,3.8,273,0.0,85.0,23.03,72.58
2025-03-18 22:00:00,30.6,19,9.2,271,0.0,195.0,23.03,72.58
2025-03-18 23:00:00,29.6,20,9.7,294,0.0,260.0,23.03,72.58
2025-03-19 00:00:00,28.4,21,10.5,309,0.0,220.0,23.03,72.58
2025-03-19 01:00:00,27.4,22,11.2,316,0.0,200.0,23.03,72.58
2025-03-19 02:00:00,26.5,24,10.1,329,0.0,175.0,23.03,72.58
2025-03-19 03:00:00,26.1,25,9.5,331,0.0,130.0,23.03,72.58
2025-03-19 04:00:00,25.1,26,9.4,306,0.0,115.0,23.03,72.58
2025-03-19 05:00:00,24.2,27,7.3,332,0.0,140.0,23.03,72.58
2025-03-19 06:00:00,24.3,30,8.2,322,0.0,90.0,23.03,72.58
2025-03-19 07:00:00,23.8,31,6.9,340,0.0,95.0,23.03,72.58
2025-03-19 08:00:00,25.2,28,4.1,322,0.0,145.0,23.03,72.58
2025-03-19 09:00:00,27.7,24,4.2,335,0.0,305.0,23.03,72.58
2025-03-19 10:00:00,30.1,21,5.5,333,0.0,465.0,23.03,72.58
2025-03-19 11:00:00,32.2,19,6.6,323,0.0,645.0,23.03,72.58
2025-03-19 12:00:00,33.9,17,7.5,320,0.0,1040.0,23.03,72.58
2025-03-19 13:00:00,35.1,15,6.6,323,0.0,2185.0,23.03,72.58
2025-03-19 14:00:00,35.8,14,6.1,315,0.0,2485.0,23.03,72.58
2025-03-19 15:00:00,36.1,13,6.7,306,0.0,2650.0,23.03,72.58
2025-03-19 16:00:00,36.1,12,7.2,295,0.0,2755.0,23.03,72.58
2025-03-19 17:00:00,35.8,12,8.8,279,0.0,2770.0,23.03,72.58
2025-03-19 18:00:00,34.7,12,8.8,265,0.0,980.0,23.03,72.58
2025-03-19 19:00:00,33.2,14,9.8,265,0.0,655.0,23.03,72.58
2025-03-19 20:00:00,32.0,15,9.0,268,0.0,345.0,23.03,72.58
2025-03-19 21:00:00,31.0,17,10.2,278,0.0,295.0,23.03,72.58
2025-03-19 22:00:00,29.9,18,9.2,291,0.0,275.0,23.03,72.58
2025-03-19 23:00:00,28.8,19,8.2,293,0.0,200.0,23.03,72.58
2025-03-20 00:00:00,28.0,18,9.8,293,0.0,245.0,23.03,72.58
2025-03-20 01:00:00,26.6,20,10.0,303,0.0,240.0,23.03,72.58
2025-03-20 02:00:00,25.4,25,9.8,298,0.0,215.0,23.03,72.58
2025-03-20 03:00:00,24.6,30,9.3,304,0.0,205.0,23.03,72.58
2025-03-20 04:00:00,23.8,35,9.4,302,0.0,200.0,23.03,72.58
2025-03-20 05:00:00,23.1,41,9.5,323,0.0,210.0,23.03,72.58
2025-03-20 06:00:00,22.9,46,9.6,326,0.0,205.0,23.03,72.58
2025-03-20 07:00:00,22.7,49,9.0,325,0.0,200.0,23.03,72.58
2025-03-20 08:00:00,24.3,44,7.5,316,0.0,305.0,23.03,72.58
2025-03-20 09:00:00,26.8,39,9.4,317,0.0,425.0,23.03,72.58
2025-03-20 10:00:00,29.5,34,10.3,316,0.0,695.0,23.03,72.58
2025-03-20 11:00:00,32.0,24,12.4,319,0.0,1345.0,23.03,72.58
2025-03-20 12:00:00,33.4,19,11.0,322,0.0,2230.0,23.03,72.58
2025-03-20 13:00:00,34.3,16,9.2,320,0.0,2735.0,23.03,72.58
2025-03-20 14:00:00,34.8,15,8.8,314,0.0,2955.0,23.03,72.58
2025-03-20 15:00:00,35.0,15,9.1,308,0.0,3085.0,23.03,72.58
2025-03-20 16:00:00,35.0,15,9.3,297,0.0,3160.0,23.03,72.58
2025-03-20 17:00:00,34.5,15,10.6,273,0.0,3120.0,23.03,72.58
2025-03-20 18:00:00,33.5,18,12.4,257,0.0,2805.0,23.03,72.58
2025-03-20 19:00:00,32.3,21,12.1,255,0.0,905.0,23.03,72.58
2025-03-20 20:00:00,31.4,22,11.1,253,0.0,495.0,23.03,72.58
2025-03-20 21:00:00,30.2,23,12.8,260,0.0,410.0,23.03,72.58
2025-03-20 22:00:00,29.7,21,13.0,268,0.0,320.0,23.03,72.58
2025-03-20 23:00:00,28.8,21,13.1,262,0.0,355.0,23.03,72.58
2025-03-21 00:00:00,27.3,26,11.4,275,0.0,295.0,23.03,72.58
2025-03-21 01:00:00,26.2,29,10.5,290,0.0,245.0,23.03,72.58
2025-03-21 02:00:00,25.5,32,9.9,291,0.0,215.0,23.03,72.58
2025-03-21 03:00:00,24.9,33,11.1,295,0.0,190.0,23.03,72.58
2025-03-21 04:00:00,23.8,35,9.9,279,0.0,280.0,23.03,72.58
2025-03-21 05:00:00,23.1,41,9.5,292,0.0,250.0,23.03,72.58
2025-03-21 06:00:00,23.6,60,9.5,307,0.0,280.0,23.03,72.58
2025-03-21 07:00:00,23.5,64,7.6,304,0.0,245.0,23.03,72.58
2025-03-21 08:00:00,24.8,63,7.1,308,0.0,305.0,23.03,72.58
2025-03-21 09:00:00,26.8,58,7.4,313,0.0,425.0,23.03,72.58
2025-03-21 10:00:00,29.2,49,6.9,313,0.0,575.0,23.03,72.58
2025-03-21 11:00:00,31.8,34,6.5,326,0.0,1285.0,23.03,72.58
2025-03-21 12:00:00,33.8,21,5.1,352,0.0,2595.0,23.03,72.58
2025-03-21 13:00:00,34.7,17,5.0,347,0.0,2975.0,23.03,72.58
2025-03-21 14:00:00,35.3,15,8.7,333,0.0,3155.0,23.03,72.58
2025-03-21 15:00:00,34.9,16,10.2,324,0.0,2905.0,23.03,72.58
2025-03-21 16:00:00,35.0,15,7.8,318,0.0,2845.0,23.03,72.58
2025-03-21 17:00:00,34.8,15,7.5,320,0.0,2805.0,23.03,72.58
2025-03-21 18:00:00,34.4,14,11.0,289,0.0,845.0,23.03,72.58
2025-03-21 19:00:00,33.1,15,9.7,292,0.0,480.0,23.03,72.58
2025-03-21 20:00:00,32.2,17,9.4,296,0.0,250.0,23.03,72.58
2025-03-21 21:00:00,31.1,18,7.8,285,0.0,170.0,23.03,72.58
2025-03-21 22:00:00,29.9,20,8.1,317,0.0,160.0,23.03,72.58
2025-03-21 23:00:00,29.5,21,6.9,329,0.0,145.0,23.03,72.58
2025-03-22 00:00:00,29.0,21,5.7,323,0.0,85.0,23.03,72.58
2025-03-22 01:00:00,28.5,22,7.5,21,0.0,75.0,23.03,72.58
2025-03-22 02:00:00,27.0,24,7.3,9,0.0,115.0,23.03,72.58
2025-03-22 03:00:00,26.7,25,7.7,294,0.0,90.0,23.03,72.58
2025-03-22 04:00:00,25.5,27,8.5,29,0.0,110.0,23.03,72.58
2025-03-22 05:00:00,24.7,28,2.3,219,0.0,35.0,23.03,72.58
2025-03-22 06:00:00,24.8,33,8.0,279,0.0,70.0,23.03,72.58
2025-03-22 07:00:00,24.8,32,6.0,309,0.0,65.0,23.03,72.58
2025-03-22 08:00:00,26.5,29,3.4,335,0.0,125.0,23.03,72.58
2025-03-22 09:00:00,29.0,25,3.4,6,0.0,235.0,23.03,72.58
2025-03-22 10:00:00,31.7,21,3.6,30,0.0,350.0,23.03,72.58
2025-03-22 11:00:00,34.2,18,3.3,29,0.0,880.0,23.03,72.58
2025-03-22 12:00:00,36.1,15,4.9,10,0.0,3135.0,23.03,72.58
2025-03-22 13:00:00,36.9,13,5.0,360,0.0,3265.0,23.03,72.58
2025-03-22 14:00:00,37.3,13,5.8,346,0.0,3255.0,23.03,72.58
2025-03-22 15:00:00,37.4,13,6.5,332,0.0,3245.0,23.03,72.58
2025-03-22 16:00:00,37.2,13,8.0,329,0.0,3235.0,23.03,72.58
2025-03-22 17:00:00,36.6,13,8.8,332,0.0,2975.0,23.03,72.58
2025-03-22 18:00:00,36.0,13,7.9,333,0.0,1575.0,23.03,72.58
2025-03-22 19:00:00,35.2,14,6.6,47,0.0,260.0,23.03,72.58
2025-03-22 20:00:00,34.2,16,6.4,112,0.0,70.0,23.03,72.58
2025-03-22 21:00:00,33.0,18,1.4,247,0.0,20.0,23.03,72.58
2025-03-22 22:00:00,31.3,19,8.4,254,0.0,85.0,23.03,72.58
2025-03-22 23:00:00,31.1,17,6.1,298,0.0,60.0,23.03,72.58
2025-03-23 00:00:00,30.5,18,7.5,327,0.0,65.0,23.03,72.58
2025-03-23 01:00:00,29.7,18,6.6,334,0.0,50.0,23.03,72.58
2025-03-23 02:00:00,28.7,19,8.1,357,0.0,65.0,23.03,72.58
2025-03-23 03:00:00,27.7,22,9.1,7,0.0,90.0,23.03,72.58
2025-03-23 04:00:00,26.6,24,7.6,8,0.0,65.0,23.03,72.58
2025-03-23 05:00:00,26.2,25,7.2,14,0.0,55.0,23.03,72.58
2025-03-23 06:00:00,26.0,28,6.8,349,0.0,45.0,23.03,72.58
2025-03-23 07:00:00,24.7,30,7.6,277,0.0,65.0,23.03,72.58
2025-03-23 08:00:00,26.2,27,2.6,74,0.0,125.0,23.03,72.58
2025-03-23 09:00:00,28.7,24,2.0,27,0.0,210.0,23.03,72.58
2025-03-23 10:00:00,31.9,19,3.1,50,0.0,380.0,23.03,72.58
2025-03-23 11:00:00,34.5,16,2.2,14,0.0,625.0,23.03,72.58
2025-03-23 12:00:00,36.5,13,2.1,38,0.0,2235.0,23.03,72.58
2025-03-23 13:00:00,37.8,12,2.1,59,0.0,2925.0,23.03,72.58
2025-03-23 14:00:00,38.4,11,1.9,49,0.0,3015.0,23.03,72.58
2025-03-23 15:00:00,38.7,11,2.7,23,0.0,3030.0,23.03,72.58
2025-03-23 16:00:00,38.5,11,4.4,12,0.0,3040.0,23.03,72.58
2025-03-23 17:00:00,37.9,11,7.3,10,0.0,2890.0,23.03,72.58
2025-03-23 18:00:00,36.9,12,5.1,18,0.0,575.0,23.03,72.58
2025-03-23 19:00:00,35.7,13,4.5,323,0.0,150.0,23.03,72.58
2025-03-23 20:00:00,35.1,13,2.2,215,0.0,30.0,23.03,72.58
2025-03-23 21:00:00,34.3,14,4.0,240,0.0,40.0,23.03,72.58
2025-03-23 22:00:00,33.1,15,5.4,323,0.0,45.0,23.03,72.58
2025-03-23 23:00:00,32.7,15,7.0,312,0.0,60.0,23.03,72.58
2025-03-24 00:00:00,31.1,16,8.3,297,0.0,80.0,23.03,72.58
2025-03-24 01:00:00,29.8,17,8.9,347,0.0,80.0,23.03,72.58
2025-03-24 02:00:00,28.8,18,8.8,325,0.0,75.0,23.03,72.58
2025-03-24 03:00:00,28.4,18,7.9,356,0.0,60.0,23.03,72.58
2025-03-24 04:00:00,27.4,19,7.3,10,0.0,60.0,23.03,72.58
2025-03-24 05:00:00,26.7,20,6.3,39,0.0,55.0,23.03,72.58
2025-03-24 06:00:00,25.8,23,8.2,58,0.0,75.0,23.03,72.58
2025-03-24 07:00:00,25.8,23,8.1,61,0.0,75.0,23.03,72.58
2025-03-24 08:00:00,27.4,22,1.1,288,0.0,105.0,23.03,72.58
2025-03-24 09:00:00,29.9,19,1.7,319,0.0,210.0,23.03,72.58
2025-03-24 10:00:00,32.9,16,0.9,360,0.0,335.0,23.03,72.58
2025-03-24 11:00:00,35.5,14,0.9,307,0.0,650.0,23.03,72.58
2025-03-24 12:00:00,37.5,11,0.2,90,0.0,1755.0,23.03,72.58
2025-03-24 13:00:00,38.7,10,1.5,97,0.0,2895.0,23.03,72.58
2025-03-24 14:00:00,39.4,10,1.3,225,0.0,3035.0,23.03,72.58
2025-03-24 15:00:00,39.6,9,3.4,267,0.0,3080.0,23.03,72.58
2025-03-24 16:00:00,39.5,9,6.1,284,0.0,3190.0,23.03,72.58
2025-03-24 17:00:00,38.7,10,8.9,297,0.0,3060.0,23.03,72.58
2025-03-24 18:00:00,37.5,11,6.7,336,0.0,380.0,23.03,72.58
2025-03-24 19:00:00,36.3,12,5.5,23,0.0,215.0,23.03,72.58
2025-03-24 20:00:00,35.8,12,1.8,127,0.0,30.0,23.03,72.58
2025-03-24 21:00:00,35.4,13,1.9,146,0.0,15.0,23.03,72.58
2025-03-24 22:00:00,34.3,14,3.4,254,0.0,25.0,23.03,72.58
2025-03-24 23:00:00,32.4,16,9.5,292,0.0,75.0,23.03,72.58
2025-03-25 00:00:00,32.1,16,7.4,319,0.0,55.0,23.03,72.58
2025-03-25 01:00:00,31.2,18,7.7,329,0.0,60.0,23.03,72.58
2025-03-25 02:00:00,28.8,21,7.5,260,0.0,65.0,23.03,72.58
2025-03-25 03:00:00,28.0,22,8.2,320,0.0,90.0,23.03,72.58
2025-03-25 04:00:00,27.7,23,6.3,325,0.0,60.0,23.03,72.58
2025-03-25 05:00:00,27.2,24,8.8,325,0.0,55.0,23.03,72.58
2025-03-25 06:00:00,26.9,27,5.1,39,0.0,35.0,23.03,72.58
2025-03-25 07:00:00,25.8,30,0.9,191,0.0,20.0,23.03,72.58
2025-03-25 08:00:00,27.4,27,1.1,261,0.0,105.0,23.03,72.58
2025-03-25 09:00:00,30.2,22,1.7,347,0.0,230.0,23.03,72.58
2025-03-25 10:00:00,33.3,17,2.7,356,0.0,405.0,23.03,72.58
2025-03-25 11:00:00,35.7,14,3.7,349,0.0,860.0,23.03,72.58
2025-03-25 12:00:00,37.3,13,4.2,353,0.0,1550.0,23.03,72.58
2025-03-25 13:00:00,38.3,12,3.3,338,0.0,2390.0,23.03,72.58
2025-03-25 14:00:00,39.0,11,3.9,298,0.0,2830.0,23.03,72.58
2025-03-25 15:00:00,39.3,11,5.6,285,0.0,3005.0,23.03,72.58
2025-03-25 16:00:00,39.2,11,6.8,272,0.0,3080.0,23.03,72.58
2025-03-25 17:00:00,38.8,11,8.2,256,0.0,3140.0,23.03,72.58
2025-03-25 18:00:00,38.1,12,10.1,248,0.0,2650.0,23.03,72.58
2025-03-25 19:00:00,37.0,14,8.9,261,0.0,485.0,23.03,72.58
2025-03-25 20:00:00,35.6,15,6.7,297,0.0,230.0,23.03,72.58
2025-03-25 21:00:00,34.5,17,5.7,342,0.0,115.0,23.03,72.58
2025-03-25 22:00:00,33.0,19,2.7,274,0.0,50.0,23.03,72.58
2025-03-25 23:00:00,31.7,21,6.5,238,0.0,60.0,23.03,72.58
2025-03-26 00:00:00,31.0,22,11.7,271,0.0,155.0,23.03,72.58
2025-03-26 01:00:00,29.5,25,12.1,273,0.0,175.0,23.03,72.58
2025-03-26 02:00:00,28.2,29,11.2,291,0.0,185.0,23.03,72.58
2025-03-26 03:00:00,27.3,33,11.4,298,0.0,210.0,23.03,72.58
2025-03-26 04:00:00,26.5,35,10.8,298,0.0,235.0,23.03,72.58
2025-03-26 05:00:00,25.7,37,10.9,304,0.0,255.0,23.03,72.58
2025-03-26 06:00:00,25.7,39,9.5,303,0.0,240.0,23.03,72.58
2025-03-26 07:00:00,25.6,39,7.9,319,0.0,240.0,23.03,72.58
2025-03-26 08:00:00,26.9,37,6.8,318,0.0,290.0,23.03,72.58
2025-03-26 09:00:00,28.9,35,6.6,315,0.0,340.0,23.03,72.58
2025-03-26 10:00:00,31.4,29,5.9,310,0.0,480.0,23.03,72.58
2025-03-26 11:00:00,33.6,24,5.4,290,0.0,795.0,23.03,72.58
2025-03-26 12:00:00,35.3,21,5.4,274,0.0,1215.0,23.03,72.58
2025-03-26 13:00:00,36.6,19,5.8,254,0.0,1505.0,23.03,72.58
2025-03-26 14:00:00,37.3,18,7.1,246,0.0,1925.0,23.03,72.58
2025-03-26 15:00:00,37.7,18,8.1,249,0.0,2295.0,23.03,72.58
2025-03-26 16:00:00,37.8,18,8.8,250,0.0,2420.0,23.03,72.58
2025-03-26 17:00:00,37.2,19,9.9,245,0.0,2415.0,23.03,72.58
2025-03-26 18:00:00,36.6,21,9.6,244,0.0,2540.0,23.03,72.58
2025-03-26 19:00:00,35.8,22,4.5,272,0.0,420.0,23.03,72.58
2025-03-26 20:00:00,35.1,24,2.7,217,0.0,55.0,23.03,72.58
2025-03-26 21:00:00,33.3,27,8.8,224,0.0,235.0,23.03,72.58
2025-03-26 22:00:00,32.0,29,10.4,236,0.0,325.0,23.03,72.58
2025-03-26 23:00:00,30.7,31,7.9,258,0.0,235.0,23.03,72.58
2025-03-27 00:00:00,29.8,27,9.9,274,0.0,330.0,23.03,72.58
2025-03-27 01:00:00,28.4,29,10.5,277,0.0,310.0,23.03,72.58
2025-03-27 02:00:00,27.2,35,10.7,287,0.0,290.0,23.03,72.58
2025-03-27 03:00:00,26.3,43,10.1,289,0.0,275.0,23.03,72.58
2025-03-27 04:00:00,25.5,54,8.9,288,0.0,280.0,23.03,72.58
2025-03-27 05:00:00,24.9,63,8.1,288,0.0,305.0,23.03,72.58
2025-03-27 06:00:00,25.2,67,8.2,285,0.0,325.0,23.03,72.58
2025-03-27 07:00:00,25.2,67,7.5,285,0.0,330.0,23.03,72.58
2025-03-27 08:00:00,26.4,60,7.9,283,0.0,425.0,23.03,72.58
2025-03-27 09:00:00,28.2,51,9.6,293,0.0,585.0,23.03,72.58
2025-03-27 10:00:00,30.3,40,11.1,302,0.0,820.0,23.03,72.58
2025-03-27 11:00:00,32.3,30,10.5,307,0.0,1170.0,23.03,72.58
2025-03-27 12:00:00,33.6,26,9.3,304,0.0,1480.0,23.03,72.58
2025-03-27 13:00:00,34.7,23,9.1,306,0.0,1665.0,23.03,72.58
2025-03-27 14:00:00,35.4,21,9.2,305,0.0,1815.0,23.03,72.58
2025-03-27 15:00:00,36.0,19,9.3,294,0.0,1960.0,23.03,72.58
2025-03-27 16:00:00,36.1,17,10.2,280,0.0,2015.0,23.03,72.58
2025-03-27 17:00:00,35.7,17,10.7,277,0.0,1980.0,23.03,72.58
2025-03-27 18:00:00,34.7,17,10.3,265,0.0,1765.0,23.03,72.58
2025-03-27 19:00:00,33.3,20,8.0,256,0.0,455.0,23.03,72.58
2025-03-27 20:00:00,32.2,22,6.8,268,0.0,260.0,23.03,72.58
2025-03-27 21:00:00,31.2,24,8.4,285,0.0,250.0,23.03,72.58
2025-03-27 22:00:00,30.0,25,8.7,288,0.0,220.0,23.03,72.58
2025-03-27 23:00:00,29.0,26,8.4,310,0.0,160.0,23.03,72.58
2025-03-28 00:00:00,28.2,26,10.3,303,0.0,175.0,23.03,72.58
2025-03-28 01:00:00,27.1,27,11.9,305,0.0,245.0,23.03,72.58
2025-03-28 02:00:00,26.2,26,12.9,316,0.0,255.0,23.03,72.58
2025-03-28 03:00:00,25.3,24,13.0,327,0.0,275.0,23.03,72.58
2025-03-28 04:00:00,24.7,21,13.0,336,0.0,285.0,23.03,72.58
2025-03-28 05:00:00,24.4,17,12.7,342,0.0,255.0,23.03,72.58
2025-03-28 06:00:00,24.4,22,11.0,349,0.0,200.0,23.03,72.58
2025-03-28 07:00:00,24.5,19,10.7,355,0.0,220.0,23.03,72.58
2025-03-28 08:00:00,26.2,17,7.9,3,0.0,255.0,23.03,72.58
2025-03-28 09:00:00,28.9,14,7.8,8,0.0,390.0,23.03,72.58
2025-03-28 10:00:00,31.8,9,10.9,9,0.0,1020.0,23.03,72.58
2025-03-28 11:00:00,33.4,6,11.2,2,0.0,1535.0,23.03,72.58
2025-03-28 12:00:00,34.5,5,10.4,360,0.0,1550.0,23.03,72.58
2025-03-28 13:00:00,35.4,4,10.1,359,0.0,1685.0,23.03,72.58
2025-03-28 14:00:00,35.9,4,10.1,356,0.0,1695.0,23.03,72.58
2025-03-28 15:00:00,36.2,4,9.5,350,0.0,1795.0,23.03,72.58
2025-03-28 16:00:00,36.1,4,9.9,345,0.0,1780.0,23.03,72.58
2025-03-28 17:00:00,35.7,4,9.7,342,0.0,1715.0,23.03,72.58
2025-03-28 18:00:00,34.7,4,8.1,339,0.0,1545.0,23.03,72.58
2025-03-28 19:00:00,32.8,7,10.9,321,0.0,390.0,23.03,72.58
2025-03-28 20:00:00,30.9,7,12.1,333,0.0,355.0,23.03,72.58
2025-03-28 21:00:00,29.4,7,11.4,339,0.0,275.0,23.03,72.58
2025-03-28 22:00:00,28.3,7,12.1,354,0.0,265.0,23.03,72.58
2025-03-28 23:00:00,27.1,8,11.8,349,0.0,225.0,23.03,72.58
2025-03-29 00:00:00,26.0,8,12.4,352,0.0,200.0,23.03,72.58
2025-03-29 01:00:00,25.2,9,12.6,359,0.0,215.0,23.03,72.58
2025-03-29 02:00:00,24.6,9,12.3,8,0.0,210.0,23.03,72.58
2025-03-29 03:00:00,24.2,10,12.1,15,0.0,205.0,23.03,72.58
2025-03-29 04:00:00,23.7,10,11.7,23,0.0,200.0,23.03,72.58
2025-03-29 05:00:00,23.1,10,11.3,22,0.0,180.0,23.03,72.58
2025-03-29 06:00:00,22.0,12,9.7,29,0.0,140.0,23.03,72.58
2025-03-29 07:00:00,22.0,12,9.2,33,0.0,145.0,23.03,72.58
2025-03-29 08:00:00,23.9,11,6.6,35,0.0,275.0,23.03,72.58
2025-03-29 09:00:00,26.9,9,8.4,50,0.0,415.0,23.03,72.58
2025-03-29 10:00:00,30.1,9,8.9,52,0.0,600.0,23.03,72.58
2025-03-29 11:00:00,32.9,7,10.7,60,0.0,985.0,23.03,72.58
2025-03-29 12:00:00,34.7,6,9.6,62,0.0,1425.0,23.03,72.58
2025-03-29 13:00:00,35.7,5,7.5,55,0.0,1545.0,23.03,72.58
2025-03-29 14:00:00,36.4,5,6.2,41,0.0,1700.0,23.03,72.58
2025-03-29 15:00:00,36.8,5,5.5,36,0.0,1860.0,23.03,72.58
2025-03-29 16:00:00,36.8,5,5.2,16,0.0,1740.0,23.03,72.58
2025-03-29 17:00:00,36.4,5,5.4,360,0.0,1710.0,23.03,72.58
2025-03-29 18:00:00,35.3,6,7.4,321,0.0,570.0,23.03,72.58
2025-03-29 19:00:00,34.1,7,8.9,312,0.0,310.0,23.03,72.58
2025-03-29 20:00:00,32.9,7,8.5,325,0.0,185.0,23.03,72.58
2025-03-29 21:00:00,31.0,8,11.3,331,0.0,195.0,23.03,72.58
2025-03-29 22:00:00,30.1,8,9.1,339,0.0,120.0,23.03,72.58
2025-03-29 23:00:00,29.0,8,8.5,347,0.0,90.0,23.03,72.58
2025-03-30 00:00:00,27.3,9,9.6,354,0.0,130.0,23.03,72.58
2025-03-30 01:00:00,26.5,10,9.6,339,0.0,95.0,23.03,72.58
2025-03-30 02:00:00,25.2,11,9.4,5,0.0,95.0,23.03,72.58
2025-03-30 03:00:00,23.8,12,9.8,38,0.0,120.0,23.03,72.58
2025-03-30 04:00:00,23.2,13,10.0,51,0.0,115.0,23.03,72.58
2025-03-30 05:00:00,22.8,14,10.4,51,0.0,140.0,23.03,72.58
2025-03-30 06:00:00,22.8,16,10.8,54,0.0,170.0,23.03,72.58
2025-03-30 07:00:00,23.2,15,10.6,62,0.0,185.0,23.03,72.58
2025-03-30 08:00:00,25.2,15,8.0,63,0.0,230.0,23.03,72.58
2025-03-30 09:00:00,28.2,13,7.5,69,0.0,300.0,23.03,72.58
2025-03-30 10:00:00,31.6,11,7.4,67,0.0,445.0,23.03,72.58
2025-03-30 11:00:00,34.5,9,8.0,72,0.0,850.0,23.03,72.58
2025-03-30 12:00:00,36.3,7,6.7,74,0.0,1520.0,23.03,72.58
2025-03-30 13:00:00,37.3,6,4.3,66,0.0,1820.0,23.03,72.58
2025-03-30 14:00:00,38.0,6,3.1,31,0.0,2015.0,23.03,72.58
2025-03-30 15:00:00,38.4,6,3.4,354,0.0,2130.0,23.03,72.58
2025-03-30 16:00:00,38.3,6,5.7,336,0.0,2140.0,23.03,72.58
2025-03-30 17:00:00,37.6,6,8.4,332,0.0,2015.0,23.03,72.58
2025-03-30 18:00:00,36.6,7,9.9,325,0.0,445.0,23.03,72.58
2025-03-30 19:00:00,35.4,7,8.7,313,0.0,215.0,23.03,72.58
2025-03-30 20:00:00,34.9,7,8.7,310,0.0,175.0,23.03,72.58
2025-03-30 21:00:00,32.5,9,10.9,336,0.0,220.0,23.03,72.58
2025-03-30 22:00:00,31.2,9,10.6,341,0.0,145.0,23.03,72.58
2025-03-30 23:00:00,30.1,10,12.1,333,0.0,200.0,23.03,72.58
2025-03-31 00:00:00,29.0,10,12.2,340,0.0,195.0,23.03,72.58
2025-03-31 01:00:00,27.8,11,11.8,352,0.0,205.0,23.03,72.58
2025-03-31 02:00:00,26.9,11,10.8,355,0.0,160.0,23.03,72.58
2025-03-31 03:00:00,26.4,11,11.5,360,0.0,175.0,23.03,72.58
2025-03-31 04:00:00,25.7,12,11.7,18,0.0,195.0,23.03,72.58
2025-03-31 05:00:00,24.9,12,10.9,31,0.0,160.0,23.03,72.58
2025-03-31 06:00:00,24.1,16,10.6,43,0.0,165.0,23.03,72.58
2025-03-31 07:00:00,24.2,18,10.2,45,0.0,175.0,23.03,72.58
2025-03-31 08:00:00,26.2,17,7.9,45,0.0,230.0,23.03,72.58
2025-03-31 09:00:00,29.2,16,6.9,53,0.0,320.0,23.03,72.58
2025-03-31 10:00:00,32.4,13,6.7,54,0.0,465.0,23.03,72.58
2025-03-31 11:00:00,35.1,11,6.1,47,0.0,715.0,23.03,72.58
2025-03-31 12:00:00,37.1,9,5.5,46,0.0,1565.0,23.03,72.58
2025-03-31 13:00:00,38.4,8,4.6,39,0.0,1985.0,23.03,72.58
2025-03-31 14:00:00,39.1,7,3.9,16,0.0,2200.0,23.03,72.58
2025-03-31 15:00:00,39.4,7,4.1,345,0.0,2370.0,23.03,72.58
2025-03-31 16:00:00,39.3,6,5.6,320,0.0,2400.0,23.03,72.58
2025-03-31 17:00:00,38.8,7,8.4,318,0.0,2400.0,23.03,72.58
2025-03-31 18:00:00,38.0,7,8.9,318,0.0,605.0,23.03,72.58
2025-03-31 19:00:00,37.0,8,9.8,305,0.0,330.0,23.03,72.58
2025-03-31 20:00:00,36.2,8,9.7,309,0.0,225.0,23.03,72.58
2025-03-31 21:00:00,34.0,9,11.5,320,0.0,255.0,23.03,72.58
2025-03-31 22:00:00,32.5,9,13.2,325,0.0,300.0,23.03,72.58
2025-03-31 23:00:00,31.4,9,13.0,338,0.0,285.0,23.03,72.58
2025-04-01 00:00:00,30.2,9,11.1,353,0.0,230.0,23.03,72.58
2025-04-01 01:00:00,29.1,9,10.7,348,0.0,175.0,23.03,72.58
2025-04-01 02:00:00,28.5,10,10.9,352,0.0,165.0,23.03,72.58
2025-04-01 03:00:00,28.0,10,12.4,19,0.0,230.0,23.03,72.58
2025-04-01 04:00:00,27.5,10,11.9,31,0.0,165.0,23.03,72.58
2025-04-01 05:00:00,26.7,11,10.2,39,0.0,125.0,23.03,72.58
2025-04-01 06:00:00,26.6,14,10.6,44,0.0,140.0,23.03,72.58
2025-04-01 07:00:00,26.8,14,9.2,47,0.0,145.0,23.03,72.58
2025-04-01 08:00:00,28.4,14,5.4,21,0.0,175.0,23.03,72.58
2025-04-01 09:00:00,31.2,13,4.1,15,0.0,270.0,23.03,72.58
2025-04-01 10:00:00,34.2,12,5.3,28,0.0,500.0,23.03,72.58
2025-04-01 11:00:00,36.7,11,7.9,20,0.0,1095.0,23.03,72.58
2025-04-01 12:00:00,38.3,9,8.2,14,0.0,1860.0,23.03,72.58
2025-04-01 13:00:00,39.3,8,7.7,360,0.0,2385.0,23.03,72.58
2025-04-01 14:00:00,39.9,8,7.7,339,0.0,2810.0,23.03,72.58
2025-04-01 15:00:00,40.0,7,8.2,324,0.0,3210.0,23.03,72.58
2025-04-01 16:00:00,39.7,7,9.6,323,0.0,3185.0,23.03,72.58
2025-04-01 17:00:00,39.2,7,10.3,329,0.0,2970.0,23.03,72.58
2025-04-01 18:00:00,38.2,7,11.7,322,0.0,570.0,23.03,72.58
2025-04-01 19:00:00,36.7,8,9.2,312,0.0,265.0,23.03,72.58
2025-04-01 20:00:00,35.8,8,8.5,325,0.0,150.0,23.03,72.58
2025-04-01 21:00:00,34.5,8,10.5,341,0.0,230.0,23.03,72.58
2025-04-01 22:00:00,32.8,9,9.6,352,0.0,180.0,23.03,72.58
2025-04-01 23:00:00,31.1,11,10.1,2,0.0,185.0,23.03,72.58
2025-04-02 00:00:00,30.7,11,10.9,351,0.0,165.0,23.03,72.58
2025-04-02 01:00:00,29.9,11,10.5,8,0.0,150.0,23.03,72.58
2025-04-02 02:00:00,29.4,10,10.8,5,0.0,140.0,23.03,72.58
2025-04-02 03:00:00,28.6,10,9.7,12,0.0,125.0,23.03,72.58
2025-04-02 04:00:00,27.6,11,9.5,39,0.0,170.0,23.03,72.58
2025-04-02 05:00:00,26.9,12,7.0,40,0.0,130.0,23.03,72.58
2025-04-02 06:00:00,26.4,14,6.1,348,0.0,85.0,23.03,72.58
2025-04-02 07:00:00,26.1,15,7.4,7,0.0,120.0,23.03,72.58
2025-04-02 08:00:00,27.5,15,5.9,12,0.0,215.0,23.03,72.58
2025-04-02 09:00:00,29.8,15,4.8,31,0.0,290.0,23.03,72.58
2025-04-02 10:00:00,32.5,15,4.7,74,0.0,435.0,23.03,72.58
2025-04-02 11:00:00,34.9,14,3.9,106,0.0,590.0,23.03,72.58
2025-04-02 12:00:00,37.3,11,1.7,131,0.0,845.0,23.03,72.58
2025-04-02 13:00:00,39.1,8,0.7,270,0.0,2900.0,23.03,72.58
2025-04-02 14:00:00,39.9,7,3.3,279,0.0,3935.0,23.03,72.58
2025-04-02 15:00:00,40.1,7,6.8,288,0.0,3955.0,23.03,72.58
2025-04-02 16:00:00,39.7,7,9.1,288,0.0,3915.0,23.03,72.58
2025-04-02 17:00:00,39.0,7,7.9,283,0.0,3635.0,23.03,72.58
2025-04-02 18:00:00,38.0,7,7.9,325,0.0,450.0,23.03,72.58
2025-04-02 19:00:00,36.5,9,7.1,36,0.0,135.0,23.03,72.58
2025-04-02 20:00:00,35.9,9,4.7,122,0.0,65.0,23.03,72.58
2025-04-02 21:00:00,34.7,10,3.3,167,0.0,40.0,23.03,72.58
2025-04-02 22:00:00,33.1,11,3.2,341,0.0,35.0,23.03,72.58
2025-04-02 23:00:00,32.8,12,0.9,169,0.0,10.0,23.03,72.58
2025-04-03 00:00:00,31.6,13,4.3,294,0.0,25.0,23.03,72.58
2025-04-03 01:00:00,30.4,13,6.3,307,0.0,50.0,23.03,72.58
2025-04-03 02:00:00,29.3,14,7.0,334,0.0,80.0,23.03,72.58
2025-04-03 03:00:00,28.3,15,6.6,331,0.0,65.0,23.03,72.58
2025-04-03 04:00:00,26.3,17,9.7,140,0.0,110.0,23.03,72.58
2025-04-03 05:00:00,26.5,17,5.0,291,0.0,35.0,23.03,72.58
2025-04-03 06:00:00,26.8,25,4.4,282,0.0,35.0,23.03,72.58
2025-04-03 07:00:00,26.6,25,5.0,283,0.0,45.0,23.03,72.58
2025-04-03 08:00:00,28.9,21,0.5,90,0.0,85.0,23.03,72.58
2025-04-03 09:00:00,32.2,16,0.4,243,0.0,200.0,23.03,72.58
2025-04-03 10:00:00,35.3,11,2.0,270,0.0,415.0,23.03,72.58
2025-04-03 11:00:00,37.7,8,1.5,306,0.0,1255.0,23.03,72.58
2025-04-03 12:00:00,39.0,7,2.9,317,0.0,3785.0,23.03,72.58
2025-04-03 13:00:00,39.8,6,5.3,298,0.0,4080.0,23.03,72.58
2025-04-03 14:00:00,40.2,6,7.3,286,0.0,4135.0,23.03,72.58
2025-04-03 15:00:00,40.1,6,7.3,277,0.0,4140.0,23.03,72.58
2025-04-03 16:00:00,40.0,7,8.7,236,0.0,4070.0,23.03,72.58
2025-04-03 17:00:00,39.4,7,12.8,231,0.0,3910.0,23.03,72.58
2025-04-03 18:00:00,38.4,7,13.0,218,0.0,1140.0,23.03,72.58
2025-04-03 19:00:00,37.4,8,8.5,222,0.0,215.0,23.03,72.58
2025-04-03 20:00:00,35.3,11,10.8,213,0.0,195.0,23.03,72.58
2025-04-03 21:00:00,33.0,18,10.2,222,0.0,170.0,23.03,72.58
2025-04-03 22:00:00,31.5,22,9.4,238,0.0,155.0,23.03,72.58
2025-04-03 23:00:00,30.0,30,10.2,216,0.0,175.0,23.03,72.58
2025-04-04 00:00:00,29.1,36,11.0,230,0.0,200.0,23.03,72.58
2025-04-04 01:00:00,29.0,36,11.1,230,0.0,185.0,23.03,72.58
2025-04-04 02:00:00,28.4,35,7.8,220,0.0,150.0,23.03,72.58
2025-04-04 03:00:00,27.6,37,4.8,283,0.0,90.0,23.03,72.58
2025-04-04 04:00:00,26.8,39,3.0,14,0.0,20.0,23.03,72.58
2025-04-04 05:00:00,26.3,40,3.4,198,0.0,20.0,23.03,72.58
2025-04-04 06:00:00,25.8,48,4.7,189,0.0,50.0,23.03,72.58
2025-04-04 07:00:00,26.0,47,3.6,180,0.0,55.0,23.03,72.58
2025-04-04 08:00:00,28.3,37,1.3,278,0.0,230.0,23.03,72.58
2025-04-04 09:00:00,30.9,24,2.2,284,0.0,400.0,23.03,72.58
2025-04-04 10:00:00,33.3,18,2.1,290,0.0,595.0,23.03,72.58
2025-04-04 11:00:00,35.7,14,2.7,293,0.0,750.0,23.03,72.58
2025-04-04 12:00:00,37.7,11,3.9,304,0.0,1285.0,23.03,72.58
2025-04-04 13:00:00,39.3,9,6.9,311,0.0,2250.0,23.03,72.58
2025-04-04 14:00:00,40.1,8,7.4,319,0.0,3625.0,23.03,72.58
2025-04-04 15:00:00,40.5,7,7.8,347,0.0,3800.0,23.03,72.58
2025-04-04 16:00:00,40.4,7,11.4,4,0.0,3750.0,23.03,72.58
2025-04-04 17:00:00,39.7,8,10.8,360,0.0,3540.0,23.03,72.58
2025-04-04 18:00:00,38.8,9,8.0,352,0.0,3630.0,23.03,72.58
2025-04-04 19:00:00,38.3,9,4.8,285,0.0,1365.0,23.03,72.58
2025-04-04 20:00:00,37.0,10,9.4,241,0.0,110.0,23.03,72.58
2025-04-04 21:00:00,35.5,11,9.7,255,0.0,160.0,23.03,72.58
2025-04-04 22:00:00,34.4,12,8.3,256,0.0,125.0,23.03,72.58
2025-04-04 23:00:00,33.2,13,7.5,243,0.0,90.0,23.03,72.58
2025-04-05 00:00:00,31.1,14,8.8,231,0.0,150.0,23.03,72.58
2025-04-05 01:00:00,29.7,19,8.9,241,0.0,180.0,23.03,72.58
2025-04-05 02:00:00,28.9,21,6.6,233,0.0,135.0,23.03,72.58
2025-04-05 03:00:00,28.3,21,6.3,290,0.0,95.0,23.03,72.58
2025-04-05 04:00:00,27.8,22,7.4,266,0.0,85.0,23.03,72.58
2025-04-05 05:00:00,27.2,24,6.5,270,0.0,80.0,23.03,72.58
2025-04-05 06:00:00,26.4,32,5.0,249,0.0,60.0,23.03,72.58
2025-04-05 07:00:00,26.4,33,6.0,267,0.0,80.0,23.03,72.58
2025-04-05 08:00:00,28.3,34,3.3,261,0.0,170.0,23.03,72.58
2025-04-05 09:00:00,31.1,29,3.8,295,0.0,300.0,23.03,72.58
2025-04-05 10:00:00,34.0,22,5.0,308,0.0,505.0,23.03,72.58
2025-04-05 11:00:00,36.4,18,5.9,310,0.0,740.0,23.03,72.58
2025-04-05 12:00:00,38.6,14,7.6,315,0.0,1115.0,23.03,72.58
2025-04-05 13:00:00,40.2,11,9.6,313,0.0,2650.0,23.03,72.58
2025-04-05 14:00:00,41.1,9,10.2,309,0.0,3360.0,23.03,72.58
2025-04-05 15:00:00,41.3,8,10.6,317,0.0,3495.0,23.03,72.58
2025-04-05 16:00:00,41.1,8,11.3,333,0.0,3460.0,23.03,72.58
2025-04-05 17:00:00,40.6,8,11.4,348,0.0,3155.0,23.03,72.58
2025-04-05 18:00:00,40.0,9,8.7,4,0.0,3060.0,23.03,72.58
2025-04-05 19:00:00,39.0,10,8.7,5,0.0,430.0,23.03,72.58
2025-04-05 20:00:00,37.7,11,5.8,290,0.0,125.0,23.03,72.58
2025-04-05 21:00:00,35.8,13,10.3,266,0.0,120.0,23.03,72.58
2025-04-05 22:00:00,35.2,13,9.8,283,0.0,140.0,23.03,72.58
2025-04-05 23:00:00,34.0,14,9.5,271,0.0,150.0,23.03,72.58
2025-04-06 00:00:00,32.5,15,11.7,274,0.0,230.0,23.03,72.58
2025-04-06 01:00:00,31.0,18,11.4,275,0.0,260.0,23.03,72.58
2025-04-06 02:00:00,30.2,21,12.7,277,0.0,285.0,23.03,72.58
2025-04-06 03:00:00,29.8,22,11.9,295,0.0,280.0,23.03,72.58
2025-04-06 04:00:00,29.2,22,11.2,303,0.0,255.0,23.03,72.58
2025-04-06 05:00:00,28.6,22,9.5,307,0.0,195.0,23.03,72.58
2025-04-06 06:00:00,28.5,24,9.1,308,0.0,165.0,23.03,72.58
2025-04-06 07:00:00,28.4,24,8.4,315,0.0,165.0,23.03,72.58
2025-04-06 08:00:00,29.9,23,8.4,317,0.0,355.0,23.03,72.58
2025-04-06 09:00:00,32.3,22,9.4,317,0.0,440.0,23.03,72.58
2025-04-06 10:00:00,34.9,19,9.3,316,0.0,545.0,23.03,72.58
2025-04-06 11:00:00,37.4,15,8.9,315,0.0,800.0,23.03,72.58
2025-04-06 12:00:00,39.5,11,9.8,316,0.0,1295.0,23.03,72.58
2025-04-06 13:00:00,40.9,9,11.1,314,0.0,2060.0,23.03,72.58
2025-04-06 14:00:00,41.8,8,10.4,307,0.0,3325.0,23.03,72.58
2025-04-06 15:00:00,42.3,7,10.1,301,0.0,3860.0,23.03,72.58
2025-04-06 16:00:00,42.4,7,9.9,299,0.0,4355.0,23.03,72.58
2025-04-06 17:00:00,42.0,7,10.3,293,0.0,4465.0,23.03,72.58
2025-04-06 18:00:00,41.0,8,6.7,297,0.0,715.0,23.03,72.58
2025-04-06 19:00:00,39.2,9,4.3,272,0.0,110.0,23.03,72.58
2025-04-06 20:00:00,38.3,10,6.8,282,0.0,170.0,23.03,72.58
2025-04-06 21:00:00,36.9,11,9.0,257,0.0,205.0,23.03,72.58
2025-04-06 22:00:00,35.0,13,12.9,249,0.0,245.0,23.03,72.58
2025-04-06 23:00:00,33.9,14,14.8,264,0.0,365.0,23.03,72.58
2025-04-07 00:00:00,32.5,17,14.6,269,0.0,335.0,23.03,72.58
2025-04-07 01:00:00,31.2,18,12.3,262,0.0,395.0,23.03,72.58
2025-04-07 02:00:00,30.5,19,14.1,295,0.0,420.0,23.03,72.58
2025-04-07 03:00:00,30.0,19,12.3,302,0.0,390.0,23.03,72.58
2025-04-07 04:00:00,29.0,20,11.1,310,0.0,325.0,23.03,72.58
2025-04-07 05:00:00,28.4,20,13.4,316,0.0,360.0,23.03,72.58
2025-04-07 06:00:00,28.4,23,12.0,315,0.0,325.0,23.03,72.58
2025-04-07 07:00:00,28.3,24,9.3,313,0.0,305.0,23.03,72.58
2025-04-07 08:00:00,29.9,22,6.5,309,0.0,370.0,23.03,72.58
2025-04-07 09:00:00,32.4,19,6.5,304,0.0,455.0,23.03,72.58
2025-04-07 10:00:00,35.0,16,6.8,297,0.0,605.0,23.03,72.58
2025-04-07 11:00:00,37.7,13,8.2,296,0.0,885.0,23.03,72.58
2025-04-07 12:00:00,39.8,10,10.3,299,0.0,1250.0,23.03,72.58
2025-04-07 13:00:00,41.1,9,11.3,299,0.0,1735.0,23.03,72.58
2025-04-07 14:00:00,42.0,8,10.5,294,0.0,2630.0,23.03,72.58
2025-04-07 15:00:00,42.5,7,9.5,284,0.0,4360.0,23.03,72.58
2025-04-07 16:00:00,42.5,7,9.4,266,0.0,4355.0,23.03,72.58
2025-04-07 17:00:00,42.0,7,10.1,250,0.0,4285.0,23.03,72.58
2025-04-07 18:00:00,40.9,8,6.8,253,0.0,465.0,23.03,72.58
2025-04-07 19:00:00,39.1,9,5.8,244,0.0,175.0,23.03,72.58
2025-04-07 20:00:00,38.5,9,4.7,288,0.0,130.0,23.03,72.58
2025-04-07 21:00:00,37.8,10,6.7,262,0.0,120.0,23.03,72.58
2025-04-07 22:00:00,35.6,12,9.0,280,0.0,135.0,23.03,72.58
2025-04-07 23:00:00,33.8,14,12.0,287,0.0,270.0,23.03,72.58
2025-04-08 00:00:00,33.2,15,14.0,288,0.0,260.0,23.03,72.58
2025-04-08 01:00:00,31.5,18,10.6,285,0.0,335.0,23.03,72.58
2025-04-08 02:00:00,30.5,21,11.1,282,0.0,260.0,23.03,72.58
2025-04-08 03:00:00,30.0,23,11.7,284,0.0,255.0,23.03,72.58
2025-04-08 04:00:00,29.3,24,11.4,286,0.0,235.0,23.03,72.58
2025-04-08 05:00:00,28.4,24,10.2,315,0.0,225.0,23.03,72.58
2025-04-08 06:00:00,27.5,25,8.0,318,0.0,140.0,23.03,72.58
2025-04-08 07:00:00,27.8,23,8.0,316,0.0,150.0,23.03,72.58
2025-04-08 08:00:00,29.8,20,6.7,326,0.0,280.0,23.03,72.58
2025-04-08 09:00:00,32.5,16,9.6,330,0.0,420.0,23.03,72.58
2025-04-08 10:00:00,35.0,14,10.6,328,0.0,520.0,23.03,72.58
2025-04-08 11:00:00,37.6,12,10.6,328,0.0,645.0,23.03,72.58
2025-04-08 12:00:00,39.7,11,11.1,329,0.0,825.0,23.03,72.58
2025-04-08 13:00:00,41.3,9,10.6,328,0.0,1200.0,23.03,72.58
2025-04-08 14:00:00,42.3,9,9.5,323,0.0,2335.0,23.03,72.58
2025-04-08 15:00:00,42.7,8,8.5,318,0.0,4385.0,23.03,72.58
2025-04-08 16:00:00,42.8,8,7.8,320,0.0,4575.0,23.03,72.58
2025-04-08 17:00:00,42.5,8,6.5,341,0.0,4550.0,23.03,72.58
2025-04-08 18:00:00,41.2,9,10.0,354,0.0,700.0,23.03,72.58
2025-04-08 19:00:00,40.0,10,9.8,355,0.0,270.0,23.03,72.58
2025-04-08 20:00:00,38.9,11,8.1,274,0.0,85.0,23.03,72.58
2025-04-08 21:00:00,37.5,12,11.8,283,0.0,165.0,23.03,72.58
2025-04-08 22:00:00,36.7,13,14.3,295,0.0,410.0,23.03,72.58
2025-04-08 23:00:00,35.1,14,14.1,293,0.0,330.0,23.03,72.58
2025-04-09 00:00:00,33.7,14,13.5,303,0.0,335.0,23.03,72.58
2025-04-09 01:00:00,32.4,16,14.5,315,0.0,380.0,23.03,72.58
2025-04-09 02:00:00,31.9,17,13.7,316,0.0,345.0,23.03,72.58
2025-04-09 03:00:00,31.0,19,12.3,325,0.0,285.0,23.03,72.58
2025-04-09 04:00:00,30.5,19,12.8,321,0.0,260.0,23.03,72.58
2025-04-09 05:00:00,29.9,19,12.8,312,0.0,225.0,23.03,72.58
2025-04-09 06:00:00,29.1,24,12.9,318,0.0,200.0,23.03,72.58
2025-04-09 07:00:00,29.0,24,11.6,321,0.0,235.0,23.03,72.58
2025-04-09 08:00:00,30.3,24,9.7,333,0.0,300.0,23.03,72.58
2025-04-09 09:00:00,32.7,22,9.3,326,0.0,380.0,23.03,72.58
2025-04-09 10:00:00,35.7,19,9.8,324,0.0,515.0,23.03,72.58
2025-04-09 11:00:00,38.4,15,9.8,324,0.0,815.0,23.03,72.58
2025-04-09 12:00:00,40.7,12,10.3,322,0.0,1515.0,23.03,72.58
2025-04-09 13:00:00,42.3,9,11.6,321,0.0,2415.0,23.03,72.58
2025-04-09 14:00:00,43.1,8,11.9,318,0.0,4675.0,23.03,72.58
2025-04-09 15:00:00,43.2,7,12.7,316,0.0,4650.0,23.03,72.58
2025-04-09 16:00:00,42.9,7,14.1,312,0.0,4545.0,23.03,72.58
2025-04-09 17:00:00,42.1,8,14.9,308,0.0,4425.0,23.03,72.58
2025-04-09 18:00:00,40.7,8,12.1,316,0.0,2995.0,23.03,72.58
2025-04-09 19:00:00,39.0,10,11.1,313,0.0,540.0,23.03,72.58
2025-04-09 20:00:00,37.8,10,11.8,313,0.0,335.0,23.03,72.58
2025-04-09 21:00:00,36.9,11,10.9,322,0.0,200.0,23.03,72.58
2025-04-09 22:00:00,35.9,12,11.9,312,0.0,210.0,23.03,72.58
2025-04-09 23:00:00,35.0,13,11.6,306,0.0,170.0,23.03,72.58
2025-04-10 00:00:00,33.5,15,14.7,288,0.0,275.0,23.03,72.58
2025-04-10 01:00:00,32.5,17,13.6,294,0.0,255.0,23.03,72.58
2025-04-10 02:00:00,31.3,19,13.7,304,0.0,305.0,23.03,72.58
2025-04-10 03:00:00,30.3,19,13.6,313,0.0,305.0,23.03,72.58
2025-04-10 04:00:00,29.4,20,12.0,313,0.0,275.0,23.03,72.58
2025-04-10 05:00:00,28.5,21,10.6,309,0.0,230.0,23.03,72.58
2025-04-10 06:00:00,28.2,24,10.3,311,0.0,195.0,23.03,72.58
2025-04-10 07:00:00,28.6,24,8.6,306,0.0,185.0,23.03,72.58
2025-04-10 08:00:00,30.3,22,6.9,300,0.0,275.0,23.03,72.58
2025-04-10 09:00:00,32.4,22,7.5,307,0.0,360.0,23.03,72.58
2025-04-10 10:00:00,35.1,18,6.9,303,0.0,515.0,23.03,72.58
2025-04-10 11:00:00,38.1,14,7.1,308,0.0,960.0,23.03,72.58
2025-04-10 12:00:00,40.2,12,7.7,306,0.0,2095.0,23.03,72.58
2025-04-10 13:00:00,42.1,8,12.1,282,0.0,4130.0,23.03,72.58
2025-04-10 14:00:00,42.4,8,18.2,272,0.0,4400.0,23.03,72.58
2025-04-10 15:00:00,42.3,8,19.3,275,0.0,4340.0,23.03,72.58
2025-04-10 16:00:00,41.8,9,20.2,274,0.0,4250.0,23.03,72.58
2025-04-10 17:00:00,41.1,9,21.1,270,0.0,4090.0,23.03,72.58
2025-04-10 18:00:00,39.9,9,18.6,264,0.0,3675.0,23.03,72.58
2025-04-10 19:00:00,38.3,11,15.5,279,0.0,1310.0,23.03,72.58
2025-04-10 20:00:00,36.3,13,9.0,206,0.0,385.0,23.03,72.58
2025-04-10 21:00:00,32.7,32,12.5,201,0.0,315.0,23.03,72.58
2025-04-10 22:00:00,32.1,35,12.0,225,0.0,335.0,23.03,72.58
2025-04-10 23:00:00,31.8,29,10.3,235,0.0,260.0,23.03,72.58
2025-04-11 00:00:00,31.3,22,10.8,249,0.0,310.0,23.03,72.58
2025-04-11 01:00:00,30.3,20,11.0,260,0.0,375.0,23.03,72.58
2025-04-11 02:00:00,29.1,22,11.7,266,0.0,365.0,23.03,72.58
2025-04-11 03:00:00,28.2,26,11.0,265,0.0,330.0,23.03,72.58
2025-04-11 04:00:00,27.2,34,10.3,259,0.0,315.0,23.03,72.58
2025-04-11 05:00:00,26.2,45,9.4,250,0.0,340.0,23.03,72.58
2025-04-11 06:00:00,26.5,60,5.6,245,0.0,380.0,23.03,72.58
2025-04-11 07:00:00,26.6,62,2.8,198,0.0,360.0,23.03,72.58
2025-04-11 08:00:00,27.9,57,4.1,218,0.0,670.0,23.03,72.58
2025-04-11 09:00:00,29.7,49,6.4,216,0.0,965.0,23.03,72.58
2025-04-11 10:00:00,31.6,41,8.3,222,0.0,1220.0,23.03,72.58
2025-04-11 11:00:00,33.3,36,10.0,234,0.0,1540.0,23.03,72.58
2025-04-11 12:00:00,34.7,33,11.5,240,0.0,1765.0,23.03,72.58
2025-04-11 13:00:00,36.1,30,12.9,242,0.0,2085.0,23.03,72.58
2025-04-11 14:00:00,37.5,24,15.0,244,0.0,2465.0,23.03,72.58
2025-04-11 15:00:00,38.1,20,15.9,265,0.0,2795.0,23.03,72.58
2025-04-11 16:00:00,37.9,19,18.2,268,0.0,3075.0,23.03,72.58
2025-04-11 17:00:00,37.0,20,13.5,243,0.0,2625.0,23.03,72.58
2025-04-11 18:00:00,33.6,31,13.0,197,0.0,610.0,23.03,72.58
2025-04-11 19:00:00,33.9,29,8.6,278,0.0,605.0,23.03,72.58
2025-04-11 20:00:00,32.8,31,5.2,270,0.0,200.0,23.03,72.58
2025-04-11 21:00:00,32.6,31,3.8,172,0.0,85.0,23.03,72.58
2025-04-11 22:00:00,31.5,35,8.4,170,0.0,180.0,23.03,72.58
2025-04-11 23:00:00,29.1,65,9.9,184,0.0,265.0,23.03,72.58
2025-04-12 00:00:00,28.4,73,6.8,198,0.0,185.0,23.03,72.58
2025-04-12 01:00:00,28.2,74,6.5,219,0.0,200.0,23.03,72.58
2025-04-12 02:00:00,28.0,70,6.8,228,0.0,315.0,23.03,72.58
2025-04-12 03:00:00,27.7,62,7.0,222,0.0,230.0,23.03,72.58
2025-04-12 04:00:00,27.1,60,7.8,214,0.0,240.0,23.03,72.58
2025-04-12 05:00:00,26.4,61,8.6,213,0.0,285.0,23.03,72.58
2025-04-12 06:00:00,26.6,70,8.2,199,0.0,260.0,23.03,72.58
2025-04-12 07:00:00,27.0,67,8.9,205,0.0,370.0,23.03,72.58
2025-04-12 08:00:00,28.5,64,10.4,210,0.0,530.0,23.03,72.58
2025-04-12 09:00:00,30.4,56,9.5,219,0.0,725.0,23.03,72.58
2025-04-12 10:00:00,32.4,47,9.3,223,0.0,885.0,23.03,72.58
2025-04-12 11:00:00,34.7,37,8.8,229,0.0,1095.0,23.03,72.58
2025-04-12 12:00:00,36.6,29,7.6,232,0.0,1345.0,23.03,72.58
2025-04-12 13:00:00,38.3,24,7.0,241,0.0,1845.0,23.03,72.58
2025-04-12 14:00:00,39.4,19,8.1,253,0.0,2365.0,23.03,72.58
2025-04-12 15:00:00,39.9,17,8.9,261,0.0,2635.0,23.03,72.58
2025-04-12 16:00:00,40.3,14,8.6,282,0.0,3165.0,23.03,72.58
2025-04-12 17:00:00,39.9,13,8.8,289,0.0,3315.0,23.03,72.58
2025-04-12 18:00:00,38.5,17,8.8,253,0.0,2540.0,23.03,72.58
2025-04-12 19:00:00,37.4,19,10.0,214,0.0,430.0,23.03,72.58
2025-04-12 20:00:00,32.4,48,12.9,208,0.0,325.0,23.03,72.58
2025-04-12 21:00:00,30.7,57,11.0,201,0.0,280.0,23.03,72.58
2025-04-12 22:00:00,29.6,63,10.0,197,0.0,255.0,23.03,72.58
2025-04-12 23:00:00,28.8,70,9.1,198,0.0,250.0,23.03,72.58
2025-04-13 00:00:00,28.1,75,8.2,218,0.0,250.0,23.03,72.58
2025-04-13 01:00:00,27.7,78,7.9,225,0.0,235.0,23.03,72.58
2025-04-13 02:00:00,27.7,74,8.5,252,0.0,310.0,23.03,72.58
2025-04-13 03:00:00,27.7,60,9.5,270,0.0,355.0,23.03,72.58
2025-04-13 04:00:00,27.2,56,9.2,276,0.0,310.0,23.03,72.58
2025-04-13 05:00:00,26.5,60,7.7,271,0.0,240.0,23.03,72.58
2025-04-13 06:00:00,26.9,63,6.5,268,0.0,230.0,23.03,72.58
2025-04-13 07:00:00,27.3,64,4.7,254,0.0,245.0,23.03,72.58
2025-04-13 08:00:00,29.0,57,6.0,260,0.0,430.0,23.03,72.58
2025-04-13 09:00:00,31.0,48,6.5,262,0.0,660.0,23.03,72.58
2025-04-13 10:00:00,33.2,40,7.1,264,0.0,830.0,23.03,72.58
2025-04-13 11:00:00,35.5,32,7.6,273,0.0,1040.0,23.03,72.58
2025-04-13 12:00:00,37.5,25,8.8,279,0.0,1445.0,23.03,72.58
2025-04-13 13:00:00,39.3,20,10.4,287,0.0,2055.0,23.03,72.58
2025-04-13 14:00:00,40.7,14,11.4,295,0.0,3045.0,23.03,72.58
2025-04-13 15:00:00,41.2,11,12.1,295,0.0,3205.0,23.03,72.58
2025-04-13 16:00:00,41.4,10,12.6,294,0.0,3430.0,23.03,72.58
2025-04-13 17:00:00,41.0,10,12.6,295,0.0,3495.0,23.03,72.58
2025-04-13 18:00:00,39.8,12,11.4,275,0.0,3085.0,23.03,72.58
2025-04-13 19:00:00,38.5,13,9.6,258,0.0,420.0,23.03,72.58
2025-04-13 20:00:00,37.0,14,8.9,264,0.0,335.0,23.03,72.58
2025-04-13 21:00:00,35.9,16,14.1,263,0.0,445.0,23.03,72.58
2025-04-13 22:00:00,34.2,26,14.0,257,0.0,505.0,23.03,72.58
2025-04-13 23:00:00,32.8,32,13.8,261,0.0,500.0,23.03,72.58
2025-04-14 00:00:00,31.6,36,13.9,270,0.0,475.0,23.03,72.58
2025-04-14 01:00:00,30.7,38,14.1,281,0.0,475.0,23.03,72.58
2025-04-14 02:00:00,30.0,39,14.1,283,0.0,435.0,23.03,72.58
2025-04-14 03:00:00,29.3,38,13.8,291,0.0,440.0,23.03,72.58
2025-04-14 04:00:00,28.7,39,12.8,299,0.0,475.0,23.03,72.58
2025-04-14 05:00:00,28.0,40,12.1,303,0.0,485.0,23.03,72.58
2025-04-14 06:00:00,27.8,45,13.6,300,0.0,475.0,23.03,72.58
2025-04-14 07:00:00,28.1,45,10.6,302,0.0,515.0,23.03,72.58
2025-04-14 08:00:00,29.6,43,11.3,306,0.0,585.0,23.03,72.58
2025-04-14 09:00:00,31.7,39,10.7,303,0.0,665.0,23.03,72.58
2025-04-14 10:00:00,34.0,33,10.2,300,0.0,765.0,23.03,72.58
2025-04-14 11:00:00,36.3,27,9.5,299,0.0,900.0,23.03,72.58
2025-04-14 12:00:00,38.4,22,8.7,294,0.0,1135.0,23.03,72.58
2025-04-14 13:00:00,40.1,17,8.7,294,0.0,1725.0,23.03,72.58
2025-04-14 14:00:00,41.2,15,9.4,294,0.0,2235.0,23.03,72.58
2025-04-14 15:00:00,41.8,13,10.3,295,0.0,2690.0,23.03,72.58
2025-04-14 16:00:00,41.9,12,10.8,294,0.0,2840.0,23.03,72.58
2025-04-14 17:00:00,41.5,12,11.5,293,0.0,2775.0,23.03,72.58
2025-04-14 18:00:00,40.5,13,10.8,274,0.0,2655.0,23.03,72.58
2025-04-14 19:00:00,39.1,14,10.8,252,0.0,545.0,23.03,72.58
2025-04-14 20:00:00,37.9,16,14.7,264,0.0,780.0,23.03,72.58
2025-04-14 21:00:00,35.7,24,16.5,264,0.0,630.0,23.03,72.58
2025-04-14 22:00:00,33.9,27,17.2,265,0.0,550.0,23.03,72.58
2025-04-14 23:00:00,32.3,32,15.0,264,0.0,490.0,23.03,72.58
2025-04-15 00:00:00,31.0,38,13.7,268,0.0,485.0,23.03,72.58
2025-04-15 01:00:00,29.9,42,14.1,272,0.0,470.0,23.03,72.58
2025-04-15 02:00:00,29.2,44,14.1,280,0.0,490.0,23.03,72.58
2025-04-15 03:00:00,28.6,46,12.9,286,0.0,500.0,23.03,72.58
2025-04-15 04:00:00,28.0,48,10.5,290,0.0,520.0,23.03,72.58
2025-04-15 05:00:00,27.5,49,9.3,289,0.0,520.0,23.03,72.58
2025-04-15 06:00:00,27.7,57,9.4,288,0.0,485.0,23.03,72.58
2025-04-15 07:00:00,28.0,56,7.4,284,0.0,485.0,23.03,72.58
2025-04-15 08:00:00,29.4,53,6.2,292,0.0,525.0,23.03,72.58
2025-04-15 09:00:00,31.2,48,5.9,308,0.0,640.0,23.03,72.58
2025-04-15 10:00:00,33.5,42,6.1,298,0.0,705.0,23.03,72.58
2025-04-15 11:00:00,36.1,34,5.9,284,0.0,810.0,23.03,72.58
2025-04-15 12:00:00,38.5,27,6.3,285,0.0,1130.0,23.03,72.58
2025-04-15 13:00:00,40.5,22,7.4,288,0.0,1530.0,23.03,72.58
2025-04-15 14:00:00,41.9,18,8.3,290,0.0,2175.0,23.03,72.58
2025-04-15 15:00:00,42.5,16,9.1,297,0.0,3325.0,23.03,72.58
2025-04-15 16:00:00,42.7,14,9.2,305,0.0,3745.0,23.03,72.58
2025-04-15 17:00:00,42.3,14,8.9,318,0.0,3885.0,23.03,72.58
2025-04-15 18:00:00,41.2,15,7.7,291,0.0,3090.0,23.03,72.58
2025-04-15 19:00:00,40.0,16,7.6,266,0.0,525.0,23.03,72.58
2025-04-15 20:00:00,38.5,18,9.4,257,0.0,510.0,23.03,72.58
2025-04-15 21:00:00,37.4,19,10.5,258,0.0,320.0,23.03,72.58
2025-04-15 22:00:00,35.8,23,12.7,257,0.0,490.0,23.03,72.58
2025-04-15 23:00:00,33.9,30,12.3,248,0.0,400.0,23.03,72.58
2025-04-16 00:00:00,32.4,34,10.8,249,0.0,355.0,23.03,72.58
2025-04-16 01:00:00,31.0,41,10.9,257,0.0,360.0,23.03,72.58
2025-04-16 02:00:00,29.7,52,10.4,284,0.0,395.0,23.03,72.58
2025-04-16 03:00:00,28.6,61,9.8,301,0.0,400.0,23.03,72.58
2025-04-16 04:00:00,27.8,67,8.7,304,0.0,395.0,23.03,72.58
2025-04-16 05:00:00,27.4,70,7.7,301,0.0,385.0,23.03,72.58
2025-04-16 06:00:00,27.6,76,8.1,294,0.0,405.0,23.03,72.58
2025-04-16 07:00:00,27.9,73,9.0,292,0.0,485.0,23.03,72.58
2025-04-16 08:00:00,29.5,64,8.6,290,0.0,485.0,23.03,72.58
2025-04-16 09:00:00,31.6,55,6.7,289,0.0,535.0,23.03,72.58
2025-04-16 10:00:00,34.1,45,4.7,302,0.0,635.0,23.03,72.58
2025-04-16 11:00:00,36.5,36,3.6,319,0.0,795.0,23.03,72.58
2025-04-16 12:00:00,38.8,28,4.1,315,0.0,1030.0,23.03,72.58
2025-04-16 13:00:00,40.7,22,4.8,304,0.0,1405.0,23.03,72.58
2025-04-16 14:00:00,42.0,18,4.9,306,0.0,2980.0,23.03,72.58
2025-04-16 15:00:00,42.7,15,5.0,316,0.0,3635.0,23.03,72.58
2025-04-16 16:00:00,42.9,13,4.7,320,0.0,3995.0,23.03,72.58
2025-04-16 17:00:00,42.8,13,5.1,297,0.0,4330.0,23.03,72.58
2025-04-16 18:00:00,41.3,14,13.1,249,0.0,2845.0,23.03,72.58
2025-04-16 19:00:00,40.4,15,9.7,235,0.0,605.0,23.03,72.58
2025-04-16 20:00:00,39.4,15,9.9,238,0.0,330.0,23.03,72.58
2025-04-16 21:00:00,36.4,23,14.3,226,0.0,485.0,23.03,72.58
2025-04-16 22:00:00,34.6,31,13.8,259,0.0,505.0,23.03,72.58
2025-04-16 23:00:00,33.5,33,14.2,258,0.0,570.0,23.03,72.58
2025-04-17 00:00:00,31.4,44,12.5,263,0.0,485.0,23.03,72.58
2025-04-17 01:00:00,30.1,52,12.3,273,0.0,460.0,23.03,72.58
2025-04-17 02:00:00,29.0,58,12.3,278,0.0,435.0,23.03,72.58
2025-04-17 03:00:00,28.3,61,11.3,283,0.0,430.0,23.03,72.58
2025-04-17 04:00:00,27.7,63,9.6,286,0.0,440.0,23.03,72.58
2025-04-17 05:00:00,27.3,64,7.6,295,0.0,450.0,23.03,72.58
2025-04-17 06:00:00,27.7,63,5.9,293,0.0,475.0,23.03,72.58
2025-04-17 07:00:00,28.1,61,5.1,287,0.0,465.0,23.03,72.58
2025-04-17 08:00:00,29.4,54,4.7,268,0.0,515.0,23.03,72.58
2025-04-17 09:00:00,31.4,46,4.7,263,0.0,630.0,23.03,72.58
2025-04-17 10:00:00,33.6,38,4.6,257,0.0,765.0,23.03,72.58
2025-04-17 11:00:00,35.8,32,5.8,254,0.0,900.0,23.03,72.58
2025-04-17 12:00:00,37.8,27,7.4,252,0.0,1055.0,23.03,72.58
2025-04-17 13:00:00,39.6,23,9.2,254,0.0,1270.0,23.03,72.58
2025-04-17 14:00:00,40.7,21,10.1,253,0.0,1510.0,23.03,72.58
2025-04-17 15:00:00,41.5,18,10.5,251,0.0,1775.0,23.03,72.58
2025-04-17 16:00:00,42.1,15,10.3,254,0.0,2135.0,23.03,72.58
2025-04-17 17:00:00,42.3,12,11.5,266,0.0,2530.0,23.03,72.58
2025-04-17 18:00:00,41.4,13,11.5,269,0.0,2415.0,23.03,72.58
2025-04-17 19:00:00,39.9,15,9.8,257,0.0,540.0,23.03,72.58
2025-04-17 20:00:00,38.4,18,11.6,234,0.0,490.0,23.03,72.58
2025-04-17 21:00:00,35.7,25,10.7,215,0.0,455.0,23.03,72.58
2025-04-17 22:00:00,34.0,32,9.2,223,0.0,440.0,23.03,72.58
2025-04-17 23:00:00,33.2,34,9.4,240,0.0,450.0,23.03,72.58
2025-04-18 00:00:00,32.5,33,11.6,263,0.0,460.0,23.03,72.58
2025-04-18 01:00:00,31.1,41,11.7,274,0.0,430.0,23.03,72.58
2025-04-18 02:00:00,29.9,47,11.9,276,0.0,415.0,23.03,72.58
2025-04-18 03:00:00,28.9,51,11.6,283,0.0,420.0,23.03,72.58
2025-04-18 04:00:00,28.1,55,10.4,284,0.0,415.0,23.03,72.58
2025-04-18 05:00:00,27.4,59,9.7,285,0.0,400.0,23.03,72.58
2025-04-18 06:00:00,27.7,62,7.9,287,0.0,385.0,23.03,72.58
2025-04-18 07:00:00,28.1,61,6.1,284,0.0,390.0,23.03,72.58
2025-04-18 08:00:00,29.7,54,6.4,288,0.0,455.0,23.03,72.58
2025-04-18 09:00:00,32.0,46,7.0,288,0.0,535.0,23.03,72.58
2025-04-18 10:00:00,34.6,37,7.4,284,0.0,675.0,23.03,72.58
2025-04-18 11:00:00,37.2,29,8.3,281,0.0,955.0,23.03,72.58
2025-04-18 12:00:00,39.5,21,9.9,286,0.0,1390.0,23.03,72.58
2025-04-18 13:00:00,41.1,16,11.3,288,0.0,2090.0,23.03,72.58
2025-04-18 14:00:00,42.2,13,12.5,285,0.0,3060.0,23.03,72.58
2025-04-18 15:00:00,42.7,10,13.1,283,0.0,3290.0,23.03,72.58
2025-04-18 16:00:00,42.6,10,13.3,278,0.0,3435.0,23.03,72.58
2025-04-18 17:00:00,42.0,10,14.2,270,0.0,3395.0,23.03,72.58
2025-04-18 18:00:00,40.8,10,13.2,263,0.0,2865.0,23.03,72.58
2025-04-18 19:00:00,39.4,11,12.5,258,0.0,675.0,23.03,72.58
2025-04-18 20:00:00,38.2,14,14.7,252,0.0,750.0,23.03,72.58
2025-04-18 21:00:00,36.5,15,16.3,263,0.0,505.0,23.03,72.58
2025-04-18 22:00:00,35.2,13,16.7,269,0.0,440.0,23.03,72.58
2025-04-18 23:00:00,34.1,14,14.5,256,0.0,425.0,23.03,72.58
2025-04-19 00:00:00,32.6,17,10.9,251,0.0,405.0,23.03,72.58
2025-04-19 01:00:00,31.4,20,10.8,266,0.0,365.0,23.03,72.58
2025-04-19 02:00:00,30.3,23,10.6,273,0.0,340.0,23.03,72.58
2025-04-19 03:00:00,29.2,26,10.4,279,0.0,335.0,23.03,72.58
2025-04-19 04:00:00,28.0,33,10.1,282,0.0,330.0,23.03,72.58
2025-04-19 05:00:00,26.9,45,9.8,284,0.0,320.0,23.03,72.58
2025-04-19 06:00:00,27.2,49,7.8,262,0.0,310.0,23.03,72.58
2025-04-19 07:00:00,27.3,56,7.0,269,0.0,385.0,23.03,72.58
2025-04-19 08:00:00,28.5,54,6.7,254,0.0,470.0,23.03,72.58
2025-04-19 09:00:00,30.6,44,7.7,252,0.0,665.0,23.03,72.58
2025-04-19 10:00:00,33.0,36,8.7,256,0.0,830.0,23.03,72.58
2025-04-19 11:00:00,35.3,30,9.7,259,0.0,1130.0,23.03,72.58
2025-04-19 12:00:00,37.5,24,10.2,257,0.0,1725.0,23.03,72.58
2025-04-19 13:00:00,39.1,19,11.1,257,0.0,2310.0,23.03,72.58
2025-04-19 14:00:00,40.1,16,12.8,259,0.0,3005.0,23.03,72.58
2025-04-19 15:00:00,40.5,14,14.9,257,0.0,3175.0,23.03,72.58
2025-04-19 16:00:00,40.6,11,16.4,258,0.0,3195.0,23.03,72.58
2025-04-19 17:00:00,39.9,10,19.1,261,0.0,2935.0,23.03,72.58
2025-04-19 18:00:00,38.8,10,17.6,256,0.0,2260.0,23.03,72.58
2025-04-19 19:00:00,36.9,11,16.9,259,0.0,1110.0,23.03,72.58
2025-04-19 20:00:00,35.4,12,15.2,260,0.0,800.0,23.03,72.58
2025-04-19 21:00:00,33.9,14,11.0,220,0.0,545.0,23.03,72.58
2025-04-19 22:00:00,31.8,29,10.7,210,0.0,440.0,23.03,72.58
2025-04-19 23:00:00,31.0,32,11.2,242,0.0,510.0,23.03,72.58
2025-04-20 00:00:00,30.2,25,11.7,252,0.0,420.0,23.03,72.58
2025-04-20 01:00:00,28.7,32,11.0,259,0.0,365.0,23.03,72.58
2025-04-20 02:00:00,27.5,44,11.5,262,0.0,370.0,23.03,72.58
2025-04-20 03:00:00,26.7,53,11.1,263,0.0,375.0,23.03,72.58
2025-04-20 04:00:00,26.1,58,10.0,264,0.0,370.0,23.03,72.58
2025-04-20 05:00:00,25.5,62,8.9,264,0.0,355.0,23.03,72.58
2025-04-20 06:00:00,26.2,68,6.9,253,0.0,415.0,23.03,72.58
2025-04-20 07:00:00,26.6,68,6.6,257,0.0,465.0,23.03,72.58
2025-04-20 08:00:00,28.1,64,6.9,261,0.0,560.0,23.03,72.58
2025-04-20 09:00:00,30.0,56,6.6,261,0.0,655.0,23.03,72.58
2025-04-20 10:00:00,32.5,46,6.7,265,0.0,805.0,23.03,72.58
2025-04-20 11:00:00,35.1,35,7.4,271,0.0,1300.0,23.03,72.58
2025-04-20 12:00:00,37.4,23,9.3,279,0.0,2025.0,23.03,72.58
2025-04-20 13:00:00,39.0,16,11.0,280,0.0,2355.0,23.03,72.58
2025-04-20 14:00:00,39.7,14,12.5,278,0.0,2610.0,23.03,72.58
2025-04-20 15:00:00,40.0,15,13.0,272,0.0,2720.0,23.03,72.58
2025-04-20 16:00:00,40.2,13,13.1,268,0.0,2855.0,23.03,72.58
2025-04-20 17:00:00,39.6,13,12.8,276,0.0,2845.0,23.03,72.58
2025-04-20 18:00:00,38.6,14,13.7,289,0.0,2630.0,23.03,72.58
2025-04-20 19:00:00,37.6,16,12.6,287,0.0,850.0,23.03,72.58
2025-04-20 20:00:00,36.7,18,11.2,266,0.0,455.0,23.03,72.58
2025-04-20 21:00:00,35.3,20,9.0,273,0.0,310.0,23.03,72.58
2025-04-20 22:00:00,33.6,23,8.6,211,0.0,220.0,23.03,72.58
2025-04-20 23:00:00,31.8,37,10.2,210,0.0,205.0,23.03,72.58
2025-04-21 00:00:00,31.1,45,7.6,243,0.0,190.0,23.03,72.58
2025-04-21 01:00:00,30.8,41,8.0,256,0.0,230.0,23.03,72.58
2025-04-21 02:00:00,30.2,38,8.6,258,0.0,235.0,23.03,72.58
2025-04-21 03:00:00,29.3,37,8.5,264,0.0,265.0,23.03,72.58
2025-04-21 04:00:00,28.4,44,8.2,280,0.0,245.0,23.03,72.58
2025-04-21 05:00:00,27.6,54,7.5,297,0.0,235.0,23.03,72.58
2025-04-21 06:00:00,27.8,62,2.7,233,0.0,225.0,23.03,72.58
2025-04-21 07:00:00,28.1,63,2.5,262,0.0,275.0,23.03,72.58
2025-04-21 08:00:00,29.7,57,3.4,286,0.0,400.0,23.03,72.58
2025-04-21 09:00:00,32.0,45,3.8,289,0.0,570.0,23.03,72.58
2025-04-21 10:00:00,34.4,35,4.9,303,0.0,815.0,23.03,72.58
2025-04-21 11:00:00,36.7,25,5.8,309,0.0,1500.0,23.03,72.58
2025-04-21 12:00:00,38.4,19,6.1,300,0.0,2260.0,23.03,72.58
2025-04-21 13:00:00,39.5,16,6.6,296,0.0,2515.0,23.03,72.58
2025-04-21 14:00:00,40.3,14,7.2,295,0.0,2705.0,23.03,72.58
2025-04-21 15:00:00,40.8,13,8.1,287,0.0,2875.0,23.03,72.58
2025-04-21 16:00:00,40.7,12,10.3,273,0.0,2885.0,23.03,72.58
2025-04-21 17:00:00,40.2,11,12.6,268,0.0,2765.0,23.03,72.58
2025-04-21 18:00:00,39.3,11,12.8,264,0.0,2430.0,23.03,72.58
2025-04-21 19:00:00,38.4,11,10.1,260,0.0,895.0,23.03,72.58
2025-04-21 20:00:00,37.2,11,9.6,265,0.0,225.0,23.03,72.58
2025-04-21 21:00:00,36.0,11,9.3,280,0.0,165.0,23.03,72.58
2025-04-21 22:00:00,34.7,11,10.4,306,0.0,185.0,23.03,72.58
2025-04-21 23:00:00,34.4,11,12.0,314,0.0,180.0,23.03,72.58
2025-04-22 00:00:00,33.0,13,7.8,263,0.0,140.0,23.03,72.58
2025-04-22 01:00:00,30.8,15,9.4,232,0.0,150.0,23.03,72.58
2025-04-22 02:00:00,29.9,17,9.5,279,0.0,145.0,23.03,72.58
2025-04-22 03:00:00,28.9,23,9.6,274,0.0,175.0,23.03,72.58
2025-04-22 04:00:00,27.8,30,10.3,285,0.0,225.0,23.03,72.58
2025-04-22 05:00:00,26.9,37,9.6,293,0.0,210.0,23.03,72.58
2025-04-22 06:00:00,27.2,42,8.5,299,0.0,195.0,23.03,72.58
2025-04-22 07:00:00,27.4,46,6.2,306,0.0,205.0,23.03,72.58
2025-04-22 08:00:00,29.4,43,6.0,309,0.0,250.0,23.03,72.58
2025-04-22 09:00:00,32.7,31,6.6,315,0.0,360.0,23.03,72.58
2025-04-22 10:00:00,36.1,18,8.0,322,0.0,670.0,23.03,72.58
2025-04-22 11:00:00,38.6,10,9.2,337,0.0,1525.0,23.03,72.58
2025-04-22 12:00:00,40.1,7,10.1,336,0.0,2225.0,23.03,72.58
2025-04-22 13:00:00,40.9,6,9.4,329,0.0,2325.0,23.03,72.58
2025-04-22 14:00:00,41.3,6,9.5,321,0.0,2390.0,23.03,72.58
2025-04-22 15:00:00,41.5,6,9.9,322,0.0,2435.0,23.03,72.58
2025-04-22 16:00:00,41.4,6,11.0,326,0.0,2455.0,23.03,72.58
2025-04-22 17:00:00,40.8,6,11.2,320,0.0,2425.0,23.03,72.58
2025-04-22 18:00:00,40.0,6,10.2,314,0.0,2425.0,23.03,72.58
2025-04-22 19:00:00,38.5,7,11.7,304,0.0,465.0,23.03,72.58
2025-04-22 20:00:00,37.4,7,10.6,310,0.0,245.0,23.03,72.58
2025-04-22 21:00:00,36.5,7,10.0,319,0.0,190.0,23.03,72.58
2025-04-22 22:00:00,35.3,7,10.1,310,0.0,170.0,23.03,72.58
2025-04-22 23:00:00,33.9,7,8.6,299,0.0,110.0,23.03,72.58
2025-04-23 00:00:00,32.9,8,8.4,305,0.0,90.0,23.03,72.58
2025-04-23 01:00:00,32.1,8,8.4,313,0.0,85.0,23.03,72.58
2025-04-23 02:00:00,30.9,8,9.8,313,0.0,100.0,23.03,72.58
2025-04-23 03:00:00,29.5,9,10.7,305,0.0,145.0,23.03,72.58
2025-04-23 04:00:00,28.4,13,11.0,305,0.0,160.0,23.03,72.58
2025-04-23 05:00:00,27.2,22,10.0,309,0.0,155.0,23.03,72.58
2025-04-23 06:00:00,27.0,28,10.2,314,0.0,140.0,23.03,72.58
2025-04-23 07:00:00,27.4,32,7.8,307,0.0,165.0,23.03,72.58
2025-04-23 08:00:00,29.5,29,5.9,308,0.0,200.0,23.03,72.58
2025-04-23 09:00:00,32.9,19,5.9,315,0.0,265.0,23.03,72.58
2025-04-23 10:00:00,36.5,11,6.8,320,0.0,435.0,23.03,72.58
2025-04-23 11:00:00,39.2,7,7.7,332,0.0,1320.0,23.03,72.58
2025-04-23 12:00:00,40.7,5,7.7,339,0.0,2565.0,23.03,72.58
2025-04-23 13:00:00,41.5,4,7.1,330,0.0,2790.0,23.03,72.58
2025-04-23 14:00:00,41.9,4,7.3,324,0.0,2970.0,23.03,72.58
2025-04-23 15:00:00,42.0,5,7.5,323,0.0,3025.0,23.03,72.58
2025-04-23 16:00:00,41.9,5,8.7,318,0.0,3085.0,23.03,72.58
2025-04-23 17:00:00,41.5,6,8.4,310,0.0,3145.0,23.03,72.58
2025-04-23 18:00:00,40.8,7,5.4,312,0.0,3165.0,23.03,72.58
2025-04-23 19:00:00,39.4,8,6.2,255,0.0,285.0,23.03,72.58
2025-04-23 20:00:00,38.1,9,7.7,270,0.0,280.0,23.03,72.58
2025-04-23 21:00:00,37.0,10,7.1,319,0.0,130.0,23.03,72.58
2025-04-23 22:00:00,36.5,10,7.4,309,0.0,95.0,23.03,72.58
2025-04-23 23:00:00,35.1,11,6.8,288,0.0,70.0,23.03,72.58
2025-04-24 00:00:00,32.8,12,9.0,248,0.0,130.0,23.03,72.58
2025-04-24 01:00:00,31.4,15,11.0,271,0.0,165.0,23.03,72.58
2025-04-24 02:00:00,30.6,16,12.3,273,0.0,210.0,23.03,72.58
2025-04-24 03:00:00,29.6,18,11.3,278,0.0,220.0,23.03,72.58
2025-04-24 04:00:00,28.7,23,10.8,285,0.0,210.0,23.03,72.58
2025-04-24 05:00:00,27.7,29,9.2,301,0.0,200.0,23.03,72.58
2025-04-24 06:00:00,28.0,36,9.4,301,0.0,220.0,23.03,72.58
2025-04-24 07:00:00,28.4,40,6.9,300,0.0,240.0,23.03,72.58
2025-04-24 08:00:00,30.1,37,7.8,304,0.0,350.0,23.03,72.58
2025-04-24 09:00:00,32.4,30,9.2,309,0.0,485.0,23.03,72.58
2025-04-24 10:00:00,34.9,24,8.5,308,0.0,630.0,23.03,72.58
2025-04-24 11:00:00,37.5,17,6.9,301,0.0,975.0,23.03,72.58
2025-04-24 12:00:00,39.2,14,5.7,288,0.0,1750.0,23.03,72.58
2025-04-24 13:00:00,40.4,12,6.0,260,0.0,2365.0,23.03,72.58
2025-04-24 14:00:00,41.2,11,8.3,246,0.0,2610.0,23.03,72.58
2025-04-24 15:00:00,41.5,10,10.2,246,0.0,2810.0,23.03,72.58
2025-04-24 16:00:00,41.3,9,11.4,247,0.0,2745.0,23.03,72.58
2025-04-24 17:00:00,40.7,9,11.7,249,0.0,2485.0,23.03,72.58
2025-04-24 18:00:00,40.0,8,10.4,259,0.0,2145.0,23.03,72.58
2025-04-24 19:00:00,39.1,9,10.0,244,0.0,630.0,23.03,72.58
2025-04-24 20:00:00,38.1,10,9.9,270,0.0,270.0,23.03,72.58
2025-04-24 21:00:00,36.0,12,10.6,204,0.0,230.0,23.03,72.58
2025-04-24 22:00:00,32.9,28,10.2,206,0.0,235.0,23.03,72.58
2025-04-24 23:00:00,32.1,32,9.2,215,0.0,265.0,23.03,72.58
2025-04-25 00:00:00,31.8,31,9.2,225,0.0,245.0,23.03,72.58
2025-04-25 01:00:00,31.2,31,9.9,251,0.0,270.0,23.03,72.58
2025-04-25 02:00:00,30.1,30,11.0,274,0.0,245.0,23.03,72.58
2025-04-25 03:00:00,28.9,26,11.2,285,0.0,235.0,23.03,72.58
2025-04-25 04:00:00,28.0,30,11.7,288,0.0,235.0,23.03,72.58
2025-04-25 05:00:00,26.9,40,11.5,295,0.0,250.0,23.03,72.58
2025-04-25 06:00:00,27.0,54,9.4,300,0.0,270.0,23.03,72.58
2025-04-25 07:00:00,27.2,62,9.0,305,0.0,330.0,23.03,72.58
2025-04-25 08:00:00,28.7,60,8.7,307,0.0,420.0,23.03,72.58
2025-04-25 09:00:00,31.0,50,7.1,304,0.0,535.0,23.03,72.58
2025-04-25 10:00:00,33.7,37,6.4,299,0.0,720.0,23.03,72.58
2025-04-25 11:00:00,36.2,26,6.4,292,0.0,970.0,23.03,72.58
2025-04-25 12:00:00,38.1,21,6.3,283,0.0,1520.0,23.03,72.58
2025-04-25 13:00:00,39.4,18,6.7,262,0.0,1990.0,23.03,72.58
2025-04-25 14:00:00,40.4,16,8.4,247,0.0,2375.0,23.03,72.58
2025-04-25 15:00:00,40.8,14,10.3,245,0.0,2600.0,23.03,72.58
2025-04-25 16:00:00,40.7,13,11.4,246,0.0,2700.0,23.03,72.58
2025-04-25 17:00:00,40.3,14,10.9,250,0.0,2745.0,23.03,72.58
2025-04-25 18:00:00,39.7,13,9.8,278,0.0,2610.0,23.03,72.58
2025-04-25 19:00:00,38.6,14,7.3,280,0.0,520.0,23.03,72.58
2025-04-25 20:00:00,37.3,15,8.4,220,0.0,315.0,23.03,72.58
2025-04-25 21:00:00,34.1,25,11.9,203,0.0,285.0,23.03,72.58
2025-04-25 22:00:00,32.9,27,11.8,197,0.0,270.0,23.03,72.58
2025-04-25 23:00:00,32.2,29,11.1,189,0.0,265.0,23.03,72.58
2025-04-26 00:00:00,31.1,37,7.8,230,0.0,235.0,23.03,72.58
2025-04-26 01:00:00,30.2,42,9.3,234,0.0,275.0,23.03,72.58
2025-04-26 02:00:00,29.4,45,9.1,238,0.0,195.0,23.03,72.58
2025-04-26 03:00:00,28.7,42,10.1,260,0.0,170.0,23.03,72.58
2025-04-26 04:00:00,27.7,42,10.6,279,0.0,225.0,23.03,72.58
2025-04-26 05:00:00,26.8,49,11.1,299,0.0,275.0,23.03,72.58
2025-04-26 06:00:00,27.5,67,10.3,292,0.0,380.0,23.03,72.58
2025-04-26 07:00:00,27.5,76,7.1,291,0.0,370.0,23.03,72.58
2025-04-26 08:00:00,29.0,69,3.1,225,0.0,445.0,23.03,72.58
2025-04-26 09:00:00,31.3,56,3.1,216,0.0,570.0,23.03,72.58
2025-04-26 10:00:00,33.7,46,4.3,208,0.0,740.0,23.03,72.58
2025-04-26 11:00:00,36.2,35,5.2,221,0.0,1000.0,23.03,72.58
2025-04-26 12:00:00,38.4,27,6.8,230,0.0,1410.0,23.03,72.58
2025-04-26 13:00:00,40.2,20,8.4,242,0.0,3170.0,23.03,72.58
2025-04-26 14:00:00,41.6,13,9.4,253,0.0,3895.0,23.03,72.58
2025-04-26 15:00:00,42.0,11,11.0,255,0.0,4150.0,23.03,72.58
2025-04-26 16:00:00,41.7,10,12.1,258,0.0,4275.0,23.03,72.58
2025-04-26 17:00:00,41.3,10,11.9,243,0.0,4210.0,23.03,72.58
2025-04-26 18:00:00,40.7,8,10.8,237,0.0,1070.0,23.03,72.58
2025-04-26 19:00:00,39.4,10,16.3,229,0.0,885.0,23.03,72.58
2025-04-26 20:00:00,35.4,28,12.3,217,0.0,285.0,23.03,72.58
2025-04-26 21:00:00,33.0,37,13.1,209,0.0,305.0,23.03,72.58
2025-04-26 22:00:00,32.9,33,10.3,220,0.0,305.0,23.03,72.58
2025-04-26 23:00:00,32.3,35,8.3,236,0.0,340.0,23.03,72.58
2025-04-27 00:00:00,31.8,38,8.6,211,0.0,270.0,23.03,72.58
2025-04-27 01:00:00,31.2,39,9.1,238,0.0,250.0,23.03,72.58
2025-04-27 02:00:00,30.6,33,10.5,266,0.0,265.0,23.03,72.58
2025-04-27 03:00:00,29.7,30,10.8,272,0.0,285.0,23.03,72.58
2025-04-27 04:00:00,28.7,37,10.6,288,0.0,295.0,23.03,72.58
2025-04-27 05:00:00,27.7,47,8.3,272,0.0,270.0,23.03,72.58
2025-04-27 06:00:00,28.5,55,6.7,218,0.0,295.0,23.03,72.58
2025-04-27 07:00:00,28.8,59,6.0,229,0.0,355.0,23.03,72.58
2025-04-27 08:00:00,30.1,58,7.0,258,0.0,510.0,23.03,72.58
2025-04-27 09:00:00,31.9,52,6.7,251,0.0,585.0,23.03,72.58
2025-04-27 10:00:00,34.3,44,5.9,243,0.0,675.0,23.03,72.58
2025-04-27 11:00:00,37.0,34,5.8,250,0.0,910.0,23.03,72.58
2025-04-27 12:00:00,39.4,26,6.9,264,0.0,1550.0,23.03,72.58
2025-04-27 13:00:00,41.2,19,7.2,274,0.0,3355.0,23.03,72.58
2025-04-27 14:00:00,42.4,13,6.8,297,0.0,3860.0,23.03,72.58
2025-04-27 15:00:00,42.6,12,6.5,314,0.0,4125.0,23.03,72.58
2025-04-27 16:00:00,42.8,11,7.6,329,0.0,4165.0,23.03,72.58
2025-04-27 17:00:00,42.3,11,7.6,324,0.0,4005.0,23.03,72.58
2025-04-27 18:00:00,41.6,9,6.8,292,0.0,3965.0,23.03,72.58
2025-04-27 19:00:00,40.2,10,6.0,263,0.0,205.0,23.03,72.58
2025-04-27 20:00:00,38.7,11,8.1,223,0.0,180.0,23.03,72.58
2025-04-27 21:00:00,37.4,12,8.5,232,0.0,145.0,23.03,72.58
2025-04-27 22:00:00,35.7,16,9.1,218,0.0,200.0,23.03,72.58
2025-04-27 23:00:00,33.3,26,11.2,260,0.0,250.0,23.03,72.58
2025-04-28 00:00:00,32.0,38,11.5,240,0.0,255.0,23.03,72.58
2025-04-28 01:00:00,31.7,44,13.6,264,0.0,440.0,23.03,72.58
2025-04-28 02:00:00,31.2,41,10.8,267,0.0,240.0,23.03,72.58
2025-04-28 03:00:00,30.4,37,10.8,274,0.0,225.0,23.03,72.58
2025-04-28 04:00:00,29.5,43,10.7,292,0.0,235.0,23.03,72.58
2025-04-28 05:00:00,28.7,49,10.4,300,0.0,240.0,23.03,72.58
2025-04-28 06:00:00,28.8,53,5.2,160,0.0,95.0,23.03,72.58
2025-04-28 07:00:00,29.4,52,4.1,221,0.0,225.0,23.03,72.58
2025-04-28 08:00:00,31.0,48,5.3,235,0.0,440.0,23.03,72.58
2025-04-28 09:00:00,33.1,41,4.6,244,0.0,640.0,23.03,72.58
2025-04-28 10:00:00,35.4,33,5.1,238,0.0,780.0,23.03,72.58
2025-04-28 11:00:00,37.8,26,5.9,243,0.0,945.0,23.03,72.58
2025-04-28 12:00:00,40.0,21,7.5,253,0.0,1350.0,23.03,72.58
2025-04-28 13:00:00,42.0,16,10.5,258,0.0,2290.0,23.03,72.58
2025-04-28 14:00:00,43.2,11,12.4,262,0.0,3620.0,23.03,72.58
2025-04-28 15:00:00,43.6,10,12.4,268,0.0,3855.0,23.03,72.58
2025-04-28 16:00:00,43.9,9,11.4,273,0.0,4100.0,23.03,72.58
2025-04-28 17:00:00,43.7,8,10.7,265,0.0,4280.0,23.03,72.58
2025-04-28 18:00:00,42.8,8,11.8,249,0.0,4145.0,23.03,72.58
2025-04-28 19:00:00,39.3,19,14.7,205,0.0,545.0,23.03,72.58
2025-04-28 20:00:00,35.6,33,13.2,215,0.0,320.0,23.03,72.58
2025-04-28 21:00:00,33.2,46,14.6,198,0.0,340.0,23.03,72.58
2025-04-28 22:00:00,32.3,49,10.3,211,0.0,330.0,23.03,72.58
2025-04-28 23:00:00,31.2,59,9.0,227,0.0,310.0,23.03,72.58
2025-04-29 00:00:00,30.6,64,10.1,215,0.0,290.0,23.03,72.58
2025-04-29 01:00:00,30.3,64,9.7,223,0.0,275.0,23.03,72.58
2025-04-29 02:00:00,30.3,49,11.6,246,0.0,295.0,23.03,72.58
2025-04-29 03:00:00,29.6,43,10.9,261,0.0,380.0,23.03,72.58
2025-04-29 04:00:00,28.8,46,10.9,277,0.0,350.0,23.03,72.58
2025-04-29 05:00:00,28.3,48,10.4,279,0.0,320.0,23.03,72.58
2025-04-29 06:00:00,28.7,54,5.1,293,0.0,325.0,23.03,72.58
2025-04-29 07:00:00,29.2,53,1.9,319,0.0,410.0,23.03,72.58
2025-04-29 08:00:00,30.7,48,5.2,276,0.0,595.0,23.03,72.58
2025-04-29 09:00:00,32.6,43,5.5,259,0.0,685.0,23.03,72.58
2025-04-29 10:00:00,34.9,38,6.3,255,0.0,785.0,23.03,72.58
2025-04-29 11:00:00,37.3,32,7.2,258,0.0,915.0,23.03,72.58
2025-04-29 12:00:00,39.5,27,8.5,258,0.0,1160.0,23.03,72.58
2025-04-29 13:00:00,41.6,21,10.6,256,0.0,1870.0,23.03,72.58
2025-04-29 14:00:00,43.2,14,12.3,260,0.0,3315.0,23.03,72.58
2025-04-29 15:00:00,43.7,10,13.2,275,0.0,3920.0,23.03,72.58
2025-04-29 16:00:00,43.8,9,12.3,285,0.0,4115.0,23.03,72.58
2025-04-29 17:00:00,43.8,9,10.9,282,0.0,4290.0,23.03,72.58
2025-04-29 18:00:00,42.4,8,11.4,254,0.0,3365.0,23.03,72.58
2025-04-29 19:00:00,40.8,10,11.8,249,0.0,615.0,23.03,72.58
2025-04-29 20:00:00,36.8,21,14.8,201,0.0,390.0,23.03,72.58
2025-04-29 21:00:00,32.6,50,10.6,210,0.0,265.0,23.03,72.58
2025-04-29 22:00:00,31.9,57,8.7,218,0.0,245.0,23.03,72.58
2025-04-29 23:00:00,31.9,55,9.9,226,0.0,290.0,23.03,72.58
2025-04-30 00:00:00,32.1,43,12.2,248,0.0,410.0,23.03,72.58
2025-04-30 01:00:00,31.8,33,13.0,256,0.0,380.0,23.03,72.58
2025-04-30 02:00:00,30.6,37,12.1,264,0.0,370.0,23.03,72.58
2025-04-30 03:00:00,29.7,42,10.5,277,0.0,375.0,23.03,72.58
2025-04-30 04:00:00,29.0,45,9.8,288,0.0,375.0,23.03,72.58
2025-04-30 05:00:00,28.4,47,8.0,308,0.0,370.0,23.03,72.58
2025-04-30 06:00:00,28.8,52,8.4,295,0.0,395.0,23.03,72.58
2025-04-30 07:00:00,29.4,51,6.8,282,0.0,455.0,23.03,72.58
2025-04-30 08:00:00,31.2,46,9.0,286,0.0,575.0,23.03,72.58
2025-04-30 09:00:00,33.3,39,9.4,288,0.0,700.0,23.03,72.58
2025-04-30 10:00:00,35.8,32,9.2,286,0.0,875.0,23.03,72.58
2025-04-30 11:00:00,38.3,25,9.5,281,0.0,1205.0,23.03,72.58
2025-04-30 12:00:00,40.7,18,12.1,281,0.0,1635.0,23.03,72.58
2025-04-30 13:00:00,42.6,13,14.6,283,0.0,2245.0,23.03,72.58
2025-04-30 14:00:00,43.7,10,15.4,281,0.0,3040.0,23.03,72.58
2025-04-30 15:00:00,44.1,9,15.2,277,0.0,3400.0,23.03,72.58
2025-04-30 16:00:00,43.9,8,15.1,269,0.0,3585.0,23.03,72.58
2025-04-30 17:00:00,43.8,7,14.5,265,0.0,4050.0,23.03,72.58
2025-04-30 18:00:00,42.3,8,14.8,248,0.0,3070.0,23.03,72.58
2025-04-30 19:00:00,40.7,10,13.6,239,0.0,875.0,23.03,72.58
2025-04-30 20:00:00,38.4,15,14.0,216,0.0,745.0,23.03,72.58
2025-04-30 21:00:00,36.1,21,11.6,227,0.0,645.0,23.03,72.58
2025-04-30 22:00:00,35.8,16,13.1,247,0.0,630.0,23.03,72.58
2025-04-30 23:00:00,34.5,22,12.5,249,0.0,500.0,23.03,72.58
2025-05-01 00:00:00,33.0,30,13.7,267,0.0,490.0,23.03,72.58
2025-05-01 01:00:00,31.9,34,13.8,276,0.0,510.0,23.03,72.58
2025-05-01 02:00:00,30.9,37,14.2,278,0.0,465.0,23.03,72.58
2025-05-01 03:00:00,30.0,41,13.2,287,0.0,460.0,23.03,72.58
2025-05-01 04:00:00,29.2,44,12.2,294,0.0,435.0,23.03,72.58
2025-05-01 05:00:00,28.5,47,10.2,298,0.0,400.0,23.03,72.58
2025-05-01 06:00:00,28.5,55,7.7,279,0.0,335.0,23.03,72.58
2025-05-01 07:00:00,29.0,54,5.3,278,0.0,380.0,23.03,72.58
2025-05-01 08:00:00,30.7,48,6.4,281,0.0,510.0,23.03,72.58
2025-05-01 09:00:00,32.8,41,6.8,281,0.0,615.0,23.03,72.58
2025-05-01 10:00:00,35.4,33,6.9,276,0.0,800.0,23.03,72.58
2025-05-01 11:00:00,37.8,26,6.8,281,0.0,1105.0,23.03,72.58
2025-05-01 12:00:00,40.2,19,7.7,281,0.0,1540.0,23.03,72.58
2025-05-01 13:00:00,42.3,13,10.9,276,0.0,2410.0,23.03,72.58
2025-05-01 14:00:00,43.4,10,14.2,268,0.0,2695.0,23.03,72.58
2025-05-01 15:00:00,43.8,9,15.1,262,0.0,3095.0,23.03,72.58
2025-05-01 16:00:00,43.7,9,15.0,263,0.0,3410.0,23.03,72.58
2025-05-01 17:00:00,43.1,9,16.6,260,0.0,3360.0,23.03,72.58
2025-05-01 18:00:00,41.9,10,16.3,259,0.0,2750.0,23.03,72.58
2025-05-01 19:00:00,40.1,11,16.4,274,0.0,805.0,23.03,72.58
2025-05-01 20:00:00,38.8,11,15.7,295,0.0,560.0,23.03,72.58
2025-05-01 21:00:00,37.6,11,10.7,254,0.0,485.0,23.03,72.58
2025-05-01 22:00:00,35.1,17,12.1,228,0.0,530.0,23.03,72.58
2025-05-01 23:00:00,34.0,18,10.6,249,0.0,500.0,23.03,72.58
2025-05-02 00:00:00,33.0,26,11.1,261,0.0,390.0,23.03,72.58
2025-05-02 01:00:00,31.8,35,10.3,258,0.0,315.0,23.03,72.58
2025-05-02 02:00:00,30.8,40,10.5,267,0.0,330.0,23.03,72.58
2025-05-02 03:00:00,29.9,43,11.5,278,0.0,380.0,23.03,72.58
2025-05-02 04:00:00,29.2,45,11.8,286,0.0,370.0,23.03,72.58
2025-05-02 05:00:00,28.5,47,11.9,292,0.0,360.0,23.03,72.58
2025-05-02 06:00:00,28.1,55,10.3,275,0.0,300.0,23.03,72.58
2025-05-02 07:00:00,28.8,53,7.6,285,0.0,290.0,23.03,72.58
2025-05-02 08:00:00,30.8,47,6.8,287,0.0,330.0,23.03,72.58
2025-05-02 09:00:00,33.7,37,6.8,273,0.0,460.0,23.03,72.58
2025-05-02 10:00:00,36.6,26,8.1,269,0.0,725.0,23.03,72.58
2025-05-02 11:00:00,39.1,19,9.2,263,0.0,1155.0,23.03,72.58
2025-05-02 12:00:00,40.9,15,9.8,262,0.0,1715.0,23.03,72.58
2025-05-02 13:00:00,42.3,12,10.9,257,0.0,2510.0,23.03,72.58
2025-05-02 14:00:00,43.2,11,13.0,252,0.0,3265.0,23.03,72.58
2025-05-02 15:00:00,43.4,10,13.5,254,0.0,3580.0,23.03,72.58
2025-05-02 16:00:00,43.3,9,13.2,263,0.0,3805.0,23.03,72.58
2025-05-02 17:00:00,42.8,10,14.8,271,0.0,3790.0,23.03,72.58
2025-05-02 18:00:00,41.2,11,8.9,298,0.0,3150.0,23.03,72.58
2025-05-02 19:00:00,40.0,13,8.4,298,0.0,505.0,23.03,72.58
2025-05-02 20:00:00,37.6,16,12.9,213,0.0,425.0,23.03,72.58
2025-05-02 21:00:00,35.5,24,9.4,223,0.0,230.0,23.03,72.58
2025-05-02 22:00:00,34.5,27,7.7,208,0.0,210.0,23.03,72.58
2025-05-02 23:00:00,33.9,22,9.0,258,0.0,390.0,23.03,72.58
2025-05-03 00:00:00,32.9,25,9.9,266,0.0,320.0,23.03,72.58
2025-05-03 01:00:00,31.7,32,8.6,281,0.0,305.0,23.03,72.58
2025-05-03 02:00:00,30.4,41,9.5,261,0.0,410.0,23.03,72.58
2025-05-03 03:00:00,29.3,50,9.5,270,0.0,360.0,23.03,72.58
2025-05-03 04:00:00,28.4,56,9.0,271,0.0,365.0,23.03,72.58
2025-05-03 05:00:00,27.6,61,8.7,275,0.0,380.0,23.03,72.58
2025-05-03 06:00:00,27.9,70,6.2,263,0.0,325.0,23.03,72.58
2025-05-03 07:00:00,28.2,71,5.4,272,0.0,355.0,23.03,72.58
2025-05-03 08:00:00,29.5,67,5.4,270,0.0,475.0,23.03,72.58
2025-05-03 09:00:00,31.5,57,6.5,256,0.0,615.0,23.03,72.58
2025-05-03 10:00:00,34.1,44,7.2,243,0.0,810.0,23.03,72.58
2025-05-03 11:00:00,36.7,30,8.9,234,0.0,1390.0,23.03,72.58
2025-05-03 12:00:00,38.7,20,10.7,234,0.0,2090.0,23.03,72.58
2025-05-03 13:00:00,39.7,17,12.1,235,0.0,2415.0,23.03,72.58
2025-05-03 14:00:00,40.5,17,12.4,239,0.0,2725.0,23.03,72.58
2025-05-03 15:00:00,41.2,15,9.5,251,0.0,3170.0,23.03,72.58
2025-05-03 16:00:00,41.4,14,11.4,266,0.0,3600.0,23.03,72.58
2025-05-03 17:00:00,41.0,14,13.2,267,0.0,3125.0,23.03,72.58
2025-05-03 18:00:00,37.8,23,19.7,205,0.0,775.0,23.03,72.58
2025-05-03 19:00:00,35.4,21,12.7,205,0.0,515.0,23.03,72.58
2025-05-03 20:00:00,33.8,36,8.3,256,0.0,420.0,23.03,72.58
2025-05-03 21:00:00,31.8,43,12.5,305,0.0,605.0,23.03,72.58
2025-05-03 22:00:00,31.7,43,4.0,234,0.0,240.0,23.03,72.58
2025-05-03 23:00:00,31.6,43,8.3,191,0.0,275.0,23.03,72.58
2025-05-04 00:00:00,31.1,45,10.5,204,0.0,335.0,23.03,72.58
2025-05-04 01:00:00,29.8,51,10.7,257,0.0,370.0,23.03,72.58
2025-05-04 02:00:00,29.3,55,8.6,262,0.0,360.0,23.03,72.58
2025-05-04 03:00:00,29.2,58,5.6,228,0.0,320.0,23.03,72.58
2025-05-04 04:00:00,29.1,58,7.0,228,0.0,465.0,23.03,72.58
2025-05-04 05:00:00,28.8,59,6.7,234,0.0,560.0,23.03,72.58
2025-05-04 06:00:00,28.4,64,3.9,248,0.0,380.0,23.03,72.58
2025-05-04 07:00:00,29.0,62,4.9,246,0.0,510.0,23.03,72.58
2025-05-04 08:00:00,30.1,59,6.1,242,0.0,835.0,23.03,72.58
2025-05-04 09:00:00,31.7,55,6.7,226,0.0,1095.0,23.03,72.58
2025-05-04 10:00:00,33.3,49,6.9,217,0.0,1250.0,23.03,72.58
2025-05-04 11:00:00,35.1,42,8.6,221,0.0,1435.0,23.03,72.58
2025-05-04 12:00:00,36.7,37,9.4,232,0.0,1630.0,23.03,72.58
2025-05-04 13:00:00,37.6,33,10.2,261,0.0,1995.0,23.03,72.58
2025-05-04 14:00:00,37.6,29,11.2,249,0.0,2200.0,23.03,72.58
2025-05-04 15:00:00,36.7,28,11.3,245,0.6,2315.0,23.03,72.58
2025-05-04 16:00:00,35.6,28,9.6,201,0.0,1425.0,23.03,72.58
2025-05-04 17:00:00,36.2,26,5.7,122,0.0,1420.0,23.03,72.58
2025-05-04 18:00:00,31.7,42,8.2,248,0.0,475.0,23.03,72.58
2025-05-04 19:00:00,30.7,46,4.2,198,0.0,200.0,23.03,72.58
2025-05-04 20:00:00,30.7,46,3.1,324,0.0,225.0,23.03,72.58
2025-05-04 21:00:00,30.9,45,3.2,142,0.1,220.0,23.03,72.58
2025-05-04 22:00:00,29.6,53,6.8,182,0.1,205.0,23.03,72.58
2025-05-04 23:00:00,28.8,57,8.5,235,0.0,315.0,23.03,72.58
2025-05-05 00:00:00,28.7,55,5.1,212,0.0,190.0,23.03,72.58
2025-05-05 01:00:00,28.4,57,6.4,196,0.0,220.0,23.03,72.58
2025-05-05 02:00:00,28.3,61,6.6,197,0.0,215.0,23.03,72.58
2025-05-05 03:00:00,28.1,66,5.6,230,0.0,205.0,23.03,72.58
2025-05-05 04:00:00,28.0,67,5.4,296,0.0,190.0,23.03,72.58
2025-05-05 05:00:00,27.8,67,2.4,193,0.0,120.0,23.03,72.58
2025-05-05 06:00:00,28.5,78,2.4,207,0.0,210.0,23.03,72.58
2025-05-05 07:00:00,29.3,71,4.1,241,0.0,625.0,23.03,72.58
2025-05-05 08:00:00,30.8,60,7.5,243,0.0,895.0,23.03,72.58
2025-05-05 09:00:00,32.3,52,8.9,243,0.0,1180.0,23.03,72.58
2025-05-05 10:00:00,33.8,48,9.3,243,0.0,1380.0,23.03,72.58
2025-05-05 11:00:00,35.4,43,10.9,234,0.0,1510.0,23.03,72.58
2025-05-05 12:00:00,37.0,37,12.9,234,0.0,1835.0,23.03,72.58
2025-05-05 13:00:00,36.1,31,17.6,236,0.3,2125.0,23.03,72.58
2025-05-05 14:00:00,37.4,25,20.2,258,0.0,2420.0,23.03,72.58
2025-05-05 15:00:00,37.1,25,17.4,231,0.0,2215.0,23.03,72.58
2025-05-05 16:00:00,35.9,23,23.8,244,0.0,2295.0,23.03,72.58
2025-05-05 17:00:00,35.6,26,19.8,271,0.0,2245.0,23.03,72.58
2025-05-05 18:00:00,30.3,50,3.5,291,0.0,450.0,23.03,72.58
2025-05-05 19:00:00,30.6,49,4.3,222,0.0,595.0,23.03,72.58
2025-05-05 20:00:00,30.5,49,2.7,262,0.0,570.0,23.03,72.58
2025-05-05 21:00:00,30.2,50,5.6,195,0.0,530.0,23.03,72.58
2025-05-05 22:00:00,29.7,51,9.1,173,0.0,535.0,23.03,72.58
2025-05-05 23:00:00,29.0,60,6.1,204,0.0,420.0,23.03,72.58
2025-05-06 00:00:00,28.6,57,3.1,3,0.0,180.0,23.03,72.58
2025-05-06 01:00:00,28.4,58,2.8,108,0.0,85.0,23.03,72.58
2025-05-06 02:00:00,28.2,60,2.3,122,0.0,110.0,23.03,72.58
2025-05-06 03:00:00,28.1,61,2.4,153,0.0,130.0,23.03,72.58
2025-05-06 04:00:00,27.8,63,2.9,184,0.0,135.0,23.03,72.58
2025-05-06 05:00:00,27.4,64,3.7,235,0.0,175.0,23.03,72.58
2025-05-06 06:00:00,22.9,87,4.6,167,0.0,275.0,23.03,72.58
2025-05-06 07:00:00,23.6,83,4.4,187,0.0,305.0,23.03,72.58
2025-05-06 08:00:00,25.0,75,6.2,192,0.0,440.0,23.03,72.58
2025-05-06 09:00:00,26.7,70,10.8,217,0.0,735.0,23.03,72.58
2025-05-06 10:00:00,27.4,67,11.1,227,0.0,780.0,23.03,72.58
2025-05-06 11:00:00,28.2,65,10.8,232,0.0,750.0,23.03,72.58
2025-05-06 12:00:00,30.7,56,8.4,242,0.0,970.0,23.03,72.58
2025-05-06 13:00:00,32.1,51,9.4,240,0.1,1395.0,23.03,72.58
2025-05-06 14:00:00,32.3,48,12.9,229,0.0,1590.0,23.03,72.58
2025-05-06 15:00:00,30.7,55,13.4,231,1.4,1245.0,23.03,72.58
2025-05-06 16:00:00,31.1,53,13.2,241,0.2,1355.0,23.03,72.58
2025-05-06 17:00:00,28.1,64,9.0,258,0.9,480.0,23.03,72.58
2025-05-06 18:00:00,29.1,59,9.3,217,0.0,750.0,23.03,72.58
2025-05-06 19:00:00,23.8,81,12.7,211,1.7,310.0,23.03,72.58
2025-05-06 20:00:00,24.1,84,6.8,245,0.0,285.0,23.03,72.58
2025-05-06 21:00:00,24.2,85,4.2,5,0.1,135.0,23.03,72.58
2025-05-06 22:00:00,24.0,87,4.2,65,0.7,90.0,23.03,72.58
2025-05-06 23:00:00,23.8,91,3.7,67,0.0,90.0,23.03,72.58
2025-05-07 00:00:00,23.7,93,4.5,104,0.0,110.0,23.03,72.58
2025-05-07 01:00:00,23.6,93,5.0,134,0.0,185.0,23.03,72.58
2025-05-07 02:00:00,23.7,91,4.8,155,0.0,185.0,23.03,72.58
2025-05-07 03:00:00,23.7,91,3.4,137,0.0,130.0,23.03,72.58
2025-05-07 04:00:00,23.7,91,3.6,147,0.0,145.0,23.03,72.58
2025-05-07 05:00:00,23.6,91,5.5,199,0.0,200.0,23.03,72.58
2025-05-07 06:00:00,22.7,94,3.1,270,0.4,135.0,23.03,72.58
2025-05-07 07:00:00,23.4,90,0.5,135,0.2,145.0,23.03,72.58
2025-05-07 08:00:00,24.3,85,4.7,353,0.1,355.0,23.03,72.58
2025-05-07 09:00:00,24.7,85,0.3,315,0.8,315.0,23.03,72.58
2025-05-07 10:00:00,27.0,79,3.0,327,0.1,550.0,23.03,72.58
2025-05-07 11:00:00,29.1,72,4.4,7,0.1,1000.0,23.03,72.58
2025-05-07 12:00:00,29.2,72,1.2,51,0.1,900.0,23.03,72.58
2025-05-07 13:00:00,29.6,71,2.4,81,0.0,865.0,23.03,72.58
2025-05-07 14:00:00,30.9,65,3.7,157,0.1,1265.0,23.03,72.58
2025-05-07 15:00:00,28.7,68,14.4,176,5.8,565.0,23.03,72.58
2025-05-07 16:00:00,24.6,87,3.5,69,9.8,155.0,23.03,72.58
2025-05-07 17:00:00,24.9,86,2.1,308,0.0,150.0,23.03,72.58
2025-05-07 18:00:00,27.4,73,5.4,220,0.0,630.0,23.03,72.58
2025-05-07 19:00:00,26.7,78,5.9,225,0.0,245.0,23.03,72.58
2025-05-07 20:00:00,26.6,79,3.4,180,0.0,100.0,23.03,72.58
2025-05-07 21:00:00,26.1,81,7.6,173,0.0,305.0,23.03,72.58
2025-05-07 22:00:00,25.5,82,7.9,180,0.0,335.0,23.03,72.58
2025-05-07 23:00:00,25.0,84,9.3,190,0.0,390.0,23.03,72.58
2025-05-08 00:00:00,24.3,86,9.1,190,0.0,360.0,23.03,72.58
2025-05-08 01:00:00,23.9,89,9.1,197,0.0,370.0,23.03,72.58
2025-05-08 02:00:00,23.8,90,9.2,196,0.0,385.0,23.03,72.58
2025-05-08 03:00:00,23.9,90,9.1,197,0.0,400.0,23.03,72.58
2025-05-08 04:00:00,23.8,91,7.3,208,0.0,345.0,23.03,72.58
2025-05-08 05:00:00,23.6,92,5.8,214,0.0,300.0,23.03,72.58
2025-05-08 06:00:00,23.7,92,6.4,207,0.0,330.0,23.03,72.58
2025-05-08 07:00:00,24.5,87,8.7,218,0.0,415.0,23.03,72.58
2025-05-08 08:00:00,25.9,82,8.3,228,0.0,565.0,23.03,72.58
2025-05-08 09:00:00,27.2,76,6.5,240,0.1,560.0,23.03,72.58
2025-05-08 10:00:00,28.4,70,5.2,248,0.0,1030.0,23.03,72.58
2025-05-08 11:00:00,29.5,66,3.1,270,0.0,1095.0,23.03,72.58
2025-05-08 12:00:00,30.4,64,0.2,90,0.0,1225.0,23.03,72.58
2025-05-08 13:00:00,31.3,61,1.2,231,0.0,1335.0,23.03,72.58
2025-05-08 14:00:00,31.9,58,1.1,360,0.0,1555.0,23.03,72.58
2025-05-08 15:00:00,32.2,56,2.0,27,0.0,1560.0,23.03,72.58
2025-05-08 16:00:00,32.3,55,3.7,67,0.0,1405.0,23.03,72.58
2025-05-08 17:00:00,31.2,59,3.0,128,0.9,635.0,23.03,72.58
2025-05-08 18:00:00,31.4,57,1.5,69,0.0,40.0,23.03,72.58
2025-05-08 19:00:00,30.0,64,5.4,201,0.0,170.0,23.03,72.58
2025-05-08 20:00:00,28.7,69,7.6,192,0.0,240.0,23.03,72.58
2025-05-08 21:00:00,28.0,72,8.6,190,0.0,280.0,23.03,72.58
2025-05-08 22:00:00,27.4,78,9.6,186,0.0,310.0,23.03,72.58
2025-05-08 23:00:00,26.9,83,8.3,191,0.0,290.0,23.03,72.58
2025-05-09 00:00:00,26.6,86,7.8,185,0.0,265.0,23.03,72.58
2025-05-09 01:00:00,26.3,88,7.0,192,0.0,230.0,23.03,72.58
2025-05-09 02:00:00,26.0,88,7.3,191,0.0,240.0,23.03,72.58
2025-05-09 03:00:00,25.8,89,7.4,181,0.0,235.0,23.03,72.58
2025-05-09 04:00:00,25.6,90,7.6,177,0.0,250.0,23.03,72.58
2025-05-09 05:00:00,25.4,91,7.4,181,0.0,250.0,23.03,72.58
2025-05-09 06:00:00,25.5,86,3.6,303,0.0,120.0,23.03,72.58
2025-05-09 07:00:00,26.3,82,2.0,63,0.0,240.0,23.03,72.58
2025-05-09 08:00:00,27.4,78,3.6,131,0.0,450.0,23.03,72.58
2025-05-09 09:00:00,28.7,72,4.7,137,0.0,615.0,23.03,72.58
2025-05-09 10:00:00,30.0,65,4.6,144,0.0,955.0,23.03,72.58
2025-05-09 11:00:00,31.1,60,3.4,180,0.0,1245.0,23.03,72.58
2025-05-09 12:00:00,32.0,57,2.8,243,0.0,1410.0,23.03,72.58
2025-05-09 13:00:00,32.8,53,2.1,290,0.0,1555.0,23.03,72.58
2025-05-09 14:00:00,33.3,51,1.7,221,0.0,1710.0,23.03,72.58
2025-05-09 15:00:00,33.8,49,1.9,124,0.0,1770.0,23.03,72.58
2025-05-09 16:00:00,33.6,48,2.1,110,0.0,1655.0,23.03,72.58
2025-05-09 17:00:00,33.8,48,2.4,99,0.0,1765.0,23.03,72.58
2025-05-09 18:00:00,29.7,61,10.5,73,0.0,230.0,23.03,72.58
2025-05-09 19:00:00,27.8,73,5.6,88,0.0,80.0,23.03,72.58
2025-05-09 20:00:00,27.7,76,5.0,142,0.0,60.0,23.03,72.58
2025-05-09 21:00:00,27.6,77,5.2,160,0.0,60.0,23.03,72.58
2025-05-09 22:00:00,27.1,77,10.1,184,0.0,250.0,23.03,72.58
2025-05-09 23:00:00,26.4,77,9.0,211,0.0,230.0,23.03,72.58
2025-05-10 00:00:00,26.1,77,7.7,204,0.0,185.0,23.03,72.58
2025-05-10 01:00:00,25.6,80,7.2,194,0.0,155.0,23.03,72.58
2025-05-10 02:00:00,25.5,80,7.8,189,0.0,150.0,23.03,72.58
2025-05-10 03:00:00,25.2,81,7.3,220,0.0,170.0,23.03,72.58
2025-05-10 04:00:00,25.0,83,5.2,209,0.0,120.0,23.03,72.58
2025-05-10 05:00:00,24.5,85,6.5,161,0.0,110.0,23.03,72.58
2025-05-10 06:00:00,25.6,85,5.4,165,0.0,90.0,23.03,72.58
2025-05-10 07:00:00,26.4,83,3.5,165,0.0,155.0,23.03,72.58
2025-05-10 08:00:00,28.1,76,3.2,164,0.0,260.0,23.03,72.58
2025-05-10 09:00:00,29.8,70,3.6,153,0.0,395.0,23.03,72.58
2025-05-10 10:00:00,31.5,61,4.6,162,0.0,810.0,23.03,72.58
2025-05-10 11:00:00,32.8,54,4.6,167,0.0,1255.0,23.03,72.58
2025-05-10 12:00:00,33.5,50,3.4,164,0.0,1450.0,23.03,72.58
2025-05-10 13:00:00,34.1,48,3.2,164,0.0,1565.0,23.03,72.58
2025-05-10 14:00:00,34.4,47,3.2,199,0.0,1615.0,23.03,72.58
2025-05-10 15:00:00,34.8,46,1.9,197,0.0,1705.0,23.03,72.58
2025-05-10 16:00:00,34.8,45,3.3,216,0.0,1735.0,23.03,72.58
2025-05-10 17:00:00,34.5,44,5.0,199,0.0,1555.0,23.03,72.58
2025-05-10 18:00:00,31.9,55,5.7,217,0.0,270.0,23.03,72.58
2025-05-10 19:00:00,31.2,61,5.4,201,0.0,75.0,23.03,72.58
2025-05-10 20:00:00,30.5,66,3.8,175,0.0,40.0,23.03,72.58
2025-05-10 21:00:00,29.7,68,9.0,190,0.0,175.0,23.03,72.58
2025-05-10 22:00:00,29.0,66,10.7,205,0.0,305.0,23.03,72.58
2025-05-10 23:00:00,28.7,67,8.8,219,0.0,280.0,23.03,72.58
2025-05-11 00:00:00,28.1,69,8.2,229,0.0,240.0,23.03,72.58
2025-05-11 01:00:00,27.9,71,7.1,225,0.0,195.0,23.03,72.58
2025-05-11 02:00:00,27.7,72,6.9,217,0.0,165.0,23.03,72.58
2025-05-11 03:00:00,27.5,73,5.9,227,0.0,130.0,23.03,72.58
2025-05-11 04:00:00,27.2,75,4.6,219,0.0,70.0,23.03,72.58
2025-05-11 05:00:00,26.9,78,3.1,190,0.0,35.0,23.03,72.58
2025-05-11 06:00:00,27.4,79,4.8,207,0.0,120.0,23.03,72.58
2025-05-11 07:00:00,27.8,77,4.5,173,0.0,145.0,23.03,72.58
2025-05-11 08:00:00,28.5,73,4.6,171,0.0,250.0,23.03,72.58
2025-05-11 09:00:00,29.9,69,2.9,187,0.0,450.0,23.03,72.58
2025-05-11 10:00:00,30.9,66,3.6,186,0.0,615.0,23.03,72.58
2025-05-11 11:00:00,31.7,63,3.8,199,0.0,835.0,23.03,72.58
2025-05-11 12:00:00,32.2,59,2.5,184,0.0,1040.0,23.03,72.58
2025-05-11 13:00:00,33.1,55,2.3,157,0.0,1185.0,23.03,72.58
2025-05-11 14:00:00,33.7,52,2.3,119,0.0,1230.0,23.03,72.58
2025-05-11 15:00:00,34.5,48,1.8,101,0.0,1325.0,23.03,72.58
2025-05-11 16:00:00,35.2,44,1.9,112,0.0,1560.0,23.03,72.58
2025-05-11 17:00:00,35.4,43,3.8,109,0.0,1695.0,23.03,72.58
2025-05-11 18:00:00,34.8,43,4.4,120,0.0,120.0,23.03,72.58
2025-05-11 19:00:00,33.5,50,3.5,105,0.0,30.0,23.03,72.58
2025-05-11 20:00:00,32.3,57,2.0,297,0.0,15.0,23.03,72.58
2025-05-11 21:00:00,31.5,61,7.9,145,0.0,70.0,23.03,72.58
2025-05-11 22:00:00,30.6,61,11.5,207,0.0,265.0,23.03,72.58
2025-05-11 23:00:00,29.5,61,8.1,249,0.0,195.0,23.03,72.58
2025-05-12 00:00:00,28.6,64,7.8,236,0.0,175.0,23.03,72.58
2025-05-12 01:00:00,28.1,66,7.6,225,0.0,135.0,23.03,72.58
2025-05-12 02:00:00,27.7,68,8.6,219,0.0,180.0,23.03,72.58
2025-05-12 03:00:00,27.3,71,7.9,215,0.0,190.0,23.03,72.58
2025-05-12 04:00:00,27.1,73,6.6,241,0.0,205.0,23.03,72.58
2025-05-12 05:00:00,26.9,76,5.7,246,0.0,155.0,23.03,72.58
2025-05-12 06:00:00,27.9,70,4.3,225,0.0,115.0,23.03,72.58
2025-05-12 07:00:00,28.9,67,3.7,223,0.0,245.0,23.03,72.58
2025-05-12 08:00:00,30.2,63,4.1,236,0.0,460.0,23.03,72.58
2025-05-12 09:00:00,31.6,59,4.3,237,0.0,695.0,23.03,72.58
2025-05-12 10:00:00,32.6,54,4.3,228,0.0,1050.0,23.03,72.58
2025-05-12 11:00:00,34.1,48,5.5,224,0.0,1430.0,23.03,72.58
2025-05-12 12:00:00,35.2,44,6.4,212,0.0,1620.0,23.03,72.58
2025-05-12 13:00:00,36.0,41,6.7,207,0.0,1790.0,23.03,72.58
2025-05-12 14:00:00,36.8,38,6.2,201,0.0,2080.0,23.03,72.58
2025-05-12 15:00:00,37.0,37,5.7,193,0.0,2215.0,23.03,72.58
2025-05-12 16:00:00,36.9,36,5.2,192,0.0,2215.0,23.03,72.58
2025-05-12 17:00:00,36.2,38,3.8,253,0.0,1965.0,23.03,72.58
2025-05-12 18:00:00,36.3,34,5.4,220,0.0,2110.0,23.03,72.58
2025-05-12 19:00:00,35.3,36,4.8,167,0.0,180.0,23.03,72.58
2025-05-12 20:00:00,34.4,40,6.9,173,0.0,430.0,23.03,72.58
2025-05-12 21:00:00,32.7,50,10.7,203,0.0,470.0,23.03,72.58
2025-05-12 22:00:00,31.4,57,9.8,204,0.0,360.0,23.03,72.58
2025-05-12 23:00:00,30.9,60,8.6,206,0.0,335.0,23.03,72.58
2025-05-13 00:00:00,30.7,60,8.2,206,0.0,310.0,23.03,72.58
2025-05-13 01:00:00,30.3,60,8.4,225,0.0,315.0,23.03,72.58
2025-05-13 02:00:00,29.8,59,8.7,249,0.0,345.0,23.03,72.58
2025-05-13 03:00:00,29.2,60,7.8,263,0.0,380.0,23.03,72.58
2025-05-13 04:00:00,28.7,63,5.8,254,0.0,315.0,23.03,72.58
2025-05-13 05:00:00,28.3,66,4.4,240,0.0,280.0,23.03,72.58
2025-05-13 06:00:00,28.8,76,6.0,273,0.0,340.0,23.03,72.58
2025-05-13 07:00:00,29.3,75,5.3,282,0.0,350.0,23.03,72.58
2025-05-13 08:00:00,30.7,68,4.7,279,0.0,465.0,23.03,72.58
2025-05-13 09:00:00,31.9,60,4.5,268,0.0,725.0,23.03,72.58
2025-05-13 10:00:00,33.8,50,5.3,252,0.0,1300.0,23.03,72.58
2025-05-13 11:00:00,35.1,45,5.7,221,0.0,1640.0,23.03,72.58
2025-05-13 12:00:00,36.3,40,5.9,203,0.0,1950.0,23.03,72.58
2025-05-13 13:00:00,37.2,36,6.3,185,0.0,2165.0,23.03,72.58
2025-05-13 14:00:00,37.7,32,7.4,184,0.0,2290.0,23.03,72.58
2025-05-13 15:00:00,37.4,31,8.5,185,0.0,2200.0,23.03,72.58
2025-05-13 16:00:00,37.4,30,8.8,178,0.0,2205.0,23.03,72.58
2025-05-13 17:00:00,36.7,33,10.4,194,0.0,1635.0,23.03,72.58
2025-05-13 18:00:00,35.0,39,9.4,222,0.0,555.0,23.03,72.58
2025-05-13 19:00:00,34.6,40,5.7,193,0.0,360.0,23.03,72.58
2025-05-13 20:00:00,33.9,43,7.5,201,0.0,375.0,23.03,72.58
2025-05-13 21:00:00,33.0,46,7.6,198,0.0,220.0,23.03,72.58
2025-05-13 22:00:00,32.2,50,9.2,203,0.0,275.0,23.03,72.58
2025-05-13 23:00:00,30.8,62,11.4,215,0.0,450.0,23.03,72.58
2025-05-14 00:00:00,30.2,67,9.0,213,0.0,340.0,23.03,72.58
2025-05-14 01:00:00,29.9,67,8.2,247,0.0,435.0,23.03,72.58
2025-05-14 02:00:00,29.6,64,9.5,269,0.0,455.0,23.03,72.58
2025-05-14 03:00:00,29.1,61,9.0,257,0.0,355.0,23.03,72.58
2025-05-14 04:00:00,28.5,62,8.1,249,0.0,290.0,23.03,72.58
2025-05-14 05:00:00,28.0,65,6.5,242,0.0,245.0,23.03,72.58
2025-05-14 06:00:00,28.8,64,5.0,244,0.0,240.0,23.03,72.58
2025-05-14 07:00:00,29.3,65,5.8,254,0.0,315.0,23.03,72.58
2025-05-14 08:00:00,30.7,61,6.7,275,0.0,440.0,23.03,72.58
2025-05-14 09:00:00,32.8,51,6.6,281,0.0,635.0,23.03,72.58
2025-05-14 10:00:00,34.9,42,5.0,283,0.0,1110.0,23.03,72.58
2025-05-14 11:00:00,36.7,36,4.1,270,0.0,1710.0,23.03,72.58
2025-05-14 12:00:00,37.9,32,3.4,264,0.0,2010.0,23.03,72.58
2025-05-14 13:00:00,38.8,30,3.1,225,0.0,2270.0,23.03,72.58
2025-05-14 14:00:00,39.4,28,4.1,203,0.0,2485.0,23.03,72.58
2025-05-14 15:00:00,39.5,27,4.9,197,0.0,2515.0,23.03,72.58
2025-05-14 16:00:00,39.3,26,4.2,187,0.0,2485.0,23.03,72.58
2025-05-14 17:00:00,39.4,25,4.5,178,0.0,2615.0,23.03,72.58
2025-05-14 18:00:00,37.9,26,7.9,180,0.0,980.0,23.03,72.58
2025-05-14 19:00:00,36.5,30,8.7,176,0.0,370.0,23.03,72.58
2025-05-14 20:00:00,35.6,35,8.0,203,0.0,385.0,23.03,72.58
2025-05-14 21:00:00,34.7,39,9.3,216,0.0,310.0,23.03,72.58
2025-05-14 22:00:00,32.7,47,9.0,190,0.0,230.0,23.03,72.58
2025-05-14 23:00:00,31.7,55,9.1,198,0.0,200.0,23.03,72.58
2025-05-15 00:00:00,31.0,61,9.5,199,0.0,265.0,23.03,72.58
2025-05-15 01:00:00,30.3,67,7.7,204,0.0,400.0,23.03,72.58
2025-05-15 02:00:00,29.9,70,7.5,224,0.0,375.0,23.03,72.58
2025-05-15 03:00:00,29.6,66,7.2,264,0.0,360.0,23.03,72.58
2025-05-15 04:00:00,28.9,68,7.3,277,0.0,355.0,23.03,72.58
2025-05-15 05:00:00,28.3,73,7.1,277,0.0,305.0,23.03,72.58
2025-05-15 06:00:00,29.4,77,6.3,268,0.0,410.0,23.03,72.58
2025-05-15 07:00:00,29.9,75,4.4,240,0.0,385.0,23.03,72.58
2025-05-15 08:00:00,31.5,66,4.3,228,0.0,455.0,23.03,72.58
2025-05-15 09:00:00,33.7,54,4.7,238,0.0,745.0,23.03,72.58
2025-05-15 10:00:00,35.7,44,5.4,244,0.0,1285.0,23.03,72.58
2025-05-15 11:00:00,37.1,39,5.3,237,0.0,1765.0,23.03,72.58
2025-05-15 12:00:00,38.2,35,4.3,228,0.0,2030.0,23.03,72.58
2025-05-15 13:00:00,39.3,32,3.3,216,0.0,2525.0,23.03,72.58
2025-05-15 14:00:00,39.8,30,2.7,212,0.0,2745.0,23.03,72.58
2025-05-15 15:00:00,40.1,29,1.8,169,0.0,2860.0,23.03,72.58
2025-05-15 16:00:00,39.6,29,3.1,156,0.0,2815.0,23.03,72.58
2025-05-15 17:00:00,39.0,30,2.3,113,0.0,2415.0,23.03,72.58
2025-05-15 18:00:00,37.5,32,6.9,173,0.0,2140.0,23.03,72.58
2025-05-15 19:00:00,36.6,32,9.7,180,0.0,490.0,23.03,72.58
2025-05-15 20:00:00,36.1,33,7.4,180,0.0,260.0,23.03,72.58
2025-05-15 21:00:00,35.3,35,10.3,185,0.0,365.0,23.03,72.58
2025-05-15 22:00:00,32.7,48,10.2,197,0.0,265.0,23.03,72.58
2025-05-15 23:00:00,31.5,56,9.0,203,0.0,260.0,23.03,72.58
2025-05-16 00:00:00,30.8,62,10.2,203,0.0,290.0,23.03,72.58
2025-05-16 01:00:00,30.4,67,9.1,212,0.0,320.0,23.03,72.58
2025-05-16 02:00:00,30.2,68,8.0,211,0.0,375.0,23.03,72.58
2025-05-16 03:00:00,29.8,69,8.1,209,0.0,330.0,23.03,72.58
2025-05-16 04:00:00,29.5,69,7.5,213,0.0,270.0,23.03,72.58
2025-05-16 05:00:00,29.2,69,6.3,217,0.0,230.0,23.03,72.58
2025-05-16 06:00:00,30.4,65,4.7,227,0.0,375.0,23.03,72.58
2025-05-16 07:00:00,31.0,65,5.1,225,0.0,490.0,23.03,72.58
2025-05-16 08:00:00,32.3,61,5.1,216,0.0,635.0,23.03,72.58
2025-05-16 09:00:00,33.9,55,6.1,227,0.0,1005.0,23.03,72.58
2025-05-16 10:00:00,35.3,48,5.7,229,0.0,1285.0,23.03,72.58
2025-05-16 11:00:00,36.5,43,5.3,215,0.0,1545.0,23.03,72.58
2025-05-16 12:00:00,37.5,40,5.8,194,0.0,1830.0,23.03,72.58
2025-05-16 13:00:00,38.2,38,6.5,175,0.0,1930.0,23.03,72.58
2025-05-16 14:00:00,38.1,37,8.0,185,0.0,1995.0,23.03,72.58
2025-05-16 15:00:00,36.5,42,6.2,218,0.0,1270.0,23.03,72.58
2025-05-16 16:00:00,36.9,41,5.4,214,0.0,1365.0,23.03,72.58
2025-05-16 17:00:00,37.4,39,5.7,204,0.0,1660.0,23.03,72.58
2025-05-16 18:00:00,37.5,35,6.5,193,0.0,1530.0,23.03,72.58
2025-05-16 19:00:00,36.8,36,10.7,188,0.0,1000.0,23.03,72.58
2025-05-16 20:00:00,34.4,45,14.0,187,0.0,495.0,23.03,72.58
2025-05-16 21:00:00,32.8,55,12.7,191,0.0,440.0,23.03,72.58
2025-05-16 22:00:00,31.5,62,11.4,185,0.0,405.0,23.03,72.58
2025-05-16 23:00:00,30.6,69,10.3,186,0.0,395.0,23.03,72.58
2025-05-17 00:00:00,30.1,74,10.7,187,0.0,415.0,23.03,72.58
2025-05-17 01:00:00,29.7,76,10.0,189,0.0,405.0,23.03,72.58
2025-05-17 02:00:00,29.4,76,9.5,201,0.0,425.0,23.03,72.58
2025-05-17 03:00:00,29.2,75,8.2,209,0.0,415.0,23.03,72.58
2025-05-17 04:00:00,29.1,73,7.3,213,0.0,375.0,23.03,72.58
2025-05-17 05:00:00,29.1,72,6.8,222,0.0,400.0,23.03,72.58
2025-05-17 06:00:00,30.2,67,6.8,228,0.0,595.0,23.03,72.58
2025-05-17 07:00:00,30.6,66,8.3,229,0.0,645.0,23.03,72.58
2025-05-17 08:00:00,31.7,61,8.1,217,0.0,750.0,23.03,72.58
2025-05-17 09:00:00,33.2,56,8.3,207,0.0,925.0,23.03,72.58
2025-05-17 10:00:00,34.8,50,7.8,199,0.0,1140.0,23.03,72.58
2025-05-17 11:00:00,36.3,45,7.7,191,0.0,1490.0,23.03,72.58
2025-05-17 12:00:00,37.4,41,7.8,185,0.0,1745.0,23.03,72.58
2025-05-17 13:00:00,38.2,38,7.8,185,0.0,1915.0,23.03,72.58
2025-05-17 14:00:00,38.7,36,8.0,185,0.0,2105.0,23.03,72.58
2025-05-17 15:00:00,38.8,35,8.8,181,0.0,2110.0,23.03,72.58
2025-05-17 16:00:00,39.1,33,8.1,179,0.0,2215.0,23.03,72.58
2025-05-17 17:00:00,38.6,33,10.1,196,0.0,2115.0,23.03,72.58
2025-05-17 18:00:00,37.3,33,11.2,183,0.0,1340.0,23.03,72.58
2025-05-17 19:00:00,36.3,36,9.9,181,0.0,945.0,23.03,72.58
2025-05-17 20:00:00,34.7,44,12.5,186,0.0,450.0,23.03,72.58
2025-05-17 21:00:00,33.3,48,11.6,173,0.0,350.0,23.03,72.58
2025-05-17 22:00:00,32.3,50,11.3,179,0.0,345.0,23.03,72.58
2025-05-17 23:00:00,31.6,56,11.0,182,0.0,420.0,23.03,72.58
2025-05-18 00:00:00,30.9,61,11.0,184,0.0,425.0,23.03,72.58
2025-05-18 01:00:00,30.4,65,10.6,189,0.0,470.0,23.03,72.58
2025-05-18 02:00:00,30.1,65,8.6,202,0.0,435.0,23.03,72.58
2025-05-18 03:00:00,30.0,64,6.9,213,0.0,370.0,23.03,72.58
2025-05-18 04:00:00,29.8,63,6.0,209,0.0,265.0,23.03,72.58
2025-05-18 05:00:00,29.5,64,6.0,207,0.0,245.0,23.03,72.58
2025-05-18 06:00:00,30.2,62,5.0,199,0.0,295.0,23.03,72.58
2025-05-18 07:00:00,30.9,62,6.6,217,0.0,610.0,23.03,72.58
2025-05-18 08:00:00,32.0,59,7.3,218,0.0,670.0,23.03,72.58
2025-05-18 09:00:00,33.6,53,6.5,219,0.0,865.0,23.03,72.58
2025-05-18 10:00:00,35.3,47,6.0,207,0.0,1205.0,23.03,72.58
2025-05-18 11:00:00,36.7,42,6.4,191,0.0,1530.0,23.03,72.58
2025-05-18 12:00:00,38.0,38,6.9,187,0.0,1735.0,23.03,72.58
2025-05-18 13:00:00,39.1,34,7.8,189,0.0,1895.0,23.03,72.58
2025-05-18 14:00:00,39.9,31,8.2,188,0.0,2085.0,23.03,72.58
2025-05-18 15:00:00,40.4,29,7.7,183,0.0,2290.0,23.03,72.58
2025-05-18 16:00:00,40.2,29,6.9,187,0.0,2320.0,23.03,72.58
2025-05-18 17:00:00,40.0,29,7.9,180,0.0,2230.0,23.03,72.58
2025-05-18 18:00:00,39.0,31,6.1,246,0.0,2120.0,23.03,72.58
2025-05-18 19:00:00,38.4,32,6.7,199,0.0,1890.0,23.03,72.58
2025-05-18 20:00:00,35.5,46,13.0,186,0.0,400.0,23.03,72.58
2025-05-18 21:00:00,33.6,53,8.6,188,0.0,310.0,23.03,72.58
2025-05-18 22:00:00,32.5,57,7.8,188,0.0,360.0,23.03,72.58
2025-05-18 23:00:00,31.5,60,8.8,180,0.0,350.0,23.03,72.58
2025-05-19 00:00:00,30.8,64,9.4,185,0.0,370.0,23.03,72.58
2025-05-19 01:00:00,30.2,69,8.8,200,0.0,415.0,23.03,72.58
2025-05-19 02:00:00,30.1,71,6.9,210,0.0,310.0,23.03,72.58
2025-05-19 03:00:00,29.9,71,5.1,216,0.0,265.0,23.03,72.58
2025-05-19 04:00:00,29.8,70,4.7,220,0.0,285.0,23.03,72.58
2025-05-19 05:00:00,29.8,69,5.5,259,0.0,390.0,23.03,72.58
2025-05-19 06:00:00,30.3,66,6.4,254,0.0,395.0,23.03,72.58
2025-05-19 07:00:00,30.7,66,7.6,271,0.0,475.0,23.03,72.58
2025-05-19 08:00:00,31.9,62,6.9,276,0.0,610.0,23.03,72.58
2025-05-19 09:00:00,33.6,54,6.7,273,0.0,880.0,23.03,72.58
2025-05-19 10:00:00,35.4,48,6.5,275,0.0,1175.0,23.03,72.58
2025-05-19 11:00:00,37.0,42,6.9,287,0.0,1345.0,23.03,72.58
2025-05-19 12:00:00,38.5,38,5.3,282,0.0,1685.0,23.03,72.58
2025-05-19 13:00:00,39.8,35,4.7,272,0.0,2105.0,23.03,72.58
2025-05-19 14:00:00,40.7,33,4.8,250,0.0,2465.0,23.03,72.58
2025-05-19 15:00:00,40.9,32,5.7,221,0.0,2660.0,23.03,72.58
2025-05-19 16:00:00,39.6,32,4.5,137,0.3,1965.0,23.03,72.58
2025-05-19 17:00:00,37.3,40,12.2,221,0.0,635.0,23.03,72.58
2025-05-19 18:00:00,35.9,43,6.8,233,0.0,445.0,23.03,72.58
2025-05-19 19:00:00,35.8,44,5.6,222,0.0,360.0,23.03,72.58
2025-05-19 20:00:00,35.5,45,5.6,195,0.0,305.0,23.03,72.58
2025-05-19 21:00:00,35.0,46,4.7,180,0.0,200.0,23.03,72.58
2025-05-19 22:00:00,34.3,49,8.0,189,0.0,240.0,23.03,72.58
2025-05-19 23:00:00,32.6,57,9.8,197,0.0,250.0,23.03,72.58
2025-05-20 00:00:00,31.7,61,7.4,202,0.0,245.0,23.03,72.58
2025-05-20 01:00:00,31.1,64,6.2,218,0.0,255.0,23.03,72.58
2025-05-20 02:00:00,30.7,67,6.9,219,0.0,280.0,23.03,72.58
2025-05-20 03:00:00,30.4,70,5.8,244,0.0,285.0,23.03,72.58
2025-05-20 04:00:00,30.4,70,6.3,275,0.0,385.0,23.03,72.58
2025-05-20 05:00:00,30.4,63,9.2,303,0.0,390.0,23.03,72.58
2025-05-20 06:00:00,31.1,68,5.6,287,0.0,475.0,23.03,72.58
2025-05-20 07:00:00,31.9,59,10.3,314,0.0,570.0,23.03,72.58
2025-05-20 08:00:00,33.2,53,9.3,314,0.0,685.0,23.03,72.58
2025-05-20 09:00:00,35.2,45,9.0,314,0.0,1060.0,23.03,72.58
2025-05-20 10:00:00,36.8,41,7.9,311,0.0,1345.0,23.03,72.58
2025-05-20 11:00:00,37.9,38,6.6,305,0.0,1685.0,23.03,72.58
2025-05-20 12:00:00,39.1,35,5.6,303,0.0,1940.0,23.03,72.58
2025-05-20 13:00:00,40.4,32,4.4,302,0.0,2405.0,23.03,72.58
2025-05-20 14:00:00,40.8,31,4.2,301,0.0,2615.0,23.03,72.58
2025-05-20 15:00:00,41.1,30,4.4,325,0.0,2955.0,23.03,72.58
2025-05-20 16:00:00,40.6,30,0.4,153,0.0,2850.0,23.03,72.58
2025-05-20 17:00:00,29.6,74,12.1,102,4.3,155.0,23.03,72.58
2025-05-20 18:00:00,39.6,28,6.6,343,0.0,2210.0,23.03,72.58
2025-05-20 19:00:00,39.3,29,5.0,345,0.0,2150.0,23.03,72.58
2025-05-20 20:00:00,38.8,30,2.3,141,0.0,540.0,23.03,72.58
2025-05-20 21:00:00,37.6,33,8.6,178,0.0,250.0,23.03,72.58
2025-05-20 22:00:00,36.6,36,9.0,224,0.0,435.0,23.03,72.58
2025-05-20 23:00:00,35.6,39,9.2,230,0.0,305.0,23.03,72.58
2025-05-21 00:00:00,34.5,44,8.8,255,0.0,390.0,23.03,72.58
2025-05-21 01:00:00,34.0,47,7.8,261,0.0,350.0,23.03,72.58
2025-05-21 02:00:00,33.1,51,10.4,272,0.0,425.0,23.03,72.58
2025-05-21 03:00:00,32.1,54,9.4,275,0.0,375.0,23.03,72.58
2025-05-21 04:00:00,31.6,55,7.9,282,0.0,360.0,23.03,72.58
2025-05-21 05:00:00,31.1,56,8.4,301,0.0,365.0,23.03,72.58
2025-05-21 06:00:00,31.0,61,4.9,242,0.0,325.0,23.03,72.58
2025-05-21 07:00:00,31.7,57,4.8,236,0.0,425.0,23.03,72.58
2025-05-21 08:00:00,32.9,52,5.4,240,0.0,605.0,23.03,72.58
2025-05-21 09:00:00,34.6,46,5.7,235,0.0,795.0,23.03,72.58
2025-05-21 10:00:00,36.6,39,4.5,247,0.0,1075.0,23.03,72.58
2025-05-21 11:00:00,38.2,34,4.5,236,0.0,1340.0,23.03,72.58
2025-05-21 12:00:00,39.6,31,4.0,234,0.0,1815.0,23.03,72.58
2025-05-21 13:00:00,40.7,29,4.3,213,0.0,2340.0,23.03,72.58
2025-05-21 14:00:00,39.5,33,9.7,152,0.2,1880.0,23.03,72.58
2025-05-21 15:00:00,39.4,32,4.7,97,0.0,1620.0,23.03,72.58
2025-05-21 16:00:00,40.9,26,4.9,126,0.0,2570.0,23.03,72.58
2025-05-21 17:00:00,39.9,30,7.2,194,0.0,2210.0,23.03,72.58
2025-05-21 18:00:00,39.3,32,6.6,249,0.0,2200.0,23.03,72.58
2025-05-21 19:00:00,38.4,34,7.2,252,0.0,440.0,23.03,72.58
2025-05-21 20:00:00,37.7,36,3.7,284,0.0,155.0,23.03,72.58
2025-05-21 21:00:00,37.2,37,2.0,95,0.0,95.0,23.03,72.58
2025-05-21 22:00:00,34.1,50,19.4,167,0.0,625.0,23.03,72.58
2025-05-21 23:00:00,30.8,61,9.5,202,0.0,220.0,23.03,72.58
2025-05-22 00:00:00,30.3,64,8.7,217,0.0,270.0,23.03,72.58
2025-05-22 01:00:00,30.1,65,7.0,222,0.0,310.0,23.03,72.58
2025-05-22 02:00:00,30.0,66,4.8,239,0.0,265.0,23.03,72.58
2025-05-22 03:00:00,30.0,65,3.1,239,0.0,235.0,23.03,72.58
2025-05-22 04:00:00,29.9,66,4.9,208,0.0,205.0,23.03,72.58
2025-05-22 05:00:00,29.6,67,5.9,207,0.0,205.0,23.03,72.58
2025-05-22 06:00:00,30.2,68,7.4,187,0.0,220.0,23.03,72.58
2025-05-22 07:00:00,31.2,63,8.6,196,0.0,360.0,23.03,72.58
2025-05-22 08:00:00,33.1,55,9.2,206,0.0,630.0,23.03,72.58
2025-05-22 09:00:00,34.8,49,7.7,216,0.0,880.0,23.03,72.58
2025-05-22 10:00:00,36.4,45,6.2,206,0.0,1395.0,23.03,72.58
2025-05-22 11:00:00,38.1,40,4.5,203,0.0,1815.0,23.03,72.58
2025-05-22 12:00:00,39.3,37,4.6,198,0.0,2105.0,23.03,72.58
2025-05-22 13:00:00,40.0,35,5.3,204,0.0,2220.0,23.03,72.58
2025-05-22 14:00:00,40.4,34,4.8,200,0.0,2395.0,23.03,72.58
2025-05-22 15:00:00,40.5,34,5.7,198,0.0,2465.0,23.03,72.58
2025-05-22 16:00:00,40.4,34,6.8,197,0.0,2555.0,23.03,72.58
2025-05-22 17:00:00,38.8,37,5.6,132,0.0,1335.0,23.03,72.58
2025-05-22 18:00:00,39.5,31,5.1,234,0.0,2145.0,23.03,72.58
2025-05-22 19:00:00,38.6,33,2.7,228,0.0,195.0,23.03,72.58
2025-05-22 20:00:00,37.4,36,3.1,190,0.0,160.0,23.03,72.58
2025-05-22 21:00:00,36.7,38,4.1,193,0.0,215.0,23.03,72.58
2025-05-22 22:00:00,35.4,43,8.6,203,0.0,305.0,23.03,72.58
2025-05-22 23:00:00,34.4,47,11.5,228,0.0,410.0,23.03,72.58
2025-05-23 00:00:00,34.0,47,11.4,237,0.0,435.0,23.03,72.58
2025-05-23 01:00:00,33.6,49,10.6,259,0.0,405.0,23.03,72.58
2025-05-23 02:00:00,32.8,50,11.1,277,0.0,380.0,23.03,72.58
2025-05-23 03:00:00,32.2,50,10.0,279,0.0,340.0,23.03,72.58
2025-05-23 04:00:00,31.6,51,10.2,278,0.0,345.0,23.03,72.58
2025-05-23 05:00:00,30.9,55,9.8,278,0.0,365.0,23.03,72.58
2025-05-23 06:00:00,30.8,58,3.6,110,0.0,150.0,23.03,72.58
2025-05-23 07:00:00,31.1,59,4.6,154,0.0,315.0,23.03,72.58
2025-05-23 08:00:00,32.4,55,2.7,222,0.0,560.0,23.03,72.58
2025-05-23 09:00:00,33.9,49,5.4,284,0.0,805.0,23.03,72.58
2025-05-23 10:00:00,36.2,42,5.5,293,0.0,1140.0,23.03,72.58
2025-05-23 11:00:00,38.2,36,8.2,308,0.0,1540.0,23.03,72.58
2025-05-23 12:00:00,39.8,32,9.4,315,0.0,1775.0,23.03,72.58
2025-05-23 13:00:00,40.9,29,8.4,318,0.0,2130.0,23.03,72.58
2025-05-23 14:00:00,41.5,27,6.1,328,0.0,2580.0,23.03,72.58
2025-05-23 15:00:00,42.1,26,5.5,349,0.0,2835.0,23.03,72.58
2025-05-23 16:00:00,42.1,25,8.5,4,0.0,2825.0,23.03,72.58
2025-05-23 17:00:00,41.5,24,10.4,18,0.0,2815.0,23.03,72.58
2025-05-23 18:00:00,40.5,23,7.6,7,0.0,2600.0,23.03,72.58
2025-05-23 19:00:00,39.2,25,6.6,339,0.0,235.0,23.03,72.58
2025-05-23 20:00:00,38.4,26,6.4,286,0.0,110.0,23.03,72.58
2025-05-23 21:00:00,39.0,23,5.1,238,0.0,90.0,23.03,72.58
2025-05-23 22:00:00,36.8,30,11.3,180,0.0,155.0,23.03,72.58
2025-05-23 23:00:00,34.5,44,10.1,235,0.0,235.0,23.03,72.58
2025-05-24 00:00:00,33.4,50,9.6,220,0.0,230.0,23.03,72.58
2025-05-24 01:00:00,32.4,53,8.6,217,0.0,410.0,23.03,72.58
2025-05-24 02:00:00,32.0,52,8.1,242,0.0,390.0,23.03,72.58
2025-05-24 03:00:00,31.6,50,7.9,259,0.0,405.0,23.03,72.58
2025-05-24 04:00:00,31.2,50,5.8,256,0.0,350.0,23.03,72.58
2025-05-24 05:00:00,30.6,51,6.9,287,0.0,410.0,23.03,72.58
2025-05-24 06:00:00,30.8,59,9.2,310,0.0,450.0,23.03,72.58
2025-05-24 07:00:00,31.2,59,8.2,303,0.0,490.0,23.03,72.58
2025-05-24 08:00:00,32.4,55,6.2,300,0.0,640.0,23.03,72.58
2025-05-24 09:00:00,34.0,49,5.2,301,0.0,785.0,23.03,72.58
2025-05-24 10:00:00,35.9,42,3.5,291,0.0,995.0,23.03,72.58
2025-05-24 11:00:00,38.1,33,4.5,299,0.0,1240.0,23.03,72.58
2025-05-24 12:00:00,40.0,26,5.5,297,0.0,1540.0,23.03,72.58
2025-05-24 13:00:00,41.4,23,6.8,307,0.0,1900.0,23.03,72.58
2025-05-24 14:00:00,42.4,20,7.8,316,0.0,2225.0,23.03,72.58
2025-05-24 15:00:00,42.7,19,7.4,326,0.0,2825.0,23.03,72.58
2025-05-24 16:00:00,43.0,17,8.8,359,0.0,3395.0,23.03,72.58
2025-05-24 17:00:00,42.5,17,11.2,15,0.0,3105.0,23.03,72.58
2025-05-24 18:00:00,40.9,23,7.2,248,0.0,890.0,23.03,72.58
2025-05-24 19:00:00,38.2,33,13.9,180,0.0,505.0,23.03,72.58
2025-05-24 20:00:00,34.1,48,15.3,192,0.0,470.0,23.03,72.58
2025-05-24 21:00:00,33.1,48,13.8,187,0.0,490.0,23.03,72.58
2025-05-24 22:00:00,32.5,51,13.2,187,0.0,470.0,23.03,72.58
2025-05-24 23:00:00,32.3,56,11.8,209,0.0,500.0,23.03,72.58
2025-05-25 00:00:00,32.2,56,11.6,196,0.0,565.0,23.03,72.58
2025-05-25 01:00:00,31.9,57,8.3,184,0.0,340.0,23.03,72.58
2025-05-25 02:00:00,31.3,58,7.2,205,0.0,320.0,23.03,72.58
2025-05-25 03:00:00,31.0,53,8.4,239,0.0,370.0,23.03,72.58
2025-05-25 04:00:00,30.6,51,8.9,242,0.0,320.0,23.03,72.58
2025-05-25 05:00:00,29.8,57,8.4,245,0.0,310.0,23.03,72.58
2025-05-25 06:00:00,30.5,65,6.4,234,0.0,365.0,23.03,72.58
2025-05-25 07:00:00,31.0,67,7.1,261,0.0,460.0,23.03,72.58
2025-05-25 08:00:00,32.3,63,6.6,279,0.0,605.0,23.03,72.58
2025-05-25 09:00:00,34.0,56,6.1,294,0.0,830.0,23.03,72.58
2025-05-25 10:00:00,35.8,49,4.0,291,0.0,1040.0,23.03,72.58
2025-05-25 11:00:00,37.7,42,4.9,306,0.0,1315.0,23.03,72.58
2025-05-25 12:00:00,39.3,36,3.1,294,0.0,1685.0,23.03,72.58
2025-05-25 13:00:00,40.7,32,3.1,301,0.0,2010.0,23.03,72.58
2025-05-25 14:00:00,41.7,28,4.5,313,0.0,2275.0,23.03,72.58
2025-05-25 15:00:00,42.3,26,5.2,326,0.0,2605.0,23.03,72.58
2025-05-25 16:00:00,42.3,25,6.2,330,0.0,2815.0,23.03,72.58
2025-05-25 17:00:00,42.2,23,10.7,343,0.0,2945.0,23.03,72.58
2025-05-25 18:00:00,40.1,27,5.7,252,0.0,2200.0,23.03,72.58
2025-05-25 19:00:00,39.0,28,2.4,228,0.0,320.0,23.03,72.58
2025-05-25 20:00:00,37.7,35,5.2,168,0.0,180.0,23.03,72.58
2025-05-25 21:00:00,37.2,38,3.8,197,0.0,160.0,23.03,72.58
2025-05-25 22:00:00,36.2,42,8.2,190,0.0,210.0,23.03,72.58
2025-05-25 23:00:00,34.3,49,8.4,190,0.0,200.0,23.03,72.58
2025-05-26 00:00:00,33.0,58,10.1,221,0.0,425.0,23.03,72.58
2025-05-26 01:00:00,32.6,62,7.5,210,0.0,420.0,23.03,72.58
2025-05-26 02:00:00,32.3,63,6.6,237,0.0,490.0,23.03,72.58
2025-05-26 03:00:00,32.0,61,8.0,262,0.0,495.0,23.03,72.58
2025-05-26 04:00:00,31.2,66,9.3,278,0.0,515.0,23.03,72.58
2025-05-26 05:00:00,30.4,72,9.6,286,0.0,470.0,23.03,72.58
2025-05-26 06:00:00,30.1,71,9.3,310,0.0,405.0,23.03,72.58
2025-05-26 07:00:00,30.4,74,9.6,308,0.0,450.0,23.03,72.58
2025-05-26 08:00:00,32.0,68,8.8,309,0.0,570.0,23.03,72.58
2025-05-26 09:00:00,34.0,57,8.2,308,0.0,800.0,23.03,72.58
2025-05-26 10:00:00,36.3,47,8.1,309,0.0,1020.0,23.03,72.58
2025-05-26 11:00:00,38.3,39,9.0,307,0.0,1280.0,23.03,72.58
2025-05-26 12:00:00,40.0,34,8.3,309,0.0,1640.0,23.03,72.58
2025-05-26 13:00:00,41.3,30,7.3,316,0.0,2135.0,23.03,72.58
2025-05-26 14:00:00,42.1,28,7.0,310,0.0,2605.0,23.03,72.58
2025-05-26 15:00:00,42.4,27,8.1,317,0.0,2900.0,23.03,72.58
2025-05-26 16:00:00,42.3,27,7.9,319,0.0,2815.0,23.03,72.58
2025-05-26 17:00:00,41.5,29,7.5,30,0.0,2535.0,23.03,72.58
2025-05-26 18:00:00,40.2,33,5.7,298,0.0,2125.0,23.03,72.58
2025-05-26 19:00:00,39.7,34,7.9,281,0.0,1945.0,23.03,72.58
2025-05-26 20:00:00,39.2,36,7.1,225,0.0,335.0,23.03,72.58
2025-05-26 21:00:00,37.8,40,10.1,207,0.0,280.0,23.03,72.58
2025-05-26 22:00:00,36.8,43,11.3,200,0.0,360.0,23.03,72.58
2025-05-26 23:00:00,35.5,48,9.8,211,0.0,440.0,23.03,72.58
2025-05-27 00:00:00,34.4,53,10.3,235,0.0,590.0,23.03,72.58
2025-05-27 01:00:00,33.0,61,13.5,254,0.0,635.0,23.03,72.58
2025-05-27 02:00:00,32.1,65,12.1,259,0.0,570.0,23.03,72.58
2025-05-27 03:00:00,31.5,69,13.0,268,0.0,585.0,23.03,72.58
2025-05-27 04:00:00,30.9,72,12.5,274,0.0,595.0,23.03,72.58
2025-05-27 05:00:00,30.5,75,11.5,270,0.0,590.0,23.03,72.58
2025-05-27 06:00:00,30.5,77,9.2,227,0.0,615.0,23.03,72.58
2025-05-27 07:00:00,31.1,75,9.9,226,0.0,690.0,23.03,72.58
2025-05-27 08:00:00,32.4,68,11.6,238,0.0,815.0,23.03,72.58
2025-05-27 09:00:00,34.0,60,12.4,246,0.0,1045.0,23.03,72.58
2025-05-27 10:00:00,35.9,53,11.5,259,0.0,1300.0,23.03,72.58
2025-05-27 11:00:00,38.1,45,10.8,266,0.0,1505.0,23.03,72.58
2025-05-27 12:00:00,39.4,42,11.7,266,0.0,1660.0,23.03,72.58
2025-05-27 13:00:00,40.5,38,11.9,269,0.0,2325.0,23.03,72.58
2025-05-27 14:00:00,41.7,34,11.2,274,0.0,2675.0,23.03,72.58
2025-05-27 15:00:00,42.3,31,11.8,296,0.0,2820.0,23.03,72.58
2025-05-27 16:00:00,40.6,32,11.9,292,0.1,1635.0,23.03,72.58
2025-05-27 17:00:00,41.5,29,9.7,297,0.0,2690.0,23.03,72.58
2025-05-27 18:00:00,38.3,40,12.1,273,0.0,1810.0,23.03,72.58
2025-05-27 19:00:00,37.8,41,12.5,249,0.0,1390.0,23.03,72.58
2025-05-27 20:00:00,36.2,49,14.8,226,0.0,875.0,23.03,72.58
2025-05-27 21:00:00,33.4,63,14.0,196,0.0,500.0,23.03,72.58
2025-05-27 22:00:00,32.0,71,13.3,201,0.0,495.0,23.03,72.58
2025-05-27 23:00:00,31.8,73,9.2,201,0.0,550.0,23.03,72.58
2025-05-28 00:00:00,32.0,67,8.9,238,0.0,675.0,23.03,72.58
2025-05-28 01:00:00,31.9,53,12.2,251,0.0,630.0,23.03,72.58
2025-05-28 02:00:00,30.8,61,11.1,254,0.0,655.0,23.03,72.58
2025-05-28 03:00:00,30.1,68,10.3,257,0.0,695.0,23.03,72.58
2025-05-28 04:00:00,29.7,72,10.1,253,0.0,705.0,23.03,72.58
2025-05-28 05:00:00,29.3,75,10.2,260,0.0,730.0,23.03,72.58
2025-05-28 06:00:00,30.0,75,13.6,275,0.0,760.0,23.03,72.58
2025-05-28 07:00:00,30.6,71,11.7,269,0.0,830.0,23.03,72.58
2025-05-28 08:00:00,31.9,64,12.1,272,0.0,925.0,23.03,72.58
2025-05-28 09:00:00,33.7,56,11.7,274,0.0,1070.0,23.03,72.58
2025-05-28 10:00:00,35.4,51,10.4,269,0.0,1250.0,23.03,72.58
2025-05-28 11:00:00,36.7,46,9.8,265,0.0,1430.0,23.03,72.58
2025-05-28 12:00:00,38.2,42,9.8,262,0.0,1555.0,23.03,72.58
2025-05-28 13:00:00,39.3,39,10.4,259,0.0,1605.0,23.03,72.58
2025-05-28 14:00:00,40.0,37,11.3,260,0.0,1690.0,23.03,72.58
2025-05-28 15:00:00,40.4,36,11.4,255,0.0,1870.0,23.03,72.58
2025-05-28 16:00:00,40.6,35,11.8,254,0.0,2005.0,23.03,72.58
2025-05-28 17:00:00,40.2,35,13.2,241,0.0,1925.0,23.03,72.58
2025-05-28 18:00:00,39.4,33,11.5,241,0.0,2065.0,23.03,72.58
2025-05-28 19:00:00,32.6,56,14.5,73,0.2,335.0,23.03,72.58
2025-05-28 20:00:00,31.0,64,11.2,143,0.0,280.0,23.03,72.58
2025-05-28 21:00:00,30.6,70,9.8,150,0.0,360.0,23.03,72.58
2025-05-28 22:00:00,30.7,71,9.1,172,0.0,320.0,23.03,72.58
2025-05-28 23:00:00,30.8,74,7.7,179,0.0,315.0,23.03,72.58
2025-05-29 00:00:00,30.7,76,7.6,188,0.0,320.0,23.03,72.58
2025-05-29 01:00:00,30.5,79,7.4,206,0.0,400.0,23.03,72.58
2025-05-29 02:00:00,30.6,76,10.2,247,0.0,565.0,23.03,72.58
2025-05-29 03:00:00,30.3,73,10.3,258,0.0,535.0,23.03,72.58
2025-05-29 04:00:00,29.9,75,9.6,258,0.0,530.0,23.03,72.58
2025-05-29 05:00:00,29.4,77,10.8,271,0.0,540.0,23.03,72.58
2025-05-29 06:00:00,27.5,78,7.7,237,0.0,120.0,23.03,72.58
2025-05-29 07:00:00,27.8,74,9.7,252,0.0,245.0,23.03,72.58
2025-05-29 08:00:00,29.1,70,9.0,265,0.0,460.0,23.03,72.58
2025-05-29 09:00:00,30.4,64,8.3,266,0.0,660.0,23.03,72.58
2025-05-29 10:00:00,32.6,62,8.0,256,0.0,880.0,23.03,72.58
2025-05-29 11:00:00,34.7,57,8.6,241,0.0,1135.0,23.03,72.58
2025-05-29 12:00:00,36.5,51,7.9,235,0.0,1505.0,23.03,72.58
2025-05-29 13:00:00,37.9,44,7.0,235,0.0,1935.0,23.03,72.58
2025-05-29 14:00:00,38.7,40,6.4,241,0.0,2260.0,23.03,72.58
2025-05-29 15:00:00,39.1,38,5.8,248,0.0,2465.0,23.03,72.58
2025-05-29 16:00:00,39.5,35,7.5,260,0.0,2590.0,23.03,72.58
2025-05-29 17:00:00,36.6,46,14.7,174,0.0,580.0,23.03,72.58
2025-05-29 18:00:00,34.9,56,10.3,186,0.0,620.0,23.03,72.58
2025-05-29 19:00:00,32.8,64,13.2,190,0.0,580.0,23.03,72.58
2025-05-29 20:00:00,30.8,70,8.5,156,0.3,545.0,23.03,72.58
2025-05-29 21:00:00,27.1,84,13.0,84,2.9,140.0,23.03,72.58
2025-05-29 22:00:00,28.0,84,10.0,120,0.2,205.0,23.03,72.58
2025-05-29 23:00:00,28.4,85,12.9,153,0.2,265.0,23.03,72.58
2025-05-30 00:00:00,28.9,85,11.1,172,0.0,310.0,23.03,72.58
2025-05-30 01:00:00,29.0,85,7.4,173,0.0,265.0,23.03,72.58
2025-05-30 02:00:00,29.1,84,6.7,204,0.0,275.0,23.03,72.58
2025-05-30 03:00:00,29.3,79,10.3,243,0.0,640.0,23.03,72.58
2025-05-30 04:00:00,28.9,79,9.7,245,0.0,630.0,23.03,72.58
2025-05-30 05:00:00,28.4,81,8.0,245,0.0,585.0,23.03,72.58
2025-05-30 06:00:00,28.8,82,8.2,220,0.0,560.0,23.03,72.58
2025-05-30 07:00:00,29.2,80,10.8,226,0.0,640.0,23.03,72.58
2025-05-30 08:00:00,30.0,76,10.6,223,0.0,670.0,23.03,72.58
2025-05-30 09:00:00,31.4,68,11.3,226,0.0,820.0,23.03,72.58
2025-05-30 10:00:00,33.1,60,11.3,223,0.0,995.0,23.03,72.58
2025-05-30 11:00:00,34.8,53,11.9,222,0.0,1165.0,23.03,72.58
2025-05-30 12:00:00,36.5,46,11.8,218,0.0,1385.0,23.03,72.58
2025-05-30 13:00:00,38.0,39,12.7,219,0.0,1670.0,23.03,72.58
2025-05-30 14:00:00,39.0,35,13.9,226,0.0,2000.0,23.03,72.58
2025-05-30 15:00:00,39.7,31,14.6,231,0.0,2365.0,23.03,72.58
2025-05-30 16:00:00,40.8,19,16.3,243,0.0,2820.0,23.03,72.58
2025-05-30 17:00:00,37.3,42,17.3,188,0.0,960.0,23.03,72.58
2025-05-30 18:00:00,34.1,57,17.7,175,0.0,590.0,23.03,72.58
2025-05-30 19:00:00,31.6,68,17.2,175,0.0,535.0,23.03,72.58
2025-05-30 20:00:00,31.1,70,14.2,176,0.0,490.0,23.03,72.58
2025-05-30 21:00:00,30.7,75,12.4,189,0.0,355.0,23.03,72.58
2025-05-30 22:00:00,30.4,76,11.3,205,0.0,295.0,23.03,72.58
2025-05-30 23:00:00,30.9,65,11.8,216,0.0,705.0,23.03,72.58
2025-05-31 00:00:00,30.5,65,15.3,228,0.0,775.0,23.03,72.58
2025-05-31 01:00:00,29.5,69,14.3,226,0.0,810.0,23.03,72.58
2025-05-31 02:00:00,28.7,73,13.5,226,0.0,845.0,23.03,72.58
2025-05-31 03:00:00,28.1,77,11.9,228,0.0,905.0,23.03,72.58
2025-05-31 04:00:00,27.8,80,10.4,226,0.0,880.0,23.03,72.58
2025-05-31 05:00:00,27.6,81,10.3,223,0.0,890.0,23.03,72.58
2025-05-31 06:00:00,28.6,79,11.5,210,0.0,925.0,23.03,72.58
2025-05-31 07:00:00,29.4,73,13.8,227,0.0,990.0,23.03,72.58
2025-05-31 08:00:00,30.6,65,14.1,231,0.0,1100.0,23.03,72.58
2025-05-31 09:00:00,31.9,58,14.0,228,0.0,1240.0,23.03,72.58
2025-05-31 10:00:00,33.4,52,14.5,226,0.0,1395.0,23.03,72.58
2025-05-31 11:00:00,34.8,46,14.5,219,0.0,1495.0,23.03,72.58
2025-05-31 12:00:00,36.2,41,15.0,217,0.0,1655.0,23.03,72.58
2025-05-31 13:00:00,37.6,36,15.6,218,0.0,1850.0,23.03,72.58
2025-05-31 14:00:00,38.8,30,15.0,224,0.0,2165.0,23.03,72.58
2025-05-31 15:00:00,39.2,27,16.8,225,0.0,2405.0,23.03,72.58
2025-05-31 16:00:00,39.8,23,17.4,223,0.0,2680.0,23.03,72.58
2025-05-31 17:00:00,35.7,47,18.0,178,0.2,850.0,23.03,72.58
2025-05-31 18:00:00,34.4,54,19.0,162,0.0,800.0,23.03,72.58
2025-05-31 19:00:00,33.0,59,17.9,176,0.0,670.0,23.03,72.58
2025-05-31 20:00:00,32.0,64,17.2,193,0.0,635.0,23.03,72.58
2025-05-31 21:00:00,31.3,69,13.4,200,0.0,580.0,23.03,72.58
2025-05-31 22:00:00,31.1,69,10.4,201,0.0,685.0,23.03,72.58
2025-05-31 23:00:00,31.2,63,11.3,226,0.0,1080.0,23.03,72.58
2025-06-01 00:00:00,30.7,59,14.3,229,0.0,1075.0,23.03,72.58
2025-06-01 01:00:00,29.8,63,13.3,221,0.0,1070.0,23.03,72.58
2025-06-01 02:00:00,29.2,66,12.3,217,0.0,1110.0,23.03,72.58
2025-06-01 03:00:00,28.7,70,11.8,214,0.0,1115.0,23.03,72.58
2025-06-01 04:00:00,28.4,74,13.1,217,0.0,1060.0,23.03,72.58
2025-06-01 05:00:00,28.2,75,11.5,215,0.0,1055.0,23.03,72.58
2025-06-01 06:00:00,29.0,72,8.1,204,0.0,1210.0,23.03,72.58
2025-06-01 07:00:00,29.4,72,9.9,205,0.0,1175.0,23.03,72.58
2025-06-01 08:00:00,30.5,67,15.4,228,0.1,1040.0,23.03,72.58
2025-06-01 09:00:00,32.3,59,14.4,228,0.0,1350.0,23.03,72.58
2025-06-01 10:00:00,33.9,49,13.7,220,0.0,1505.0,23.03,72.58
2025-06-01 11:00:00,35.4,43,15.2,223,0.0,1710.0,23.03,72.58
2025-06-01 12:00:00,36.7,36,15.9,225,0.0,1880.0,23.03,72.58
2025-06-01 13:00:00,37.7,33,15.9,228,0.0,2130.0,23.03,72.58
2025-06-01 14:00:00,38.7,28,15.9,231,0.0,2450.0,23.03,72.58
2025-06-01 15:00:00,39.5,24,14.3,233,0.0,2755.0,23.03,72.58
2025-06-01 16:00:00,37.0,34,17.7,193,0.4,1700.0,23.03,72.58
2025-06-01 17:00:00,35.2,43,17.3,181,0.4,1045.0,23.03,72.58
2025-06-01 18:00:00,33.3,54,19.9,160,0.0,840.0,23.03,72.58
2025-06-01 19:00:00,32.5,57,17.5,166,0.0,680.0,23.03,72.58
2025-06-01 20:00:00,31.9,62,14.4,177,0.0,595.0,23.03,72.58
2025-06-01 21:00:00,31.2,65,11.0,190,0.0,480.0,23.03,72.58
2025-06-01 22:00:00,31.1,65,8.8,213,0.0,350.0,23.03,72.58
2025-06-01 23:00:00,31.3,61,6.0,261,0.0,765.0,23.03,72.58
2025-06-02 00:00:00,30.9,60,6.5,231,0.0,1080.0,23.03,72.58
2025-06-02 01:00:00,30.8,58,11.8,224,0.0,1120.0,23.03,72.58
2025-06-02 02:00:00,29.9,63,13.4,219,0.0,950.0,23.03,72.58
2025-06-02 03:00:00,29.2,67,11.2,215,0.0,880.0,23.03,72.58
2025-06-02 04:00:00,28.7,72,9.4,211,0.0,775.0,23.03,72.58
2025-06-02 05:00:00,28.1,76,8.9,208,0.1,710.0,23.03,72.58
2025-06-02 06:00:00,28.7,77,7.6,184,0.0,695.0,23.03,72.58
2025-06-02 07:00:00,29.1,75,10.3,202,0.0,810.0,23.03,72.58
2025-06-02 08:00:00,30.5,67,12.9,224,0.1,1020.0,23.03,72.58
2025-06-02 09:00:00,32.3,56,13.0,229,0.0,1315.0,23.03,72.58
2025-06-02 10:00:00,33.9,48,12.1,233,0.0,1655.0,23.03,72.58
2025-06-02 11:00:00,35.3,41,11.8,230,0.0,1910.0,23.03,72.58
2025-06-02 12:00:00,36.5,36,11.5,224,0.0,2170.0,23.03,72.58
2025-06-02 13:00:00,37.5,31,11.0,218,0.0,2365.0,23.03,72.58
2025-06-02 14:00:00,38.5,26,11.4,219,0.0,2610.0,23.03,72.58
2025-06-02 15:00:00,38.9,25,11.7,218,0.0,2775.0,23.03,72.58
2025-06-02 16:00:00,39.0,24,12.8,220,0.0,2905.0,23.03,72.58
2025-06-02 17:00:00,38.8,24,13.8,216,0.0,2995.0,23.03,72.58
2025-06-02 18:00:00,33.5,48,18.2,181,0.1,725.0,23.03,72.58
2025-06-02 19:00:00,32.4,59,16.9,173,0.0,620.0,23.03,72.58
2025-06-02 20:00:00,31.8,65,11.9,183,0.0,545.0,23.03,72.58
2025-06-02 21:00:00,31.6,65,10.4,206,0.0,735.0,23.03,72.58
2025-06-02 22:00:00,31.8,60,11.1,211,0.0,865.0,23.03,72.58
2025-06-02 23:00:00,32.0,52,12.6,243,0.0,1050.0,23.03,72.58
2025-06-03 00:00:00,31.3,53,8.7,236,0.0,1065.0,23.03,72.58
2025-06-03 01:00:00,30.9,56,13.4,227,0.0,910.0,23.03,72.58
2025-06-03 02:00:00,29.8,65,13.4,230,0.0,825.0,23.03,72.58
2025-06-03 03:00:00,29.1,70,11.5,231,0.0,770.0,23.03,72.58
2025-06-03 04:00:00,28.6,74,9.3,217,0.0,795.0,23.03,72.58
2025-06-03 05:00:00,28.2,76,8.9,201,0.0,825.0,23.03,72.58
2025-06-03 06:00:00,29.2,76,10.5,211,0.0,865.0,23.03,72.58
2025-06-03 07:00:00,29.8,72,11.5,220,0.0,1030.0,23.03,72.58
2025-06-03 08:00:00,30.5,68,12.7,231,0.1,1050.0,23.03,72.58
2025-06-03 09:00:00,31.7,59,12.7,237,0.0,1085.0,23.03,72.58
2025-06-03 10:00:00,33.6,50,12.7,238,0.0,1420.0,23.03,72.58
2025-06-03 11:00:00,35.7,42,12.9,237,0.0,1835.0,23.03,72.58
2025-06-03 12:00:00,36.9,37,13.2,230,0.0,2040.0,23.03,72.58
2025-06-03 13:00:00,37.7,34,11.7,216,0.0,2295.0,23.03,72.58
2025-06-03 14:00:00,38.1,33,11.3,211,0.0,2440.0,23.03,72.58
2025-06-03 15:00:00,38.7,30,11.2,198,0.0,2570.0,23.03,72.58
2025-06-03 16:00:00,36.2,37,13.7,179,0.2,1270.0,23.03,72.58
2025-06-03 17:00:00,35.9,39,17.5,194,0.0,1365.0,23.03,72.58
2025-06-03 18:00:00,35.2,38,14.1,184,0.0,1150.0,23.03,72.58
2025-06-03 19:00:00,33.1,55,15.1,177,0.0,735.0,23.03,72.58
2025-06-03 20:00:00,31.9,60,15.0,183,0.0,620.0,23.03,72.58
2025-06-03 21:00:00,31.2,60,11.8,188,0.0,550.0,23.03,72.58
2025-06-03 22:00:00,30.8,61,9.9,195,0.0,530.0,23.03,72.58
2025-06-03 23:00:00,30.2,61,11.2,191,0.0,530.0,23.03,72.58
2025-06-04 00:00:00,29.2,66,9.4,192,0.0,405.0,23.03,72.58
2025-06-04 01:00:00,28.9,69,8.7,193,0.0,390.0,23.03,72.58
2025-06-04 02:00:00,29.0,69,8.2,195,0.0,425.0,23.03,72.58
2025-06-04 03:00:00,28.8,71,7.8,195,0.0,440.0,23.03,72.58
2025-06-04 04:00:00,28.7,74,7.9,200,0.0,480.0,23.03,72.58
2025-06-04 05:00:00,28.6,73,8.2,199,0.0,550.0,23.03,72.58
2025-06-04 06:00:00,29.4,65,7.0,201,0.0,495.0,23.03,72.58
2025-06-04 07:00:00,29.7,62,8.1,198,0.0,570.0,23.03,72.58
2025-06-04 08:00:00,30.4,60,11.8,207,0.0,865.0,23.03,72.58
2025-06-04 09:00:00,32.1,52,11.9,219,0.0,1195.0,23.03,72.58
2025-06-04 10:00:00,33.9,42,10.9,220,0.0,1500.0,23.03,72.58
2025-06-04 11:00:00,35.2,37,9.7,214,0.0,1780.0,23.03,72.58
2025-06-04 12:00:00,36.4,34,9.4,211,0.0,2070.0,23.03,72.58
2025-06-04 13:00:00,37.5,32,9.3,212,0.0,2325.0,23.03,72.58
2025-06-04 14:00:00,38.2,29,8.8,211,0.0,2570.0,23.03,72.58
2025-06-04 15:00:00,38.5,28,8.5,208,0.0,2650.0,23.03,72.58
2025-06-04 16:00:00,38.3,28,7.7,210,0.0,2620.0,23.03,72.58
2025-06-04 17:00:00,38.0,27,7.2,194,0.0,2610.0,23.03,72.58
2025-06-04 18:00:00,36.7,31,6.6,237,0.0,2350.0,23.03,72.58
2025-06-04 19:00:00,35.0,40,10.7,168,0.0,670.0,23.03,72.58
2025-06-04 20:00:00,33.1,49,11.6,168,0.0,760.0,23.03,72.58
2025-06-04 21:00:00,31.5,59,11.3,173,0.0,535.0,23.03,72.58
2025-06-04 22:00:00,30.2,67,10.3,180,0.0,525.0,23.03,72.58
2025-06-04 23:00:00,29.7,68,9.4,183,0.0,485.0,23.03,72.58
2025-06-05 00:00:00,29.4,70,7.9,184,0.0,430.0,23.03,72.58
2025-06-05 01:00:00,29.0,72,5.4,194,0.0,410.0,23.03,72.58
2025-06-05 02:00:00,28.7,74,3.7,209,0.0,330.0,23.03,72.58
2025-06-05 03:00:00,28.6,76,2.3,203,0.0,265.0,23.03,72.58
2025-06-05 04:00:00,28.6,77,4.2,258,0.0,480.0,23.03,72.58
2025-06-05 05:00:00,28.5,76,6.1,282,0.0,535.0,23.03,72.58
2025-06-05 06:00:00,29.5,73,6.0,273,0.0,645.0,23.03,72.58
2025-06-05 07:00:00,30.2,69,10.1,280,0.0,765.0,23.03,72.58
2025-06-05 08:00:00,31.2,64,9.3,286,0.0,985.0,23.03,72.58
2025-06-05 09:00:00,32.5,58,6.8,292,0.0,1100.0,23.03,72.58
2025-06-05 10:00:00,34.0,52,4.9,280,0.0,1385.0,23.03,72.58
2025-06-05 11:00:00,35.6,45,3.8,275,0.0,1680.0,23.03,72.58
2025-06-05 12:00:00,37.1,39,3.9,257,0.0,1875.0,23.03,72.58
2025-06-05 13:00:00,38.2,35,3.7,215,0.0,2180.0,23.03,72.58
2025-06-05 14:00:00,39.0,32,4.8,200,0.0,2350.0,23.03,72.58
2025-06-05 15:00:00,39.3,30,5.4,200,0.0,2375.0,23.03,72.58
2025-06-05 16:00:00,39.4,29,6.7,199,0.0,2450.0,23.03,72.58
2025-06-05 17:00:00,38.9,30,8.8,197,0.0,2350.0,23.03,72.58
2025-06-05 18:00:00,36.9,36,6.9,208,0.0,2040.0,23.03,72.58
2025-06-05 19:00:00,36.1,39,5.9,200,0.0,530.0,23.03,72.58
2025-06-05 20:00:00,35.1,43,6.7,183,0.0,315.0,23.03,72.58
2025-06-05 21:00:00,34.1,47,7.0,154,0.0,195.0,23.03,72.58
2025-06-05 22:00:00,32.4,55,9.6,177,0.0,340.0,23.03,72.58
2025-06-05 23:00:00,30.8,62,8.5,185,0.0,285.0,23.03,72.58
2025-06-06 00:00:00,30.0,71,7.6,199,0.0,295.0,23.03,72.58
2025-06-06 01:00:00,29.5,78,7.9,210,0.0,430.0,23.03,72.58
2025-06-06 02:00:00,29.2,80,5.6,182,0.0,295.0,23.03,72.58
2025-06-06 03:00:00,28.9,81,6.1,175,0.0,245.0,23.03,72.58
2025-06-06 04:00:00,28.6,82,6.0,197,0.0,230.0,23.03,72.58
2025-06-06 05:00:00,28.4,83,6.1,242,0.0,340.0,23.03,72.58
2025-06-06 06:00:00,29.7,65,8.9,289,0.0,370.0,23.03,72.58
2025-06-06 07:00:00,30.3,64,7.8,289,0.0,410.0,23.03,72.58
2025-06-06 08:00:00,31.7,59,7.5,291,0.0,550.0,23.03,72.58
2025-06-06 09:00:00,33.6,51,7.4,293,0.0,855.0,23.03,72.58
2025-06-06 10:00:00,35.4,44,6.6,279,0.0,1180.0,23.03,72.58
2025-06-06 11:00:00,37.1,37,6.8,268,0.0,1590.0,23.03,72.58
2025-06-06 12:00:00,38.8,29,7.4,267,0.0,2065.0,23.03,72.58
2025-06-06 13:00:00,39.9,25,7.7,269,0.0,2560.0,23.03,72.58
2025-06-06 14:00:00,40.7,22,8.2,262,0.0,2805.0,23.03,72.58
2025-06-06 15:00:00,41.0,21,8.9,263,0.0,2975.0,23.03,72.58
2025-06-06 16:00:00,40.8,20,9.6,266,0.0,2940.0,23.03,72.58
2025-06-06 17:00:00,40.7,20,9.0,267,0.0,2940.0,23.03,72.58
2025-06-06 18:00:00,39.5,22,6.5,270,0.0,2330.0,23.03,72.58
2025-06-06 19:00:00,38.4,23,4.0,252,0.0,230.0,23.03,72.58
2025-06-06 20:00:00,37.4,25,3.7,223,0.0,125.0,23.03,72.58
2025-06-06 21:00:00,34.4,43,9.7,202,0.0,320.0,23.03,72.58
2025-06-06 22:00:00,32.7,56,9.6,206,0.0,330.0,23.03,72.58
2025-06-06 23:00:00,31.8,62,9.4,183,0.0,270.0,23.03,72.58
2025-06-07 00:00:00,31.4,64,9.7,235,0.0,555.0,23.03,72.58
2025-06-07 01:00:00,31.5,52,11.7,270,0.0,520.0,23.03,72.58
2025-06-07 02:00:00,30.6,57,10.4,269,0.0,525.0,23.03,72.58
2025-06-07 03:00:00,30.0,62,9.6,262,0.0,460.0,23.03,72.58
2025-06-07 04:00:00,29.4,66,9.4,262,0.0,470.0,23.03,72.58
2025-06-07 05:00:00,28.9,69,9.2,271,0.0,485.0,23.03,72.58
2025-06-07 06:00:00,29.8,67,9.5,279,0.0,520.0,23.03,72.58
2025-06-07 07:00:00,30.2,65,10.2,279,0.0,550.0,23.03,72.58
2025-06-07 08:00:00,31.3,60,9.8,275,0.0,620.0,23.03,72.58
2025-06-07 09:00:00,33.0,53,10.1,274,0.0,735.0,23.03,72.58
2025-06-07 10:00:00,35.2,44,10.7,276,0.0,945.0,23.03,72.58
2025-06-07 11:00:00,37.2,36,10.6,274,0.0,1400.0,23.03,72.58
2025-06-07 12:00:00,38.9,30,10.6,271,0.0,1950.0,23.03,72.58
2025-06-07 13:00:00,40.1,26,9.9,265,0.0,2265.0,23.03,72.58
2025-06-07 14:00:00,40.7,23,9.6,264,0.0,2450.0,23.03,72.58
2025-06-07 15:00:00,41.0,23,9.7,260,0.0,2690.0,23.03,72.58
2025-06-07 16:00:00,41.2,22,9.7,258,0.0,2885.0,23.03,72.58
2025-06-07 17:00:00,40.8,22,10.6,238,0.0,2940.0,23.03,72.58
2025-06-07 18:00:00,39.1,26,11.6,226,0.0,2655.0,23.03,72.58
2025-06-07 19:00:00,38.0,27,10.6,206,0.0,675.0,23.03,72.58
2025-06-07 20:00:00,34.3,47,11.9,198,0.0,415.0,23.03,72.58
2025-06-07 21:00:00,32.9,53,9.8,186,0.0,390.0,23.03,72.58
2025-06-07 22:00:00,32.2,59,8.0,194,0.0,480.0,23.03,72.58
2025-06-07 23:00:00,32.2,58,8.6,237,0.0,530.0,23.03,72.58
2025-06-08 00:00:00,31.8,53,15.1,269,0.0,640.0,23.03,72.58
2025-06-08 01:00:00,30.5,58,14.2,269,0.0,610.0,23.03,72.58
2025-06-08 02:00:00,29.7,65,13.3,269,0.0,510.0,23.03,72.58
2025-06-08 03:00:00,28.9,72,12.2,269,0.0,520.0,23.03,72.58
2025-06-08 04:00:00,28.4,76,11.5,270,0.0,525.0,23.03,72.58
2025-06-08 05:00:00,28.0,79,10.8,271,0.0,535.0,23.03,72.58
2025-06-08 06:00:00,28.9,80,11.0,267,0.0,595.0,23.03,72.58
2025-06-08 07:00:00,29.5,76,11.2,273,0.0,660.0,23.03,72.58
2025-06-08 08:00:00,30.7,69,10.9,276,0.0,740.0,23.03,72.58
2025-06-08 09:00:00,32.3,61,10.4,279,0.0,845.0,23.03,72.58
2025-06-08 10:00:00,34.4,50,10.2,278,0.0,1040.0,23.03,72.58
2025-06-08 11:00:00,36.4,41,9.4,278,0.0,1370.0,23.03,72.58
2025-06-08 12:00:00,38.1,35,9.1,277,0.0,1715.0,23.03,72.58
2025-06-08 13:00:00,39.4,31,8.8,275,0.0,1900.0,23.03,72.58
2025-06-08 14:00:00,40.3,28,8.9,277,0.0,2055.0,23.03,72.58
2025-06-08 15:00:00,40.7,27,8.6,272,0.0,2355.0,23.03,72.58
2025-06-08 16:00:00,40.8,27,10.0,262,0.0,2590.0,23.03,72.58
2025-06-08 17:00:00,40.3,27,11.4,239,0.0,2240.0,23.03,72.58
2025-06-08 18:00:00,39.1,28,11.2,242,0.1,2175.0,23.03,72.58
2025-06-08 19:00:00,38.7,29,11.3,253,0.0,1985.0,23.03,72.58
2025-06-08 20:00:00,37.3,33,12.0,225,0.0,705.0,23.03,72.58
2025-06-08 21:00:00,35.1,43,11.7,214,0.0,595.0,23.03,72.58
2025-06-08 22:00:00,33.8,51,11.2,215,0.0,675.0,23.03,72.58
2025-06-08 23:00:00,33.4,49,11.8,257,0.0,645.0,23.03,72.58
2025-06-09 00:00:00,32.4,48,13.9,269,0.0,680.0,23.03,72.58
2025-06-09 01:00:00,31.6,50,14.6,271,0.0,640.0,23.03,72.58
2025-06-09 02:00:00,30.8,55,13.9,272,0.0,615.0,23.03,72.58
2025-06-09 03:00:00,30.0,62,14.1,277,0.0,610.0,23.03,72.58
2025-06-09 04:00:00,29.4,67,12.9,285,0.0,615.0,23.03,72.58
2025-06-09 05:00:00,29.0,69,11.9,288,0.0,630.0,23.03,72.58
2025-06-09 06:00:00,29.6,70,12.7,283,0.0,685.0,23.03,72.58
2025-06-09 07:00:00,30.2,68,13.5,282,0.0,700.0,23.03,72.58
2025-06-09 08:00:00,31.4,63,12.4,280,0.0,770.0,23.03,72.58
2025-06-09 09:00:00,33.4,53,13.2,281,0.0,875.0,23.03,72.58
2025-06-09 10:00:00,35.4,44,13.1,283,0.0,1075.0,23.03,72.58
2025-06-09 11:00:00,37.2,38,12.9,283,0.0,1415.0,23.03,72.58
2025-06-09 12:00:00,38.7,34,12.7,282,0.0,1710.0,23.03,72.58
2025-06-09 13:00:00,39.7,31,13.4,284,0.0,1880.0,23.03,72.58
2025-06-09 14:00:00,40.6,29,13.4,285,0.0,2075.0,23.03,72.58
2025-06-09 15:00:00,41.0,28,13.2,284,0.0,2315.0,23.03,72.58
2025-06-09 16:00:00,40.9,28,13.0,284,0.0,2505.0,23.03,72.58
2025-06-09 17:00:00,39.8,30,15.4,275,0.0,2245.0,23.03,72.58
2025-06-09 18:00:00,38.5,34,14.3,274,0.0,1930.0,23.03,72.58
2025-06-09 19:00:00,37.5,35,11.7,249,0.0,1420.0,23.03,72.58
2025-06-09 20:00:00,36.2,40,10.1,239,0.0,685.0,23.03,72.58
2025-06-09 21:00:00,36.1,39,11.6,258,0.0,920.0,23.03,72.58
2025-06-09 22:00:00,35.2,38,11.7,253,0.0,690.0,23.03,72.58
2025-06-09 23:00:00,34.0,39,12.9,257,0.0,550.0,23.03,72.58
2025-06-10 00:00:00,32.5,43,14.4,266,0.0,480.0,23.03,72.58
2025-06-10 01:00:00,31.4,49,13.0,274,0.0,490.0,23.03,72.58
2025-06-10 02:00:00,30.4,60,12.6,275,0.0,530.0,23.03,72.58
2025-06-10 03:00:00,29.8,66,12.9,278,0.0,560.0,23.03,72.58
2025-06-10 04:00:00,29.3,69,13.9,287,0.0,575.0,23.03,72.58
2025-06-10 05:00:00,28.9,71,13.9,291,0.0,580.0,23.03,72.58
2025-06-10 06:00:00,29.3,71,13.6,290,0.0,595.0,23.03,72.58
2025-06-10 07:00:00,29.9,69,13.5,291,0.0,680.0,23.03,72.58
2025-06-10 08:00:00,31.1,64,13.4,297,0.0,750.0,23.03,72.58
2025-06-10 09:00:00,32.8,57,12.3,295,0.0,840.0,23.03,72.58
2025-06-10 10:00:00,34.6,50,10.9,292,0.0,1005.0,23.03,72.58
2025-06-10 11:00:00,36.4,43,9.5,285,0.0,1255.0,23.03,72.58
2025-06-10 12:00:00,38.0,37,9.7,281,0.0,1485.0,23.03,72.58
2025-06-10 13:00:00,39.1,34,10.3,282,0.0,1610.0,23.03,72.58
2025-06-10 14:00:00,40.0,32,10.4,281,0.0,1765.0,23.03,72.58
2025-06-10 15:00:00,40.4,30,10.5,276,0.0,1930.0,23.03,72.58
2025-06-10 16:00:00,40.5,29,10.3,277,0.0,2055.0,23.03,72.58
2025-06-10 17:00:00,40.1,29,13.4,278,0.0,1920.0,23.03,72.58
2025-06-10 18:00:00,39.2,29,13.6,285,0.0,1890.0,23.03,72.58
2025-06-10 19:00:00,38.3,34,11.7,288,0.0,1720.0,23.03,72.58
2025-06-10 20:00:00,37.6,36,10.8,269,0.0,1505.0,23.03,72.58
2025-06-10 21:00:00,36.8,32,14.8,271,0.0,855.0,23.03,72.58
2025-06-10 22:00:00,35.8,31,14.6,274,0.0,500.0,23.03,72.58
2025-06-10 23:00:00,34.5,33,14.4,279,0.0,420.0,23.03,72.58
2025-06-11 00:00:00,32.7,41,16.3,281,0.0,475.0,23.03,72.58
2025-06-11 01:00:00,31.2,50,14.8,284,0.0,510.0,23.03,72.58
2025-06-11 02:00:00,30.3,57,10.5,283,0.0,540.0,23.03,72.58
2025-06-11 03:00:00,29.5,64,13.0,287,0.0,555.0,23.03,72.58
2025-06-11 04:00:00,29.0,67,14.9,291,0.0,560.0,23.03,72.58
2025-06-11 05:00:00,28.5,71,14.8,294,0.0,560.0,23.03,72.58
2025-06-11 06:00:00,29.0,72,14.3,295,0.0,560.0,23.03,72.58
2025-06-11 07:00:00,29.6,69,10.7,300,0.0,635.0,23.03,72.58
2025-06-11 08:00:00,30.8,64,10.9,299,0.0,705.0,23.03,72.58
2025-06-11 09:00:00,32.5,55,10.4,300,0.0,815.0,23.03,72.58
2025-06-11 10:00:00,34.5,46,10.7,297,0.0,925.0,23.03,72.58
2025-06-11 11:00:00,36.5,38,11.0,295,0.0,1040.0,23.03,72.58
2025-06-11 12:00:00,38.3,32,10.5,294,0.0,1195.0,23.03,72.58
2025-06-11 13:00:00,39.7,28,10.5,294,0.0,1360.0,23.03,72.58
2025-06-11 14:00:00,40.8,25,10.4,293,0.0,1555.0,23.03,72.58
2025-06-11 15:00:00,41.4,23,11.1,295,0.0,1740.0,23.03,72.58
2025-06-11 16:00:00,41.5,23,12.2,298,0.0,1790.0,23.03,72.58
2025-06-11 17:00:00,41.0,24,11.5,300,0.0,1730.0,23.03,72.58
2025-06-11 18:00:00,40.1,26,10.7,297,0.0,1645.0,23.03,72.58
2025-06-11 19:00:00,39.4,28,9.0,292,0.0,1475.0,23.03,72.58
2025-06-11 20:00:00,38.6,29,10.5,276,0.0,760.0,23.03,72.58
2025-06-11 21:00:00,37.8,28,11.6,283,0.0,565.0,23.03,72.58
2025-06-11 22:00:00,36.6,33,15.0,276,0.0,550.0,23.03,72.58
2025-06-11 23:00:00,34.9,40,16.0,284,0.0,510.0,23.03,72.58
2025-06-12 00:00:00,33.1,47,15.6,289,0.0,470.0,23.03,72.58
2025-06-12 01:00:00,31.9,50,15.6,294,0.0,470.0,23.03,72.58
2025-06-12 02:00:00,30.8,62,14.1,300,0.0,520.0,23.03,72.58
2025-06-12 03:00:00,30.1,67,13.0,297,0.0,560.0,23.03,72.58
2025-06-12 04:00:00,29.7,67,13.6,294,0.0,575.0,23.03,72.58
2025-06-12 05:00:00,29.3,67,13.5,293,0.0,580.0,23.03,72.58
2025-06-12 06:00:00,29.6,67,12.5,291,0.0,570.0,23.03,72.58
2025-06-12 07:00:00,30.0,65,12.1,297,0.0,610.0,23.03,72.58
2025-06-12 08:00:00,31.0,63,11.8,299,0.0,665.0,23.03,72.58
2025-06-12 09:00:00,32.8,55,10.7,299,0.0,750.0,23.03,72.58
2025-06-12 10:00:00,34.9,46,9.4,301,0.0,890.0,23.03,72.58
2025-06-12 11:00:00,37.0,38,8.5,302,0.0,1080.0,23.03,72.58
2025-06-12 12:00:00,38.8,31,8.5,306,0.0,1245.0,23.03,72.58
2025-06-12 13:00:00,40.4,25,10.1,305,0.0,1325.0,23.03,72.58
2025-06-12 14:00:00,41.5,23,10.7,303,0.0,1375.0,23.03,72.58
2025-06-12 15:00:00,42.1,22,11.0,302,0.0,1610.0,23.03,72.58
2025-06-12 16:00:00,42.1,21,11.5,304,0.0,1615.0,23.03,72.58
2025-06-12 17:00:00,42.0,21,11.4,303,0.0,1740.0,23.03,72.58
2025-06-12 18:00:00,42.0,22,10.2,306,0.0,2135.0,23.03,72.58
2025-06-12 19:00:00,41.0,25,9.1,292,0.0,1595.0,23.03,72.58
2025-06-12 20:00:00,39.9,29,10.0,283,0.0,560.0,23.03,72.58
2025-06-12 21:00:00,39.0,31,12.2,278,0.0,595.0,23.03,72.58
2025-06-12 22:00:00,37.7,35,16.3,277,0.0,660.0,23.03,72.58
2025-06-12 23:00:00,35.4,46,15.9,280,0.0,545.0,23.03,72.58
2025-06-13 00:00:00,33.9,49,12.7,276,0.0,455.0,23.03,72.58
2025-06-13 01:00:00,32.8,54,8.1,275,0.0,490.0,23.03,72.58
2025-06-13 02:00:00,32.1,60,7.9,266,0.0,510.0,23.03,72.58
2025-06-13 03:00:00,31.3,66,10.4,278,0.0,510.0,23.03,72.58
2025-06-13 04:00:00,30.5,69,11.6,282,0.0,475.0,23.03,72.58
2025-06-13 05:00:00,29.9,71,11.9,285,0.0,465.0,23.03,72.58
2025-06-13 06:00:00,30.4,71,10.8,252,0.0,560.0,23.03,72.58
2025-06-13 07:00:00,30.6,71,11.3,253,0.0,615.0,23.03,72.58
2025-06-13 08:00:00,31.6,67,12.0,234,0.0,795.0,23.03,72.58
2025-06-13 09:00:00,32.9,62,10.5,250,0.0,785.0,23.03,72.58
2025-06-13 10:00:00,34.2,56,11.7,267,0.0,825.0,23.03,72.58
2025-06-13 11:00:00,36.1,49,12.1,271,0.0,965.0,23.03,72.58
2025-06-13 12:00:00,37.2,44,10.3,276,0.0,1095.0,23.03,72.58
2025-06-13 13:00:00,38.2,39,7.8,293,0.0,1195.0,23.03,72.58
2025-06-13 14:00:00,38.8,36,6.1,302,0.0,1370.0,23.03,72.58
2025-06-13 15:00:00,39.9,33,6.8,307,0.0,1645.0,23.03,72.58
2025-06-13 16:00:00,40.8,30,7.8,312,0.0,1880.0,23.03,72.58
2025-06-13 17:00:00,40.8,30,7.4,302,0.0,2075.0,23.03,72.58
2025-06-13 18:00:00,39.8,31,10.6,302,0.0,2220.0,23.03,72.58
2025-06-13 19:00:00,39.3,31,7.0,291,0.0,1570.0,23.03,72.58
2025-06-13 20:00:00,38.7,33,6.3,239,0.0,440.0,23.03,72.58
2025-06-13 21:00:00,37.8,36,11.2,228,0.0,720.0,23.03,72.58
2025-06-13 22:00:00,35.6,42,10.7,234,0.0,555.0,23.03,72.58
2025-06-13 23:00:00,34.7,45,9.2,235,0.0,480.0,23.03,72.58
2025-06-14 00:00:00,33.8,49,10.0,247,0.0,500.0,23.03,72.58
2025-06-14 01:00:00,32.7,53,9.6,261,0.0,510.0,23.03,72.58
2025-06-14 02:00:00,31.8,57,7.7,267,0.0,505.0,23.03,72.58
2025-06-14 03:00:00,31.3,60,6.7,265,0.0,485.0,23.03,72.58
2025-06-14 04:00:00,30.9,64,6.2,277,0.0,470.0,23.03,72.58
2025-06-14 05:00:00,30.6,68,6.9,287,0.0,455.0,23.03,72.58
2025-06-14 06:00:00,30.6,73,8.7,283,0.0,545.0,23.03,72.58
2025-06-14 07:00:00,31.2,71,8.4,280,0.0,570.0,23.03,72.58
2025-06-14 08:00:00,32.4,65,7.7,288,0.0,640.0,23.03,72.58
2025-06-14 09:00:00,33.8,58,6.9,298,0.0,825.0,23.03,72.58
2025-06-14 10:00:00,31.2,73,13.0,2,8.3,590.0,23.03,72.58
2025-06-14 11:00:00,30.0,78,2.2,261,3.1,220.0,23.03,72.58
2025-06-14 12:00:00,30.7,76,6.3,342,0.0,405.0,23.03,72.58
2025-06-14 13:00:00,33.4,65,6.7,6,0.0,735.0,23.03,72.58
2025-06-14 14:00:00,35.1,57,4.9,356,0.0,870.0,23.03,72.58
2025-06-14 15:00:00,35.8,54,4.2,12,0.0,950.0,23.03,72.58
2025-06-14 16:00:00,36.3,52,3.6,360,0.0,1050.0,23.03,72.58
2025-06-14 17:00:00,36.3,51,1.7,342,0.0,1050.0,23.03,72.58
2025-06-14 18:00:00,34.1,64,4.0,120,0.0,155.0,23.03,72.58
2025-06-14 19:00:00,33.4,70,5.8,141,0.0,115.0,23.03,72.58
2025-06-14 20:00:00,33.0,70,5.8,144,0.0,145.0,23.03,72.58
2025-06-14 21:00:00,32.7,71,3.8,191,0.0,60.0,23.03,72.58
2025-06-14 22:00:00,32.1,73,6.5,194,0.0,105.0,23.03,72.58
2025-06-14 23:00:00,31.8,73,6.5,180,0.0,100.0,23.03,72.58
2025-06-15 00:00:00,31.3,74,6.4,190,0.0,120.0,23.03,72.58
2025-06-15 01:00:00,30.9,75,5.2,186,0.0,80.0,23.03,72.58
2025-06-15 02:00:00,30.4,77,5.0,210,0.0,60.0,23.03,72.58
2025-06-15 03:00:00,30.2,78,5.3,262,0.0,65.0,23.03,72.58
2025-06-15 04:00:00,30.0,77,6.9,279,0.0,190.0,23.03,72.58
2025-06-15 05:00:00,29.6,78,7.7,288,0.0,260.0,23.03,72.58
2025-06-15 06:00:00,27.1,85,2.2,145,0.0,65.0,23.03,72.58
2025-06-15 07:00:00,27.7,83,2.2,235,0.0,230.0,23.03,72.58
2025-06-15 08:00:00,28.8,79,4.2,280,0.0,380.0,23.03,72.58
2025-06-15 09:00:00,30.0,75,5.1,302,0.0,595.0,23.03,72.58
2025-06-15 10:00:00,31.4,69,3.8,315,0.0,770.0,23.03,72.58
2025-06-15 11:00:00,32.9,62,3.2,326,0.0,950.0,23.03,72.58
2025-06-15 12:00:00,34.1,56,1.6,297,0.0,1155.0,23.03,72.58
2025-06-15 13:00:00,34.9,52,2.9,292,0.0,1255.0,23.03,72.58
2025-06-15 14:00:00,35.4,49,1.5,330,0.0,1265.0,23.03,72.58
2025-06-15 15:00:00,36.0,45,2.0,170,0.0,1270.0,23.03,72.58
2025-06-15 16:00:00,36.0,44,3.1,173,0.0,1155.0,23.03,72.58
2025-06-15 17:00:00,36.1,42,3.0,142,0.0,890.0,23.03,72.58
2025-06-15 18:00:00,34.0,57,5.2,241,0.0,205.0,23.03,72.58
2025-06-15 19:00:00,32.7,64,0.2,90,0.0,10.0,23.03,72.58
2025-06-15 20:00:00,31.8,73,2.2,166,0.0,15.0,23.03,72.58
2025-06-15 21:00:00,31.8,66,10.4,252,0.0,260.0,23.03,72.58
2025-06-15 22:00:00,31.1,67,7.6,266,0.0,245.0,23.03,72.58
2025-06-15 23:00:00,30.4,69,6.9,300,0.0,150.0,23.03,72.58
2025-06-16 00:00:00,30.1,68,8.1,267,0.0,210.0,23.03,72.58
2025-06-16 01:00:00,29.8,70,7.3,263,0.0,125.0,23.03,72.58
2025-06-16 02:00:00,29.5,74,6.7,284,0.0,125.0,23.03,72.58
2025-06-16 03:00:00,29.2,78,7.0,316,0.0,155.0,23.03,72.58
2025-06-16 04:00:00,29.0,80,3.4,342,0.0,65.0,23.03,72.58
2025-06-16 05:00:00,28.6,83,2.8,325,0.0,30.0,23.03,72.58
2025-06-16 06:00:00,28.8,82,6.0,107,0.0,250.0,23.03,72.58
2025-06-16 07:00:00,28.4,82,4.1,142,1.2,185.0,23.03,72.58
2025-06-16 08:00:00,28.4,85,5.9,192,0.1,240.0,23.03,72.58
2025-06-16 09:00:00,30.6,76,1.6,153,0.0,430.0,23.03,72.58
2025-06-16 10:00:00,32.3,69,1.6,63,0.0,670.0,23.03,72.58
2025-06-16 11:00:00,32.0,69,1.7,58,0.0,675.0,23.03,72.58
2025-06-16 12:00:00,32.6,67,2.3,356,0.0,915.0,23.03,72.58
2025-06-16 13:00:00,34.0,64,3.4,360,0.0,1325.0,23.03,72.58
2025-06-16 14:00:00,34.5,61,3.8,355,0.0,1465.0,23.03,72.58
2025-06-16 15:00:00,34.3,59,7.3,138,1.6,600.0,23.03,72.58
2025-06-16 16:00:00,29.3,86,11.0,194,7.0,330.0,23.03,72.58
2025-06-16 17:00:00,27.7,90,6.2,163,11.6,260.0,23.03,72.58
2025-06-16 18:00:00,27.7,91,7.6,54,7.4,225.0,23.03,72.58
2025-06-16 19:00:00,27.8,94,9.7,34,1.0,310.0,23.03,72.58
2025-06-16 20:00:00,27.8,92,8.7,73,0.6,365.0,23.03,72.58
2025-06-16 21:00:00,27.8,93,8.5,65,0.3,445.0,23.03,72.58
2025-06-16 22:00:00,27.8,90,7.2,68,0.4,365.0,23.03,72.58
2025-06-16 23:00:00,27.5,92,10.3,77,0.0,465.0,23.03,72.58
2025-06-17 00:00:00,27.1,90,8.4,81,0.0,435.0,23.03,72.58
2025-06-17 01:00:00,27.0,89,6.9,70,0.1,475.0,23.03,72.58
2025-06-17 02:00:00,26.7,88,6.7,74,0.0,530.0,23.03,72.58
2025-06-17 03:00:00,26.8,86,3.6,30,0.0,460.0,23.03,72.58
2025-06-17 04:00:00,26.8,86,4.9,350,0.0,445.0,23.03,72.58
2025-06-17 05:00:00,26.8,87,5.0,316,0.0,380.0,23.03,72.58
2025-06-17 06:00:00,26.5,92,7.7,336,2.4,305.0,23.03,72.58
2025-06-17 07:00:00,26.8,90,9.1,346,1.8,375.0,23.03,72.58
2025-06-17 08:00:00,27.6,85,4.4,328,0.1,480.0,23.03,72.58
2025-06-17 09:00:00,27.9,83,7.8,316,0.1,530.0,23.03,72.58
2025-06-17 10:00:00,28.9,77,6.8,307,0.1,740.0,23.03,72.58
2025-06-17 11:00:00,29.3,75,7.6,265,0.0,655.0,23.03,72.58
2025-06-17 12:00:00,29.7,73,9.6,257,0.0,690.0,23.03,72.58
2025-06-17 13:00:00,30.3,72,10.1,271,0.2,850.0,23.03,72.58
2025-06-17 14:00:00,30.9,68,7.4,264,0.0,970.0,23.03,72.58
2025-06-17 15:00:00,31.6,65,10.6,251,0.4,1120.0,23.03,72.58
2025-06-17 16:00:00,31.4,65,15.6,234,0.4,890.0,23.03,72.58
2025-06-17 17:00:00,29.1,81,11.9,218,0.1,525.0,23.03,72.58
2025-06-17 18:00:00,28.1,91,11.1,222,0.2,755.0,23.03,72.58
2025-06-17 19:00:00,27.5,89,13.5,210,1.1,565.0,23.03,72.58
2025-06-17 20:00:00,27.0,91,11.6,204,0.1,410.0,23.03,72.58
2025-06-17 21:00:00,27.1,92,8.6,210,0.2,325.0,23.03,72.58
2025-06-17 22:00:00,27.1,90,9.6,197,0.0,360.0,23.03,72.58
2025-06-17 23:00:00,27.2,88,8.9,205,0.0,395.0,23.03,72.58
2025-06-18 00:00:00,27.2,87,8.1,208,0.0,350.0,23.03,72.58
2025-06-18 01:00:00,27.1,88,7.8,202,0.0,320.0,23.03,72.58
2025-06-18 02:00:00,26.9,89,6.4,209,0.0,235.0,23.03,72.58
2025-06-18 03:00:00,26.7,90,7.3,224,0.0,310.0,23.03,72.58
2025-06-18 04:00:00,26.5,93,9.1,263,0.1,455.0,23.03,72.58
2025-06-18 05:00:00,26.3,94,8.0,275,0.1,415.0,23.03,72.58
2025-06-18 06:00:00,26.6,93,8.7,297,0.2,315.0,23.03,72.58
2025-06-18 07:00:00,27.5,89,10.7,300,0.1,605.0,23.03,72.58
2025-06-18 08:00:00,28.6,83,9.4,299,0.0,700.0,23.03,72.58
2025-06-18 09:00:00,29.4,79,7.1,286,0.0,705.0,23.03,72.58
2025-06-18 10:00:00,30.6,73,8.5,269,0.0,885.0,23.03,72.58
2025-06-18 11:00:00,32.2,66,13.7,275,0.0,1125.0,23.03,72.58
2025-06-18 12:00:00,33.0,64,12.6,268,0.0,1315.0,23.03,72.58
2025-06-18 13:00:00,33.3,63,10.8,270,0.1,1390.0,23.03,72.58
2025-06-18 14:00:00,30.5,78,13.2,215,2.1,480.0,23.03,72.58
2025-06-18 15:00:00,32.3,71,9.9,237,0.4,1085.0,23.03,72.58
2025-06-18 16:00:00,31.8,70,13.5,233,0.1,800.0,23.03,72.58
2025-06-18 17:00:00,31.6,71,12.7,213,0.0,830.0,23.03,72.58
2025-06-18 18:00:00,29.3,83,10.8,201,0.0,415.0,23.03,72.58
2025-06-18 19:00:00,28.1,87,11.2,225,2.4,400.0,23.03,72.58
2025-06-18 20:00:00,27.9,89,8.0,208,1.2,285.0,23.03,72.58
2025-06-18 21:00:00,27.9,91,9.9,199,0.1,295.0,23.03,72.58
2025-06-18 22:00:00,28.1,90,8.9,223,0.0,415.0,23.03,72.58
2025-06-18 23:00:00,28.4,84,9.8,234,0.0,535.0,23.03,72.58
2025-06-19 00:00:00,28.6,78,11.0,244,0.0,720.0,23.03,72.58
2025-06-19 01:00:00,28.4,82,12.2,254,0.0,775.0,23.03,72.58
2025-06-19 02:00:00,28.3,85,10.8,249,0.0,780.0,23.03,72.58
2025-06-19 03:00:00,28.3,86,11.1,245,0.0,765.0,23.03,72.58
2025-06-19 04:00:00,28.1,87,11.1,250,0.1,835.0,23.03,72.58
2025-06-19 05:00:00,28.1,87,11.4,259,0.0,895.0,23.03,72.58
2025-06-19 06:00:00,27.3,89,9.6,256,0.0,520.0,23.03,72.58
2025-06-19 07:00:00,27.9,88,10.0,261,0.0,710.0,23.03,72.58
2025-06-19 08:00:00,28.9,84,11.9,260,0.0,805.0,23.03,72.58
2025-06-19 09:00:00,29.8,79,14.1,260,0.1,870.0,23.03,72.58
2025-06-19 10:00:00,30.4,76,12.7,255,0.0,935.0,23.03,72.58
2025-06-19 11:00:00,31.6,70,10.3,251,0.0,1215.0,23.03,72.58
2025-06-19 12:00:00,31.8,68,6.9,219,0.0,840.0,23.03,72.58
2025-06-19 13:00:00,32.6,65,6.8,220,0.0,1185.0,23.03,72.58
2025-06-19 14:00:00,33.3,64,6.1,199,0.0,1045.0,23.03,72.58
2025-06-19 15:00:00,33.9,60,7.4,229,0.0,1195.0,23.03,72.58
2025-06-19 16:00:00,33.9,58,9.8,242,0.0,1005.0,23.03,72.58
2025-06-19 17:00:00,32.9,63,5.5,226,0.0,205.0,23.03,72.58
2025-06-19 18:00:00,31.8,66,9.0,193,0.0,400.0,23.03,72.58
2025-06-19 19:00:00,30.8,72,7.8,218,0.0,300.0,23.03,72.58
2025-06-19 20:00:00,30.4,69,8.8,266,0.0,530.0,23.03,72.58
2025-06-19 21:00:00,30.1,69,9.3,252,0.0,630.0,23.03,72.58
2025-06-19 22:00:00,29.5,72,7.0,228,0.0,305.0,23.03,72.58
2025-06-19 23:00:00,28.9,75,8.2,220,0.0,350.0,23.03,72.58
2025-06-20 00:00:00,28.7,75,11.9,231,0.0,695.0,23.03,72.58
2025-06-20 01:00:00,28.5,77,11.9,238,0.0,915.0,23.03,72.58
2025-06-20 02:00:00,28.2,78,12.1,245,0.0,915.0,23.03,72.58
2025-06-20 03:00:00,27.9,80,10.4,244,0.0,870.0,23.03,72.58
2025-06-20 04:00:00,27.7,81,9.4,234,0.0,785.0,23.03,72.58
2025-06-20 05:00:00,27.4,82,10.1,226,0.0,705.0,23.03,72.58
2025-06-20 06:00:00,28.1,83,10.2,224,0.0,730.0,23.03,72.58
2025-06-20 07:00:00,28.7,80,8.7,223,0.0,910.0,23.03,72.58
2025-06-20 08:00:00,29.5,75,14.8,234,0.1,950.0,23.03,72.58
2025-06-20 09:00:00,30.3,70,14.1,248,0.1,1110.0,23.03,72.58
2025-06-20 10:00:00,31.7,62,14.0,246,0.0,1385.0,23.03,72.58
2025-06-20 11:00:00,32.9,57,13.9,237,0.0,1625.0,23.03,72.58
2025-06-20 12:00:00,33.6,54,15.1,231,0.0,1565.0,23.03,72.58
2025-06-20 13:00:00,34.2,52,14.3,224,0.0,1700.0,23.03,72.58
2025-06-20 14:00:00,34.4,50,15.0,224,0.0,1585.0,23.03,72.58
2025-06-20 15:00:00,34.7,50,13.0,231,0.1,1570.0,23.03,72.58
2025-06-20 16:00:00,34.0,53,11.1,256,0.0,1410.0,23.03,72.58
2025-06-20 17:00:00,32.7,60,9.4,262,0.0,865.0,23.03,72.58
2025-06-20 18:00:00,26.8,89,9.5,179,3.6,185.0,23.03,72.58
2025-06-20 19:00:00,27.2,82,11.6,159,0.3,150.0,23.03,72.58
2025-06-20 20:00:00,27.6,84,7.5,170,0.0,190.0,23.03,72.58
2025-06-20 21:00:00,27.7,88,5.2,94,0.2,95.0,23.03,72.58
2025-06-20 22:00:00,27.9,89,5.5,136,0.2,90.0,23.03,72.58
2025-06-20 23:00:00,27.9,88,7.4,176,0.0,145.0,23.03,72.58
2025-06-21 00:00:00,28.2,82,7.9,204,0.0,290.0,23.03,72.58
2025-06-21 01:00:00,28.1,79,10.6,249,0.1,385.0,23.03,72.58
2025-06-21 02:00:00,27.8,83,8.1,242,0.0,245.0,23.03,72.58
2025-06-21 03:00:00,27.5,83,7.1,223,0.0,300.0,23.03,72.58
2025-06-21 04:00:00,27.8,81,9.8,242,0.0,520.0,23.03,72.58
2025-06-21 05:00:00,27.9,82,10.1,231,0.0,585.0,23.03,72.58
2025-06-21 06:00:00,27.8,83,8.5,232,0.3,385.0,23.03,72.58
2025-06-21 07:00:00,28.3,83,9.7,231,0.1,595.0,23.03,72.58
2025-06-21 08:00:00,29.5,78,10.8,249,0.0,800.0,23.03,72.58
2025-06-21 09:00:00,29.9,75,10.6,247,0.1,800.0,23.03,72.58
2025-06-21 10:00:00,30.3,73,10.3,237,0.1,830.0,23.03,72.58
2025-06-21 11:00:00,30.4,72,10.2,239,0.1,905.0,23.03,72.58
2025-06-21 12:00:00,31.1,68,10.7,245,0.0,935.0,23.03,72.58
2025-06-21 13:00:00,31.9,64,9.6,250,0.0,985.0,23.03,72.58
2025-06-21 14:00:00,32.6,61,8.4,254,0.0,1190.0,23.03,72.58
2025-06-21 15:00:00,31.0,67,5.7,298,0.2,410.0,23.03,72.58
2025-06-21 16:00:00,29.8,79,5.1,27,0.8,120.0,23.03,72.58
2025-06-21 17:00:00,28.2,88,3.4,264,1.6,315.0,23.03,72.58
2025-06-21 18:00:00,27.4,94,5.8,164,4.7,205.0,23.03,72.58
2025-06-21 19:00:00,27.2,95,7.0,184,1.2,270.0,23.03,72.58
2025-06-21 20:00:00,26.8,95,5.9,218,2.1,185.0,23.03,72.58
2025-06-21 21:00:00,26.5,94,9.9,182,1.2,265.0,23.03,72.58
2025-06-21 22:00:00,25.7,95,9.8,197,0.3,155.0,23.03,72.58
2025-06-21 23:00:00,25.7,93,10.9,188,0.1,245.0,23.03,72.58
2025-06-22 00:00:00,25.9,93,11.4,198,0.8,330.0,23.03,72.58
2025-06-22 01:00:00,26.0,91,11.5,207,0.0,335.0,23.03,72.58
2025-06-22 02:00:00,26.2,90,10.2,211,0.0,370.0,23.03,72.58
2025-06-22 03:00:00,26.3,90,11.3,207,0.0,405.0,23.03,72.58
2025-06-22 04:00:00,26.5,90,10.4,214,0.0,430.0,23.03,72.58
2025-06-22 05:00:00,26.7,89,9.3,214,0.0,485.0,23.03,72.58
2025-06-22 06:00:00,27.2,88,9.6,227,0.0,490.0,23.03,72.58
2025-06-22 07:00:00,28.1,85,6.8,241,0.0,530.0,23.03,72.58
2025-06-22 08:00:00,28.8,82,9.3,230,0.0,530.0,23.03,72.58
2025-06-22 09:00:00,29.9,76,9.9,241,0.1,715.0,23.03,72.58
2025-06-22 10:00:00,30.9,72,9.3,233,0.1,885.0,23.03,72.58
2025-06-22 11:00:00,31.6,68,8.2,220,0.0,985.0,23.03,72.58
2025-06-22 12:00:00,32.6,63,8.6,213,0.0,1140.0,23.03,72.58
2025-06-22 13:00:00,33.0,59,10.3,207,0.0,1195.0,23.03,72.58
2025-06-22 14:00:00,33.1,58,11.4,204,0.1,1185.0,23.03,72.58
2025-06-22 15:00:00,32.3,62,13.5,196,0.3,975.0,23.03,72.58
2025-06-22 16:00:00,32.0,67,11.0,185,0.0,855.0,23.03,72.58
2025-06-22 17:00:00,31.0,72,13.9,199,0.0,795.0,23.03,72.58
2025-06-22 18:00:00,30.0,76,9.6,183,0.1,695.0,23.03,72.58
2025-06-22 19:00:00,29.7,77,9.5,189,0.0,720.0,23.03,72.58
2025-06-22 20:00:00,29.1,80,8.9,193,0.0,610.0,23.03,72.58
2025-06-22 21:00:00,28.5,82,7.4,180,0.0,400.0,23.03,72.58
2025-06-22 22:00:00,27.8,87,10.3,187,0.0,455.0,23.03,72.58
2025-06-22 23:00:00,27.5,88,9.7,192,0.0,485.0,23.03,72.58
2025-06-23 00:00:00,27.2,89,9.7,195,0.0,550.0,23.03,72.58
2025-06-23 01:00:00,27.1,89,10.6,198,0.0,575.0,23.03,72.58
2025-06-23 02:00:00,27.1,89,8.9,207,0.0,565.0,23.03,72.58
2025-06-23 03:00:00,27.0,89,8.1,215,0.1,550.0,23.03,72.58
2025-06-23 04:00:00,26.8,89,8.4,223,0.1,505.0,23.03,72.58
2025-06-23 05:00:00,26.6,89,8.4,227,0.3,435.0,23.03,72.58
2025-06-23 06:00:00,26.9,92,6.2,224,0.0,325.0,23.03,72.58
2025-06-23 07:00:00,27.6,89,5.4,214,0.0,390.0,23.03,72.58
2025-06-23 08:00:00,27.9,88,5.0,240,0.0,455.0,23.03,72.58
2025-06-23 09:00:00,28.6,85,6.0,241,0.0,560.0,23.03,72.58
2025-06-23 10:00:00,29.0,83,4.5,236,0.2,580.0,23.03,72.58
2025-06-23 11:00:00,29.6,81,6.0,224,0.1,665.0,23.03,72.58
2025-06-23 12:00:00,30.1,78,4.6,244,0.3,680.0,23.03,72.58
2025-06-23 13:00:00,30.6,75,6.6,241,0.1,720.0,23.03,72.58
2025-06-23 14:00:00,30.8,74,8.8,221,0.1,835.0,23.03,72.58
2025-06-23 15:00:00,31.3,72,8.5,228,0.1,945.0,23.03,72.58
2025-06-23 16:00:00,30.9,74,8.5,232,0.2,870.0,23.03,72.58
2025-06-23 17:00:00,28.0,86,8.5,187,3.5,470.0,23.03,72.58
2025-06-23 18:00:00,26.7,92,8.1,208,3.1,305.0,23.03,72.58
2025-06-23 19:00:00,26.4,96,7.5,188,3.8,275.0,23.03,72.58
2025-06-23 20:00:00,26.4,95,7.6,198,0.5,265.0,23.03,72.58
2025-06-23 21:00:00,26.5,95,9.0,202,0.5,265.0,23.03,72.58
2025-06-23 22:00:00,26.5,95,8.6,202,0.1,335.0,23.03,72.58
2025-06-23 23:00:00,26.5,95,9.3,208,0.0,360.0,23.03,72.58
2025-06-24 00:00:00,26.4,95,9.2,208,0.0,410.0,23.03,72.58
2025-06-24 01:00:00,26.4,95,8.6,213,0.0,410.0,23.03,72.58
2025-06-24 02:00:00,26.5,94,9.6,218,0.0,480.0,23.03,72.58
2025-06-24 03:00:00,26.6,93,10.1,227,0.0,515.0,23.03,72.58
2025-06-24 04:00:00,26.6,93,8.2,238,0.0,390.0,23.03,72.58
2025-06-24 05:00:00,26.6,93,8.1,233,0.0,360.0,23.03,72.58
2025-06-24 06:00:00,27.0,93,10.0,240,0.2,460.0,23.03,72.58
2025-06-24 07:00:00,28.0,88,11.1,253,0.1,650.0,23.03,72.58
2025-06-24 08:00:00,28.6,84,12.1,260,0.1,695.0,23.03,72.58
2025-06-24 09:00:00,29.5,80,11.5,256,0.1,750.0,23.03,72.58
2025-06-24 10:00:00,30.4,75,11.7,256,0.2,965.0,23.03,72.58
2025-06-24 11:00:00,31.2,71,12.1,259,0.1,1115.0,23.03,72.58
2025-06-24 12:00:00,31.2,70,10.7,253,0.9,1065.0,23.03,72.58
2025-06-24 13:00:00,31.6,67,11.9,239,0.0,1110.0,23.03,72.58
2025-06-24 14:00:00,31.6,67,12.0,229,0.0,1040.0,23.03,72.58
2025-06-24 15:00:00,31.6,66,12.4,236,0.0,995.0,23.03,72.58
2025-06-24 16:00:00,31.6,65,12.2,239,0.0,1045.0,23.03,72.58
2025-06-24 17:00:00,31.2,67,11.4,243,0.0,970.0,23.03,72.58
2025-06-24 18:00:00,28.4,88,5.7,191,0.1,380.0,23.03,72.58
2025-06-24 19:00:00,28.0,91,7.2,180,0.1,235.0,23.03,72.58
2025-06-24 20:00:00,27.7,92,6.8,178,0.0,190.0,23.03,72.58
2025-06-24 21:00:00,27.7,92,7.9,167,0.0,235.0,23.03,72.58
2025-06-24 22:00:00,27.3,94,7.8,142,1.2,290.0,23.03,72.58
2025-06-24 23:00:00,26.8,96,8.0,172,2.1,260.0,23.03,72.58
2025-06-25 00:00:00,26.8,96,8.7,176,1.4,340.0,23.03,72.58
2025-06-25 01:00:00,26.3,97,5.4,154,5.6,175.0,23.03,72.58
2025-06-25 02:00:00,26.6,97,7.2,180,0.8,260.0,23.03,72.58
2025-06-25 03:00:00,26.6,97,8.4,200,1.3,315.0,23.03,72.58
2025-06-25 04:00:00,26.6,97,7.4,212,1.6,295.0,23.03,72.58
2025-06-25 05:00:00,26.6,97,8.0,216,1.1,310.0,23.03,72.58
2025-06-25 06:00:00,27.1,97,7.5,230,0.8,280.0,23.03,72.58
2025-06-25 07:00:00,27.5,96,8.0,232,0.4,345.0,23.03,72.58
2025-06-25 08:00:00,28.4,91,8.8,244,0.3,465.0,23.03,72.58
2025-06-25 09:00:00,29.9,81,8.3,264,0.2,665.0,23.03,72.58
2025-06-25 10:00:00,31.0,73,6.7,264,0.0,840.0,23.03,72.58
2025-06-25 11:00:00,31.6,71,3.8,259,0.0,1080.0,23.03,72.58
2025-06-25 12:00:00,31.7,70,3.5,255,0.0,1085.0,23.03,72.58
2025-06-25 13:00:00,31.4,71,2.4,253,0.1,675.0,23.03,72.58
2025-06-25 14:00:00,29.7,80,7.6,25,2.6,235.0,23.03,72.58
2025-06-25 15:00:00,27.0,95,4.2,83,3.8,130.0,23.03,72.58
2025-06-25 16:00:00,27.7,92,9.1,120,2.6,290.0,23.03,72.58
2025-06-25 17:00:00,27.5,91,4.3,90,1.8,165.0,23.03,72.58
2025-06-25 18:00:00,28.9,84,4.5,220,0.0,250.0,23.03,72.58
2025-06-25 19:00:00,28.4,87,6.4,164,0.3,230.0,23.03,72.58
2025-06-25 20:00:00,27.5,88,8.7,173,0.1,220.0,23.03,72.58
2025-06-25 21:00:00,27.2,89,7.7,180,0.0,205.0,23.03,72.58
2025-06-25 22:00:00,27.1,92,5.6,176,0.0,150.0,23.03,72.58
2025-06-25 23:00:00,27.1,94,5.0,165,0.0,155.0,23.03,72.58
2025-06-26 00:00:00,26.9,96,6.2,168,0.0,175.0,23.03,72.58
2025-06-26 01:00:00,26.9,95,7.0,170,0.0,210.0,23.03,72.58
2025-06-26 02:00:00,26.8,96,5.4,172,0.0,175.0,23.03,72.58
2025-06-26 03:00:00,26.8,97,6.7,166,0.1,245.0,23.03,72.58
2025-06-26 04:00:00,26.6,97,7.4,177,0.5,265.0,23.03,72.58
2025-06-26 05:00:00,26.4,98,4.3,180,0.0,220.0,23.03,72.58
2025-06-26 06:00:00,27.2,94,6.5,219,0.2,265.0,23.03,72.58
2025-06-26 07:00:00,27.2,93,7.2,219,0.1,320.0,23.03,72.58
2025-06-26 08:00:00,28.0,88,4.0,231,0.0,310.0,23.03,72.58
2025-06-26 09:00:00,29.3,83,3.1,249,0.0,530.0,23.03,72.58
2025-06-26 10:00:00,30.3,81,1.1,270,0.2,665.0,23.03,72.58
2025-06-26 11:00:00,31.4,75,1.8,191,0.3,985.0,23.03,72.58
2025-06-26 12:00:00,30.8,76,4.0,148,0.2,490.0,23.03,72.58
2025-06-26 13:00:00,31.2,72,3.9,28,0.1,385.0,23.03,72.58
2025-06-26 14:00:00,31.1,72,6.1,114,2.2,510.0,23.03,72.58
2025-06-26 15:00:00,30.1,77,6.2,144,0.1,360.0,23.03,72.58
2025-06-26 16:00:00,31.0,73,8.9,172,0.0,640.0,23.03,72.58
2025-06-26 17:00:00,31.2,71,9.4,172,0.0,790.0,23.03,72.58
2025-06-26 18:00:00,28.2,88,11.0,175,0.4,365.0,23.03,72.58
2025-06-26 19:00:00,28.0,89,10.4,165,0.5,410.0,23.03,72.58
2025-06-26 20:00:00,27.5,89,11.2,177,0.2,390.0,23.03,72.58
2025-06-26 21:00:00,27.3,89,8.3,166,0.0,340.0,23.03,72.58
2025-06-26 22:00:00,27.3,90,8.6,165,0.0,365.0,23.03,72.58
2025-06-26 23:00:00,27.1,91,7.8,175,0.0,345.0,23.03,72.58
2025-06-27 00:00:00,26.9,93,6.3,180,0.0,320.0,23.03,72.58
2025-06-27 01:00:00,26.9,93,4.3,163,0.1,205.0,23.03,72.58
2025-06-27 02:00:00,26.7,94,7.5,156,0.3,230.0,23.03,72.58
2025-06-27 03:00:00,26.4,95,6.9,155,0.3,250.0,23.03,72.58
2025-06-27 04:00:00,26.2,96,6.7,172,0.8,300.0,23.03,72.58
2025-06-27 05:00:00,26.1,97,7.4,167,0.3,315.0,23.03,72.58
2025-06-27 06:00:00,26.4,95,10.0,144,0.2,390.0,23.03,72.58
2025-06-27 07:00:00,26.5,93,10.2,148,0.1,370.0,23.03,72.58
2025-06-27 08:00:00,26.5,94,10.6,156,0.2,280.0,23.03,72.58
2025-06-27 09:00:00,27.4,88,7.6,155,0.2,380.0,23.03,72.58
2025-06-27 10:00:00,28.5,83,8.0,138,0.0,600.0,23.03,72.58
2025-06-27 11:00:00,30.0,75,9.4,145,0.0,880.0,23.03,72.58
2025-06-27 12:00:00,30.5,71,10.7,155,0.0,1040.0,23.03,72.58
2025-06-27 13:00:00,30.4,71,12.6,163,0.0,885.0,23.03,72.58
2025-06-27 14:00:00,32.1,63,15.0,174,0.0,1200.0,23.03,72.58
2025-06-27 15:00:00,32.4,59,17.4,186,0.0,1370.0,23.03,72.58
2025-06-27 16:00:00,31.3,63,18.4,183,0.0,1130.0,23.03,72.58
2025-06-27 17:00:00,30.8,65,18.4,184,0.0,1105.0,23.03,72.58
2025-06-27 18:00:00,29.2,74,13.6,175,0.0,795.0,23.03,72.58
2025-06-27 19:00:00,28.6,79,12.6,175,0.0,765.0,23.03,72.58
2025-06-27 20:00:00,28.1,81,12.7,165,0.0,695.0,23.03,72.58
2025-06-27 21:00:00,27.7,83,12.8,165,0.0,775.0,23.03,72.58
2025-06-27 22:00:00,27.7,82,13.4,173,0.0,890.0,23.03,72.58
2025-06-27 23:00:00,27.6,81,13.5,184,0.0,845.0,23.03,72.58
2025-06-28 00:00:00,27.2,83,11.6,176,0.0,755.0,23.03,72.58
2025-06-28 01:00:00,26.9,84,11.0,174,0.0,800.0,23.03,72.58
2025-06-28 02:00:00,26.7,85,10.7,175,0.0,730.0,23.03,72.58
2025-06-28 03:00:00,26.4,86,10.3,174,0.0,710.0,23.03,72.58
2025-06-28 04:00:00,26.3,86,11.1,167,0.0,750.0,23.03,72.58
2025-06-28 05:00:00,26.2,87,11.8,161,0.0,750.0,23.03,72.58
2025-06-28 06:00:00,26.5,86,13.1,157,0.0,770.0,23.03,72.58
2025-06-28 07:00:00,26.9,85,9.7,140,0.0,785.0,23.03,72.58
2025-06-28 08:00:00,27.9,83,12.6,171,0.1,780.0,23.03,72.58
2025-06-28 09:00:00,28.1,82,13.2,191,0.1,715.0,23.03,72.58
2025-06-28 10:00:00,27.9,83,15.7,191,0.6,600.0,23.03,72.58
2025-06-28 11:00:00,28.7,81,15.7,199,0.6,635.0,23.03,72.58
2025-06-28 12:00:00,29.8,77,13.9,185,0.1,775.0,23.03,72.58
2025-06-28 13:00:00,30.6,76,13.1,179,0.1,960.0,23.03,72.58
2025-06-28 14:00:00,31.8,70,14.8,181,0.1,1255.0,23.03,72.58
2025-06-28 15:00:00,28.1,86,10.6,223,5.9,495.0,23.03,72.58
2025-06-28 16:00:00,28.6,84,16.1,200,0.5,800.0,23.03,72.58
2025-06-28 17:00:00,28.3,86,11.0,201,0.2,765.0,23.03,72.58
2025-06-28 18:00:00,28.6,83,10.4,190,0.4,700.0,23.03,72.58
2025-06-28 19:00:00,28.1,86,10.3,175,1.2,595.0,23.03,72.58
2025-06-28 20:00:00,27.7,88,12.8,182,0.2,685.0,23.03,72.58
2025-06-28 21:00:00,27.3,89,11.5,181,0.1,605.0,23.03,72.58
2025-06-28 22:00:00,27.3,89,12.2,189,0.2,625.0,23.03,72.58
2025-06-28 23:00:00,26.4,93,14.2,188,0.3,475.0,23.03,72.58
2025-06-29 00:00:00,26.0,94,11.3,200,0.4,510.0,23.03,72.58
2025-06-29 01:00:00,26.8,91,14.0,239,0.3,750.0,23.03,72.58
2025-06-29 02:00:00,26.8,87,14.5,236,0.0,825.0,23.03,72.58
2025-06-29 03:00:00,26.7,84,12.7,235,0.0,830.0,23.03,72.58
2025-06-29 04:00:00,26.5,86,11.1,230,0.0,725.0,23.03,72.58
2025-06-29 05:00:00,26.3,88,11.9,228,0.2,760.0,23.03,72.58
2025-06-29 06:00:00,27.1,86,13.8,237,0.1,830.0,23.03,72.58
2025-06-29 07:00:00,27.7,84,11.9,236,0.1,840.0,23.03,72.58
2025-06-29 08:00:00,27.7,85,13.0,226,1.1,855.0,23.03,72.58
2025-06-29 09:00:00,28.6,81,13.4,229,0.3,1000.0,23.03,72.58
2025-06-29 10:00:00,28.6,80,15.5,228,0.1,915.0,23.03,72.58
2025-06-29 11:00:00,29.2,77,15.8,238,0.2,835.0,23.03,72.58
2025-06-29 12:00:00,30.7,69,15.5,238,0.1,1045.0,23.03,72.58
2025-06-29 13:00:00,31.1,66,12.9,231,0.0,1215.0,23.03,72.58
2025-06-29 14:00:00,32.0,62,11.9,232,0.0,1415.0,23.03,72.58
2025-06-29 15:00:00,33.0,58,14.7,231,0.0,1575.0,23.03,72.58
2025-06-29 16:00:00,33.0,57,15.7,230,0.0,1440.0,23.03,72.58
2025-06-29 17:00:00,31.9,64,14.4,218,0.0,1010.0,23.03,72.58
2025-06-29 18:00:00,27.0,95,5.4,138,1.3,160.0,23.03,72.58
2025-06-29 19:00:00,27.0,93,6.6,135,0.3,130.0,23.03,72.58
2025-06-29 20:00:00,27.1,93,8.0,155,0.2,225.0,23.03,72.58
2025-06-29 21:00:00,27.0,90,10.3,180,0.0,315.0,23.03,72.58
2025-06-29 22:00:00,26.9,90,9.8,187,0.0,340.0,23.03,72.58
2025-06-29 23:00:00,27.0,86,11.2,202,0.0,540.0,23.03,72.58
2025-06-30 00:00:00,27.1,83,12.4,208,0.0,710.0,23.03,72.58
2025-06-30 01:00:00,26.9,83,12.3,209,0.0,735.0,23.03,72.58
2025-06-30 02:00:00,26.7,85,11.3,209,0.0,730.0,23.03,72.58
2025-06-30 03:00:00,26.5,86,11.4,213,0.0,735.0,23.03,72.58
2025-06-30 04:00:00,26.2,87,10.9,218,0.0,665.0,23.03,72.58
2025-06-30 05:00:00,26.1,88,9.7,219,0.0,625.0,23.03,72.58
2025-06-30 06:00:00,27.4,84,12.9,222,0.0,860.0,23.03,72.58
2025-06-30 07:00:00,27.8,84,11.1,226,0.0,820.0,23.03,72.58
2025-06-30 08:00:00,28.6,81,16.6,231,0.0,845.0,23.03,72.58
2025-06-30 09:00:00,29.4,78,12.7,230,0.1,915.0,23.03,72.58
2025-06-30 10:00:00,30.3,73,13.4,231,0.1,1105.0,23.03,72.58
2025-06-30 11:00:00,31.4,67,13.8,231,0.1,1360.0,23.03,72.58
2025-06-30 12:00:00,32.5,61,14.0,233,0.0,1500.0,23.03,72.58
2025-06-30 13:00:00,32.5,61,13.9,227,0.1,1365.0,23.03,72.58
2025-06-30 14:00:00,31.6,68,8.7,188,0.5,700.0,23.03,72.58
2025-06-30 15:00:00,30.6,71,13.1,236,4.0,695.0,23.03,72.58
2025-06-30 16:00:00,30.3,74,9.8,235,0.1,880.0,23.03,72.58
2025-06-30 17:00:00,28.3,82,11.0,268,5.4,565.0,23.03,72.58
2025-06-30 18:00:00,29.7,76,10.7,220,0.0,995.0,23.03,72.58
2025-06-30 19:00:00,29.3,75,11.2,226,0.0,945.0,23.03,72.58
2025-06-30 20:00:00,28.9,75,12.4,231,0.0,1055.0,23.03,72.58
2025-06-30 21:00:00,28.4,77,12.1,238,0.0,1025.0,23.03,72.58
2025-06-30 22:00:00,27.9,80,10.6,238,0.0,870.0,23.03,72.58
2025-06-30 23:00:00,27.4,83,10.9,230,0.0,755.0,23.03,72.58
2025-07-01 00:00:00,26.8,88,12.0,219,0.2,665.0,23.03,72.58
2025-07-01 01:00:00,25.9,93,13.6,223,1.3,535.0,23.03,72.58
2025-07-01 02:00:00,25.7,95,12.1,222,0.8,560.0,23.03,72.58
2025-07-01 03:00:00,25.9,94,11.5,225,0.4,545.0,23.03,72.58
2025-07-01 04:00:00,25.8,95,10.8,238,0.8,490.0,23.03,72.58
2025-07-01 05:00:00,25.7,95,10.7,234,0.6,510.0,23.03,72.58
2025-07-01 06:00:00,27.3,87,9.7,239,0.0,680.0,23.03,72.58
2025-07-01 07:00:00,27.7,86,9.3,242,0.0,695.0,23.03,72.58
2025-07-01 08:00:00,28.6,82,10.3,248,0.0,705.0,23.03,72.58
2025-07-01 09:00:00,29.8,75,11.4,258,0.0,820.0,23.03,72.58
2025-07-01 10:00:00,30.8,71,10.8,255,0.0,910.0,23.03,72.58
2025-07-01 11:00:00,31.9,65,9.4,250,0.0,1040.0,23.03,72.58
2025-07-01 12:00:00,32.8,61,9.3,252,0.0,1230.0,23.03,72.58
2025-07-01 13:00:00,33.3,59,7.9,259,0.0,1355.0,23.03,72.58
2025-07-01 14:00:00,34.1,55,7.7,242,0.0,1490.0,23.03,72.58
2025-07-01 15:00:00,34.4,52,8.9,251,0.0,1570.0,23.03,72.58
2025-07-01 16:00:00,33.5,54,13.9,220,0.2,1220.0,23.03,72.58
2025-07-01 17:00:00,30.0,74,10.8,212,0.5,625.0,23.03,72.58
2025-07-01 18:00:00,29.6,81,7.9,156,0.0,515.0,23.03,72.58
2025-07-01 19:00:00,29.6,79,9.6,184,0.0,510.0,23.03,72.58
2025-07-01 20:00:00,28.9,82,9.1,190,0.0,435.0,23.03,72.58
2025-07-01 21:00:00,28.5,84,11.7,201,0.0,460.0,23.03,72.58
2025-07-01 22:00:00,27.8,87,9.1,207,0.1,345.0,23.03,72.58
2025-07-01 23:00:00,27.0,89,9.4,222,0.2,400.0,23.03,72.58
2025-07-02 00:00:00,26.7,90,7.2,207,0.1,255.0,23.03,72.58
2025-07-02 01:00:00,26.3,90,7.4,212,0.1,260.0,23.03,72.58
2025-07-02 02:00:00,26.4,90,9.3,241,0.1,415.0,23.03,72.58
2025-07-02 03:00:00,26.6,89,11.1,248,0.1,485.0,23.03,72.58
2025-07-02 04:00:00,26.7,89,9.2,253,0.0,535.0,23.03,72.58
2025-07-02 05:00:00,26.6,89,10.0,252,0.0,545.0,23.03,72.58
2025-07-02 06:00:00,26.9,89,9.0,260,0.0,410.0,23.03,72.58
2025-07-02 07:00:00,27.4,88,8.3,259,0.0,510.0,23.03,72.58
2025-07-02 08:00:00,28.0,85,10.6,260,0.0,565.0,23.03,72.58
2025-07-02 09:00:00,29.1,80,11.5,266,0.1,680.0,23.03,72.58
2025-07-02 10:00:00,29.8,76,10.0,279,0.0,845.0,23.03,72.58
2025-07-02 11:00:00,29.8,75,7.9,271,0.1,860.0,23.03,72.58
2025-07-02 12:00:00,29.8,75,8.8,266,0.0,795.0,23.03,72.58
2025-07-02 13:00:00,30.9,71,10.9,261,0.0,900.0,23.03,72.58
2025-07-02 14:00:00,30.7,71,7.8,266,0.1,900.0,23.03,72.58
2025-07-02 15:00:00,30.5,72,8.7,264,0.1,760.0,23.03,72.58
2025-07-02 16:00:00,28.8,82,10.1,275,2.3,480.0,23.03,72.58
2025-07-02 17:00:00,26.8,92,4.3,275,1.4,170.0,23.03,72.58
2025-07-02 18:00:00,29.2,85,3.5,165,0.4,195.0,23.03,72.58
2025-07-02 19:00:00,26.0,93,13.1,137,6.1,265.0,23.03,72.58
2025-07-02 20:00:00,25.6,97,5.6,163,1.8,95.0,23.03,72.58
2025-07-02 21:00:00,25.8,96,4.8,110,2.6,85.0,23.03,72.58
2025-07-02 22:00:00,25.6,96,8.9,151,2.9,230.0,23.03,72.58
2025-07-02 23:00:00,25.6,98,9.0,177,1.1,255.0,23.03,72.58
2025-07-03 00:00:00,25.5,98,9.4,227,1.9,270.0,23.03,72.58
2025-07-03 01:00:00,25.5,96,7.1,204,1.7,265.0,23.03,72.58
2025-07-03 02:00:00,25.2,97,7.6,199,1.6,335.0,23.03,72.58
2025-07-03 03:00:00,24.9,97,7.7,198,0.6,295.0,23.03,72.58
2025-07-03 04:00:00,24.9,96,5.3,188,0.5,225.0,23.03,72.58
2025-07-03 05:00:00,25.1,95,6.8,191,0.1,245.0,23.03,72.58
2025-07-03 06:00:00,26.1,95,9.8,264,0.1,445.0,23.03,72.58
2025-07-03 07:00:00,26.9,91,10.4,256,0.1,495.0,23.03,72.58
2025-07-03 08:00:00,27.4,89,7.2,243,0.1,570.0,23.03,72.58
2025-07-03 09:00:00,28.7,84,8.6,255,0.1,710.0,23.03,72.58
2025-07-03 10:00:00,28.4,84,5.6,243,0.1,640.0,23.03,72.58
2025-07-03 11:00:00,30.1,77,7.4,247,0.1,925.0,23.03,72.58
2025-07-03 12:00:00,30.6,73,6.4,241,0.0,1035.0,23.03,72.58
2025-07-03 13:00:00,31.3,70,5.2,245,0.1,955.0,23.03,72.58
2025-07-03 14:00:00,31.2,69,6.2,226,0.0,1025.0,23.03,72.58
2025-07-03 15:00:00,29.2,81,6.0,254,2.8,380.0,23.03,72.58
2025-07-03 16:00:00,29.1,77,11.1,203,1.7,535.0,23.03,72.58
2025-07-03 17:00:00,28.2,85,7.4,221,1.0,545.0,23.03,72.58
2025-07-03 18:00:00,28.0,89,4.3,202,0.0,530.0,23.03,72.58
2025-07-03 19:00:00,27.8,87,8.4,187,0.2,515.0,23.03,72.58
2025-07-03 20:00:00,27.6,88,6.7,178,0.1,360.0,23.03,72.58
2025-07-03 21:00:00,27.3,90,9.0,181,0.0,430.0,23.03,72.58
2025-07-03 22:00:00,26.9,91,8.4,196,0.0,405.0,23.03,72.58
2025-07-03 23:00:00,26.7,91,8.4,208,0.0,430.0,23.03,72.58
2025-07-04 00:00:00,26.6,91,8.6,202,0.0,475.0,23.03,72.58
2025-07-04 01:00:00,26.4,92,9.8,215,0.0,520.0,23.03,72.58
2025-07-04 02:00:00,26.3,91,9.7,220,0.0,475.0,23.03,72.58
2025-07-04 03:00:00,26.1,92,9.1,219,0.0,405.0,23.03,72.58
2025-07-04 04:00:00,26.2,92,8.6,219,0.0,370.0,23.03,72.58
2025-07-04 05:00:00,26.3,91,8.6,219,0.1,375.0,23.03,72.58
2025-07-04 06:00:00,26.1,94,8.4,222,0.2,295.0,23.03,72.58
2025-07-04 07:00:00,26.4,92,7.2,215,0.1,310.0,23.03,72.58
2025-07-04 08:00:00,27.3,88,7.5,230,0.0,415.0,23.03,72.58
2025-07-04 09:00:00,28.7,80,8.4,247,0.1,495.0,23.03,72.58
2025-07-04 10:00:00,30.0,74,6.1,240,0.2,670.0,23.03,72.58
2025-07-04 11:00:00,31.3,71,5.6,225,0.0,1010.0,23.03,72.58
2025-07-04 12:00:00,31.8,68,6.8,215,0.1,1195.0,23.03,72.58
2025-07-04 13:00:00,31.9,67,7.2,198,0.1,1035.0,23.03,72.58
2025-07-04 14:00:00,31.7,67,8.9,198,0.3,865.0,23.03,72.58
2025-07-04 15:00:00,30.2,76,7.3,210,4.7,725.0,23.03,72.58
2025-07-04 16:00:00,28.4,84,11.8,213,4.0,510.0,23.03,72.58
2025-07-04 17:00:00,28.4,85,8.6,234,0.1,580.0,23.03,72.58
2025-07-04 18:00:00,29.3,79,7.9,215,0.0,780.0,23.03,72.58
2025-07-04 19:00:00,29.0,79,6.2,232,0.0,555.0,23.03,72.58
2025-07-04 20:00:00,28.5,82,6.2,229,0.0,345.0,23.03,72.58
2025-07-04 21:00:00,28.0,84,6.9,211,0.1,355.0,23.03,72.58
2025-07-04 22:00:00,27.7,86,6.9,195,0.0,395.0,23.03,72.58
2025-07-04 23:00:00,27.5,88,6.4,202,0.0,325.0,23.03,72.58
2025-07-05 00:00:00,27.2,89,9.5,201,0.1,480.0,23.03,72.58
2025-07-05 01:00:00,26.5,91,9.4,203,0.1,455.0,23.03,72.58
2025-07-05 02:00:00,26.2,93,7.6,208,0.1,355.0,23.03,72.58
2025-07-05 03:00:00,26.2,94,8.1,208,0.1,425.0,23.03,72.58
2025-07-05 04:00:00,26.3,93,8.8,213,0.1,385.0,23.03,72.58
2025-07-05 05:00:00,26.1,95,8.0,208,0.0,360.0,23.03,72.58
2025-07-05 06:00:00,26.4,92,4.0,180,1.6,200.0,23.03,72.58
2025-07-05 07:00:00,26.9,92,3.6,229,0.6,215.0,23.03,72.58
2025-07-05 08:00:00,27.6,90,5.6,230,0.3,330.0,23.03,72.58
2025-07-05 09:00:00,28.6,86,7.1,234,0.3,560.0,23.03,72.58
2025-07-05 10:00:00,29.3,82,7.7,237,0.2,680.0,23.03,72.58
2025-07-05 11:00:00,28.3,83,8.6,192,4.3,330.0,23.03,72.58
2025-07-05 12:00:00,27.5,87,5.8,194,0.6,255.0,23.03,72.58
2025-07-05 13:00:00,28.1,88,7.2,199,0.8,350.0,23.03,72.58
2025-07-05 14:00:00,29.8,80,5.5,221,0.4,530.0,23.03,72.58
2025-07-05 15:00:00,30.4,72,12.2,216,1.6,625.0,23.03,72.58
2025-07-05 16:00:00,29.6,79,10.1,207,0.5,720.0,23.03,72.58
2025-07-05 17:00:00,27.6,87,6.7,211,2.5,255.0,23.03,72.58
2025-07-05 18:00:00,26.7,91,11.8,199,2.1,485.0,23.03,72.58
2025-07-05 19:00:00,26.0,95,7.7,198,1.2,300.0,23.03,72.58
2025-07-05 20:00:00,26.1,95,9.3,214,0.9,345.0,23.03,72.58
2025-07-05 21:00:00,26.0,95,6.6,213,3.2,255.0,23.03,72.58
2025-07-05 22:00:00,25.8,96,6.7,188,1.8,215.0,23.03,72.58
2025-07-05 23:00:00,25.8,96,6.1,175,0.8,240.0,23.03,72.58
2025-07-06 00:00:00,25.9,95,7.0,193,1.3,315.0,23.03,72.58
2025-07-06 01:00:00,26.1,94,10.5,213,0.7,380.0,23.03,72.58
2025-07-06 02:00:00,26.0,96,10.2,210,0.3,425.0,23.03,72.58
2025-07-06 03:00:00,25.9,96,8.8,215,0.3,415.0,23.03,72.58
2025-07-06 04:00:00,25.7,96,8.1,205,0.4,400.0,23.03,72.58
2025-07-06 05:00:00,25.5,97,9.0,210,0.3,410.0,23.03,72.58
2025-07-06 06:00:00,26.2,97,6.4,196,0.2,195.0,23.03,72.58
2025-07-06 07:00:00,26.7,89,8.6,216,1.0,235.0,23.03,72.58
2025-07-06 08:00:00,27.3,87,6.8,212,0.7,315.0,23.03,72.58
2025-07-06 09:00:00,28.2,84,9.6,237,0.1,635.0,23.03,72.58
2025-07-06 10:00:00,28.1,84,7.5,237,0.3,505.0,23.03,72.58
2025-07-06 11:00:00,29.9,76,4.0,273,0.2,935.0,23.03,72.58
2025-07-06 12:00:00,29.6,75,8.6,178,2.1,475.0,23.03,72.58
2025-07-06 13:00:00,27.3,86,10.7,210,3.2,370.0,23.03,72.58
2025-07-06 14:00:00,28.0,85,6.7,204,0.6,400.0,23.03,72.58
2025-07-06 15:00:00,28.6,81,9.8,223,0.4,500.0,23.03,72.58
2025-07-06 16:00:00,29.2,81,10.3,220,0.1,820.0,23.03,72.58
2025-07-06 17:00:00,27.5,87,10.7,245,2.1,415.0,23.03,72.58
2025-07-06 18:00:00,26.7,94,5.5,224,1.9,310.0,23.03,72.58
2025-07-06 19:00:00,26.6,95,7.2,207,1.3,320.0,23.03,72.58
2025-07-06 20:00:00,26.5,94,7.2,208,0.5,275.0,23.03,72.58
2025-07-06 21:00:00,26.5,93,7.9,210,0.3,350.0,23.03,72.58
2025-07-06 22:00:00,26.4,92,8.8,211,0.8,385.0,23.03,72.58
2025-07-06 23:00:00,26.2,95,8.0,198,0.2,385.0,23.03,72.58
2025-07-07 00:00:00,26.1,95,9.8,206,0.1,465.0,23.03,72.58
2025-07-07 01:00:00,25.9,94,11.4,215,0.1,470.0,23.03,72.58
2025-07-07 02:00:00,25.7,93,11.2,233,0.5,395.0,23.03,72.58
2025-07-07 03:00:00,25.4,94,9.8,229,0.7,410.0,23.03,72.58
2025-07-07 04:00:00,25.4,94,9.7,227,0.1,395.0,23.03,72.58
2025-07-07 05:00:00,25.4,95,7.5,215,0.0,330.0,23.03,72.58
2025-07-07 06:00:00,26.2,93,8.8,203,0.0,425.0,23.03,72.58
2025-07-07 07:00:00,27.1,89,11.8,207,0.0,585.0,23.03,72.58
2025-07-07 08:00:00,28.2,83,13.3,216,0.1,735.0,23.03,72.58
2025-07-07 09:00:00,29.3,76,15.1,229,0.1,960.0,23.03,72.58
2025-07-07 10:00:00,30.0,72,11.0,232,0.0,910.0,23.03,72.58
2025-07-07 11:00:00,30.7,68,9.6,229,0.0,970.0,23.03,72.58
2025-07-07 12:00:00,31.4,64,10.4,225,0.0,1055.0,23.03,72.58
2025-07-07 13:00:00,32.0,61,11.7,225,0.1,1155.0,23.03,72.58
2025-07-07 14:00:00,32.5,59,12.6,221,0.2,1255.0,23.03,72.58
2025-07-07 15:00:00,32.4,59,13.6,221,0.3,1280.0,23.03,72.58
2025-07-07 16:00:00,32.3,59,14.1,219,0.1,1330.0,23.03,72.58
2025-07-07 17:00:00,31.6,62,12.8,219,0.1,1305.0,23.03,72.58
2025-07-07 18:00:00,27.8,80,9.4,240,0.0,580.0,23.03,72.58
2025-07-07 19:00:00,27.4,84,8.1,223,0.1,610.0,23.03,72.58
2025-07-07 20:00:00,27.5,79,8.8,235,0.0,610.0,23.03,72.58
2025-07-07 21:00:00,27.5,77,8.9,223,0.0,640.0,23.03,72.58
2025-07-07 22:00:00,27.1,81,7.6,185,0.0,395.0,23.03,72.58
2025-07-07 23:00:00,26.6,87,6.4,172,0.0,245.0,23.03,72.58
2025-07-08 00:00:00,26.1,91,5.7,169,0.0,185.0,23.03,72.58
2025-07-08 01:00:00,26.0,92,6.5,180,0.0,230.0,23.03,72.58
2025-07-08 02:00:00,26.0,92,6.6,189,0.0,250.0,23.03,72.58
2025-07-08 03:00:00,26.1,89,6.6,193,0.0,340.0,23.03,72.58
2025-07-08 04:00:00,26.0,86,7.3,208,0.0,405.0,23.03,72.58
2025-07-08 05:00:00,25.8,85,6.7,204,0.0,365.0,23.03,72.58
2025-07-08 06:00:00,25.3,89,5.2,155,0.2,165.0,23.03,72.58
2025-07-08 07:00:00,25.5,90,6.7,146,0.3,190.0,23.03,72.58
2025-07-08 08:00:00,25.7,93,5.2,136,0.2,205.0,23.03,72.58
2025-07-08 09:00:00,27.3,88,5.6,176,0.1,410.0,23.03,72.58
2025-07-08 10:00:00,29.4,75,9.9,212,0.2,710.0,23.03,72.58
2025-07-08 11:00:00,30.3,71,8.2,209,0.0,775.0,23.03,72.58
2025-07-08 12:00:00,31.1,66,7.9,204,0.0,880.0,23.03,72.58
2025-07-08 13:00:00,31.4,65,8.6,202,0.2,945.0,23.03,72.58
2025-07-08 14:00:00,31.8,67,5.8,182,0.2,1130.0,23.03,72.58
2025-07-08 15:00:00,28.0,84,16.0,203,4.0,505.0,23.03,72.58
2025-07-08 16:00:00,29.3,79,8.2,209,0.1,565.0,23.03,72.58
2025-07-08 17:00:00,29.6,78,6.8,202,0.0,630.0,23.03,72.58
2025-07-08 18:00:00,27.6,86,12.1,192,2.4,480.0,23.03,72.58
2025-07-08 19:00:00,26.5,90,10.4,197,0.1,390.0,23.03,72.58
2025-07-08 20:00:00,26.5,91,9.7,198,0.0,375.0,23.03,72.58
2025-07-08 21:00:00,26.5,91,8.4,191,0.0,285.0,23.03,72.58
2025-07-08 22:00:00,26.4,90,8.5,192,0.0,295.0,23.03,72.58
2025-07-08 23:00:00,26.3,90,7.5,195,0.0,305.0,23.03,72.58
2025-07-09 00:00:00,26.1,90,7.1,204,0.0,280.0,23.03,72.58
2025-07-09 01:00:00,25.9,91,6.9,211,0.0,255.0,23.03,72.58
2025-07-09 02:00:00,25.8,90,7.0,215,0.0,270.0,23.03,72.58
2025-07-09 03:00:00,25.7,90,6.7,204,0.0,235.0,23.03,72.58
2025-07-09 04:00:00,25.7,90,6.2,195,0.0,210.0,23.03,72.58
2025-07-09 05:00:00,25.5,91,6.5,193,0.0,195.0,23.03,72.58
2025-07-09 06:00:00,26.5,91,6.2,201,0.0,220.0,23.03,72.58
2025-07-09 07:00:00,27.0,89,5.3,190,0.0,325.0,23.03,72.58
2025-07-09 08:00:00,27.9,85,4.9,186,0.0,430.0,23.03,72.58
2025-07-09 09:00:00,29.2,79,5.6,202,0.0,670.0,23.03,72.58
2025-07-09 10:00:00,30.4,71,7.7,216,0.0,825.0,23.03,72.58
2025-07-09 11:00:00,31.1,66,8.9,218,0.0,960.0,23.03,72.58
2025-07-09 12:00:00,31.7,63,10.3,216,0.0,1000.0,23.03,72.58
2025-07-09 13:00:00,32.4,61,12.0,216,0.1,1085.0,23.03,72.58
2025-07-09 14:00:00,32.9,59,12.7,211,0.1,1245.0,23.03,72.58
2025-07-09 15:00:00,33.7,53,12.1,207,0.0,1590.0,23.03,72.58
2025-07-09 16:00:00,33.3,54,14.4,202,0.0,1635.0,23.03,72.58
2025-07-09 17:00:00,31.6,66,14.4,180,0.0,785.0,23.03,72.58
2025-07-09 18:00:00,28.9,82,9.3,171,0.0,450.0,23.03,72.58
2025-07-09 19:00:00,28.4,86,11.2,174,0.0,495.0,23.03,72.58
2025-07-09 20:00:00,28.1,87,11.3,178,0.0,485.0,23.03,72.58
2025-07-09 21:00:00,28.0,84,10.5,188,0.0,465.0,23.03,72.58
2025-07-09 22:00:00,27.8,82,9.4,200,0.0,405.0,23.03,72.58
2025-07-09 23:00:00,27.6,83,8.5,205,0.0,365.0,23.03,72.58
2025-07-10 00:00:00,27.5,83,9.3,216,0.0,565.0,23.03,72.58
2025-07-10 01:00:00,27.3,82,9.7,225,0.0,620.0,23.03,72.58
2025-07-10 02:00:00,26.9,83,8.8,221,0.0,540.0,23.03,72.58
2025-07-10 03:00:00,26.5,85,8.0,208,0.0,410.0,23.03,72.58
2025-07-10 04:00:00,26.1,87,7.7,192,0.0,330.0,23.03,72.58
2025-07-10 05:00:00,25.8,89,7.3,187,0.0,295.0,23.03,72.58
2025-07-10 06:00:00,26.4,86,7.7,204,0.0,385.0,23.03,72.58
2025-07-10 07:00:00,27.1,85,6.4,196,0.0,480.0,23.03,72.58
2025-07-10 08:00:00,27.9,81,10.5,209,0.1,570.0,23.03,72.58
2025-07-10 09:00:00,28.8,77,9.5,216,0.2,630.0,23.03,72.58
2025-07-10 10:00:00,29.7,72,9.8,215,0.0,780.0,23.03,72.58
2025-07-10 11:00:00,30.6,68,10.2,211,0.0,915.0,23.03,72.58
2025-07-10 12:00:00,31.1,66,9.7,209,0.0,910.0,23.03,72.58
2025-07-10 13:00:00,31.6,64,9.6,210,0.1,950.0,23.03,72.58
2025-07-10 14:00:00,32.4,60,9.8,208,0.1,990.0,23.03,72.58
2025-07-10 15:00:00,32.4,60,10.0,206,0.2,1020.0,23.03,72.58
2025-07-10 16:00:00,32.5,60,10.0,187,0.0,1065.0,23.03,72.58
2025-07-10 17:00:00,31.0,68,11.9,178,0.1,585.0,23.03,72.58
2025-07-10 18:00:00,30.3,70,10.9,189,0.0,755.0,23.03,72.58
2025-07-10 19:00:00,29.3,75,10.6,184,0.0,570.0,23.03,72.58
2025-07-10 20:00:00,28.6,81,8.8,178,0.0,415.0,23.03,72.58
2025-07-10 21:00:00,28.2,83,8.5,179,0.0,380.0,23.03,72.58
2025-07-10 22:00:00,27.8,84,8.5,182,0.0,340.0,23.03,72.58
2025-07-10 23:00:00,27.5,85,7.9,184,0.0,315.0,23.03,72.58
2025-07-11 00:00:00,27.2,87,7.1,186,0.0,295.0,23.03,72.58
2025-07-11 01:00:00,27.1,87,6.6,189,0.0,285.0,23.03,72.58
2025-07-11 02:00:00,27.0,88,6.3,195,0.0,300.0,23.03,72.58
2025-07-11 03:00:00,27.0,88,6.3,185,0.0,280.0,23.03,72.58
2025-07-11 04:00:00,26.8,89,6.8,182,0.0,260.0,23.03,72.58
2025-07-11 05:00:00,26.8,88,7.0,192,0.0,290.0,23.03,72.58
2025-07-11 06:00:00,27.1,88,6.0,229,0.0,210.0,23.03,72.58
2025-07-11 07:00:00,27.6,87,3.0,245,0.0,290.0,23.03,72.58
2025-07-11 08:00:00,28.4,82,5.5,247,0.1,490.0,23.03,72.58
2025-07-11 09:00:00,29.0,77,6.2,240,0.1,610.0,23.03,72.58
2025-07-11 10:00:00,29.8,73,4.9,231,0.0,715.0,23.03,72.58
2025-07-11 11:00:00,30.5,69,4.5,220,0.0,855.0,23.03,72.58
2025-07-11 12:00:00,31.4,65,5.6,207,0.0,1045.0,23.03,72.58
2025-07-11 13:00:00,31.9,63,8.2,206,0.0,1110.0,23.03,72.58
2025-07-11 14:00:00,32.0,64,7.2,202,0.0,1215.0,23.03,72.58
2025-07-11 15:00:00,31.9,65,8.0,208,0.0,1090.0,23.03,72.58
2025-07-11 16:00:00,32.2,63,8.8,211,0.0,1130.0,23.03,72.58
2025-07-11 17:00:00,32.0,64,9.4,204,0.0,1155.0,23.03,72.58
2025-07-11 18:00:00,31.1,66,9.6,208,0.0,650.0,23.03,72.58
2025-07-11 19:00:00,29.9,73,9.4,172,0.0,335.0,23.03,72.58
2025-07-11 20:00:00,28.6,79,11.5,182,0.0,345.0,23.03,72.58
2025-07-11 21:00:00,28.1,81,10.9,189,0.0,350.0,23.03,72.58
2025-07-11 22:00:00,27.8,83,8.6,190,0.0,275.0,23.03,72.58
2025-07-11 23:00:00,27.6,84,8.8,219,0.1,300.0,23.03,72.58
2025-07-12 00:00:00,27.3,84,8.2,247,0.0,320.0,23.03,72.58
2025-07-12 01:00:00,26.9,86,7.6,239,0.0,280.0,23.03,72.58
2025-07-12 02:00:00,26.6,88,6.6,229,0.0,225.0,23.03,72.58
2025-07-12 03:00:00,26.4,90,6.4,205,0.0,205.0,23.03,72.58
2025-07-12 04:00:00,26.3,91,5.6,209,0.0,210.0,23.03,72.58
2025-07-12 05:00:00,26.2,91,6.8,205,0.0,255.0,23.03,72.58
2025-07-12 06:00:00,26.5,91,8.4,250,0.0,445.0,23.03,72.58
2025-07-12 07:00:00,27.0,89,6.8,252,0.0,555.0,23.03,72.58
2025-07-12 08:00:00,27.8,84,9.6,250,0.0,665.0,23.03,72.58
2025-07-12 09:00:00,28.9,78,10.7,265,0.1,815.0,23.03,72.58
2025-07-12 10:00:00,28.5,82,7.0,274,1.6,605.0,23.03,72.58
2025-07-12 11:00:00,29.8,76,6.4,280,0.1,925.0,23.03,72.58
2025-07-12 12:00:00,30.5,70,9.2,274,0.3,855.0,23.03,72.58
2025-07-12 13:00:00,30.8,70,8.4,239,0.4,770.0,23.03,72.58
2025-07-12 14:00:00,30.0,73,8.4,247,2.5,605.0,23.03,72.58
2025-07-12 15:00:00,29.1,78,5.7,281,3.7,485.0,23.03,72.58
2025-07-12 16:00:00,28.6,80,6.0,253,0.1,440.0,23.03,72.58
2025-07-12 17:00:00,28.2,83,7.1,260,0.1,325.0,23.03,72.58
2025-07-12 18:00:00,29.9,75,4.6,259,0.0,680.0,23.03,72.58
2025-07-12 19:00:00,29.4,78,6.4,238,0.0,315.0,23.03,72.58
2025-07-12 20:00:00,28.7,80,6.9,225,0.0,265.0,23.03,72.58
2025-07-12 21:00:00,28.2,83,4.8,193,0.0,95.0,23.03,72.58
2025-07-12 22:00:00,27.9,86,6.8,183,0.0,155.0,23.03,72.58
2025-07-12 23:00:00,27.8,85,7.8,206,0.0,310.0,23.03,72.58
2025-07-13 00:00:00,27.6,84,8.6,217,0.0,350.0,23.03,72.58
2025-07-13 01:00:00,27.4,85,8.5,226,0.0,385.0,23.03,72.58
2025-07-13 02:00:00,27.2,86,8.4,239,0.0,445.0,23.03,72.58
2025-07-13 03:00:00,27.0,87,7.2,257,0.0,470.0,23.03,72.58
2025-07-13 04:00:00,26.9,88,6.6,254,0.0,440.0,23.03,72.58
2025-07-13 05:00:00,26.7,88,6.1,268,0.0,345.0,23.03,72.58
2025-07-13 06:00:00,27.1,88,7.8,277,0.0,445.0,23.03,72.58
2025-07-13 07:00:00,27.5,87,8.0,275,0.0,520.0,23.03,72.58
2025-07-13 08:00:00,27.3,88,10.0,284,0.0,390.0,23.03,72.58
2025-07-13 09:00:00,27.8,85,9.8,287,0.7,500.0,23.03,72.58
2025-07-13 10:00:00,27.1,87,5.5,251,10.0,455.0,23.03,72.58
2025-07-13 11:00:00,27.0,88,5.1,312,1.1,365.0,23.03,72.58
2025-07-13 12:00:00,27.0,88,3.0,245,0.3,225.0,23.03,72.58
2025-07-13 13:00:00,29.7,81,5.4,250,0.1,600.0,23.03,72.58
2025-07-13 14:00:00,30.8,79,6.9,237,0.2,840.0,23.03,72.58
2025-07-13 15:00:00,31.3,72,9.2,231,0.7,695.0,23.03,72.58
2025-07-13 16:00:00,29.1,82,5.1,228,3.1,285.0,23.03,72.58
2025-07-13 17:00:00,29.5,82,7.2,219,0.1,410.0,23.03,72.58
2025-07-13 18:00:00,29.7,78,8.3,194,0.0,420.0,23.03,72.58
2025-07-13 19:00:00,27.9,86,8.9,193,0.0,270.0,23.03,72.58
2025-07-13 20:00:00,27.4,90,10.8,204,0.0,355.0,23.03,72.58
2025-07-13 21:00:00,27.4,90,9.3,196,0.0,310.0,23.03,72.58
2025-07-13 22:00:00,27.2,92,8.5,205,0.0,330.0,23.03,72.58
2025-07-13 23:00:00,26.3,94,8.1,217,1.9,315.0,23.03,72.58
2025-07-14 00:00:00,25.9,95,9.9,207,1.5,260.0,23.03,72.58
2025-07-14 01:00:00,25.4,95,9.4,179,5.6,370.0,23.03,72.58
2025-07-14 02:00:00,25.5,96,9.2,206,0.9,290.0,23.03,72.58
2025-07-14 03:00:00,25.4,96,4.9,213,1.3,240.0,23.03,72.58
2025-07-14 04:00:00,25.5,97,6.8,220,1.2,225.0,23.03,72.58
2025-07-14 05:00:00,25.5,97,7.1,210,0.6,235.0,23.03,72.58
2025-07-14 06:00:00,26.6,91,6.9,239,0.2,315.0,23.03,72.58
2025-07-14 07:00:00,27.0,90,9.7,289,0.1,490.0,23.03,72.58
2025-07-14 08:00:00,26.4,91,4.2,350,0.8,305.0,23.03,72.58
2025-07-14 09:00:00,27.5,88,8.2,261,0.4,520.0,23.03,72.58
2025-07-14 10:00:00,27.6,88,6.3,235,0.3,530.0,23.03,72.58
2025-07-14 11:00:00,29.0,82,8.3,259,0.2,720.0,23.03,72.58
2025-07-14 12:00:00,29.8,77,8.8,242,0.2,725.0,23.03,72.58
2025-07-14 13:00:00,30.7,71,7.1,255,0.0,855.0,23.03,72.58
2025-07-14 14:00:00,32.0,67,7.3,247,0.0,1090.0,23.03,72.58
2025-07-14 15:00:00,32.4,64,8.7,246,0.0,1220.0,23.03,72.58
2025-07-14 16:00:00,32.5,64,8.0,242,0.0,1290.0,23.03,72.58
2025-07-14 17:00:00,31.3,71,9.0,218,0.1,545.0,23.03,72.58
2025-07-14 18:00:00,29.7,75,11.7,182,0.0,295.0,23.03,72.58
2025-07-14 19:00:00,28.7,80,11.7,181,0.0,310.0,23.03,72.58
2025-07-14 20:00:00,28.7,83,13.3,171,0.0,455.0,23.03,72.58
2025-07-14 21:00:00,28.1,88,11.4,175,0.0,450.0,23.03,72.58
2025-07-14 22:00:00,27.9,89,9.8,175,0.0,410.0,23.03,72.58
2025-07-14 23:00:00,27.7,90,9.2,182,0.0,415.0,23.03,72.58
2025-07-15 00:00:00,27.7,90,9.0,209,0.0,385.0,23.03,72.58
2025-07-15 01:00:00,27.9,85,10.4,262,0.0,655.0,23.03,72.58
2025-07-15 02:00:00,27.7,84,11.6,264,0.0,665.0,23.03,72.58
2025-07-15 03:00:00,27.0,88,10.1,224,0.2,590.0,23.03,72.58
2025-07-15 04:00:00,26.1,91,8.4,235,0.0,375.0,23.03,72.58
2025-07-15 05:00:00,26.1,92,7.8,236,0.0,435.0,23.03,72.58
2025-07-15 06:00:00,27.2,90,11.7,266,0.1,630.0,23.03,72.58
2025-07-15 07:00:00,27.5,88,10.1,272,0.0,665.0,23.03,72.58
2025-07-15 08:00:00,28.4,83,14.6,283,0.1,640.0,23.03,72.58
2025-07-15 09:00:00,29.3,79,13.3,291,0.2,685.0,23.03,72.58
2025-07-15 10:00:00,30.3,74,11.3,290,0.3,770.0,23.03,72.58
2025-07-15 11:00:00,31.0,72,8.9,277,0.1,810.0,23.03,72.58
2025-07-15 12:00:00,32.1,68,9.2,267,0.2,975.0,23.03,72.58
2025-07-15 13:00:00,32.7,64,9.2,268,0.1,1170.0,23.03,72.58
2025-07-15 14:00:00,33.4,61,8.0,264,0.0,1335.0,23.03,72.58
2025-07-15 15:00:00,34.0,58,6.3,257,0.0,1515.0,23.03,72.58
2025-07-15 16:00:00,34.1,57,5.9,239,0.0,1665.0,23.03,72.58
2025-07-15 17:00:00,33.9,58,6.0,219,0.0,1230.0,23.03,72.58
2025-07-15 18:00:00,32.7,61,6.4,216,0.0,390.0,23.03,72.58
2025-07-15 19:00:00,31.2,69,9.5,180,0.0,315.0,23.03,72.58
2025-07-15 20:00:00,29.5,77,11.2,178,0.0,310.0,23.03,72.58
2025-07-15 21:00:00,28.9,81,11.2,174,0.0,325.0,23.03,72.58
2025-07-15 22:00:00,28.4,81,9.2,186,0.0,285.0,23.03,72.58
2025-07-15 23:00:00,28.0,83,7.2,207,0.0,310.0,23.03,72.58
2025-07-16 00:00:00,27.8,86,6.9,255,0.0,235.0,23.03,72.58
2025-07-16 01:00:00,27.5,88,8.7,266,0.0,410.0,23.03,72.58
2025-07-16 02:00:00,27.5,87,10.3,273,0.0,550.0,23.03,72.58
2025-07-16 03:00:00,27.3,88,9.3,262,0.0,590.0,23.03,72.58
2025-07-16 04:00:00,27.0,90,9.2,266,0.0,545.0,23.03,72.58
2025-07-16 05:00:00,26.9,90,8.0,265,0.0,540.0,23.03,72.58
2025-07-16 06:00:00,27.5,87,9.0,260,0.0,595.0,23.03,72.58
2025-07-16 07:00:00,27.8,86,8.9,264,0.0,595.0,23.03,72.58
2025-07-16 08:00:00,28.5,82,10.8,270,0.1,625.0,23.03,72.58
2025-07-16 09:00:00,29.6,75,10.1,273,0.1,725.0,23.03,72.58
2025-07-16 10:00:00,30.8,68,8.5,270,0.0,900.0,23.03,72.58
2025-07-16 11:00:00,32.0,62,7.7,254,0.0,1110.0,23.03,72.58
2025-07-16 12:00:00,32.8,59,7.6,236,0.0,1245.0,23.03,72.58
2025-07-16 13:00:00,33.4,56,8.4,227,0.0,1370.0,23.03,72.58
2025-07-16 14:00:00,33.9,54,8.9,223,0.0,1540.0,23.03,72.58
2025-07-16 15:00:00,34.3,51,9.1,219,0.0,1575.0,23.03,72.58
2025-07-16 16:00:00,34.3,50,9.3,221,0.0,1605.0,23.03,72.58
2025-07-16 17:00:00,33.9,52,7.9,201,0.0,1550.0,23.03,72.58
2025-07-16 18:00:00,32.4,61,6.0,153,0.0,225.0,23.03,72.58
2025-07-16 19:00:00,30.9,68,10.5,185,0.0,395.0,23.03,72.58
2025-07-16 20:00:00,29.0,78,10.9,189,0.0,280.0,23.03,72.58
2025-07-16 21:00:00,28.7,80,10.5,185,0.0,335.0,23.03,72.58
2025-07-16 22:00:00,28.3,84,9.7,178,0.0,315.0,23.03,72.58
2025-07-16 23:00:00,28.0,87,8.5,184,0.0,325.0,23.03,72.58
2025-07-17 00:00:00,27.8,88,7.6,198,0.0,300.0,23.03,72.58
2025-07-17 01:00:00,27.6,89,7.1,221,0.0,220.0,23.03,72.58
2025-07-17 02:00:00,27.6,87,7.5,255,0.0,355.0,23.03,72.58
2025-07-17 03:00:00,27.4,85,7.0,258,0.0,325.0,23.03,72.58
2025-07-17 04:00:00,27.1,87,6.2,260,0.0,220.0,23.03,72.58
2025-07-17 05:00:00,26.8,89,5.6,239,0.0,175.0,23.03,72.58
2025-07-17 06:00:00,25.9,93,9.0,209,0.3,240.0,23.03,72.58
2025-07-17 07:00:00,25.8,92,4.5,124,0.1,125.0,23.03,72.58
2025-07-17 08:00:00,27.0,88,1.5,83,0.0,175.0,23.03,72.58
2025-07-17 09:00:00,28.9,80,2.3,238,0.1,555.0,23.03,72.58
2025-07-17 10:00:00,30.3,71,4.2,265,0.1,740.0,23.03,72.58
2025-07-17 11:00:00,31.2,67,4.6,244,0.2,925.0,23.03,72.58
2025-07-17 12:00:00,32.1,64,5.1,231,0.2,1025.0,23.03,72.58
2025-07-17 13:00:00,32.8,60,5.2,224,0.1,1145.0,23.03,72.58
2025-07-17 14:00:00,33.3,58,5.1,216,0.0,1260.0,23.03,72.58
2025-07-17 15:00:00,33.6,55,5.7,204,0.0,1305.0,23.03,72.58
2025-07-17 16:00:00,33.6,55,6.1,192,0.0,1405.0,23.03,72.58
2025-07-17 17:00:00,33.3,54,6.6,201,0.0,1405.0,23.03,72.58
2025-07-17 18:00:00,32.0,60,6.2,195,0.0,305.0,23.03,72.58
2025-07-17 19:00:00,31.1,65,3.1,130,0.0,35.0,23.03,72.58
2025-07-17 20:00:00,30.5,70,6.9,160,0.0,85.0,23.03,72.58
2025-07-17 21:00:00,29.2,75,10.1,179,0.0,260.0,23.03,72.58
2025-07-17 22:00:00,28.4,79,9.6,175,0.0,240.0,23.03,72.58
2025-07-17 23:00:00,27.9,83,9.7,178,0.0,290.0,23.03,72.58
2025-07-18 00:00:00,27.8,86,10.1,177,0.0,315.0,23.03,72.58
2025-07-18 01:00:00,27.7,87,9.0,180,0.0,360.0,23.03,72.58
2025-07-18 02:00:00,27.5,87,8.4,189,0.0,365.0,23.03,72.58
2025-07-18 03:00:00,27.5,84,10.4,224,0.0,430.0,23.03,72.58
2025-07-18 04:00:00,27.5,82,10.6,252,0.0,525.0,23.03,72.58
2025-07-18 05:00:00,27.2,84,8.4,254,0.0,505.0,23.03,72.58
2025-07-18 06:00:00,27.8,83,8.9,262,0.3,440.0,23.03,72.58
2025-07-18 07:00:00,27.2,84,5.8,189,1.1,280.0,23.03,72.58
2025-07-18 08:00:00,27.7,87,0.3,45,0.3,460.0,23.03,72.58
2025-07-18 09:00:00,28.6,83,6.0,280,0.1,630.0,23.03,72.58
2025-07-18 10:00:00,30.2,75,7.6,284,0.1,835.0,23.03,72.58
2025-07-18 11:00:00,31.1,69,7.0,274,0.0,1065.0,23.03,72.58
2025-07-18 12:00:00,31.3,67,8.1,253,0.0,1215.0,23.03,72.58
2025-07-18 13:00:00,32.3,63,8.6,250,0.0,1405.0,23.03,72.58
2025-07-18 14:00:00,32.0,63,7.5,255,0.0,1200.0,23.03,72.58
2025-07-18 15:00:00,31.7,64,6.9,250,0.1,1070.0,23.03,72.58
2025-07-18 16:00:00,30.9,69,3.4,302,0.0,535.0,23.03,72.58
2025-07-18 17:00:00,30.7,70,3.5,351,0.0,315.0,23.03,72.58
2025-07-18 18:00:00,31.8,59,3.2,326,0.0,130.0,23.03,72.58
2025-07-18 19:00:00,30.3,71,8.2,351,0.0,215.0,23.03,72.58
2025-07-18 20:00:00,29.4,80,5.2,59,0.0,130.0,23.03,72.58
2025-07-18 21:00:00,28.7,84,6.7,144,0.0,140.0,23.03,72.58
2025-07-18 22:00:00,28.4,82,6.3,167,0.1,230.0,23.03,72.58
2025-07-18 23:00:00,28.0,82,7.0,168,0.0,245.0,23.03,72.58
2025-07-19 00:00:00,27.6,85,6.2,170,0.0,210.0,23.03,72.58
2025-07-19 01:00:00,27.4,88,4.7,178,0.0,135.0,23.03,72.58
2025-07-19 02:00:00,27.5,88,6.9,242,0.0,380.0,23.03,72.58
2025-07-19 03:00:00,27.6,82,10.6,261,0.0,490.0,23.03,72.58
2025-07-19 04:00:00,27.2,84,8.3,274,0.1,490.0,23.03,72.58
2025-07-19 05:00:00,26.7,87,7.8,262,0.2,410.0,23.03,72.58
2025-07-19 06:00:00,27.9,81,8.3,256,0.0,650.0,23.03,72.58
2025-07-19 07:00:00,27.8,81,10.3,259,0.0,700.0,23.03,72.58
2025-07-19 08:00:00,27.6,80,12.3,259,0.1,560.0,23.03,72.58
2025-07-19 09:00:00,27.4,80,8.1,282,0.0,520.0,23.03,72.58
2025-07-19 10:00:00,28.2,79,9.2,281,0.0,600.0,23.03,72.58
2025-07-19 11:00:00,28.5,78,7.6,269,0.0,590.0,23.03,72.58
2025-07-19 12:00:00,29.3,73,8.5,265,0.0,675.0,23.03,72.58
2025-07-19 13:00:00,30.6,65,9.8,253,0.0,840.0,23.03,72.58
2025-07-19 14:00:00,31.5,61,10.2,242,0.1,1005.0,23.03,72.58
2025-07-19 15:00:00,31.9,59,10.2,238,0.1,1035.0,23.03,72.58
2025-07-19 16:00:00,31.2,61,11.5,250,0.3,900.0,23.03,72.58
2025-07-19 17:00:00,30.8,65,8.0,252,0.2,850.0,23.03,72.58
2025-07-19 18:00:00,29.8,70,6.7,272,0.1,615.0,23.03,72.58
2025-07-19 19:00:00,28.5,79,8.1,193,0.1,200.0,23.03,72.58
2025-07-19 20:00:00,26.4,91,10.4,188,1.0,220.0,23.03,72.58
2025-07-19 21:00:00,26.6,92,6.0,164,0.8,115.0,23.03,72.58
2025-07-19 22:00:00,26.6,93,5.3,162,0.1,95.0,23.03,72.58
2025-07-19 23:00:00,26.5,94,6.0,164,0.0,95.0,23.03,72.58
2025-07-20 00:00:00,26.4,92,6.0,189,0.0,105.0,23.03,72.58
2025-07-20 01:00:00,26.2,92,6.0,201,0.1,135.0,23.03,72.58
2025-07-20 02:00:00,25.9,92,6.6,209,0.5,210.0,23.03,72.58
2025-07-20 03:00:00,25.9,92,8.0,194,0.1,275.0,23.03,72.58
2025-07-20 04:00:00,25.9,91,9.1,197,0.1,350.0,23.03,72.58
2025-07-20 05:00:00,25.8,93,8.0,205,0.0,330.0,23.03,72.58
2025-07-20 06:00:00,26.2,90,6.8,191,0.1,245.0,23.03,72.58
2025-07-20 07:00:00,26.9,85,10.1,207,0.1,470.0,23.03,72.58
2025-07-20 08:00:00,27.6,83,7.2,212,0.1,470.0,23.03,72.58
2025-07-20 09:00:00,28.9,80,7.8,220,0.0,735.0,23.03,72.58
2025-07-20 10:00:00,30.4,72,9.0,227,0.1,950.0,23.03,72.58
2025-07-20 11:00:00,29.6,73,8.7,202,1.3,605.0,23.03,72.58
2025-07-20 12:00:00,30.9,71,6.8,202,0.5,910.0,23.03,72.58
2025-07-20 13:00:00,30.9,69,11.8,196,0.3,715.0,23.03,72.58
2025-07-20 14:00:00,29.4,78,6.2,210,1.4,480.0,23.03,72.58
2025-07-20 15:00:00,31.1,72,6.3,198,0.0,915.0,23.03,72.58
2025-07-20 16:00:00,30.7,72,10.6,177,0.3,670.0,23.03,72.58
2025-07-20 17:00:00,30.1,75,7.0,209,0.2,695.0,23.03,72.58
2025-07-20 18:00:00,30.2,76,9.1,194,0.0,570.0,23.03,72.58
2025-07-20 19:00:00,29.5,79,8.4,196,0.0,580.0,23.03,72.58
2025-07-20 20:00:00,29.0,81,8.5,184,0.0,430.0,23.03,72.58
2025-07-20 21:00:00,28.4,84,9.8,175,0.0,405.0,23.03,72.58
2025-07-20 22:00:00,28.0,88,9.7,181,0.0,435.0,23.03,72.58
2025-07-20 23:00:00,27.5,88,7.8,185,0.2,385.0,23.03,72.58
2025-07-21 00:00:00,26.4,93,7.9,163,1.3,230.0,23.03,72.58
2025-07-21 01:00:00,26.2,96,8.2,170,0.4,200.0,23.03,72.58
2025-07-21 02:00:00,26.3,95,9.6,192,0.1,365.0,23.03,72.58
2025-07-21 03:00:00,25.8,95,9.6,196,0.0,315.0,23.03,72.58
2025-07-21 04:00:00,25.2,96,7.8,187,0.1,265.0,23.03,72.58
2025-07-21 05:00:00,24.8,96,8.0,188,0.9,220.0,23.03,72.58
2025-07-21 06:00:00,26.0,97,3.1,216,0.2,225.0,23.03,72.58
2025-07-21 07:00:00,26.5,93,7.0,190,0.1,245.0,23.03,72.58
2025-07-21 08:00:00,26.7,91,4.1,195,0.1,275.0,23.03,72.58
2025-07-21 09:00:00,27.8,86,4.9,208,0.0,375.0,23.03,72.58
2025-07-21 10:00:00,29.0,82,5.2,226,0.0,605.0,23.03,72.58
2025-07-21 11:00:00,30.4,76,5.0,210,0.0,835.0,23.03,72.58
2025-07-21 12:00:00,31.1,72,5.0,206,0.0,970.0,23.03,72.58
2025-07-21 13:00:00,31.4,70,5.0,224,0.0,895.0,23.03,72.58
2025-07-21 14:00:00,32.4,65,2.8,215,0.0,1070.0,23.03,72.58
2025-07-21 15:00:00,30.2,77,8.5,180,1.8,475.0,23.03,72.58
2025-07-21 16:00:00,31.1,73,4.7,173,0.2,640.0,23.03,72.58
2025-07-21 17:00:00,30.9,72,6.9,197,0.8,660.0,23.03,72.58
2025-07-21 18:00:00,29.5,79,4.2,205,0.0,320.0,23.03,72.58
2025-07-21 19:00:00,28.9,83,4.8,205,0.0,210.0,23.03,72.58
2025-07-21 20:00:00,28.6,86,6.1,185,0.0,200.0,23.03,72.58
2025-07-21 21:00:00,28.4,86,8.6,195,0.0,335.0,23.03,72.58
2025-07-21 22:00:00,27.9,88,7.6,198,0.0,280.0,23.03,72.58
2025-07-21 23:00:00,27.4,90,7.1,218,0.0,265.0,23.03,72.58
2025-07-22 00:00:00,27.1,90,6.7,211,0.0,270.0,23.03,72.58
2025-07-22 01:00:00,26.9,90,6.1,212,0.0,240.0,23.03,72.58
2025-07-22 02:00:00,26.7,91,6.3,217,0.0,250.0,23.03,72.58
2025-07-22 03:00:00,26.6,91,7.8,226,0.0,320.0,23.03,72.58
2025-07-22 04:00:00,26.6,91,7.0,235,0.0,350.0,23.03,72.58
2025-07-22 05:00:00,26.7,90,7.2,251,0.0,375.0,23.03,72.58
2025-07-22 06:00:00,26.9,91,5.7,238,0.0,230.0,23.03,72.58
2025-07-22 07:00:00,27.3,90,3.8,245,0.0,260.0,23.03,72.58
2025-07-22 08:00:00,28.3,86,3.8,259,0.0,510.0,23.03,72.58
2025-07-22 09:00:00,29.6,80,5.7,261,0.0,665.0,23.03,72.58
2025-07-22 10:00:00,30.5,76,5.6,253,0.0,860.0,23.03,72.58
2025-07-22 11:00:00,31.6,71,5.2,236,0.0,1115.0,23.03,72.58
2025-07-22 12:00:00,32.4,65,5.7,238,0.0,1275.0,23.03,72.58
2025-07-22 13:00:00,33.1,62,6.9,240,0.0,1390.0,23.03,72.58
2025-07-22 14:00:00,32.9,62,7.0,249,0.0,1380.0,23.03,72.58
2025-07-22 15:00:00,33.1,61,7.4,236,0.0,1340.0,23.03,72.58
2025-07-22 16:00:00,32.6,62,8.9,205,0.0,850.0,23.03,72.58
2025-07-22 17:00:00,30.2,77,9.9,164,1.2,405.0,23.03,72.58
2025-07-22 18:00:00,32.7,61,4.4,243,0.0,925.0,23.03,72.58
2025-07-22 19:00:00,31.4,69,7.0,181,0.0,110.0,23.03,72.58
2025-07-22 20:00:00,29.6,80,12.1,175,0.0,325.0,23.03,72.58
2025-07-22 21:00:00,28.8,85,10.4,180,0.0,355.0,23.03,72.58
2025-07-22 22:00:00,28.5,85,9.9,205,0.0,355.0,23.03,72.58
2025-07-22 23:00:00,28.4,84,9.7,219,0.0,360.0,23.03,72.58
2025-07-23 00:00:00,28.3,82,10.5,233,0.0,470.0,23.03,72.58
2025-07-23 01:00:00,28.1,83,9.7,242,0.0,575.0,23.03,72.58
2025-07-23 02:00:00,27.9,84,9.5,248,0.0,645.0,23.03,72.58
2025-07-23 03:00:00,27.0,85,10.4,244,1.6,420.0,23.03,72.58
2025-07-23 04:00:00,26.3,91,8.7,233,2.0,390.0,23.03,72.58
2025-07-23 05:00:00,26.3,90,9.7,230,0.1,510.0,23.03,72.58
2025-07-23 06:00:00,27.1,87,9.0,248,0.1,520.0,23.03,72.58
2025-07-23 07:00:00,27.4,86,7.4,247,0.1,610.0,23.03,72.58
2025-07-23 08:00:00,28.3,79,9.6,256,0.0,640.0,23.03,72.58
2025-07-23 09:00:00,29.3,74,11.2,260,0.0,730.0,23.03,72.58
2025-07-23 10:00:00,29.8,71,11.1,254,0.1,745.0,23.03,72.58
2025-07-23 11:00:00,30.4,68,10.2,240,0.0,835.0,23.03,72.58
2025-07-23 12:00:00,31.0,65,10.3,239,0.0,920.0,23.03,72.58
2025-07-23 13:00:00,31.9,61,10.7,240,0.0,1100.0,23.03,72.58
2025-07-23 14:00:00,32.3,59,12.2,234,0.0,1185.0,23.03,72.58
2025-07-23 15:00:00,32.2,59,13.3,235,0.0,1115.0,23.03,72.58
2025-07-23 16:00:00,32.3,58,12.7,234,0.1,1140.0,23.03,72.58
2025-07-23 17:00:00,31.9,60,11.3,226,0.2,1110.0,23.03,72.58
2025-07-23 18:00:00,30.1,72,10.0,201,0.1,625.0,23.03,72.58
2025-07-23 19:00:00,28.9,80,9.4,173,0.0,320.0,23.03,72.58
2025-07-23 20:00:00,28.2,85,10.1,175,0.0,315.0,23.03,72.58
2025-07-23 21:00:00,27.8,87,9.2,186,0.0,290.0,23.03,72.58
2025-07-23 22:00:00,27.6,87,9.0,192,0.0,280.0,23.03,72.58
2025-07-23 23:00:00,27.5,87,8.2,194,0.0,270.0,23.03,72.58
2025-07-24 00:00:00,27.4,88,7.2,207,0.1,425.0,23.03,72.58
2025-07-24 01:00:00,27.5,83,11.2,230,0.2,625.0,23.03,72.58
2025-07-24 02:00:00,27.2,82,10.8,232,0.0,565.0,23.03,72.58
2025-07-24 03:00:00,26.7,84,10.0,232,0.2,545.0,23.03,72.58
2025-07-24 04:00:00,26.4,86,9.5,231,0.0,550.0,23.03,72.58
2025-07-24 05:00:00,26.1,87,8.7,232,0.0,535.0,23.03,72.58
2025-07-24 06:00:00,26.9,90,6.7,214,0.0,310.0,23.03,72.58
2025-07-24 07:00:00,27.3,88,5.8,210,0.0,355.0,23.03,72.58
2025-07-24 08:00:00,27.7,87,5.5,203,0.0,370.0,23.03,72.58
2025-07-24 09:00:00,28.9,79,10.4,226,0.1,690.0,23.03,72.58
2025-07-24 10:00:00,29.2,76,8.7,222,0.0,645.0,23.03,72.58
2025-07-24 11:00:00,30.9,67,8.6,219,0.0,825.0,23.03,72.58
2025-07-24 12:00:00,32.1,61,9.4,225,0.0,1000.0,23.03,72.58
2025-07-24 13:00:00,32.2,60,10.6,224,0.1,950.0,23.03,72.58
2025-07-24 14:00:00,32.3,61,10.1,219,0.2,1080.0,23.03,72.58
2025-07-24 15:00:00,32.4,62,10.0,210,0.4,1230.0,23.03,72.58
2025-07-24 16:00:00,31.4,65,8.8,200,0.3,720.0,23.03,72.58
2025-07-24 17:00:00,31.3,68,8.7,202,0.1,825.0,23.03,72.58
2025-07-24 18:00:00,30.6,70,9.7,191,0.0,525.0,23.03,72.58
2025-07-24 19:00:00,29.5,76,9.2,187,0.0,385.0,23.03,72.58
2025-07-24 20:00:00,28.9,80,10.6,190,0.0,430.0,23.03,72.58
2025-07-24 21:00:00,28.4,82,11.6,193,0.0,425.0,23.03,72.58
2025-07-24 22:00:00,28.0,87,11.0,190,0.0,425.0,23.03,72.58
2025-07-24 23:00:00,27.8,88,9.6,192,0.0,450.0,23.03,72.58
2025-07-25 00:00:00,27.6,89,8.3,193,0.0,380.0,23.03,72.58
2025-07-25 01:00:00,27.5,89,7.8,209,0.0,380.0,23.03,72.58
2025-07-25 02:00:00,27.3,88,7.5,213,0.0,415.0,23.03,72.58
2025-07-25 03:00:00,27.3,88,8.5,218,0.0,495.0,23.03,72.58
2025-07-25 04:00:00,27.1,89,7.5,226,0.1,470.0,23.03,72.58
2025-07-25 05:00:00,27.0,89,7.4,238,0.0,470.0,23.03,72.58
2025-07-25 06:00:00,27.3,90,5.0,229,0.0,190.0,23.03,72.58
2025-07-25 07:00:00,27.8,87,3.6,270,0.1,320.0,23.03,72.58
2025-07-25 08:00:00,28.5,83,3.6,261,0.0,490.0,23.03,72.58
2025-07-25 09:00:00,29.7,77,3.8,259,0.0,715.0,23.03,72.58
2025-07-25 10:00:00,30.8,69,4.4,243,0.1,900.0,23.03,72.58
2025-07-25 11:00:00,31.0,68,5.0,240,0.5,810.0,23.03,72.58
2025-07-25 12:00:00,32.1,64,4.4,243,0.4,900.0,23.03,72.58
2025-07-25 13:00:00,32.9,61,4.1,221,0.2,1170.0,23.03,72.58
2025-07-25 14:00:00,33.1,60,6.2,229,0.8,1135.0,23.03,72.58
2025-07-25 15:00:00,33.0,63,6.5,228,0.9,1210.0,23.03,72.58
2025-07-25 16:00:00,32.1,67,7.7,191,0.0,690.0,23.03,72.58
2025-07-25 17:00:00,30.8,72,7.7,231,0.6,600.0,23.03,72.58
2025-07-25 18:00:00,32.8,61,8.6,188,0.0,565.0,23.03,72.58
2025-07-25 19:00:00,30.7,75,12.1,190,0.0,410.0,23.03,72.58
2025-07-25 20:00:00,29.3,81,10.6,198,0.0,380.0,23.03,72.58
2025-07-25 21:00:00,28.7,81,10.1,207,0.0,355.0,23.03,72.58
2025-07-25 22:00:00,28.4,83,9.3,212,0.0,330.0,23.03,72.58
2025-07-25 23:00:00,28.2,85,8.8,221,0.0,360.0,23.03,72.58
2025-07-26 00:00:00,27.8,85,9.8,215,0.0,360.0,23.03,72.58
2025-07-26 01:00:00,26.8,88,10.0,203,0.5,340.0,23.03,72.58
2025-07-26 02:00:00,26.5,91,10.8,237,0.2,355.0,23.03,72.58
2025-07-26 03:00:00,26.5,92,9.7,245,0.0,365.0,23.03,72.58
2025-07-26 04:00:00,26.4,93,9.1,243,0.0,375.0,23.03,72.58
2025-07-26 05:00:00,26.6,92,9.0,254,0.1,440.0,23.03,72.58
2025-07-26 06:00:00,27.5,87,9.3,288,0.0,515.0,23.03,72.58
2025-07-26 07:00:00,28.0,85,8.7,277,0.0,620.0,23.03,72.58
2025-07-26 08:00:00,28.7,80,12.1,293,0.0,635.0,23.03,72.58
2025-07-26 09:00:00,29.8,75,11.9,281,0.1,700.0,23.03,72.58
2025-07-26 10:00:00,30.5,72,9.6,286,0.0,855.0,23.03,72.58
2025-07-26 11:00:00,31.2,69,9.0,285,0.0,1010.0,23.03,72.58
2025-07-26 12:00:00,32.1,64,9.9,280,0.0,1205.0,23.03,72.58
2025-07-26 13:00:00,32.2,63,9.4,277,0.0,1225.0,23.03,72.58
2025-07-26 14:00:00,32.9,59,10.9,279,0.0,1230.0,23.03,72.58
2025-07-26 15:00:00,31.4,64,11.9,280,0.8,575.0,23.03,72.58
2025-07-26 16:00:00,29.1,76,9.5,190,1.0,475.0,23.03,72.58
2025-07-26 17:00:00,27.8,84,6.7,128,0.7,370.0,23.03,72.58
2025-07-26 18:00:00,27.4,85,9.5,205,1.1,285.0,23.03,72.58
2025-07-26 19:00:00,27.0,88,2.6,282,0.4,180.0,23.03,72.58
2025-07-26 20:00:00,26.4,89,6.6,261,0.9,260.0,23.03,72.58
2025-07-26 21:00:00,25.7,94,7.2,276,1.6,230.0,23.03,72.58
2025-07-26 22:00:00,25.7,95,3.0,245,2.7,165.0,23.03,72.58
2025-07-26 23:00:00,25.7,96,6.4,230,2.8,330.0,23.03,72.58
2025-07-27 00:00:00,25.5,96,9.0,237,2.6,450.0,23.03,72.58
2025-07-27 01:00:00,25.4,96,8.4,225,1.7,395.0,23.03,72.58
2025-07-27 02:00:00,25.4,97,9.2,239,1.5,475.0,23.03,72.58
2025-07-27 03:00:00,25.6,96,11.3,262,1.2,480.0,23.03,72.58
2025-07-27 04:00:00,25.8,95,11.9,266,0.5,510.0,23.03,72.58
2025-07-27 05:00:00,25.8,92,14.0,277,1.1,500.0,23.03,72.58
2025-07-27 06:00:00,26.2,93,11.2,266,1.9,565.0,23.03,72.58
2025-07-27 07:00:00,26.0,92,11.5,267,1.3,445.0,23.03,72.58
2025-07-27 08:00:00,26.6,93,8.3,250,0.5,505.0,23.03,72.58
2025-07-27 09:00:00,26.3,92,13.4,256,1.6,375.0,23.03,72.58
2025-07-27 10:00:00,26.5,89,15.7,251,3.1,510.0,23.03,72.58
2025-07-27 11:00:00,27.0,92,11.0,247,0.8,625.0,23.03,72.58
2025-07-27 12:00:00,27.2,94,11.5,243,1.1,645.0,23.03,72.58
2025-07-27 13:00:00,27.5,91,9.9,238,0.3,625.0,23.03,72.58
2025-07-27 14:00:00,27.6,85,12.7,247,0.5,615.0,23.03,72.58
2025-07-27 15:00:00,27.9,83,10.8,252,0.2,715.0,23.03,72.58
2025-07-27 16:00:00,28.1,83,9.1,263,0.1,675.0,23.03,72.58
2025-07-27 17:00:00,27.9,81,10.6,247,0.4,540.0,23.03,72.58
2025-07-27 18:00:00,27.5,81,9.2,253,0.0,560.0,23.03,72.58
2025-07-27 19:00:00,26.7,87,8.0,260,0.1,410.0,23.03,72.58
2025-07-27 20:00:00,26.5,89,6.9,223,0.0,400.0,23.03,72.58
2025-07-27 21:00:00,26.3,91,9.0,232,0.1,450.0,23.03,72.58
2025-07-27 22:00:00,26.0,91,9.3,236,0.1,445.0,23.03,72.58
2025-07-27 23:00:00,25.9,93,9.3,234,0.2,460.0,23.03,72.58
2025-07-28 00:00:00,25.9,94,10.2,240,0.3,510.0,23.03,72.58
2025-07-28 01:00:00,25.8,94,11.0,244,0.2,505.0,23.03,72.58
2025-07-28 02:00:00,25.8,95,10.7,240,0.4,530.0,23.03,72.58
2025-07-28 03:00:00,25.9,95,11.8,246,0.0,605.0,23.03,72.58
2025-07-28 04:00:00,26.0,93,12.7,249,0.0,660.0,23.03,72.58
2025-07-28 05:00:00,26.0,92,12.6,253,0.0,690.0,23.03,72.58
2025-07-28 06:00:00,26.3,92,11.5,256,0.5,455.0,23.03,72.58
2025-07-28 07:00:00,26.3,93,10.3,264,0.5,405.0,23.03,72.58
2025-07-28 08:00:00,26.5,92,11.8,254,0.3,460.0,23.03,72.58
2025-07-28 09:00:00,26.7,92,10.3,254,0.1,540.0,23.03,72.58
2025-07-28 10:00:00,27.7,88,10.6,260,0.1,680.0,23.03,72.58
2025-07-28 11:00:00,28.8,80,13.9,269,0.1,725.0,23.03,72.58
2025-07-28 12:00:00,30.1,73,14.0,271,0.0,980.0,23.03,72.58
2025-07-28 13:00:00,30.1,72,15.2,265,0.0,905.0,23.03,72.58
2025-07-28 14:00:00,30.4,72,13.7,256,0.0,835.0,23.03,72.58
2025-07-28 15:00:00,30.5,71,12.7,249,0.0,890.0,23.03,72.58
2025-07-28 16:00:00,30.6,71,11.9,252,0.0,875.0,23.03,72.58
2025-07-28 17:00:00,30.6,72,8.1,246,0.0,960.0,23.03,72.58
2025-07-28 18:00:00,29.4,75,9.3,226,0.0,625.0,23.03,72.58
2025-07-28 19:00:00,28.7,77,8.4,247,0.0,450.0,23.03,72.58
2025-07-28 20:00:00,28.3,79,6.2,226,0.0,260.0,23.03,72.58
2025-07-28 21:00:00,28.0,81,7.6,216,0.0,280.0,23.03,72.58
2025-07-28 22:00:00,27.6,82,9.7,222,0.0,325.0,23.03,72.58
2025-07-28 23:00:00,27.6,80,10.9,232,0.0,525.0,23.03,72.58
2025-07-29 00:00:00,27.5,78,11.4,235,0.0,605.0,23.03,72.58
2025-07-29 01:00:00,26.8,81,11.1,233,0.0,605.0,23.03,72.58
2025-07-29 02:00:00,26.3,86,10.8,232,0.0,660.0,23.03,72.58
2025-07-29 03:00:00,26.1,88,9.4,230,0.0,665.0,23.03,72.58
2025-07-29 04:00:00,26.0,89,10.3,234,0.0,690.0,23.03,72.58
2025-07-29 05:00:00,25.9,90,10.0,234,0.0,715.0,23.03,72.58
2025-07-29 06:00:00,26.7,87,9.8,240,0.1,740.0,23.03,72.58
2025-07-29 07:00:00,26.5,89,10.0,236,0.6,655.0,23.03,72.58
2025-07-29 08:00:00,26.7,90,10.3,234,0.3,710.0,23.03,72.58
2025-07-29 09:00:00,27.7,85,13.8,241,0.1,775.0,23.03,72.58
2025-07-29 10:00:00,28.6,79,15.1,250,0.2,845.0,23.03,72.58
2025-07-29 11:00:00,29.3,76,16.1,254,0.0,925.0,23.03,72.58
2025-07-29 12:00:00,30.5,70,15.5,250,0.0,1110.0,23.03,72.58
2025-07-29 13:00:00,30.6,70,14.1,245,0.1,980.0,23.03,72.58
2025-07-29 14:00:00,30.7,69,14.4,252,0.2,920.0,23.03,72.58
2025-07-29 15:00:00,29.3,79,8.3,269,0.8,600.0,23.03,72.58
2025-07-29 16:00:00,28.6,84,7.6,251,0.5,530.0,23.03,72.58
2025-07-29 17:00:00,28.2,88,7.1,240,0.2,510.0,23.03,72.58
2025-07-29 18:00:00,28.0,81,10.0,216,0.0,560.0,23.03,72.58
2025-07-29 19:00:00,27.9,81,8.5,204,0.0,505.0,23.03,72.58
2025-07-29 20:00:00,27.9,80,10.4,219,0.0,580.0,23.03,72.58
2025-07-29 21:00:00,27.7,81,9.0,224,0.0,480.0,23.03,72.58
2025-07-29 22:00:00,27.4,81,9.7,228,0.0,510.0,23.03,72.58
2025-07-29 23:00:00,27.2,83,9.6,223,0.0,540.0,23.03,72.58
2025-07-30 00:00:00,26.9,84,10.8,223,0.0,615.0,23.03,72.58
2025-07-30 01:00:00,26.7,86,11.4,231,0.0,685.0,23.03,72.58
2025-07-30 02:00:00,26.5,86,12.2,234,0.0,735.0,23.03,72.58
2025-07-30 03:00:00,26.3,87,11.9,235,0.0,730.0,23.03,72.58
2025-07-30 04:00:00,26.3,88,11.1,234,0.0,755.0,23.03,72.58
2025-07-30 05:00:00,26.1,88,9.8,232,0.1,715.0,23.03,72.58
2025-07-30 06:00:00,26.8,87,7.6,239,0.2,755.0,23.03,72.58
2025-07-30 07:00:00,26.9,88,8.1,227,0.2,795.0,23.03,72.58
2025-07-30 08:00:00,27.3,86,6.8,212,0.1,775.0,23.03,72.58
2025-07-30 09:00:00,27.7,83,11.1,230,0.0,695.0,23.03,72.58
2025-07-30 10:00:00,28.9,76,12.9,237,0.1,830.0,23.03,72.58
2025-07-30 11:00:00,30.0,71,13.8,237,0.0,935.0,23.03,72.58
2025-07-30 12:00:00,30.7,67,13.8,233,0.0,1105.0,23.03,72.58
2025-07-30 13:00:00,30.8,66,13.2,233,0.0,1100.0,23.03,72.58
2025-07-30 14:00:00,31.5,62,12.0,233,0.0,1245.0,23.03,72.58
2025-07-30 15:00:00,31.8,62,9.4,225,0.0,1180.0,23.03,72.58
2025-07-30 16:00:00,31.8,64,6.5,203,0.0,975.0,23.03,72.58
2025-07-30 17:00:00,31.4,71,7.0,184,0.0,865.0,23.03,72.58
2025-07-30 18:00:00,29.1,80,10.1,170,0.0,465.0,23.03,72.58
2025-07-30 19:00:00,28.3,85,9.5,159,0.0,290.0,23.03,72.58
2025-07-30 20:00:00,28.0,86,10.2,150,0.0,260.0,23.03,72.58
2025-07-30 21:00:00,27.9,86,9.3,171,0.0,265.0,23.03,72.58
2025-07-30 22:00:00,27.8,86,8.6,182,0.0,360.0,23.03,72.58
2025-07-30 23:00:00,27.9,82,11.5,207,0.0,645.0,23.03,72.58
2025-07-31 00:00:00,27.7,82,11.8,227,0.0,750.0,23.03,72.58
2025-07-31 01:00:00,27.3,84,10.3,232,0.0,750.0,23.03,72.58
2025-07-31 02:00:00,26.9,85,9.6,232,0.0,720.0,23.03,72.58
2025-07-31 03:00:00,26.6,86,10.3,227,0.0,680.0,23.03,72.58
2025-07-31 04:00:00,26.3,87,11.7,224,0.0,675.0,23.03,72.58
2025-07-31 05:00:00,26.1,87,12.1,224,0.0,710.0,23.03,72.58
2025-07-31 06:00:00,27.1,87,12.0,220,0.0,695.0,23.03,72.58
2025-07-31 07:00:00,27.2,87,12.3,220,0.0,735.0,23.03,72.58
2025-07-31 08:00:00,27.4,86,10.8,218,0.0,795.0,23.03,72.58
2025-07-31 09:00:00,27.9,83,13.5,222,0.0,795.0,23.03,72.58
2025-07-31 10:00:00,28.8,78,13.7,224,0.1,825.0,23.03,72.58
2025-07-31 11:00:00,28.9,76,13.8,222,0.2,755.0,23.03,72.58
2025-07-31 12:00:00,29.6,73,12.5,227,0.1,860.0,23.03,72.58
2025-07-31 13:00:00,30.3,70,12.0,231,0.0,1010.0,23.03,72.58
2025-07-31 14:00:00,30.9,66,11.5,230,0.0,1190.0,23.03,72.58
2025-07-31 15:00:00,31.0,66,12.0,231,0.0,1110.0,23.03,72.58
2025-07-31 16:00:00,31.2,65,9.7,236,0.0,1190.0,23.03,72.58
2025-07-31 17:00:00,30.6,69,9.0,232,0.0,1030.0,23.03,72.58
2025-07-31 18:00:00,29.7,77,4.5,180,0.0,130.0,23.03,72.58
2025-07-31 19:00:00,29.0,81,5.9,160,0.0,120.0,23.03,72.58
2025-07-31 20:00:00,28.5,84,8.4,170,0.0,285.0,23.03,72.58
2025-07-31 21:00:00,28.0,86,9.9,185,0.0,330.0,23.03,72.58
2025-07-31 22:00:00,28.0,85,10.7,205,0.0,410.0,23.03,72.58
2025-07-31 23:00:00,28.1,81,10.8,223,0.0,690.0,23.03,72.58
2025-08-01 00:00:00,27.8,83,10.8,228,0.0,630.0,23.03,72.58
2025-08-01 01:00:00,27.4,84,10.6,228,0.0,635.0,23.03,72.58
2025-08-01 02:00:00,27.0,85,9.9,226,0.0,645.0,23.03,72.58
2025-08-01 03:00:00,26.5,87,8.9,225,0.0,615.0,23.03,72.58
2025-08-01 04:00:00,26.2,88,8.9,222,0.0,595.0,23.03,72.58
2025-08-01 05:00:00,25.9,90,8.9,222,0.0,580.0,23.03,72.58
2025-08-01 06:00:00,26.2,91,9.9,228,0.1,495.0,23.03,72.58
2025-08-01 07:00:00,26.5,90,11.1,233,0.1,590.0,23.03,72.58
2025-08-01 08:00:00,27.3,87,9.7,235,0.0,700.0,23.03,72.58
2025-08-01 09:00:00,28.5,80,11.0,240,0.1,770.0,23.03,72.58
2025-08-01 10:00:00,29.6,73,13.2,246,0.1,860.0,23.03,72.58
2025-08-01 11:00:00,30.7,67,14.7,246,0.0,1140.0,23.03,72.58
2025-08-01 12:00:00,31.2,63,14.8,243,0.0,1210.0,23.03,72.58
2025-08-01 13:00:00,31.8,62,13.4,242,0.0,1305.0,23.03,72.58
2025-08-01 14:00:00,32.1,60,12.6,242,0.0,1310.0,23.03,72.58
2025-08-01 15:00:00,32.4,59,12.3,241,0.0,1430.0,23.03,72.58
2025-08-01 16:00:00,32.3,59,11.4,244,0.0,1230.0,23.03,72.58
2025-08-01 17:00:00,31.9,63,10.5,241,0.0,1235.0,23.03,72.58
2025-08-01 18:00:00,30.9,68,7.1,201,0.0,425.0,23.03,72.58
2025-08-01 19:00:00,29.9,73,7.4,184,0.0,150.0,23.03,72.58
2025-08-01 20:00:00,29.1,78,7.9,191,0.0,220.0,23.03,72.58
2025-08-01 21:00:00,28.4,82,5.6,201,0.0,160.0,23.03,72.58
2025-08-01 22:00:00,28.1,84,5.2,194,0.0,95.0,23.03,72.58
2025-08-01 23:00:00,27.8,85,5.1,212,0.0,80.0,23.03,72.58
2025-08-02 00:00:00,27.4,85,6.5,214,0.0,125.0,23.03,72.58
2025-08-02 01:00:00,27.1,82,8.9,222,0.0,365.0,23.03,72.58
2025-08-02 02:00:00,26.6,81,10.6,230,0.0,435.0,23.03,72.58
2025-08-02 03:00:00,26.1,83,10.7,234,0.0,465.0,23.03,72.58
2025-08-02 04:00:00,25.7,86,9.3,234,0.0,435.0,23.03,72.58
2025-08-02 05:00:00,25.3,88,8.2,229,0.0,400.0,23.03,72.58
2025-08-02 06:00:00,26.2,87,7.5,226,0.0,420.0,23.03,72.58
2025-08-02 07:00:00,26.7,85,7.0,228,0.0,485.0,23.03,72.58
2025-08-02 08:00:00,27.5,82,7.8,247,0.1,585.0,23.03,72.58
2025-08-02 09:00:00,28.5,76,8.1,252,0.0,690.0,23.03,72.58
2025-08-02 10:00:00,29.7,70,7.7,249,0.0,820.0,23.03,72.58
2025-08-02 11:00:00,30.6,65,8.4,242,0.0,965.0,23.03,72.58
2025-08-02 12:00:00,31.2,62,8.8,239,0.0,1040.0,23.03,72.58
2025-08-02 13:00:00,31.8,59,9.1,236,0.0,1090.0,23.03,72.58
2025-08-02 14:00:00,32.2,58,8.3,226,0.0,1115.0,23.03,72.58
2025-08-02 15:00:00,32.5,57,9.0,226,0.0,1220.0,23.03,72.58
2025-08-02 16:00:00,32.3,57,10.8,242,0.1,1175.0,23.03,72.58
2025-08-02 17:00:00,30.5,68,9.8,275,0.2,470.0,23.03,72.58
2025-08-02 18:00:00,30.2,69,6.0,207,0.0,530.0,23.03,72.58
2025-08-02 19:00:00,28.7,77,9.1,188,0.1,280.0,23.03,72.58
2025-08-02 20:00:00,28.1,82,9.4,173,0.0,245.0,23.03,72.58
2025-08-02 21:00:00,27.6,87,8.7,194,0.0,355.0,23.03,72.58
2025-08-02 22:00:00,27.2,88,9.2,220,0.0,340.0,23.03,72.58
2025-08-02 23:00:00,26.6,88,9.3,234,0.1,310.0,23.03,72.58
2025-08-03 00:00:00,26.0,91,8.1,223,0.1,225.0,23.03,72.58
2025-08-03 01:00:00,25.5,93,8.2,218,0.0,250.0,23.03,72.58
2025-08-03 02:00:00,25.3,94,9.4,204,0.1,290.0,23.03,72.58
2025-08-03 03:00:00,25.0,95,5.9,225,1.2,205.0,23.03,72.58
2025-08-03 04:00:00,24.7,98,8.1,197,4.3,240.0,23.03,72.58
2025-08-03 05:00:00,25.0,96,3.1,177,1.8,140.0,23.03,72.58
2025-08-03 06:00:00,26.1,95,6.6,213,0.3,290.0,23.03,72.58
2025-08-03 07:00:00,26.4,93,6.1,214,0.2,335.0,23.03,72.58
2025-08-03 08:00:00,26.8,89,6.6,215,0.2,385.0,23.03,72.58
2025-08-03 09:00:00,27.6,87,7.5,210,0.0,570.0,23.03,72.58
2025-08-03 10:00:00,29.2,78,7.0,209,0.0,885.0,23.03,72.58
2025-08-03 11:00:00,30.2,72,6.8,212,0.1,1110.0,23.03,72.58
2025-08-03 12:00:00,31.1,67,6.4,223,0.1,1340.0,23.03,72.58
2025-08-03 13:00:00,31.5,65,7.3,222,0.1,1435.0,23.03,72.58
2025-08-03 14:00:00,31.3,65,8.0,218,0.0,1220.0,23.03,72.58
2025-08-03 15:00:00,31.6,66,7.3,213,0.0,1120.0,23.03,72.58
2025-08-03 16:00:00,31.3,66,10.4,201,0.0,1035.0,23.03,72.58
2025-08-03 17:00:00,29.3,76,10.3,191,0.1,455.0,23.03,72.58
2025-08-03 18:00:00,28.4,79,3.0,284,0.7,295.0,23.03,72.58
2025-08-03 19:00:00,28.0,86,7.2,180,0.3,390.0,23.03,72.58
2025-08-03 20:00:00,27.8,85,10.4,189,0.0,425.0,23.03,72.58
2025-08-03 21:00:00,27.4,85,9.7,196,0.0,385.0,23.03,72.58
2025-08-03 22:00:00,27.2,84,9.1,195,0.0,350.0,23.03,72.58
2025-08-03 23:00:00,27.0,85,9.4,203,0.0,360.0,23.03,72.58
2025-08-04 00:00:00,26.7,86,8.4,205,0.0,310.0,23.03,72.58
2025-08-04 01:00:00,26.5,87,7.9,207,0.0,285.0,23.03,72.58
2025-08-04 02:00:00,26.3,88,8.4,211,0.0,325.0,23.03,72.58
2025-08-04 03:00:00,26.3,89,8.1,217,0.0,355.0,23.03,72.58
2025-08-04 04:00:00,26.2,88,8.8,219,0.0,375.0,23.03,72.58
2025-08-04 05:00:00,26.0,89,8.7,228,0.0,415.0,23.03,72.58
2025-08-04 06:00:00,26.4,89,8.9,223,0.0,380.0,23.03,72.58
2025-08-04 07:00:00,26.8,88,6.5,222,0.0,435.0,23.03,72.58
2025-08-04 08:00:00,27.7,83,10.7,234,0.1,525.0,23.03,72.58
2025-08-04 09:00:00,28.8,77,9.3,238,0.0,670.0,23.03,72.58
2025-08-04 10:00:00,29.7,72,9.3,234,0.1,785.0,23.03,72.58
2025-08-04 11:00:00,30.3,68,9.6,227,0.1,865.0,23.03,72.58
2025-08-04 12:00:00,30.8,66,11.1,226,0.0,905.0,23.03,72.58
2025-08-04 13:00:00,31.5,63,11.2,224,0.1,985.0,23.03,72.58
2025-08-04 14:00:00,31.7,62,12.1,224,0.1,1075.0,23.03,72.58
2025-08-04 15:00:00,31.0,65,12.1,232,0.2,895.0,23.03,72.58
2025-08-04 16:00:00,31.3,68,9.7,235,0.1,1080.0,23.03,72.58
2025-08-04 17:00:00,30.9,69,9.0,227,0.1,945.0,23.03,72.58
2025-08-04 18:00:00,29.4,76,6.6,191,0.1,500.0,23.03,72.58
2025-08-04 19:00:00,28.9,80,6.9,194,0.0,310.0,23.03,72.58
2025-08-04 20:00:00,28.5,80,7.4,209,0.0,275.0,23.03,72.58
2025-08-04 21:00:00,28.0,82,7.5,188,0.0,225.0,23.03,72.58
2025-08-04 22:00:00,27.7,84,7.6,198,0.0,255.0,23.03,72.58
2025-08-04 23:00:00,27.4,84,7.9,213,0.0,270.0,23.03,72.58
2025-08-05 00:00:00,27.0,86,5.8,216,0.1,210.0,23.03,72.58
2025-08-05 01:00:00,26.6,88,5.4,228,0.1,205.0,23.03,72.58
2025-08-05 02:00:00,26.3,87,5.2,224,0.5,250.0,23.03,72.58
2025-08-05 03:00:00,26.2,88,8.3,221,0.0,350.0,23.03,72.58
2025-08-05 04:00:00,26.2,88,9.0,233,0.0,420.0,23.03,72.58
2025-08-05 05:00:00,26.0,88,8.2,232,0.0,465.0,23.03,72.58
2025-08-05 06:00:00,26.4,89,7.0,215,0.0,305.0,23.03,72.58
2025-08-05 07:00:00,26.8,86,8.0,228,0.0,480.0,23.03,72.58
2025-08-05 08:00:00,27.5,82,9.9,232,0.1,545.0,23.03,72.58
2025-08-05 09:00:00,28.5,77,10.1,237,0.0,640.0,23.03,72.58
2025-08-05 10:00:00,29.5,72,10.0,232,0.1,740.0,23.03,72.58
2025-08-05 11:00:00,30.0,70,10.7,224,0.2,795.0,23.03,72.58
2025-08-05 12:00:00,30.9,66,10.6,222,0.1,900.0,23.03,72.58
2025-08-05 13:00:00,31.4,63,11.1,220,0.1,980.0,23.03,72.58
2025-08-05 14:00:00,31.7,61,11.6,217,0.1,1060.0,23.03,72.58
2025-08-05 15:00:00,32.0,60,11.8,218,0.1,1075.0,23.03,72.58
2025-08-05 16:00:00,32.2,59,11.1,217,0.0,1205.0,23.03,72.58
2025-08-05 17:00:00,31.8,59,10.3,209,0.0,1225.0,23.03,72.58
2025-08-05 18:00:00,30.5,69,9.9,180,0.0,555.0,23.03,72.58
2025-08-05 19:00:00,29.0,76,9.4,187,0.0,375.0,23.03,72.58
2025-08-05 20:00:00,28.4,79,9.1,198,0.0,355.0,23.03,72.58
2025-08-05 21:00:00,28.0,81,9.2,197,0.0,365.0,23.03,72.58
2025-08-05 22:00:00,27.6,85,8.6,192,0.0,305.0,23.03,72.58
2025-08-05 23:00:00,27.2,88,7.4,194,0.0,255.0,23.03,72.58
2025-08-06 00:00:00,26.9,90,6.9,208,0.0,230.0,23.03,72.58
2025-08-06 01:00:00,26.8,90,6.2,229,0.0,225.0,23.03,72.58
2025-08-06 02:00:00,26.6,89,6.3,246,0.0,265.0,23.03,72.58
2025-08-06 03:00:00,26.3,89,6.5,246,0.0,260.0,23.03,72.58
2025-08-06 04:00:00,26.0,90,6.4,232,0.0,200.0,23.03,72.58
2025-08-06 05:00:00,25.6,91,6.4,220,0.0,210.0,23.03,72.58
2025-08-06 06:00:00,25.9,90,6.5,224,0.0,280.0,23.03,72.58
2025-08-06 07:00:00,26.4,86,7.8,226,0.0,460.0,23.03,72.58
2025-08-06 08:00:00,27.1,83,8.0,230,0.1,485.0,23.03,72.58
2025-08-06 09:00:00,28.1,77,8.1,242,0.1,615.0,23.03,72.58
2025-08-06 10:00:00,28.7,74,8.2,237,0.2,670.0,23.03,72.58
2025-08-06 11:00:00,29.9,68,8.0,228,0.1,745.0,23.03,72.58
2025-08-06 12:00:00,30.8,65,9.0,217,0.1,830.0,23.03,72.58
2025-08-06 13:00:00,31.2,63,9.3,220,0.1,905.0,23.03,72.58
2025-08-06 14:00:00,31.6,61,9.6,218,0.1,970.0,23.03,72.58
2025-08-06 15:00:00,32.1,59,10.0,216,0.0,1080.0,23.03,72.58
2025-08-06 16:00:00,32.2,58,9.7,215,0.0,1210.0,23.03,72.58
2025-08-06 17:00:00,32.1,58,8.3,200,0.0,1290.0,23.03,72.58
2025-08-06 18:00:00,30.5,66,7.3,157,0.0,480.0,23.03,72.58
2025-08-06 19:00:00,29.6,73,5.0,139,0.0,100.0,23.03,72.58
2025-08-06 20:00:00,28.8,78,7.7,159,0.0,145.0,23.03,72.58
2025-08-06 21:00:00,28.2,80,8.5,186,0.0,235.0,23.03,72.58
2025-08-06 22:00:00,27.5,82,9.2,192,0.0,260.0,23.03,72.58
2025-08-06 23:00:00,27.0,85,9.1,194,0.0,250.0,23.03,72.58
2025-08-07 00:00:00,26.6,88,7.9,204,0.0,215.0,23.03,72.58
2025-08-07 01:00:00,26.4,90,7.1,227,0.0,180.0,23.03,72.58
2025-08-07 02:00:00,26.3,90,6.6,254,0.0,165.0,23.03,72.58
2025-08-07 03:00:00,26.1,89,6.0,260,0.0,180.0,23.03,72.58
2025-08-07 04:00:00,26.0,89,6.5,257,0.0,300.0,23.03,72.58
2025-08-07 05:00:00,25.7,89,6.9,265,0.0,310.0,23.03,72.58
2025-08-07 06:00:00,26.4,89,6.7,267,0.0,375.0,23.03,72.58
2025-08-07 07:00:00,26.9,87,6.9,277,0.0,410.0,23.03,72.58
2025-08-07 08:00:00,27.7,82,7.3,281,0.0,465.0,23.03,72.58
2025-08-07 09:00:00,28.9,76,5.6,274,0.0,585.0,23.03,72.58
2025-08-07 10:00:00,30.1,69,5.5,259,0.0,885.0,23.03,72.58
2025-08-07 11:00:00,31.3,62,6.6,244,0.0,1210.0,23.03,72.58
2025-08-07 12:00:00,32.1,57,7.5,237,0.0,1375.0,23.03,72.58
2025-08-07 13:00:00,32.7,53,8.9,242,0.0,1515.0,23.03,72.58
2025-08-07 14:00:00,33.0,51,9.7,242,0.0,1635.0,23.03,72.58
2025-08-07 15:00:00,33.3,49,9.3,241,0.0,1555.0,23.03,72.58
2025-08-07 16:00:00,33.3,48,9.6,240,0.0,1550.0,23.03,72.58
2025-08-07 17:00:00,32.9,50,7.4,223,0.0,1370.0,23.03,72.58
2025-08-07 18:00:00,32.8,48,5.5,229,0.0,1055.0,23.03,72.58
2025-08-07 19:00:00,31.7,55,7.6,177,0.0,105.0,23.03,72.58
2025-08-07 20:00:00,30.0,66,11.2,182,0.0,315.0,23.03,72.58
2025-08-07 21:00:00,28.8,74,8.8,185,0.0,265.0,23.03,72.58
2025-08-07 22:00:00,28.2,78,8.5,185,0.0,285.0,23.03,72.58
2025-08-07 23:00:00,27.9,80,8.5,205,0.0,335.0,23.03,72.58
2025-08-08 00:00:00,27.6,83,7.6,218,0.0,230.0,23.03,72.58
2025-08-08 01:00:00,27.3,84,8.3,254,0.0,260.0,23.03,72.58
2025-08-08 02:00:00,27.1,83,8.7,262,0.0,490.0,23.03,72.58
2025-08-08 03:00:00,26.7,84,8.4,261,0.0,500.0,23.03,72.58
2025-08-08 04:00:00,26.4,85,8.3,269,0.0,480.0,23.03,72.58
2025-08-08 05:00:00,26.0,87,8.3,276,0.0,460.0,23.03,72.58
2025-08-08 06:00:00,27.0,84,7.8,283,0.0,505.0,23.03,72.58
2025-08-08 07:00:00,27.3,82,7.8,292,0.0,510.0,23.03,72.58
2025-08-08 08:00:00,28.4,75,7.2,284,0.0,625.0,23.03,72.58
2025-08-08 09:00:00,29.7,67,7.2,271,0.1,770.0,23.03,72.58
2025-08-08 10:00:00,31.0,61,6.6,253,0.0,980.0,23.03,72.58
2025-08-08 11:00:00,32.2,54,7.6,243,0.0,1220.0,23.03,72.58
2025-08-08 12:00:00,33.1,50,9.1,236,0.0,1415.0,23.03,72.58
2025-08-08 13:00:00,33.8,46,9.6,237,0.0,1620.0,23.03,72.58
2025-08-08 14:00:00,34.1,44,10.0,240,0.0,1815.0,23.03,72.58
2025-08-08 15:00:00,34.0,45,9.6,237,0.0,1850.0,23.03,72.58
2025-08-08 16:00:00,34.2,44,9.4,239,0.0,1695.0,23.03,72.58
2025-08-08 17:00:00,33.8,44,9.3,233,0.0,1575.0,23.03,72.58
2025-08-08 18:00:00,32.9,47,7.4,219,0.0,995.0,23.03,72.58
2025-08-08 19:00:00,32.3,50,5.9,194,0.0,170.0,23.03,72.58
2025-08-08 20:00:00,30.4,63,12.6,190,0.0,440.0,23.03,72.58
2025-08-08 21:00:00,29.2,71,8.5,187,0.0,375.0,23.03,72.58
2025-08-08 22:00:00,28.9,74,9.2,197,0.0,350.0,23.03,72.58
2025-08-08 23:00:00,28.6,76,9.5,202,0.0,295.0,23.03,72.58
2025-08-09 00:00:00,28.4,76,8.4,220,0.0,285.0,23.03,72.58
2025-08-09 01:00:00,28.1,77,8.4,242,0.0,325.0,23.03,72.58
2025-08-09 02:00:00,27.9,77,7.8,247,0.0,520.0,23.03,72.58
2025-08-09 03:00:00,27.4,79,7.7,259,0.0,520.0,23.03,72.58
2025-08-09 04:00:00,27.0,80,7.3,263,0.0,485.0,23.03,72.58
2025-08-09 05:00:00,26.7,82,8.8,275,0.0,485.0,23.03,72.58
2025-08-09 06:00:00,27.5,80,8.1,271,0.0,600.0,23.03,72.58
2025-08-09 07:00:00,27.5,78,8.7,274,0.1,550.0,23.03,72.58
2025-08-09 08:00:00,28.1,74,9.0,280,0.1,555.0,23.03,72.58
2025-08-09 09:00:00,29.0,70,7.3,277,0.0,655.0,23.03,72.58
2025-08-09 10:00:00,29.4,66,5.4,264,0.0,720.0,23.03,72.58
2025-08-09 11:00:00,31.0,58,5.0,240,0.0,970.0,23.03,72.58
2025-08-09 12:00:00,32.3,52,6.3,235,0.0,1205.0,23.03,72.58
2025-08-09 13:00:00,32.9,50,7.8,232,0.0,1305.0,23.03,72.58
2025-08-09 14:00:00,33.3,48,8.7,232,0.0,1375.0,23.03,72.58
2025-08-09 15:00:00,33.7,46,8.9,234,0.0,1535.0,23.03,72.58
2025-08-09 16:00:00,33.9,45,8.2,234,0.0,1685.0,23.03,72.58
2025-08-09 17:00:00,33.7,45,6.4,238,0.0,1520.0,23.03,72.58
2025-08-09 18:00:00,32.4,52,7.8,247,0.2,1085.0,23.03,72.58
2025-08-09 19:00:00,31.6,56,8.5,215,0.0,565.0,23.03,72.58
2025-08-09 20:00:00,31.0,59,8.0,186,0.0,500.0,23.03,72.58
2025-08-09 21:00:00,29.8,67,10.1,183,0.0,325.0,23.03,72.58
2025-08-09 22:00:00,28.7,73,9.4,192,0.0,310.0,23.03,72.58
2025-08-09 23:00:00,28.3,75,7.7,189,0.1,315.0,23.03,72.58
2025-08-10 00:00:00,28.0,76,6.9,205,0.0,345.0,23.03,72.58
2025-08-10 01:00:00,27.8,76,8.0,222,0.0,340.0,23.03,72.58
2025-08-10 02:00:00,27.4,78,7.4,219,0.0,355.0,23.03,72.58
2025-08-10 03:00:00,27.1,80,6.5,242,0.0,390.0,23.03,72.58
2025-08-10 04:00:00,27.0,81,7.8,251,0.0,545.0,23.03,72.58
2025-08-10 05:00:00,26.6,82,7.8,255,0.0,455.0,23.03,72.58
2025-08-10 06:00:00,26.8,82,9.0,275,0.0,510.0,23.03,72.58
2025-08-10 07:00:00,27.1,81,7.4,270,0.0,550.0,23.03,72.58
2025-08-10 08:00:00,27.8,76,8.3,290,0.4,570.0,23.03,72.58
2025-08-10 09:00:00,29.2,68,8.2,285,0.0,725.0,23.03,72.58
2025-08-10 10:00:00,30.7,59,7.3,263,0.0,920.0,23.03,72.58
2025-08-10 11:00:00,31.8,54,7.9,243,0.0,1145.0,23.03,72.58
2025-08-10 12:00:00,32.6,51,8.0,232,0.1,1260.0,23.03,72.58
2025-08-10 13:00:00,33.3,48,9.0,226,0.1,1280.0,23.03,72.58
2025-08-10 14:00:00,33.7,46,8.9,218,0.5,1335.0,23.03,72.58
2025-08-10 15:00:00,33.8,46,8.6,219,0.3,1395.0,23.03,72.58
2025-08-10 16:00:00,33.8,46,9.0,224,0.1,1420.0,23.03,72.58
2025-08-10 17:00:00,33.8,45,8.9,222,0.0,1540.0,23.03,72.58
2025-08-10 18:00:00,33.3,47,5.7,215,0.0,1405.0,23.03,72.58
2025-08-10 19:00:00,32.5,50,10.5,184,0.0,680.0,23.03,72.58
2025-08-10 20:00:00,30.0,67,11.9,182,0.0,380.0,23.03,72.58
2025-08-10 21:00:00,29.3,70,10.7,200,0.0,420.0,23.03,72.58
2025-08-10 22:00:00,28.8,74,9.6,201,0.0,500.0,23.03,72.58
2025-08-10 23:00:00,28.6,74,9.1,214,0.0,420.0,23.03,72.58
2025-08-11 00:00:00,28.2,73,8.6,239,0.0,385.0,23.03,72.58
2025-08-11 01:00:00,27.9,74,8.4,242,0.0,405.0,23.03,72.58
2025-08-11 02:00:00,27.5,77,7.6,239,0.0,445.0,23.03,72.58
2025-08-11 03:00:00,27.2,80,8.1,235,0.0,485.0,23.03,72.58
2025-08-11 04:00:00,26.8,82,8.7,236,0.1,490.0,23.03,72.58
2025-08-11 05:00:00,26.6,83,8.5,249,0.0,415.0,23.03,72.58
2025-08-11 06:00:00,26.0,84,4.6,211,0.2,130.0,23.03,72.58
2025-08-11 07:00:00,27.0,82,4.6,239,0.0,375.0,23.03,72.58
2025-08-11 08:00:00,28.5,74,8.4,261,0.0,575.0,23.03,72.58
2025-08-11 09:00:00,29.7,67,7.7,258,0.0,800.0,23.03,72.58
2025-08-11 10:00:00,30.9,60,7.8,248,0.0,985.0,23.03,72.58
2025-08-11 11:00:00,32.1,54,8.1,245,0.0,1130.0,23.03,72.58
2025-08-11 12:00:00,33.0,50,9.5,238,0.1,1190.0,23.03,72.58
2025-08-11 13:00:00,33.8,47,10.5,235,0.3,1260.0,23.03,72.58
2025-08-11 14:00:00,34.2,46,11.2,235,0.5,1320.0,23.03,72.58
2025-08-11 15:00:00,34.4,46,11.0,238,0.3,1355.0,23.03,72.58
2025-08-11 16:00:00,34.2,46,10.8,240,0.1,1440.0,23.03,72.58
2025-08-11 17:00:00,34.1,46,10.4,242,0.0,1455.0,23.03,72.58
2025-08-11 18:00:00,33.3,48,9.7,220,0.0,1495.0,23.03,72.58
2025-08-11 19:00:00,31.0,62,11.6,188,0.0,470.0,23.03,72.58
2025-08-11 20:00:00,29.7,69,9.0,186,0.0,350.0,23.03,72.58
2025-08-11 21:00:00,29.5,71,9.0,190,0.0,435.0,23.03,72.58
2025-08-11 22:00:00,29.1,73,9.7,196,0.0,385.0,23.03,72.58
2025-08-11 23:00:00,28.8,76,9.4,203,0.0,390.0,23.03,72.58
2025-08-12 00:00:00,28.5,77,8.8,213,0.0,450.0,23.03,72.58
2025-08-12 01:00:00,28.4,76,7.3,234,0.0,630.0,23.03,72.58
2025-08-12 02:00:00,28.2,75,8.9,249,0.0,670.0,23.03,72.58
2025-08-12 03:00:00,27.8,77,10.1,250,0.0,670.0,23.03,72.58
2025-08-12 04:00:00,27.4,79,9.1,252,0.0,670.0,23.03,72.58
2025-08-12 05:00:00,27.1,81,8.3,246,0.0,645.0,23.03,72.58
2025-08-12 06:00:00,27.4,79,7.8,247,0.0,635.0,23.03,72.58
2025-08-12 07:00:00,27.7,76,8.0,252,0.0,700.0,23.03,72.58
2025-08-12 08:00:00,28.7,69,8.8,261,0.0,840.0,23.03,72.58
2025-08-12 09:00:00,30.1,62,10.0,257,0.0,1025.0,23.03,72.58
2025-08-12 10:00:00,31.4,55,10.7,254,0.0,1225.0,23.03,72.58
2025-08-12 11:00:00,32.4,50,10.8,252,0.0,1400.0,23.03,72.58
2025-08-12 12:00:00,33.4,47,10.4,247,0.0,1590.0,23.03,72.58
2025-08-12 13:00:00,33.5,48,10.4,234,0.0,1525.0,23.03,72.58
2025-08-12 14:00:00,33.9,48,11.0,236,0.1,1460.0,23.03,72.58
2025-08-12 15:00:00,34.1,47,10.9,234,0.2,1475.0,23.03,72.58
2025-08-12 16:00:00,33.9,48,11.0,236,0.1,1455.0,23.03,72.58
2025-08-12 17:00:00,33.4,50,11.4,233,0.1,1455.0,23.03,72.58
2025-08-12 18:00:00,32.8,51,12.2,213,0.0,1375.0,23.03,72.58
2025-08-12 19:00:00,30.3,66,12.4,188,0.0,460.0,23.03,72.58
2025-08-12 20:00:00,29.4,69,10.2,194,0.0,415.0,23.03,72.58
2025-08-12 21:00:00,29.2,72,10.4,197,0.0,475.0,23.03,72.58
2025-08-12 22:00:00,29.0,75,10.4,208,0.0,560.0,23.03,72.58
2025-08-12 23:00:00,28.7,75,8.7,222,0.0,490.0,23.03,72.58
2025-08-13 00:00:00,28.2,76,9.2,219,0.0,425.0,23.03,72.58
2025-08-13 01:00:00,27.4,81,8.8,223,0.1,360.0,23.03,72.58
2025-08-13 02:00:00,26.9,85,8.8,229,0.3,425.0,23.03,72.58
2025-08-13 03:00:00,26.8,87,7.2,231,0.5,395.0,23.03,72.58
2025-08-13 04:00:00,26.8,86,8.1,242,0.2,475.0,23.03,72.58
2025-08-13 05:00:00,26.8,86,8.9,245,0.1,525.0,23.03,72.58
2025-08-13 06:00:00,27.7,78,5.2,248,0.0,600.0,23.03,72.58
2025-08-13 07:00:00,28.1,75,5.3,252,0.0,660.0,23.03,72.58
2025-08-13 08:00:00,29.0,70,8.2,255,0.0,825.0,23.03,72.58
2025-08-13 09:00:00,30.1,64,6.8,252,0.0,875.0,23.03,72.58
2025-08-13 10:00:00,31.2,59,6.5,240,0.0,955.0,23.03,72.58
2025-08-13 11:00:00,32.1,55,7.2,231,0.0,1135.0,23.03,72.58
2025-08-13 12:00:00,32.7,53,8.3,219,0.0,1110.0,23.03,72.58
2025-08-13 13:00:00,32.8,54,8.9,214,0.2,1110.0,23.03,72.58
2025-08-13 14:00:00,33.1,53,8.4,217,0.1,1305.0,23.03,72.58
2025-08-13 15:00:00,33.1,53,8.5,207,0.1,1175.0,23.03,72.58
2025-08-13 16:00:00,32.4,57,8.2,206,0.1,1015.0,23.03,72.58
2025-08-13 17:00:00,32.1,57,8.4,200,0.0,1040.0,23.03,72.58
2025-08-13 18:00:00,31.1,61,8.8,182,0.0,640.0,23.03,72.58
2025-08-13 19:00:00,30.5,66,8.4,187,0.0,510.0,23.03,72.58
2025-08-13 20:00:00,29.8,72,9.2,187,0.0,440.0,23.03,72.58
2025-08-13 21:00:00,28.9,77,8.5,187,0.0,400.0,23.03,72.58
2025-08-13 22:00:00,28.3,81,8.9,187,0.0,395.0,23.03,72.58
2025-08-13 23:00:00,27.9,83,8.9,188,0.0,390.0,23.03,72.58
2025-08-14 00:00:00,27.7,85,8.3,184,0.2,385.0,23.03,72.58
2025-08-14 01:00:00,27.5,87,6.7,171,0.1,360.0,23.03,72.58
2025-08-14 02:00:00,27.1,89,6.6,167,0.6,315.0,23.03,72.58
2025-08-14 03:00:00,26.9,91,5.8,164,0.3,260.0,23.03,72.58
2025-08-14 04:00:00,26.8,92,6.0,171,0.1,240.0,23.03,72.58
2025-08-14 05:00:00,26.7,90,6.2,187,0.3,225.0,23.03,72.58
2025-08-14 06:00:00,27.1,89,4.5,175,0.1,205.0,23.03,72.58
2025-08-14 07:00:00,27.4,87,6.2,188,0.0,290.0,23.03,72.58
2025-08-14 08:00:00,28.1,82,5.9,191,0.1,385.0,23.03,72.58
2025-08-14 09:00:00,28.3,81,4.4,187,0.1,405.0,23.03,72.58
2025-08-14 10:00:00,29.8,73,4.8,195,0.1,635.0,23.03,72.58
2025-08-14 11:00:00,31.6,64,3.9,196,0.0,1020.0,23.03,72.58
2025-08-14 12:00:00,32.5,60,5.6,187,0.1,1260.0,23.03,72.58
2025-08-14 13:00:00,31.7,63,6.0,183,0.3,950.0,23.03,72.58
2025-08-14 14:00:00,31.6,65,2.9,187,0.2,975.0,23.03,72.58
2025-08-14 15:00:00,32.1,61,3.1,177,0.1,955.0,23.03,72.58
2025-08-14 16:00:00,32.6,58,3.1,170,0.0,980.0,23.03,72.58
2025-08-14 17:00:00,32.0,61,5.0,165,0.0,950.0,23.03,72.58
2025-08-14 18:00:00,32.1,60,6.1,156,0.0,895.0,23.03,72.58
2025-08-14 19:00:00,31.0,66,7.8,154,0.0,360.0,23.03,72.58
2025-08-14 20:00:00,29.5,75,8.0,164,0.0,275.0,23.03,72.58
2025-08-14 21:00:00,29.0,76,6.3,175,0.0,235.0,23.03,72.58
2025-08-14 22:00:00,28.6,79,7.2,177,0.0,305.0,23.03,72.58
2025-08-14 23:00:00,28.2,83,7.0,181,0.0,320.0,23.03,72.58
2025-08-15 00:00:00,27.9,85,7.3,189,0.0,360.0,23.03,72.58
2025-08-15 01:00:00,27.6,86,6.0,175,0.0,365.0,23.03,72.58
2025-08-15 02:00:00,27.4,87,3.6,160,0.2,280.0,23.03,72.58
2025-08-15 03:00:00,27.1,89,4.0,120,0.2,195.0,23.03,72.58
2025-08-15 04:00:00,26.9,90,4.9,141,0.1,220.0,23.03,72.58
2025-08-15 05:00:00,26.9,88,6.3,160,0.3,230.0,23.03,72.58
2025-08-15 06:00:00,28.1,85,2.6,219,0.0,270.0,23.03,72.58
2025-08-15 07:00:00,28.1,83,1.5,76,0.8,210.0,23.03,72.58
2025-08-15 08:00:00,28.6,81,0.8,45,0.1,370.0,23.03,72.58
2025-08-15 09:00:00,30.1,73,0.7,90,0.2,690.0,23.03,72.58
2025-08-15 10:00:00,31.8,63,1.4,113,0.1,1110.0,23.03,72.58
2025-08-15 11:00:00,33.0,57,5.5,117,0.1,1195.0,23.03,72.58
2025-08-15 12:00:00,29.8,75,8.0,130,6.9,385.0,23.03,72.58
2025-08-15 13:00:00,30.4,76,4.6,283,0.1,470.0,23.03,72.58
2025-08-15 14:00:00,30.9,75,3.2,304,0.2,665.0,23.03,72.58
2025-08-15 15:00:00,31.3,71,1.5,14,0.3,710.0,23.03,72.58
2025-08-15 16:00:00,28.9,81,5.0,195,4.4,300.0,23.03,72.58
2025-08-15 17:00:00,28.9,81,1.5,126,0.1,270.0,23.03,72.58
2025-08-15 18:00:00,29.1,79,3.7,129,1.6,150.0,23.03,72.58
2025-08-15 19:00:00,28.6,84,3.6,153,0.6,95.0,23.03,72.58
2025-08-15 20:00:00,28.0,87,8.5,179,0.7,255.0,23.03,72.58
2025-08-15 21:00:00,26.1,94,9.9,180,6.4,465.0,23.03,72.58
2025-08-15 22:00:00,26.3,93,4.5,173,1.1,190.0,23.03,72.58
2025-08-15 23:00:00,26.2,95,6.5,161,0.1,250.0,23.03,72.58
2025-08-16 00:00:00,26.2,96,5.1,170,0.0,255.0,23.03,72.58
2025-08-16 01:00:00,26.1,96,3.8,172,0.0,230.0,23.03,72.58
2025-08-16 02:00:00,26.0,96,3.8,161,0.0,220.0,23.03,72.58
2025-08-16 03:00:00,25.8,96,3.9,143,0.1,170.0,23.03,72.58
2025-08-16 04:00:00,25.7,97,3.5,145,0.0,145.0,23.03,72.58
2025-08-16 05:00:00,25.6,98,2.0,207,0.0,105.0,23.03,72.58
2025-08-16 06:00:00,26.4,97,3.2,223,0.4,100.0,23.03,72.58
2025-08-16 07:00:00,27.1,95,2.4,234,0.0,165.0,23.03,72.58
2025-08-16 08:00:00,28.0,88,3.0,295,0.2,310.0,23.03,72.58
2025-08-16 09:00:00,29.2,83,3.9,332,0.3,555.0,23.03,72.58
2025-08-16 10:00:00,30.0,79,3.2,333,0.3,700.0,23.03,72.58
2025-08-16 11:00:00,30.5,77,2.7,307,0.3,880.0,23.03,72.58
2025-08-16 12:00:00,31.7,68,3.6,307,0.3,1110.0,23.03,72.58
2025-08-16 13:00:00,29.8,73,7.9,360,1.4,290.0,23.03,72.58
2025-08-16 14:00:00,28.2,83,3.1,114,7.4,265.0,23.03,72.58
2025-08-16 15:00:00,28.1,85,6.7,161,0.2,235.0,23.03,72.58
2025-08-16 16:00:00,27.5,88,8.1,184,0.2,260.0,23.03,72.58
2025-08-16 17:00:00,27.2,89,5.0,193,0.2,230.0,23.03,72.58
2025-08-16 18:00:00,28.8,83,6.3,246,0.0,320.0,23.03,72.58
2025-08-16 19:00:00,28.3,86,3.6,270,0.0,220.0,23.03,72.58
2025-08-16 20:00:00,27.9,89,5.6,228,0.0,210.0,23.03,72.58
2025-08-16 21:00:00,27.7,90,3.9,233,0.0,135.0,23.03,72.58
2025-08-16 22:00:00,27.4,92,4.4,201,0.1,145.0,23.03,72.58
2025-08-16 23:00:00,27.0,94,4.0,190,0.6,150.0,23.03,72.58
2025-08-17 00:00:00,26.7,96,3.4,196,0.1,140.0,23.03,72.58
2025-08-17 01:00:00,26.5,97,3.6,198,0.1,170.0,23.03,72.58
2025-08-17 02:00:00,26.2,98,4.4,210,0.0,165.0,23.03,72.58
2025-08-17 03:00:00,26.0,98,3.1,211,0.0,150.0,23.03,72.58
2025-08-17 04:00:00,26.0,98,2.3,247,0.0,130.0,23.03,72.58
2025-08-17 05:00:00,25.8,98,2.4,144,0.1,80.0,23.03,72.58
2025-08-17 06:00:00,26.3,97,0.9,217,0.2,55.0,23.03,72.58
2025-08-17 07:00:00,26.7,95,2.1,308,0.1,75.0,23.03,72.58
2025-08-17 08:00:00,27.8,90,4.2,342,0.1,220.0,23.03,72.58
2025-08-17 09:00:00,29.1,87,4.4,7,0.2,560.0,23.03,72.58
2025-08-17 10:00:00,30.2,81,5.2,22,0.2,680.0,23.03,72.58
2025-08-17 11:00:00,31.2,74,5.0,49,0.3,830.0,23.03,72.58
2025-08-17 12:00:00,31.5,72,4.6,59,0.2,905.0,23.03,72.58
2025-08-17 13:00:00,31.6,73,4.4,52,0.2,890.0,23.03,72.58
2025-08-17 14:00:00,31.7,73,2.6,74,0.2,805.0,23.03,72.58
2025-08-17 15:00:00,32.5,70,1.7,347,0.3,1060.0,23.03,72.58
2025-08-17 16:00:00,27.2,92,11.4,156,2.5,255.0,23.03,72.58
2025-08-17 17:00:00,27.6,89,5.1,190,0.3,250.0,23.03,72.58
2025-08-17 18:00:00,28.4,88,4.1,283,1.7,130.0,23.03,72.58
2025-08-17 19:00:00,28.1,92,0.5,315,0.0,10.0,23.03,72.58
2025-08-17 20:00:00,28.0,94,2.4,283,0.0,30.0,23.03,72.58
2025-08-17 21:00:00,28.0,92,7.6,166,0.0,245.0,23.03,72.58
2025-08-17 22:00:00,27.5,90,5.3,142,0.0,205.0,23.03,72.58
2025-08-17 23:00:00,27.2,92,5.6,149,0.0,195.0,23.03,72.58
2025-08-18 00:00:00,26.8,92,5.4,143,0.0,225.0,23.03,72.58
2025-08-18 01:00:00,26.5,94,5.9,133,0.0,255.0,23.03,72.58
2025-08-18 02:00:00,26.2,95,7.3,150,0.0,305.0,23.03,72.58
2025-08-18 03:00:00,25.9,96,7.7,150,0.0,295.0,23.03,72.58
2025-08-18 04:00:00,25.7,96,6.8,143,0.0,275.0,23.03,72.58
2025-08-18 05:00:00,25.5,97,4.0,126,0.0,225.0,23.03,72.58
2025-08-18 06:00:00,26.3,94,4.9,129,0.0,205.0,23.03,72.58
2025-08-18 07:00:00,26.9,92,8.1,133,0.0,275.0,23.03,72.58
2025-08-18 08:00:00,27.8,87,8.5,132,0.0,405.0,23.03,72.58
2025-08-18 09:00:00,29.3,79,6.6,139,0.0,645.0,23.03,72.58
2025-08-18 10:00:00,30.3,73,7.0,130,0.0,860.0,23.03,72.58
2025-08-18 11:00:00,31.1,69,8.3,131,0.0,880.0,23.03,72.58
2025-08-18 12:00:00,31.9,67,8.2,140,0.0,930.0,23.03,72.58
2025-08-18 13:00:00,32.3,68,6.4,158,0.1,1090.0,23.03,72.58
2025-08-18 14:00:00,32.3,68,5.8,166,0.1,1105.0,23.03,72.58
2025-08-18 15:00:00,32.6,67,5.3,147,0.0,1110.0,23.03,72.58
2025-08-18 16:00:00,30.7,74,7.2,161,4.2,340.0,23.03,72.58
2025-08-18 17:00:00,28.3,85,7.9,89,5.3,255.0,23.03,72.58
2025-08-18 18:00:00,30.1,79,9.7,149,0.0,415.0,23.03,72.58
2025-08-18 19:00:00,28.7,85,8.3,153,0.0,300.0,23.03,72.58
2025-08-18 20:00:00,28.1,86,6.4,153,0.0,335.0,23.03,72.58
2025-08-18 21:00:00,27.9,88,5.9,130,0.0,285.0,23.03,72.58
2025-08-18 22:00:00,27.5,90,6.9,131,0.3,275.0,23.03,72.58
2025-08-18 23:00:00,27.1,92,6.9,137,0.4,295.0,23.03,72.58
2025-08-19 00:00:00,26.6,94,8.1,148,0.1,325.0,23.03,72.58
2025-08-19 01:00:00,26.1,95,7.7,149,0.0,320.0,23.03,72.58
2025-08-19 02:00:00,25.8,96,6.7,146,0.0,325.0,23.03,72.58
2025-08-19 03:00:00,25.5,97,6.6,145,0.0,300.0,23.03,72.58
2025-08-19 04:00:00,25.5,96,6.2,131,0.0,285.0,23.03,72.58
2025-08-19 05:00:00,25.6,95,5.2,131,0.0,270.0,23.03,72.58
2025-08-19 06:00:00,26.4,97,5.1,107,0.0,210.0,23.03,72.58
2025-08-19 07:00:00,26.7,97,5.6,94,0.1,275.0,23.03,72.58
2025-08-19 08:00:00,27.5,92,5.8,85,0.2,340.0,23.03,72.58
2025-08-19 09:00:00,28.5,84,7.9,78,0.0,475.0,23.03,72.58
2025-08-19 10:00:00,30.3,75,8.2,67,0.0,860.0,23.03,72.58
2025-08-19 11:00:00,31.1,70,9.1,69,0.0,990.0,23.03,72.58
2025-08-19 12:00:00,32.2,67,8.5,92,0.0,1090.0,23.03,72.58
2025-08-19 13:00:00,32.7,66,8.1,94,0.0,1130.0,23.03,72.58
2025-08-19 14:00:00,33.1,64,6.3,90,0.0,1155.0,23.03,72.58
2025-08-19 15:00:00,32.9,66,6.1,90,0.0,1065.0,23.03,72.58
2025-08-19 16:00:00,32.8,67,5.7,103,0.0,1050.0,23.03,72.58
2025-08-19 17:00:00,31.3,72,9.0,128,0.8,355.0,23.03,72.58
2025-08-19 18:00:00,30.2,82,5.1,135,0.0,255.0,23.03,72.58
2025-08-19 19:00:00,29.8,86,5.0,150,0.0,270.0,23.03,72.58
2025-08-19 20:00:00,29.5,88,3.2,183,0.0,105.0,23.03,72.58
2025-08-19 21:00:00,29.1,89,5.1,94,0.0,95.0,23.03,72.58
2025-08-19 22:00:00,28.3,90,7.4,72,0.1,230.0,23.03,72.58
2025-08-19 23:00:00,27.8,91,5.8,110,0.0,165.0,23.03,72.58
2025-08-20 00:00:00,27.4,92,4.7,83,0.0,135.0,23.03,72.58
2025-08-20 01:00:00,27.1,93,6.0,69,0.0,125.0,23.03,72.58
2025-08-20 02:00:00,26.8,94,4.7,83,0.0,135.0,23.03,72.58
2025-08-20 03:00:00,26.6,95,6.0,97,0.0,180.0,23.03,72.58
2025-08-20 04:00:00,26.4,95,7.7,126,0.0,345.0,23.03,72.58
2025-08-20 05:00:00,26.2,93,5.3,142,0.0,325.0,23.03,72.58
2025-08-20 06:00:00,26.6,95,5.6,88,0.1,135.0,23.03,72.58
2025-08-20 07:00:00,27.2,93,5.1,48,0.0,170.0,23.03,72.58
2025-08-20 08:00:00,28.0,90,5.3,55,0.0,330.0,23.03,72.58
2025-08-20 09:00:00,29.4,80,9.4,73,0.0,595.0,23.03,72.58
2025-08-20 10:00:00,30.1,76,9.9,85,0.1,730.0,23.03,72.58
2025-08-20 11:00:00,30.5,74,9.3,100,0.2,875.0,23.03,72.58
2025-08-20 12:00:00,28.6,83,9.6,127,3.4,510.0,23.03,72.58
2025-08-20 13:00:00,30.1,79,5.0,103,0.1,750.0,23.03,72.58
2025-08-20 14:00:00,29.8,80,6.7,63,0.2,520.0,23.03,72.58
2025-08-20 15:00:00,30.2,77,8.1,66,0.0,655.0,23.03,72.58
2025-08-20 16:00:00,30.1,77,7.1,120,0.2,625.0,23.03,72.58
2025-08-20 17:00:00,28.5,83,12.4,193,0.3,550.0,23.03,72.58
2025-08-20 18:00:00,26.2,93,5.5,224,5.3,165.0,23.03,72.58
2025-08-20 19:00:00,26.2,94,4.5,180,0.2,170.0,23.03,72.58
2025-08-20 20:00:00,26.3,95,5.5,148,0.1,220.0,23.03,72.58
2025-08-20 21:00:00,26.5,94,8.9,187,0.1,440.0,23.03,72.58
2025-08-20 22:00:00,26.6,92,10.3,207,0.0,495.0,23.03,72.58
2025-08-20 23:00:00,26.3,92,10.9,207,0.0,515.0,23.03,72.58
2025-08-21 00:00:00,26.1,93,11.1,200,0.3,535.0,23.03,72.58
2025-08-21 01:00:00,25.9,93,11.1,203,0.2,545.0,23.03,72.58
2025-08-21 02:00:00,25.8,93,11.5,203,0.1,530.0,23.03,72.58
2025-08-21 03:00:00,25.6,93,10.9,200,0.0,530.0,23.03,72.58
2025-08-21 04:00:00,25.5,93,10.8,204,0.0,565.0,23.03,72.58
2025-08-21 05:00:00,25.4,93,10.1,205,0.0,580.0,23.03,72.58
2025-08-21 06:00:00,25.9,94,6.9,225,0.1,355.0,23.03,72.58
2025-08-21 07:00:00,26.5,91,10.6,219,0.1,485.0,23.03,72.58
2025-08-21 08:00:00,27.4,86,11.9,229,0.0,520.0,23.03,72.58
2025-08-21 09:00:00,27.9,84,12.2,237,0.1,565.0,23.03,72.58
2025-08-21 10:00:00,29.0,81,9.3,227,0.1,720.0,23.03,72.58
2025-08-21 11:00:00,29.9,78,10.3,229,0.1,925.0,23.03,72.58
2025-08-21 12:00:00,30.9,72,9.3,236,0.1,1165.0,23.03,72.58
2025-08-21 13:00:00,31.2,71,9.1,234,0.1,1205.0,23.03,72.58
2025-08-21 14:00:00,31.2,71,11.4,217,0.1,1055.0,23.03,72.58
2025-08-21 15:00:00,27.7,86,8.3,237,8.3,350.0,23.03,72.58
2025-08-21 16:00:00,27.2,88,5.9,207,1.0,285.0,23.03,72.58
2025-08-21 17:00:00,26.9,88,9.8,206,2.1,420.0,23.03,72.58
2025-08-21 18:00:00,27.7,92,6.3,204,0.2,405.0,23.03,72.58
2025-08-21 19:00:00,27.5,90,11.5,225,0.2,500.0,23.03,72.58
2025-08-21 20:00:00,27.3,89,12.1,226,0.0,560.0,23.03,72.58
2025-08-21 21:00:00,27.1,88,11.7,223,0.0,545.0,23.03,72.58
2025-08-21 22:00:00,27.0,88,11.6,216,0.0,635.0,23.03,72.58
2025-08-21 23:00:00,26.9,88,12.0,220,0.0,675.0,23.03,72.58
2025-08-22 00:00:00,26.6,88,11.9,219,0.0,690.0,23.03,72.58
2025-08-22 01:00:00,26.4,88,11.6,223,0.0,700.0,23.03,72.58
2025-08-22 02:00:00,26.2,89,11.8,230,0.1,690.0,23.03,72.58
2025-08-22 03:00:00,25.7,90,12.6,237,0.1,620.0,23.03,72.58
2025-08-22 04:00:00,25.8,90,10.9,234,0.0,630.0,23.03,72.58
2025-08-22 05:00:00,25.7,90,11.4,232,0.0,625.0,23.03,72.58
2025-08-22 06:00:00,25.1,93,8.5,212,0.3,410.0,23.03,72.58
2025-08-22 07:00:00,25.6,90,8.8,215,0.2,455.0,23.03,72.58
2025-08-22 08:00:00,26.5,87,9.8,226,0.1,635.0,23.03,72.58
2025-08-22 09:00:00,27.3,85,12.4,231,0.1,745.0,23.03,72.58
2025-08-22 10:00:00,28.5,81,12.6,233,0.2,975.0,23.03,72.58
2025-08-22 11:00:00,28.8,78,13.3,242,0.2,905.0,23.03,72.58
2025-08-22 12:00:00,29.2,75,12.5,245,0.2,990.0,23.03,72.58
2025-08-22 13:00:00,28.8,81,9.0,272,0.4,635.0,23.03,72.58
2025-08-22 14:00:00,27.5,82,14.7,245,8.4,635.0,23.03,72.58
2025-08-22 15:00:00,27.4,87,7.4,223,2.5,440.0,23.03,72.58
2025-08-22 16:00:00,27.0,90,11.1,220,1.0,505.0,23.03,72.58
2025-08-22 17:00:00,27.9,87,10.8,213,0.2,750.0,23.03,72.58
2025-08-22 18:00:00,26.0,95,9.4,216,2.1,430.0,23.03,72.58
2025-08-22 19:00:00,26.0,95,10.6,224,1.4,470.0,23.03,72.58
2025-08-22 20:00:00,25.9,93,13.4,215,0.5,575.0,23.03,72.58
2025-08-22 21:00:00,25.8,93,13.4,224,0.4,650.0,23.03,72.58
2025-08-22 22:00:00,25.7,93,13.2,225,1.0,595.0,23.03,72.58
2025-08-22 23:00:00,25.6,92,14.7,230,0.1,710.0,23.03,72.58
2025-08-23 00:00:00,25.4,91,13.2,230,0.0,690.0,23.03,72.58
2025-08-23 01:00:00,25.4,90,12.7,231,0.0,705.0,23.03,72.58
2025-08-23 02:00:00,25.3,90,11.7,233,0.0,705.0,23.03,72.58
2025-08-23 03:00:00,25.3,90,12.0,230,0.0,710.0,23.03,72.58
2025-08-23 04:00:00,25.2,89,12.0,229,0.0,710.0,23.03,72.58
2025-08-23 05:00:00,25.2,88,11.6,235,0.0,715.0,23.03,72.58
2025-08-23 06:00:00,25.9,87,10.5,237,0.0,730.0,23.03,72.58
2025-08-23 07:00:00,26.3,87,9.9,238,0.0,755.0,23.03,72.58
2025-08-23 08:00:00,26.9,85,10.9,246,0.1,750.0,23.03,72.58
2025-08-23 09:00:00,26.6,83,12.2,246,0.5,650.0,23.03,72.58
2025-08-23 10:00:00,27.2,80,14.0,254,0.3,655.0,23.03,72.58
2025-08-23 11:00:00,27.9,82,11.2,237,0.3,730.0,23.03,72.58
2025-08-23 12:00:00,28.7,80,9.7,230,0.2,865.0,23.03,72.58
2025-08-23 13:00:00,29.4,75,11.3,231,0.1,1065.0,23.03,72.58
2025-08-23 14:00:00,30.0,72,11.6,240,0.0,1190.0,23.03,72.58
2025-08-23 15:00:00,26.8,84,17.6,227,7.9,540.0,23.03,72.58
2025-08-23 16:00:00,26.8,87,9.7,228,0.3,535.0,23.03,72.58
2025-08-23 17:00:00,27.5,87,10.6,215,1.7,655.0,23.03,72.58
2025-08-23 18:00:00,26.4,88,12.9,226,1.4,635.0,23.03,72.58
2025-08-23 19:00:00,26.6,87,13.5,234,0.1,750.0,23.03,72.58
2025-08-23 20:00:00,26.2,88,13.0,236,0.3,705.0,23.03,72.58
2025-08-23 21:00:00,25.2,91,10.7,222,2.7,510.0,23.03,72.58
2025-08-23 22:00:00,25.1,92,13.1,232,1.4,570.0,23.03,72.58
2025-08-23 23:00:00,25.3,91,13.2,227,0.3,700.0,23.03,72.58
2025-08-24 00:00:00,25.1,92,13.5,228,0.2,720.0,23.03,72.58
2025-08-24 01:00:00,25.0,91,14.8,227,0.1,705.0,23.03,72.58
2025-08-24 02:00:00,25.0,90,13.9,220,0.1,740.0,23.03,72.58
2025-08-24 03:00:00,25.0,90,13.7,226,0.0,735.0,23.03,72.58
2025-08-24 04:00:00,25.0,89,12.4,230,0.0,715.0,23.03,72.58
2025-08-24 05:00:00,25.0,89,11.5,222,0.0,675.0,23.03,72.58
2025-08-24 06:00:00,25.7,88,10.6,228,0.0,630.0,23.03,72.58
2025-08-24 07:00:00,26.0,87,11.6,223,0.0,630.0,23.03,72.58
2025-08-24 08:00:00,27.0,84,15.4,235,0.1,720.0,23.03,72.58
2025-08-24 09:00:00,27.8,82,12.8,231,0.2,860.0,23.03,72.58
2025-08-24 10:00:00,28.6,78,13.1,238,3.0,820.0,23.03,72.58
2025-08-24 11:00:00,27.0,83,16.4,234,17.2,560.0,23.03,72.58
2025-08-24 12:00:00,26.8,88,12.1,224,0.5,560.0,23.03,72.58
2025-08-24 13:00:00,29.1,81,12.4,231,0.4,880.0,23.03,72.58
2025-08-24 14:00:00,27.0,86,15.7,251,9.8,570.0,23.03,72.58
2025-08-24 15:00:00,27.3,83,15.4,234,0.9,570.0,23.03,72.58
2025-08-24 16:00:00,26.2,91,12.0,242,2.4,560.0,23.03,72.58
2025-08-24 17:00:00,26.8,89,10.9,230,0.3,605.0,23.03,72.58
2025-08-24 18:00:00,26.5,90,11.9,229,0.1,650.0,23.03,72.58
2025-08-24 19:00:00,26.2,90,12.4,223,0.2,615.0,23.03,72.58
2025-08-24 20:00:00,25.6,93,12.3,209,1.6,555.0,23.03,72.58
2025-08-24 21:00:00,25.7,93,13.0,223,1.0,580.0,23.03,72.58
2025-08-24 22:00:00,25.7,91,12.6,222,0.1,665.0,23.03,72.58
2025-08-24 23:00:00,25.5,91,12.4,222,0.1,630.0,23.03,72.58
2025-08-25 00:00:00,25.3,92,11.6,224,0.4,590.0,23.03,72.58
2025-08-25 01:00:00,24.6,96,8.4,227,7.4,495.0,23.03,72.58
2025-08-25 02:00:00,24.7,96,11.5,235,5.5,545.0,23.03,72.58
2025-08-25 03:00:00,24.6,96,9.5,231,0.6,440.0,23.03,72.58
2025-08-25 04:00:00,24.5,96,11.5,228,0.6,530.0,23.03,72.58
2025-08-25 05:00:00,24.1,98,9.7,220,1.9,430.0,23.03,72.58
2025-08-25 06:00:00,25.7,93,11.8,253,0.1,575.0,23.03,72.58
2025-08-25 07:00:00,25.9,92,11.7,256,0.1,570.0,23.03,72.58
2025-08-25 08:00:00,26.4,89,12.8,256,0.1,575.0,23.03,72.58
2025-08-25 09:00:00,27.5,85,12.2,257,0.1,755.0,23.03,72.58
2025-08-25 10:00:00,28.9,78,13.9,267,0.0,965.0,23.03,72.58
2025-08-25 11:00:00,29.3,73,12.3,274,0.1,1035.0,23.03,72.58
2025-08-25 12:00:00,29.7,72,10.8,271,0.2,1000.0,23.03,72.58
2025-08-25 13:00:00,31.0,69,10.1,266,0.1,1235.0,23.03,72.58
2025-08-25 14:00:00,31.2,64,12.1,263,0.1,1185.0,23.03,72.58
2025-08-25 15:00:00,31.2,65,12.1,264,0.1,1055.0,23.03,72.58
2025-08-25 16:00:00,30.0,69,13.5,249,0.3,770.0,23.03,72.58
2025-08-25 17:00:00,29.4,76,11.9,236,0.1,705.0,23.03,72.58
2025-08-25 18:00:00,28.1,84,9.8,239,0.0,580.0,23.03,72.58
2025-08-25 19:00:00,27.6,86,8.4,217,0.0,405.0,23.03,72.58
2025-08-25 20:00:00,27.4,85,9.1,216,0.0,380.0,23.03,72.58
2025-08-25 21:00:00,27.3,85,8.5,228,0.0,365.0,23.03,72.58
2025-08-25 22:00:00,26.9,87,8.9,227,0.0,370.0,23.03,72.58
2025-08-25 23:00:00,26.7,88,9.1,231,0.0,465.0,23.03,72.58
2025-08-26 00:00:00,26.5,90,8.1,225,0.0,405.0,23.03,72.58
2025-08-26 01:00:00,26.2,91,8.3,228,0.0,405.0,23.03,72.58
2025-08-26 02:00:00,25.9,92,8.4,228,0.0,430.0,23.03,72.58
2025-08-26 03:00:00,25.9,91,8.6,233,0.0,460.0,23.03,72.58
2025-08-26 04:00:00,25.8,91,9.0,227,0.0,450.0,23.03,72.58
2025-08-26 05:00:00,25.8,91,8.8,226,0.0,445.0,23.03,72.58
2025-08-26 06:00:00,25.5,95,6.0,213,0.1,195.0,23.03,72.58
2025-08-26 07:00:00,26.1,93,8.4,239,0.0,345.0,23.03,72.58
2025-08-26 08:00:00,27.3,87,10.1,259,0.0,460.0,23.03,72.58
2025-08-26 09:00:00,28.2,82,9.0,260,0.1,460.0,23.03,72.58
2025-08-26 10:00:00,29.4,79,6.6,254,0.1,725.0,23.03,72.58
2025-08-26 11:00:00,30.3,75,6.1,247,0.1,985.0,23.03,72.58
2025-08-26 12:00:00,31.3,70,7.6,248,0.0,1200.0,23.03,72.58
2025-08-26 13:00:00,31.1,70,7.8,248,0.0,1090.0,23.03,72.58
2025-08-26 14:00:00,31.7,68,8.0,254,0.0,1185.0,23.03,72.58
2025-08-26 15:00:00,31.9,68,7.0,260,0.0,1135.0,23.03,72.58
2025-08-26 16:00:00,30.8,73,9.2,247,0.1,550.0,23.03,72.58
2025-08-26 17:00:00,29.6,77,6.7,189,0.4,295.0,23.03,72.58
2025-08-26 18:00:00,29.8,74,7.7,246,0.0,450.0,23.03,72.58
2025-08-26 19:00:00,29.1,77,4.4,249,0.0,100.0,23.03,72.58
2025-08-26 20:00:00,29.1,78,2.3,212,0.0,40.0,23.03,72.58
2025-08-26 21:00:00,28.8,79,4.1,236,0.0,45.0,23.03,72.58
2025-08-26 22:00:00,28.0,84,5.5,212,0.0,65.0,23.03,72.58
2025-08-26 23:00:00,27.4,84,7.5,233,0.0,185.0,23.03,72.58
2025-08-27 00:00:00,27.1,80,8.6,260,0.0,275.0,23.03,72.58
2025-08-27 01:00:00,26.6,84,9.1,261,0.0,310.0,23.03,72.58
2025-08-27 02:00:00,26.2,88,8.8,261,0.0,340.0,23.03,72.58
2025-08-27 03:00:00,26.0,90,8.5,264,0.0,375.0,23.03,72.58
2025-08-27 04:00:00,25.8,91,8.1,269,0.0,390.0,23.03,72.58
2025-08-27 05:00:00,25.6,93,8.1,267,0.0,390.0,23.03,72.58
2025-08-27 06:00:00,26.2,93,7.9,270,0.0,385.0,23.03,72.58
2025-08-27 07:00:00,26.7,91,8.7,278,0.0,410.0,23.03,72.58
2025-08-27 08:00:00,27.6,86,9.8,284,0.1,470.0,23.03,72.58
2025-08-27 09:00:00,28.9,79,10.0,287,0.0,675.0,23.03,72.58
2025-08-27 10:00:00,29.8,74,7.8,289,0.1,695.0,23.03,72.58
2025-08-27 11:00:00,30.8,69,8.3,286,0.1,800.0,23.03,72.58
2025-08-27 12:00:00,31.4,66,8.2,285,0.1,875.0,23.03,72.58
2025-08-27 13:00:00,31.7,65,8.3,292,0.1,930.0,23.03,72.58
2025-08-27 14:00:00,32.1,64,6.1,300,0.1,1010.0,23.03,72.58
2025-08-27 15:00:00,32.6,62,4.9,268,0.0,1130.0,23.03,72.58
2025-08-27 16:00:00,32.3,62,4.8,250,0.0,1100.0,23.03,72.58
2025-08-27 17:00:00,32.2,63,3.7,247,0.0,745.0,23.03,72.58
2025-08-27 18:00:00,31.3,69,3.1,294,0.0,155.0,23.03,72.58
2025-08-27 19:00:00,30.9,73,0.5,135,0.0,15.0,23.03,72.58
2025-08-27 20:00:00,30.2,78,2.4,189,0.0,25.0,23.03,72.58
2025-08-27 21:00:00,29.4,82,4.4,212,0.0,50.0,23.03,72.58
2025-08-27 22:00:00,28.6,86,5.5,191,0.4,95.0,23.03,72.58
2025-08-27 23:00:00,27.6,91,7.0,180,1.0,95.0,23.03,72.58
2025-08-28 00:00:00,26.9,95,6.2,216,2.7,140.0,23.03,72.58
2025-08-28 01:00:00,26.8,95,5.5,197,2.1,135.0,23.03,72.58
2025-08-28 02:00:00,26.6,94,7.5,243,0.6,220.0,23.03,72.58
2025-08-28 03:00:00,26.2,93,8.8,261,0.1,325.0,23.03,72.58
2025-08-28 04:00:00,25.7,91,8.8,275,0.0,310.0,23.03,72.58
2025-08-28 05:00:00,25.4,90,8.8,282,0.0,280.0,23.03,72.58
2025-08-28 06:00:00,26.6,91,9.7,295,0.0,415.0,23.03,72.58
2025-08-28 07:00:00,27.0,90,10.5,294,0.1,525.0,23.03,72.58
2025-08-28 08:00:00,27.9,86,13.5,306,0.0,580.0,23.03,72.58
2025-08-28 09:00:00,28.9,81,12.1,308,0.1,685.0,23.03,72.58
2025-08-28 10:00:00,29.8,76,11.3,314,0.3,680.0,23.03,72.58
2025-08-28 11:00:00,30.3,76,9.4,317,0.4,830.0,23.03,72.58
2025-08-28 12:00:00,30.8,75,8.3,318,0.5,945.0,23.03,72.58
2025-08-28 13:00:00,31.0,75,7.9,309,0.5,950.0,23.03,72.58
2025-08-28 14:00:00,31.5,74,7.3,301,0.5,1060.0,23.03,72.58
2025-08-28 15:00:00,29.7,77,11.0,335,4.5,465.0,23.03,72.58
2025-08-28 16:00:00,26.8,92,2.9,270,6.7,155.0,23.03,72.58
2025-08-28 17:00:00,27.0,92,1.5,225,0.6,155.0,23.03,72.58
2025-08-28 18:00:00,28.5,87,6.9,237,0.4,225.0,23.03,72.58
2025-08-28 19:00:00,28.1,89,4.5,268,0.3,170.0,23.03,72.58
2025-08-28 20:00:00,27.5,91,4.1,232,0.6,135.0,23.03,72.58
2025-08-28 21:00:00,27.1,95,4.0,216,1.4,105.0,23.03,72.58
2025-08-28 22:00:00,26.8,95,4.7,212,1.4,115.0,23.03,72.58
2025-08-28 23:00:00,26.6,96,4.8,217,1.1,110.0,23.03,72.58
2025-08-29 00:00:00,26.4,95,6.6,229,0.1,130.0,23.03,72.58
2025-08-29 01:00:00,26.2,95,7.6,232,0.0,170.0,23.03,72.58
2025-08-29 02:00:00,26.1,96,7.1,236,0.0,185.0,23.03,72.58
2025-08-29 03:00:00,26.0,97,6.2,244,0.0,200.0,23.03,72.58
2025-08-29 04:00:00,26.0,97,4.9,268,0.0,210.0,23.03,72.58
2025-08-29 05:00:00,26.0,97,5.2,274,0.0,265.0,23.03,72.58
2025-08-29 06:00:00,26.2,94,8.7,317,2.8,475.0,23.03,72.58
2025-08-29 07:00:00,26.4,93,6.9,287,1.0,385.0,23.03,72.58
2025-08-29 08:00:00,27.3,90,6.0,275,0.2,415.0,23.03,72.58
2025-08-29 09:00:00,27.8,90,5.2,274,0.3,560.0,23.03,72.58
2025-08-29 10:00:00,29.1,84,6.7,301,0.3,695.0,23.03,72.58
2025-08-29 11:00:00,30.1,79,6.9,303,0.3,855.0,23.03,72.58
2025-08-29 12:00:00,31.0,74,7.7,307,0.3,1005.0,23.03,72.58
2025-08-29 13:00:00,31.2,73,7.8,304,0.3,1015.0,23.03,72.58
2025-08-29 14:00:00,31.7,72,7.4,315,0.2,1105.0,23.03,72.58
2025-08-29 15:00:00,30.3,75,5.0,358,6.5,300.0,23.03,72.58
2025-08-29 16:00:00,30.1,76,4.0,85,2.2,285.0,23.03,72.58
2025-08-29 17:00:00,28.0,83,8.2,241,13.8,275.0,23.03,72.58
2025-08-29 18:00:00,28.4,87,2.7,233,0.1,275.0,23.03,72.58
2025-08-29 19:00:00,27.8,91,5.1,188,0.0,155.0,23.03,72.58
2025-08-29 20:00:00,27.2,94,6.2,173,0.0,125.0,23.03,72.58
2025-08-29 21:00:00,26.8,95,5.9,203,0.0,155.0,23.03,72.58
2025-08-29 22:00:00,26.6,94,6.7,200,0.0,175.0,23.03,72.58
2025-08-29 23:00:00,26.6,93,6.0,201,0.0,170.0,23.03,72.58
2025-08-30 00:00:00,26.5,94,7.1,201,0.0,265.0,23.03,72.58
2025-08-30 01:00:00,26.5,94,6.6,209,0.0,275.0,23.03,72.58
2025-08-30 02:00:00,26.3,94,7.5,220,0.0,310.0,23.03,72.58
2025-08-30 03:00:00,26.0,95,6.6,221,0.1,275.0,23.03,72.58
2025-08-30 04:00:00,25.9,95,6.0,224,0.0,265.0,23.03,72.58
2025-08-30 05:00:00,25.8,96,5.7,233,0.0,250.0,23.03,72.58
2025-08-30 06:00:00,26.2,96,5.1,266,1.4,260.0,23.03,72.58
2025-08-30 07:00:00,26.8,95,6.3,263,0.1,350.0,23.03,72.58
2025-08-30 08:00:00,27.4,88,9.9,289,0.2,315.0,23.03,72.58
2025-08-30 09:00:00,28.8,79,9.2,287,0.8,480.0,23.03,72.58
2025-08-30 10:00:00,29.1,84,6.0,291,0.4,710.0,23.03,72.58
2025-08-30 11:00:00,29.8,81,5.1,276,0.5,780.0,23.03,72.58
2025-08-30 12:00:00,30.0,82,6.8,258,0.3,665.0,23.03,72.58
2025-08-30 13:00:00,30.1,81,6.3,257,0.4,710.0,23.03,72.58
2025-08-30 14:00:00,27.6,88,6.3,185,6.2,235.0,23.03,72.58
2025-08-30 15:00:00,27.6,90,5.6,186,0.7,220.0,23.03,72.58
2025-08-30 16:00:00,27.7,89,2.9,292,4.7,245.0,23.03,72.58
2025-08-30 17:00:00,27.6,92,4.3,294,0.4,295.0,23.03,72.58
2025-08-30 18:00:00,28.5,88,5.7,224,0.0,275.0,23.03,72.58
2025-08-30 19:00:00,27.8,89,7.0,241,0.0,260.0,23.03,72.58
2025-08-30 20:00:00,27.4,90,5.8,210,0.0,160.0,23.03,72.58
2025-08-30 21:00:00,27.2,92,7.0,212,0.0,265.0,23.03,72.58
2025-08-30 22:00:00,27.0,93,7.0,226,0.0,260.0,23.03,72.58
2025-08-30 23:00:00,26.7,93,7.0,215,0.0,270.0,23.03,72.58
2025-08-31 00:00:00,26.3,93,6.6,229,0.0,255.0,23.03,72.58
2025-08-31 01:00:00,26.1,93,6.6,225,0.0,220.0,23.03,72.58
2025-08-31 02:00:00,25.9,93,7.4,209,0.0,265.0,23.03,72.58
2025-08-31 03:00:00,25.7,93,7.8,214,0.0,260.0,23.03,72.58
2025-08-31 04:00:00,25.6,94,7.9,215,0.0,255.0,23.03,72.58
2025-08-31 05:00:00,25.4,96,6.7,216,0.0,250.0,23.03,72.58
2025-08-31 06:00:00,25.6,98,5.9,232,0.8,205.0,23.03,72.58
2025-08-31 07:00:00,26.0,97,5.9,220,0.3,260.0,23.03,72.58
2025-08-31 08:00:00,27.0,91,5.6,243,0.2,420.0,23.03,72.58
2025-08-31 09:00:00,27.4,90,5.4,250,0.1,565.0,23.03,72.58
2025-08-31 10:00:00,28.0,88,4.5,247,0.1,595.0,23.03,72.58
2025-08-31 11:00:00,29.1,82,7.0,252,0.1,765.0,23.03,72.58
2025-08-31 12:00:00,28.9,82,7.5,243,0.1,610.0,23.03,72.58
2025-08-31 13:00:00,29.9,77,7.1,246,0.1,785.0,23.03,72.58
2025-08-31 14:00:00,30.2,76,4.6,239,0.1,830.0,23.03,72.58
2025-08-31 15:00:00,28.0,83,12.2,299,7.3,355.0,23.03,72.58
2025-08-31 16:00:00,26.4,90,5.3,188,3.0,120.0,23.03,72.58
2025-08-31 17:00:00,26.3,93,5.6,197,0.2,210.0,23.03,72.58
2025-08-31 18:00:00,28.4,80,9.5,243,1.8,535.0,23.03,72.58
2025-08-31 19:00:00,27.2,90,6.3,265,0.1,260.0,23.03,72.58
2025-08-31 20:00:00,26.6,92,6.5,208,0.5,260.0,23.03,72.58
2025-08-31 21:00:00,26.2,95,8.0,205,0.2,265.0,23.03,72.58
2025-08-31 22:00:00,26.0,95,8.9,205,0.0,320.0,23.03,72.58
2025-08-31 23:00:00,25.9,95,9.2,208,0.0,370.0,23.03,72.58
2025-09-01 00:00:00,26.0,95,8.1,209,0.0,390.0,23.03,72.58
2025-09-01 01:00:00,26.1,95,9.0,226,0.0,490.0,23.03,72.58
2025-09-01 02:00:00,26.0,93,10.4,236,0.1,440.0,23.03,72.58
2025-09-01 03:00:00,25.6,96,9.4,222,0.0,465.0,23.03,72.58
2025-09-01 04:00:00,24.9,97,7.6,194,1.5,325.0,23.03,72.58
2025-09-01 05:00:00,25.1,95,9.7,230,0.0,440.0,23.03,72.58
2025-09-01 06:00:00,26.2,90,10.8,259,0.0,685.0,23.03,72.58
2025-09-01 07:00:00,26.6,88,10.2,253,0.0,710.0,23.03,72.58
2025-09-01 08:00:00,27.3,85,13.0,250,0.0,715.0,23.03,72.58
2025-09-01 09:00:00,28.5,78,13.1,257,0.1,755.0,23.03,72.58
2025-09-01 10:00:00,29.4,73,13.3,262,0.1,765.0,23.03,72.58
2025-09-01 11:00:00,29.7,72,11.9,267,0.1,785.0,23.03,72.58
2025-09-01 12:00:00,30.5,72,11.0,268,0.0,975.0,23.03,72.58
2025-09-01 13:00:00,30.7,71,10.8,267,0.1,900.0,23.03,72.58
2025-09-01 14:00:00,31.0,72,11.4,267,0.1,925.0,23.03,72.58
2025-09-01 15:00:00,31.3,70,9.4,262,0.0,1020.0,23.03,72.58
2025-09-01 16:00:00,31.5,69,9.6,253,0.0,1200.0,23.03,72.58
2025-09-01 17:00:00,30.8,71,8.9,245,0.0,855.0,23.03,72.58
2025-09-01 18:00:00,29.8,76,5.9,182,0.0,305.0,23.03,72.58
2025-09-01 19:00:00,29.1,79,8.0,200,0.0,230.0,23.03,72.58
2025-09-01 20:00:00,28.6,79,8.8,231,0.0,420.0,23.03,72.58
2025-09-01 21:00:00,28.4,75,9.1,248,0.0,530.0,23.03,72.58
2025-09-01 22:00:00,27.8,77,8.4,239,0.0,490.0,23.03,72.58
2025-09-01 23:00:00,27.3,80,9.2,249,0.0,565.0,23.03,72.58
2025-09-02 00:00:00,26.9,83,9.2,254,0.0,625.0,23.03,72.58
2025-09-02 01:00:00,26.8,85,9.5,251,0.0,655.0,23.03,72.58
2025-09-02 02:00:00,26.6,87,10.0,250,0.0,645.0,23.03,72.58
2025-09-02 03:00:00,26.3,89,10.6,256,0.0,635.0,23.03,72.58
2025-09-02 04:00:00,25.7,91,10.6,259,0.0,610.0,23.03,72.58
2025-09-02 05:00:00,25.5,92,9.9,261,0.0,590.0,23.03,72.58
2025-09-02 06:00:00,25.7,92,11.0,259,0.1,605.0,23.03,72.58
2025-09-02 07:00:00,25.9,91,10.6,261,0.1,635.0,23.03,72.58
2025-09-02 08:00:00,26.8,86,12.5,275,0.2,605.0,23.03,72.58
2025-09-02 09:00:00,28.2,78,12.3,281,0.0,765.0,23.03,72.58
2025-09-02 10:00:00,29.0,73,12.4,283,0.1,810.0,23.03,72.58
2025-09-02 11:00:00,29.7,70,11.4,273,0.1,865.0,23.03,72.58
2025-09-02 12:00:00,30.2,68,11.0,268,0.1,995.0,23.03,72.58
2025-09-02 13:00:00,31.2,63,9.9,270,0.0,1240.0,23.03,72.58
2025-09-02 14:00:00,31.8,59,9.0,265,0.0,1430.0,23.03,72.58
2025-09-02 15:00:00,32.2,57,8.9,263,0.0,1550.0,23.03,72.58
2025-09-02 16:00:00,32.4,54,8.8,270,0.0,1535.0,23.03,72.58
2025-09-02 17:00:00,32.0,56,6.3,263,0.0,1435.0,23.03,72.58
2025-09-02 18:00:00,30.3,68,7.0,224,0.0,305.0,23.03,72.58
2025-09-02 19:00:00,29.4,74,5.3,242,0.0,105.0,23.03,72.58
2025-09-02 20:00:00,28.7,78,5.3,204,0.0,70.0,23.03,72.58
2025-09-02 21:00:00,28.0,81,5.3,204,0.0,70.0,23.03,72.58
2025-09-02 22:00:00,27.1,85,7.3,191,0.0,125.0,23.03,72.58
2025-09-02 23:00:00,26.6,89,7.0,201,0.0,130.0,23.03,72.58
2025-09-03 00:00:00,26.4,90,6.3,235,0.0,105.0,23.03,72.58
2025-09-03 01:00:00,26.2,88,7.6,267,0.0,205.0,23.03,72.58
2025-09-03 02:00:00,25.9,86,8.8,270,0.0,450.0,23.03,72.58
2025-09-03 03:00:00,25.5,89,9.4,277,0.0,415.0,23.03,72.58
2025-09-03 04:00:00,25.2,91,10.1,282,0.0,470.0,23.03,72.58
2025-09-03 05:00:00,25.0,93,9.0,280,0.0,470.0,23.03,72.58
2025-09-03 06:00:00,25.9,93,12.1,291,0.1,515.0,23.03,72.58
2025-09-03 07:00:00,26.1,91,10.7,300,0.1,545.0,23.03,72.58
2025-09-03 08:00:00,26.9,85,11.4,305,0.1,570.0,23.03,72.58
2025-09-03 09:00:00,27.9,79,12.9,306,0.0,630.0,23.03,72.58
2025-09-03 10:00:00,28.9,74,11.0,312,0.1,685.0,23.03,72.58
2025-09-03 11:00:00,29.9,69,9.3,314,0.1,785.0,23.03,72.58
2025-09-03 12:00:00,30.8,65,8.1,299,0.0,890.0,23.03,72.58
2025-09-03 13:00:00,31.6,63,7.5,294,0.0,1090.0,23.03,72.58
2025-09-03 14:00:00,31.8,63,7.7,288,0.0,1175.0,23.03,72.58
2025-09-03 15:00:00,31.9,64,8.4,277,0.0,1180.0,23.03,72.58
2025-09-03 16:00:00,31.6,65,8.1,282,0.1,1095.0,23.03,72.58
2025-09-03 17:00:00,31.0,66,10.0,279,0.3,675.0,23.03,72.58
2025-09-03 18:00:00,30.0,70,6.4,262,0.0,415.0,23.03,72.58
2025-09-03 19:00:00,29.4,75,3.3,261,0.0,75.0,23.03,72.58
2025-09-03 20:00:00,28.7,79,4.3,123,0.0,60.0,23.03,72.58
2025-09-03 21:00:00,26.4,89,7.3,140,0.0,120.0,23.03,72.58
2025-09-03 22:00:00,25.9,91,2.5,98,0.0,85.0,23.03,72.58
2025-09-03 23:00:00,25.7,93,3.1,177,0.0,65.0,23.03,72.58
2025-09-04 00:00:00,25.6,94,3.7,219,0.0,65.0,23.03,72.58
2025-09-04 01:00:00,25.7,94,5.9,230,0.0,85.0,23.03,72.58
2025-09-04 02:00:00,26.3,87,8.8,272,0.4,320.0,23.03,72.58
2025-09-04 03:00:00,26.1,87,9.8,300,0.4,460.0,23.03,72.58
2025-09-04 04:00:00,25.9,89,9.2,305,0.0,440.0,23.03,72.58
2025-09-04 05:00:00,25.7,90,10.0,296,0.0,490.0,23.03,72.58
2025-09-04 06:00:00,26.1,91,14.9,297,0.1,630.0,23.03,72.58
2025-09-04 07:00:00,26.1,90,14.4,303,0.0,675.0,23.03,72.58
2025-09-04 08:00:00,26.9,85,14.7,310,0.0,720.0,23.03,72.58
2025-09-04 09:00:00,27.6,81,16.3,316,0.0,780.0,23.03,72.58
2025-09-04 10:00:00,27.6,82,14.9,306,0.2,745.0,23.03,72.58
2025-09-04 11:00:00,29.3,76,13.7,305,0.0,960.0,23.03,72.58
2025-09-04 12:00:00,29.2,73,14.8,314,0.1,935.0,23.03,72.58
2025-09-04 13:00:00,27.7,81,11.6,277,0.1,645.0,23.03,72.58
2025-09-04 14:00:00,28.3,82,9.8,298,0.4,705.0,23.03,72.58
2025-09-04 15:00:00,28.4,84,9.8,293,0.9,585.0,23.03,72.58
2025-09-04 16:00:00,28.3,87,8.2,279,0.4,525.0,23.03,72.58
2025-09-04 17:00:00,28.6,85,6.2,260,0.1,525.0,23.03,72.58
2025-09-04 18:00:00,26.2,93,9.8,294,1.0,310.0,23.03,72.58
2025-09-04 19:00:00,26.2,93,11.3,290,0.3,360.0,23.03,72.58
2025-09-04 20:00:00,25.5,91,11.4,299,0.0,295.0,23.03,72.58
2025-09-04 21:00:00,25.1,91,4.6,219,0.0,185.0,23.03,72.58
2025-09-04 22:00:00,24.9,93,5.0,229,0.8,160.0,23.03,72.58
2025-09-04 23:00:00,24.7,94,7.7,267,6.7,260.0,23.03,72.58
2025-09-05 00:00:00,24.8,95,7.1,306,0.2,165.0,23.03,72.58
2025-09-05 01:00:00,25.0,95,6.7,290,0.1,185.0,23.03,72.58
2025-09-05 02:00:00,24.9,96,0.6,146,2.2,20.0,23.03,72.58
2025-09-05 03:00:00,24.6,99,3.2,153,4.2,35.0,23.03,72.58
2025-09-05 04:00:00,24.6,99,1.8,135,1.7,35.0,23.03,72.58
2025-09-05 05:00:00,24.8,98,5.0,296,1.6,100.0,23.03,72.58
2025-09-05 06:00:00,25.6,91,11.1,304,0.0,415.0,23.03,72.58
2025-09-05 07:00:00,25.8,91,11.0,304,0.1,420.0,23.03,72.58
2025-09-05 08:00:00,26.2,90,8.6,300,0.1,430.0,23.03,72.58
2025-09-05 09:00:00,26.9,88,6.9,284,0.0,450.0,23.03,72.58
2025-09-05 10:00:00,27.9,84,9.2,301,0.0,505.0,23.03,72.58
2025-09-05 11:00:00,28.8,82,8.6,286,0.0,545.0,23.03,72.58
2025-09-05 12:00:00,29.7,78,8.9,291,0.0,695.0,23.03,72.58
2025-09-05 13:00:00,30.5,73,8.7,294,0.0,815.0,23.03,72.58
2025-09-05 14:00:00,31.0,71,9.6,283,0.0,915.0,23.03,72.58
2025-09-05 15:00:00,31.4,70,8.2,279,0.0,1065.0,23.03,72.58
2025-09-05 16:00:00,31.7,68,8.6,269,0.0,1055.0,23.03,72.58
2025-09-05 17:00:00,30.0,79,8.4,239,1.6,450.0,23.03,72.58
2025-09-05 18:00:00,28.3,84,12.7,247,0.0,450.0,23.03,72.58
2025-09-05 19:00:00,26.9,90,8.4,290,1.3,260.0,23.03,72.58
2025-09-05 20:00:00,26.8,92,6.2,213,0.7,210.0,23.03,72.58
2025-09-05 21:00:00,26.7,93,7.9,210,0.6,225.0,23.03,72.58
2025-09-05 22:00:00,26.5,95,7.5,207,0.2,240.0,23.03,72.58
2025-09-05 23:00:00,26.2,94,9.1,253,1.8,320.0,23.03,72.58
2025-09-06 00:00:00,26.1,94,8.3,237,1.0,410.0,23.03,72.58
2025-09-06 01:00:00,25.6,95,12.1,247,1.5,495.0,23.03,72.58
2025-09-06 02:00:00,25.5,95,11.4,243,0.1,470.0,23.03,72.58
2025-09-06 03:00:00,25.5,95,10.7,237,0.0,435.0,23.03,72.58
2025-09-06 04:00:00,25.9,94,12.5,258,0.0,585.0,23.03,72.58
2025-09-06 05:00:00,26.0,93,10.9,262,0.0,575.0,23.03,72.58
2025-09-06 06:00:00,26.0,92,10.4,272,0.0,535.0,23.03,72.58
2025-09-06 07:00:00,25.9,92,9.7,254,0.5,540.0,23.03,72.58
2025-09-06 08:00:00,25.7,93,13.5,245,2.2,515.0,23.03,72.58
2025-09-06 09:00:00,25.8,93,12.6,256,0.6,500.0,23.03,72.58
2025-09-06 10:00:00,26.8,87,12.6,273,1.2,530.0,23.03,72.58
2025-09-06 11:00:00,26.4,90,13.0,239,1.9,485.0,23.03,72.58
2025-09-06 12:00:00,27.2,86,14.9,258,0.8,525.0,23.03,72.58
2025-09-06 13:00:00,27.6,88,9.7,243,0.3,535.0,23.03,72.58
2025-09-06 14:00:00,28.2,85,10.2,233,0.1,620.0,23.03,72.58
2025-09-06 15:00:00,28.1,87,9.0,217,1.3,575.0,23.03,72.58
2025-09-06 16:00:00,28.6,86,8.0,222,0.3,825.0,23.03,72.58
2025-09-06 17:00:00,26.4,91,13.6,206,6.6,395.0,23.03,72.58
2025-09-06 18:00:00,26.1,94,13.4,212,4.2,620.0,23.03,72.58
2025-09-06 19:00:00,25.9,95,13.3,203,1.8,525.0,23.03,72.58
2025-09-06 20:00:00,25.8,95,13.6,210,2.8,520.0,23.03,72.58
2025-09-06 21:00:00,25.8,95,13.4,220,1.9,710.0,23.03,72.58
2025-09-06 22:00:00,25.4,96,13.4,220,3.6,700.0,23.03,72.58
2025-09-06 23:00:00,25.3,96,15.1,218,4.5,715.0,23.03,72.58
2025-09-07 00:00:00,25.1,96,17.3,219,3.2,760.0,23.03,72.58
2025-09-07 01:00:00,25.0,96,14.7,213,3.9,650.0,23.03,72.58
2025-09-07 02:00:00,25.0,96,16.2,216,4.0,680.0,23.03,72.58
2025-09-07 03:00:00,24.8,96,15.2,219,3.7,650.0,23.03,72.58
2025-09-07 04:00:00,24.9,96,15.9,232,3.0,730.0,23.03,72.58
2025-09-07 05:00:00,24.8,95,16.7,233,2.2,815.0,23.03,72.58
2025-09-07 06:00:00,24.8,93,15.8,224,2.5,850.0,23.03,72.58
2025-09-07 07:00:00,24.6,92,17.2,217,2.9,810.0,23.03,72.58
2025-09-07 08:00:00,24.5,93,15.0,217,6.4,760.0,23.03,72.58
2025-09-07 09:00:00,24.7,93,17.0,208,4.6,705.0,23.03,72.58
2025-09-07 10:00:00,25.0,94,18.4,207,3.6,735.0,23.03,72.58
2025-09-07 11:00:00,25.3,93,19.0,197,2.0,730.0,23.03,72.58
2025-09-07 12:00:00,25.2,95,19.6,202,7.4,875.0,23.03,72.58
2025-09-07 13:00:00,25.1,93,21.7,212,3.2,945.0,23.03,72.58
2025-09-07 14:00:00,25.8,88,20.5,214,1.2,1035.0,23.03,72.58
2025-09-07 15:00:00,26.0,85,18.0,207,0.6,1015.0,23.03,72.58
2025-09-07 16:00:00,26.2,84,17.0,208,0.4,920.0,23.03,72.58
2025-09-07 17:00:00,26.0,87,17.6,218,0.2,875.0,23.03,72.58
2025-09-07 18:00:00,25.8,83,15.7,212,0.2,880.0,23.03,72.58
2025-09-07 19:00:00,25.5,87,16.0,211,0.2,835.0,23.03,72.58
2025-09-07 20:00:00,25.2,90,16.9,202,0.7,690.0,23.03,72.58
2025-09-07 21:00:00,25.0,93,14.7,203,0.8,710.0,23.03,72.58
2025-09-07 22:00:00,25.0,93,15.4,185,0.5,590.0,23.03,72.58
2025-09-07 23:00:00,25.0,92,17.3,190,0.1,690.0,23.03,72.58
2025-09-08 00:00:00,24.9,91,16.7,188,0.1,725.0,23.03,72.58
2025-09-08 01:00:00,24.8,91,16.2,190,0.1,720.0,23.03,72.58
2025-09-08 02:00:00,24.8,90,15.7,190,0.1,745.0,23.03,72.58
2025-09-08 03:00:00,24.7,90,14.6,190,0.0,725.0,23.03,72.58
2025-09-08 04:00:00,24.7,90,13.9,190,0.0,700.0,23.03,72.58
2025-09-08 05:00:00,24.6,91,13.4,187,0.0,650.0,23.03,72.58
2025-09-08 06:00:00,24.9,91,13.3,181,0.0,705.0,23.03,72.58
2025-09-08 07:00:00,25.3,90,13.5,185,0.0,765.0,23.03,72.58
2025-09-08 08:00:00,26.1,87,14.9,191,0.0,855.0,23.03,72.58
2025-09-08 09:00:00,27.1,81,15.4,191,0.0,950.0,23.03,72.58
2025-09-08 10:00:00,28.0,75,18.7,202,0.1,1055.0,23.03,72.58
2025-09-08 11:00:00,28.9,71,16.8,204,0.1,1110.0,23.03,72.58
2025-09-08 12:00:00,28.9,68,16.1,208,0.0,1040.0,23.03,72.58
2025-09-08 13:00:00,29.1,70,16.3,203,0.1,1070.0,23.03,72.58
2025-09-08 14:00:00,28.9,70,17.6,206,0.0,960.0,23.03,72.58
2025-09-08 15:00:00,28.8,74,13.4,200,0.5,945.0,23.03,72.58
2025-09-08 16:00:00,28.5,74,12.8,195,0.1,830.0,23.03,72.58
2025-09-08 17:00:00,28.4,76,10.8,191,0.1,875.0,23.03,72.58
2025-09-08 18:00:00,27.8,80,11.3,181,0.0,705.0,23.03,72.58
2025-09-08 19:00:00,27.0,82,11.9,174,0.0,535.0,23.03,72.58
2025-09-08 20:00:00,26.4,85,11.4,176,0.0,465.0,23.03,72.58
2025-09-08 21:00:00,26.2,87,10.2,170,0.0,440.0,23.03,72.58
2025-09-08 22:00:00,25.9,89,9.9,168,0.0,390.0,23.03,72.58
2025-09-08 23:00:00,25.6,90,9.9,181,0.0,405.0,23.03,72.58
2025-09-09 00:00:00,25.4,91,9.5,180,0.0,410.0,23.03,72.58
2025-09-09 01:00:00,25.1,92,9.4,178,0.0,360.0,23.03,72.58
2025-09-09 02:00:00,24.8,93,8.9,173,0.0,345.0,23.03,72.58
2025-09-09 03:00:00,24.5,94,8.6,179,0.0,360.0,23.03,72.58
2025-09-09 04:00:00,24.2,95,7.9,179,0.0,365.0,23.03,72.58
2025-09-09 05:00:00,24.1,96,7.2,162,0.0,320.0,23.03,72.58
2025-09-09 06:00:00,24.4,96,5.9,157,0.0,230.0,23.03,72.58
2025-09-09 07:00:00,24.8,94,7.6,165,0.0,295.0,23.03,72.58
2025-09-09 08:00:00,25.9,88,8.8,182,0.1,390.0,23.03,72.58
2025-09-09 09:00:00,27.2,81,8.1,192,0.1,570.0,23.03,72.58
2025-09-09 10:00:00,28.5,75,8.3,194,0.0,825.0,23.03,72.58
2025-09-09 11:00:00,29.3,70,10.9,192,0.1,810.0,23.03,72.58
2025-09-09 12:00:00,29.8,67,10.7,193,0.1,840.0,23.03,72.58
2025-09-09 13:00:00,30.5,64,10.1,192,0.1,910.0,23.03,72.58
2025-09-09 14:00:00,30.9,62,10.3,191,0.1,980.0,23.03,72.58
2025-09-09 15:00:00,30.9,62,10.1,190,0.1,950.0,23.03,72.58
2025-09-09 16:00:00,30.6,64,9.4,193,0.0,880.0,23.03,72.58
2025-09-09 17:00:00,30.0,67,9.0,193,0.0,765.0,23.03,72.58
2025-09-09 18:00:00,29.2,72,5.0,201,0.0,285.0,23.03,72.58
2025-09-09 19:00:00,28.3,77,5.5,161,0.0,125.0,23.03,72.58
2025-09-09 20:00:00,27.6,79,7.1,171,0.0,230.0,23.03,72.58
2025-09-09 21:00:00,26.9,81,8.3,179,0.0,240.0,23.03,72.58
2025-09-09 22:00:00,26.0,85,8.5,175,0.0,220.0,23.03,72.58
2025-09-09 23:00:00,25.5,88,8.0,172,0.0,220.0,23.03,72.58
2025-09-10 00:00:00,25.1,91,7.6,180,0.0,200.0,23.03,72.58
2025-09-10 01:00:00,24.8,93,7.0,181,0.0,180.0,23.03,72.58
2025-09-10 02:00:00,24.6,94,6.5,177,0.0,155.0,23.03,72.58
2025-09-10 03:00:00,24.4,95,5.6,176,0.0,120.0,23.03,72.58
2025-09-10 04:00:00,24.2,95,5.0,178,0.0,90.0,23.03,72.58
2025-09-10 05:00:00,23.9,95,5.2,178,0.0,90.0,23.03,72.58
2025-09-10 06:00:00,24.7,95,4.3,182,0.0,75.0,23.03,72.58
2025-09-10 07:00:00,25.1,94,4.5,187,0.0,135.0,23.03,72.58
2025-09-10 08:00:00,26.4,87,6.9,200,0.0,380.0,23.03,72.58
2025-09-10 09:00:00,27.6,80,6.9,210,0.0,725.0,23.03,72.58
2025-09-10 10:00:00,28.7,73,7.3,213,0.0,1055.0,23.03,72.58
2025-09-10 11:00:00,29.5,68,6.5,214,0.0,1220.0,23.03,72.58
2025-09-10 12:00:00,30.1,64,6.5,226,0.0,1335.0,23.03,72.58
2025-09-10 13:00:00,30.6,61,6.8,235,0.0,1425.0,23.03,72.58
2025-09-10 14:00:00,30.9,59,6.9,237,0.0,1360.0,23.03,72.58
2025-09-10 15:00:00,30.9,58,6.9,239,0.0,1350.0,23.03,72.58
2025-09-10 16:00:00,30.9,58,6.2,248,0.0,1305.0,23.03,72.58
2025-09-10 17:00:00,30.6,58,5.2,254,0.0,1190.0,23.03,72.58
2025-09-10 18:00:00,29.9,66,2.7,274,0.0,55.0,23.03,72.58
2025-09-10 19:00:00,28.7,74,3.2,180,0.0,30.0,23.03,72.58
2025-09-10 20:00:00,27.9,79,4.8,153,0.0,40.0,23.03,72.58
2025-09-10 21:00:00,27.4,80,6.3,165,0.0,60.0,23.03,72.58
2025-09-10 22:00:00,26.4,82,8.2,194,0.0,140.0,23.03,72.58
2025-09-10 23:00:00,25.6,86,7.9,207,0.0,150.0,23.03,72.58
2025-09-11 00:00:00,25.3,89,7.8,217,0.0,150.0,23.03,72.58
2025-09-11 01:00:00,25.0,92,7.8,202,0.0,150.0,23.03,72.58
2025-09-11 02:00:00,24.8,94,7.3,210,0.0,155.0,23.03,72.58
2025-09-11 03:00:00,24.5,95,6.8,243,0.0,170.0,23.03,72.58
2025-09-11 04:00:00,24.2,95,6.2,263,0.0,145.0,23.03,72.58
2025-09-11 05:00:00,23.9,93,6.3,273,0.0,130.0,23.03,72.58
2025-09-11 06:00:00,25.1,90,7.6,284,0.0,230.0,23.03,72.58
2025-09-11 07:00:00,25.3,90,5.0,291,0.0,245.0,23.03,72.58
2025-09-11 08:00:00,26.4,86,5.6,291,0.0,315.0,23.03,72.58
2025-09-11 09:00:00,27.8,81,5.5,281,0.0,545.0,23.03,72.58
2025-09-11 10:00:00,29.1,73,6.0,263,0.0,975.0,23.03,72.58
2025-09-11 11:00:00,30.1,66,6.5,251,0.0,1095.0,23.03,72.58
2025-09-11 12:00:00,30.8,61,8.1,245,0.0,1235.0,23.03,72.58
2025-09-11 13:00:00,31.2,58,8.3,246,0.0,1310.0,23.03,72.58
2025-09-11 14:00:00,31.5,55,8.2,248,0.0,1370.0,23.03,72.58
2025-09-11 15:00:00,31.6,53,8.1,245,0.0,1405.0,23.03,72.58
2025-09-11 16:00:00,31.4,53,7.9,240,0.0,1350.0,23.03,72.58
2025-09-11 17:00:00,31.1,54,5.2,221,0.0,1035.0,23.03,72.58
2025-09-11 18:00:00,29.9,60,4.4,150,0.0,45.0,23.03,72.58
2025-09-11 19:00:00,28.9,65,5.6,159,0.0,35.0,23.03,72.58
2025-09-11 20:00:00,28.3,68,5.7,198,0.0,45.0,23.03,72.58
2025-09-11 21:00:00,27.6,72,6.1,225,0.0,60.0,23.03,72.58
2025-09-11 22:00:00,26.7,77,6.8,209,0.0,70.0,23.03,72.58
2025-09-11 23:00:00,26.1,80,7.0,212,0.0,65.0,23.03,72.58
2025-09-12 00:00:00,25.7,81,7.1,232,0.0,65.0,23.03,72.58
2025-09-12 01:00:00,25.4,81,7.7,259,0.0,100.0,23.03,72.58
2025-09-12 02:00:00,25.1,83,7.2,283,0.0,145.0,23.03,72.58
2025-09-12 03:00:00,24.8,87,7.2,282,0.0,210.0,23.03,72.58
2025-09-12 04:00:00,24.6,90,7.4,292,0.0,265.0,23.03,72.58
2025-09-12 05:00:00,24.4,91,6.6,299,0.0,260.0,23.03,72.58
2025-09-12 06:00:00,25.4,91,7.6,308,0.0,310.0,23.03,72.58
2025-09-12 07:00:00,25.9,89,7.0,314,0.0,340.0,23.03,72.58
2025-09-12 08:00:00,27.0,84,8.0,312,0.0,440.0,23.03,72.58
2025-09-12 09:00:00,28.0,78,6.2,308,0.1,525.0,23.03,72.58
2025-09-12 10:00:00,29.1,72,5.7,294,0.1,695.0,23.03,72.58
2025-09-12 11:00:00,30.1,66,5.7,283,0.0,855.0,23.03,72.58
2025-09-12 12:00:00,30.9,62,6.0,273,0.0,1000.0,23.03,72.58
2025-09-12 13:00:00,31.5,58,6.7,273,0.0,1140.0,23.03,72.58
2025-09-12 14:00:00,31.9,54,6.9,276,0.0,1270.0,23.03,72.58
2025-09-12 15:00:00,31.9,54,6.9,284,0.0,1295.0,23.03,72.58
2025-09-12 16:00:00,31.9,54,6.2,285,0.0,1370.0,23.03,72.58
2025-09-12 17:00:00,31.6,54,5.5,281,0.0,1345.0,23.03,72.58
2025-09-12 18:00:00,30.7,60,4.0,265,0.0,80.0,23.03,72.58
2025-09-12 19:00:00,29.5,68,3.2,251,0.0,35.0,23.03,72.58
2025-09-12 20:00:00,28.8,74,2.7,238,0.0,25.0,23.03,72.58
2025-09-12 21:00:00,28.8,74,1.0,329,0.0,15.0,23.03,72.58
2025-09-12 22:00:00,28.3,79,0.4,360,0.0,10.0,23.03,72.58
2025-09-12 23:00:00,27.6,78,2.0,355,0.0,20.0,23.03,72.58
2025-09-13 00:00:00,26.7,86,1.5,291,0.0,15.0,23.03,72.58
2025-09-13 01:00:00,26.1,85,5.2,229,0.0,50.0,23.03,72.58
2025-09-13 02:00:00,25.6,82,6.3,275,0.0,90.0,23.03,72.58
2025-09-13 03:00:00,25.3,79,6.7,276,0.0,95.0,23.03,72.58
2025-09-13 04:00:00,24.8,83,6.9,284,0.0,105.0,23.03,72.58
2025-09-13 05:00:00,24.4,86,7.6,298,0.0,150.0,23.03,72.58
2025-09-13 06:00:00,25.2,87,7.7,295,0.0,180.0,23.03,72.58
2025-09-13 07:00:00,25.7,88,5.8,300,0.0,215.0,23.03,72.58
2025-09-13 08:00:00,27.0,84,5.4,310,0.0,290.0,23.03,72.58
2025-09-13 09:00:00,28.6,78,6.5,321,0.0,465.0,23.03,72.58
2025-09-13 10:00:00,30.2,67,7.0,318,0.0,755.0,23.03,72.58
2025-09-13 11:00:00,31.2,59,6.0,314,0.0,955.0,23.03,72.58
2025-09-13 12:00:00,31.9,55,5.6,303,0.0,1060.0,23.03,72.58
2025-09-13 13:00:00,32.4,52,5.3,298,0.0,1165.0,23.03,72.58
2025-09-13 14:00:00,32.7,51,5.6,303,0.1,1255.0,23.03,72.58
2025-09-13 15:00:00,32.7,51,6.8,307,0.0,1275.0,23.03,72.58
2025-09-13 16:00:00,32.3,52,8.2,308,0.0,1225.0,23.03,72.58
2025-09-13 17:00:00,31.9,54,7.3,310,0.0,1145.0,23.03,72.58
2025-09-13 18:00:00,31.6,56,6.4,317,0.0,420.0,23.03,72.58
2025-09-13 19:00:00,31.0,62,5.9,320,0.0,220.0,23.03,72.58
2025-09-13 20:00:00,30.4,64,7.1,322,0.0,190.0,23.03,72.58
2025-09-13 21:00:00,29.7,64,6.9,313,0.0,135.0,23.03,72.58
2025-09-13 22:00:00,28.8,66,6.4,295,0.0,100.0,23.03,72.58
2025-09-13 23:00:00,28.0,69,6.6,279,0.0,95.0,23.03,72.58
2025-09-14 00:00:00,27.3,71,7.3,279,0.0,95.0,23.03,72.58
2025-09-14 01:00:00,27.0,72,7.8,289,0.0,95.0,23.03,72.58
2025-09-14 02:00:00,26.3,74,8.0,293,0.0,115.0,23.03,72.58
2025-09-14 03:00:00,25.9,76,7.6,295,0.0,135.0,23.03,72.58
2025-09-14 04:00:00,25.6,78,8.5,305,0.0,160.0,23.03,72.58
2025-09-14 05:00:00,25.3,81,8.9,308,0.0,195.0,23.03,72.58
2025-09-14 06:00:00,26.1,80,8.7,308,0.0,220.0,23.03,72.58
2025-09-14 07:00:00,26.4,82,6.6,307,0.0,260.0,23.03,72.58
2025-09-14 08:00:00,27.7,80,7.3,318,0.0,345.0,23.03,72.58
2025-09-14 09:00:00,29.4,73,7.8,323,0.0,560.0,23.03,72.58
2025-09-14 10:00:00,31.0,62,8.8,332,0.0,810.0,23.03,72.58
2025-09-14 11:00:00,32.2,55,7.2,333,0.0,1005.0,23.03,72.58
2025-09-14 12:00:00,33.1,50,5.6,331,0.0,1180.0,23.03,72.58
2025-09-14 13:00:00,33.7,47,4.8,315,0.0,1315.0,23.03,72.58
2025-09-14 14:00:00,33.9,46,6.8,310,0.0,1395.0,23.03,72.58
2025-09-14 15:00:00,33.7,47,7.3,306,0.0,1390.0,23.03,72.58
2025-09-14 16:00:00,33.4,49,7.4,309,0.0,1305.0,23.03,72.58
2025-09-14 17:00:00,32.9,51,7.5,303,0.0,1190.0,23.03,72.58
2025-09-14 18:00:00,31.9,56,8.0,295,0.0,480.0,23.03,72.58
2025-09-14 19:00:00,31.2,61,5.5,279,0.0,185.0,23.03,72.58
2025-09-14 20:00:00,30.7,65,4.8,281,0.0,105.0,23.03,72.58
2025-09-14 21:00:00,30.0,69,4.2,290,0.0,80.0,23.03,72.58
2025-09-14 22:00:00,29.1,75,7.6,277,0.0,165.0,23.03,72.58
2025-09-14 23:00:00,28.5,73,8.6,285,0.0,235.0,23.03,72.58
2025-09-15 00:00:00,27.7,72,10.5,289,0.0,230.0,23.03,72.58
2025-09-15 01:00:00,27.2,69,9.9,289,0.0,260.0,23.03,72.58
2025-09-15 02:00:00,26.5,75,9.4,282,0.0,300.0,23.03,72.58
2025-09-15 03:00:00,26.1,80,10.0,288,0.0,315.0,23.03,72.58
2025-09-15 04:00:00,25.7,83,9.7,289,0.0,310.0,23.03,72.58
2025-09-15 05:00:00,25.4,87,9.9,292,0.0,330.0,23.03,72.58
2025-09-15 06:00:00,26.4,88,9.8,300,0.0,375.0,23.03,72.58
2025-09-15 07:00:00,26.8,88,7.8,304,0.0,420.0,23.03,72.58
2025-09-15 08:00:00,27.8,81,10.4,312,0.0,510.0,23.03,72.58
2025-09-15 09:00:00,29.0,73,8.8,311,0.0,600.0,23.03,72.58
2025-09-15 10:00:00,30.3,65,8.3,311,0.0,780.0,23.03,72.58
2025-09-15 11:00:00,31.5,59,7.3,303,0.0,975.0,23.03,72.58
2025-09-15 12:00:00,32.3,55,7.9,291,0.0,1130.0,23.03,72.58
2025-09-15 13:00:00,33.2,51,9.0,290,0.0,1385.0,23.03,72.58
2025-09-15 14:00:00,33.8,47,10.6,291,0.0,1555.0,23.03,72.58
2025-09-15 15:00:00,33.5,48,11.7,295,0.0,1590.0,23.03,72.58
2025-09-15 16:00:00,33.1,50,12.2,292,0.0,1570.0,23.03,72.58
2025-09-15 17:00:00,32.7,51,8.2,289,0.0,1260.0,23.03,72.58
2025-09-15 18:00:00,31.6,56,5.0,244,0.0,380.0,23.03,72.58
2025-09-15 19:00:00,30.7,64,5.0,210,0.0,110.0,23.03,72.58
2025-09-15 20:00:00,30.1,68,4.4,243,0.0,90.0,23.03,72.58
2025-09-15 21:00:00,29.6,73,6.5,265,0.0,305.0,23.03,72.58
2025-09-15 22:00:00,28.8,72,8.0,260,0.0,345.0,23.03,72.58
2025-09-15 23:00:00,27.8,73,7.8,238,0.0,280.0,23.03,72.58
2025-09-16 00:00:00,27.0,74,7.4,229,0.0,255.0,23.03,72.58
2025-09-16 01:00:00,26.3,75,7.6,239,0.0,280.0,23.03,72.58
2025-09-16 02:00:00,25.7,78,7.9,254,0.0,320.0,23.03,72.58
2025-09-16 03:00:00,25.3,82,8.1,269,0.0,350.0,23.03,72.58
2025-09-16 04:00:00,25.2,89,8.9,283,0.0,370.0,23.03,72.58
2025-09-16 05:00:00,25.3,91,8.4,289,0.0,370.0,23.03,72.58
2025-09-16 06:00:00,26.2,89,8.4,295,0.0,365.0,23.03,72.58
2025-09-16 07:00:00,26.6,87,7.3,290,0.0,400.0,23.03,72.58
2025-09-16 08:00:00,27.8,80,8.6,293,0.0,525.0,23.03,72.58
2025-09-16 09:00:00,29.1,72,7.6,295,0.0,685.0,23.03,72.58
2025-09-16 10:00:00,30.2,65,6.9,293,0.0,855.0,23.03,72.58
2025-09-16 11:00:00,31.4,58,7.2,289,0.0,1115.0,23.03,72.58
2025-09-16 12:00:00,32.1,54,7.4,273,0.0,1250.0,23.03,72.58
2025-09-16 13:00:00,32.5,52,8.0,260,0.0,1330.0,23.03,72.58
2025-09-16 14:00:00,32.9,51,9.0,241,0.0,1285.0,23.03,72.58
2025-09-16 15:00:00,32.6,53,10.4,242,0.0,1215.0,23.03,72.58
2025-09-16 16:00:00,32.5,53,9.3,242,0.0,1150.0,23.03,72.58
2025-09-16 17:00:00,32.1,54,7.9,229,0.0,1025.0,23.03,72.58
2025-09-16 18:00:00,32.0,52,5.5,229,0.0,935.0,23.03,72.58
2025-09-16 19:00:00,31.5,54,4.1,209,0.0,85.0,23.03,72.58
2025-09-16 20:00:00,30.7,61,5.7,193,0.0,90.0,23.03,72.58
2025-09-16 21:00:00,29.8,68,8.5,182,0.0,145.0,23.03,72.58
2025-09-16 22:00:00,28.5,75,10.5,185,0.0,245.0,23.03,72.58
2025-09-16 23:00:00,27.6,81,9.1,189,0.0,250.0,23.03,72.58
2025-09-17 00:00:00,27.2,85,6.4,202,0.0,275.0,23.03,72.58
2025-09-17 01:00:00,26.9,87,4.8,211,0.0,185.0,23.03,72.58
2025-09-17 02:00:00,26.6,89,5.4,256,0.0,170.0,23.03,72.58
2025-09-17 03:00:00,26.5,87,7.2,284,0.0,315.0,23.03,72.58
2025-09-17 04:00:00,26.1,84,8.2,296,0.0,310.0,23.03,72.58
2025-09-17 05:00:00,25.6,85,7.9,300,0.0,295.0,23.03,72.58
2025-09-17 06:00:00,26.8,81,6.6,303,0.0,330.0,23.03,72.58
2025-09-17 07:00:00,27.0,83,5.3,298,0.0,350.0,23.03,72.58
2025-09-17 08:00:00,28.2,79,6.7,316,0.0,450.0,23.03,72.58
2025-09-17 09:00:00,29.8,68,6.4,328,0.1,645.0,23.03,72.58
2025-09-17 10:00:00,31.1,60,4.3,315,0.1,900.0,23.03,72.58
2025-09-17 11:00:00,32.3,54,3.2,308,0.1,1115.0,23.03,72.58
2025-09-17 12:00:00,33.0,50,2.9,300,0.1,1185.0,23.03,72.58
2025-09-17 13:00:00,33.0,50,3.9,286,0.2,1195.0,23.03,72.58
2025-09-17 14:00:00,33.4,48,2.9,270,0.4,1255.0,23.03,72.58
2025-09-17 15:00:00,33.2,50,3.2,267,0.2,1315.0,23.03,72.58
2025-09-17 16:00:00,33.1,51,5.0,268,0.1,1210.0,23.03,72.58
2025-09-17 17:00:00,32.5,55,6.0,263,0.0,1145.0,23.03,72.58
2025-09-17 18:00:00,32.3,52,6.5,276,0.0,1070.0,23.03,72.58
2025-09-17 19:00:00,31.8,54,4.0,238,0.0,145.0,23.03,72.58
2025-09-17 20:00:00,31.2,58,2.7,180,0.0,45.0,23.03,72.58
2025-09-17 21:00:00,30.6,63,4.9,180,0.0,80.0,23.03,72.58
2025-09-17 22:00:00,30.0,65,6.0,196,0.0,90.0,23.03,72.58
2025-09-17 23:00:00,28.7,72,9.2,200,0.0,215.0,23.03,72.58
2025-09-18 00:00:00,27.5,83,8.3,198,0.0,205.0,23.03,72.58
2025-09-18 01:00:00,27.1,85,7.5,204,0.0,210.0,23.03,72.58
2025-09-18 02:00:00,26.8,86,7.1,199,0.0,191.25,23.03,72.58
2025-09-18 03:00:00,26.4,87,6.0,233,0.0,160.0,23.03,72.58
2025-09-18 04:00:00,26.0,88,6.1,270,0.0,173.75,23.03,72.58
2025-09-18 05:00:00,25.9,88,6.7,290,0.0,175.0,23.03,72.58
2025-09-18 06:00:00,27.1,80,6.8,295,0.0,205.0,23.03,72.58
2025-09-18 07:00:00,27.3,78,5.8,300,0.0,255.0,23.03,72.58
2025-09-18 08:00:00,28.6,74,5.8,309,0.0,285.0,23.03,72.58
2025-09-18 09:00:00,30.4,63,6.4,313,0.0,355.0,23.03,72.58
2025-09-18 10:00:00,31.9,55,4.4,302,0.0,525.0,23.03,72.58
2025-09-18 11:00:00,32.9,49,2.9,277,0.0,960.0,23.03,72.58
2025-09-18 12:00:00,33.7,46,3.3,261,0.0,1065.0,23.03,72.58
2025-09-18 13:00:00,34.1,44,3.5,261,0.0,1075.0,23.03,72.58
2025-09-18 14:00:00,34.4,44,4.0,267,0.0,1070.0,23.03,72.58
2025-09-18 15:00:00,34.4,45,5.6,276,0.0,1095.0,23.03,72.58
2025-09-18 16:00:00,33.9,47,5.2,256,0.0,1040.0,23.03,72.58
2025-09-18 17:00:00,32.7,51,6.3,219,0.1,780.0,23.03,72.58
2025-09-18 18:00:00,32.5,53,5.6,243,0.0,135.0,23.03,72.58
2025-09-18 19:00:00,31.6,60,4.9,234,0.0,70.0,23.03,72.58
2025-09-18 20:00:00,30.9,67,4.6,219,0.0,75.0,23.03,72.58
2025-09-18 21:00:00,30.3,72,4.9,208,0.0,65.0,23.03,72.58
2025-09-18 22:00:00,29.6,76,5.6,207,0.0,50.0,23.03,72.58
2025-09-18 23:00:00,28.9,78,6.2,206,0.0,50.0,23.03,72.58
2025-09-19 00:00:00,28.5,79,6.2,216,0.0,65.0,23.03,72.58
2025-09-19 01:00:00,28.0,79,6.8,220,0.0,90.0,23.03,72.58
2025-09-19 02:00:00,27.4,81,7.1,227,0.0,120.0,23.03,72.58
2025-09-19 03:00:00,27.1,83,6.6,237,0.0,120.0,23.03,72.58
2025-09-19 04:00:00,26.8,84,6.1,258,0.0,115.0,23.03,72.58
2025-09-19 05:00:00,26.6,85,5.4,266,0.0,105.0,23.03,72.58
2025-09-19 06:00:00,27.5,82,5.7,283,0.0,110.0,23.03,72.58
2025-09-19 07:00:00,27.9,79,4.4,297,0.0,190.0,23.03,72.58
2025-09-19 08:00:00,29.3,70,5.3,305,0.0,280.0,23.03,72.58
2025-09-19 09:00:00,31.0,62,7.1,306,0.0,415.0,23.03,72.58
2025-09-19 10:00:00,32.1,56,6.3,294,0.2,660.0,23.03,72.58
2025-09-19 11:00:00,32.7,53,4.4,297,0.2,945.0,23.03,72.58
2025-09-19 12:00:00,33.4,50,4.5,307,0.1,1155.0,23.03,72.58
2025-09-19 13:00:00,33.7,49,5.2,311,0.0,1315.0,23.03,72.58
2025-09-19 14:00:00,33.8,49,6.9,301,0.2,1210.0,23.03,72.58
2025-09-19 15:00:00,33.0,54,3.1,324,0.4,1085.0,23.03,72.58
2025-09-19 16:00:00,32.9,55,2.6,282,0.2,585.0,23.03,72.58
2025-09-19 17:00:00,30.5,64,8.2,292,1.1,400.0,23.03,72.58
2025-09-19 18:00:00,31.6,65,6.1,265,0.0,130.0,23.03,72.58
2025-09-19 19:00:00,31.1,67,3.6,225,0.0,80.0,23.03,72.58
2025-09-19 20:00:00,30.8,69,4.3,228,0.0,50.0,23.03,72.58
2025-09-19 21:00:00,30.4,72,5.3,213,0.0,50.0,23.03,72.58
2025-09-19 22:00:00,29.5,77,6.7,224,0.0,55.0,23.03,72.58
2025-09-19 23:00:00,28.8,79,7.3,224,0.0,75.0,23.03,72.58
2025-09-20 00:00:00,28.3,81,5.7,204,0.0,100.0,23.03,72.58
2025-09-20 01:00:00,27.9,82,7.5,217,0.0,130.0,23.03,72.58
2025-09-20 02:00:00,27.4,85,3.5,156,0.0,150.0,23.03,72.58
2025-09-20 03:00:00,27.1,87,4.7,182,0.0,150.0,23.03,72.58
2025-09-20 04:00:00,26.9,88,5.3,204,0.0,145.0,23.03,72.58
2025-09-20 05:00:00,26.6,88,5.6,220,0.0,145.0,23.03,72.58
2025-09-20 06:00:00,26.5,90,3.8,253,0.0,150.0,23.03,72.58
2025-09-20 07:00:00,26.8,88,4.1,247,0.1,210.0,23.03,72.58
2025-09-20 08:00:00,28.1,78,4.2,275,0.0,360.0,23.03,72.58
2025-09-20 09:00:00,29.3,73,4.9,270,0.0,475.0,23.03,72.58
2025-09-20 10:00:00,30.6,67,6.5,304,0.0,660.0,23.03,72.58
2025-09-20 11:00:00,32.0,62,6.8,310,0.0,920.0,23.03,72.58
2025-09-20 12:00:00,33.0,57,6.8,318,0.0,1010.0,23.03,72.58
2025-09-20 13:00:00,33.8,52,6.6,317,0.0,1095.0,23.03,72.58
2025-09-20 14:00:00,34.1,50,6.8,320,0.0,1065.0,23.03,72.58
2025-09-20 15:00:00,33.0,55,8.6,301,0.3,815.0,23.03,72.58
2025-09-20 16:00:00,30.8,66,2.8,165,2.4,775.0,23.03,72.58
2025-09-20 17:00:00,30.4,70,7.1,243,0.2,600.0,23.03,72.58
2025-09-20 18:00:00,29.5,76,3.7,241,0.0,270.0,23.03,72.58
2025-09-20 19:00:00,29.2,77,4.8,236,0.0,105.0,23.03,72.58
2025-09-20 20:00:00,28.9,80,4.2,223,0.0,60.0,23.03,72.58
2025-09-20 21:00:00,28.5,83,5.8,202,0.0,70.0,23.03,72.58
2025-09-20 22:00:00,27.8,87,6.8,207,0.0,95.0,23.03,72.58
2025-09-20 23:00:00,27.5,87,5.8,200,0.0,125.0,23.03,72.58
2025-09-21 00:00:00,27.2,88,6.5,199,0.1,165.0,23.03,72.58
2025-09-21 01:00:00,26.8,90,7.0,192,0.0,220.0,23.03,72.58
2025-09-21 02:00:00,26.5,92,5.5,189,0.1,255.0,23.03,72.58
2025-09-21 03:00:00,26.3,93,4.6,198,0.0,235.0,23.03,72.58
2025-09-21 04:00:00,26.1,94,5.0,224,0.0,165.0,23.03,72.58
2025-09-21 05:00:00,25.9,93,5.3,246,0.0,120.0,23.03,72.58
2025-09-21 06:00:00,26.6,93,4.4,249,0.0,115.0,23.03,72.58
2025-09-21 07:00:00,27.1,86,4.8,290,0.0,240.0,23.03,72.58
2025-09-21 08:00:00,28.0,78,6.0,309,0.0,375.0,23.03,72.58
2025-09-21 09:00:00,29.2,73,5.3,305,0.0,510.0,23.03,72.58
2025-09-21 10:00:00,30.7,66,6.1,310,0.0,680.0,23.03,72.58
2025-09-21 11:00:00,31.9,59,5.1,309,0.0,895.0,23.03,72.58
2025-09-21 12:00:00,32.6,55,4.8,307,0.1,935.0,23.03,72.58
2025-09-21 13:00:00,33.3,52,5.6,303,0.2,935.0,23.03,72.58
2025-09-21 14:00:00,33.2,53,6.4,286,0.2,1040.0,23.03,72.58
2025-09-21 15:00:00,33.0,54,7.6,284,0.2,1045.0,23.03,72.58
2025-09-21 16:00:00,32.8,56,7.9,286,0.2,1005.0,23.03,72.58
2025-09-21 17:00:00,31.5,61,7.7,282,0.1,580.0,23.03,72.58
2025-09-21 18:00:00,32.1,54,7.3,293,0.0,265.0,23.03,72.58
2025-09-21 19:00:00,31.6,57,6.0,254,0.0,140.0,23.03,72.58
2025-09-21 20:00:00,30.7,63,5.4,244,0.0,110.0,23.03,72.58
2025-09-21 21:00:00,30.3,65,5.1,253,0.0,90.0,23.03,72.58
2025-09-21 22:00:00,29.7,67,6.0,253,0.0,85.0,23.03,72.58
2025-09-21 23:00:00,28.9,70,7.7,240,0.0,100.0,23.03,72.58
2025-09-22 00:00:00,28.3,71,7.7,242,0.0,125.0,23.03,72.58
2025-09-22 01:00:00,27.7,73,7.5,253,0.0,170.0,23.03,72.58
2025-09-22 02:00:00,27.2,74,8.0,264,0.0,215.0,23.03,72.58
2025-09-22 03:00:00,26.9,74,7.7,282,0.0,270.0,23.03,72.58
2025-09-22 04:00:00,26.7,76,7.4,293,0.0,275.0,23.03,72.58
2025-09-22 05:00:00,26.5,78,8.0,298,0.0,265.0,23.03,72.58
2025-09-22 06:00:00,27.4,78,8.1,307,0.0,260.0,23.03,72.58
2025-09-22 07:00:00,27.7,76,7.2,307,0.0,290.0,23.03,72.58
2025-09-22 08:00:00,28.7,70,7.3,312,0.0,355.0,23.03,72.58
2025-09-22 09:00:00,30.1,63,8.0,312,0.0,485.0,23.03,72.58
2025-09-22 10:00:00,31.5,55,9.4,312,0.0,670.0,23.03,72.58
2025-09-22 11:00:00,32.6,51,8.6,303,0.0,870.0,23.03,72.58
2025-09-22 12:00:00,33.5,48,7.9,297,0.0,1120.0,23.03,72.58
2025-09-22 13:00:00,34.0,47,8.3,297,0.0,1325.0,23.03,72.58
2025-09-22 14:00:00,34.1,47,8.6,300,0.0,1250.0,23.03,72.58
2025-09-22 15:00:00,34.1,47,7.7,301,0.0,1255.0,23.03,72.58
2025-09-22 16:00:00,34.0,48,8.6,311,0.0,1240.0,23.03,72.58
2025-09-22 17:00:00,33.5,48,7.9,305,0.0,1015.0,23.03,72.58
2025-09-22 18:00:00,32.8,49,10.8,285,0.0,260.0,23.03,72.58
2025-09-22 19:00:00,31.5,58,8.4,259,0.0,155.0,23.03,72.58
2025-09-22 20:00:00,30.7,61,7.4,269,0.0,110.0,23.03,72.58
2025-09-22 21:00:00,30.5,61,6.1,275,0.0,100.0,23.03,72.58
2025-09-22 22:00:00,29.8,63,6.3,252,0.0,100.0,23.03,72.58
2025-09-22 23:00:00,29.0,68,7.3,245,0.0,120.0,23.03,72.58
2025-09-23 00:00:00,28.4,71,7.6,255,0.0,170.0,23.03,72.58
2025-09-23 01:00:00,27.8,74,8.5,257,0.0,245.0,23.03,72.58
2025-09-23 02:00:00,27.2,75,8.8,266,0.0,355.0,23.03,72.58
2025-09-23 03:00:00,26.8,76,9.1,278,0.0,330.0,23.03,72.58
2025-09-23 04:00:00,26.5,78,8.8,281,0.0,360.0,23.03,72.58
2025-09-23 05:00:00,26.2,80,8.6,285,0.0,365.0,23.03,72.58
2025-09-23 06:00:00,27.3,77,8.8,303,0.0,360.0,23.03,72.58
2025-09-23 07:00:00,27.5,76,8.7,302,0.0,395.0,23.03,72.58
2025-09-23 08:00:00,28.6,69,8.5,306,0.0,465.0,23.03,72.58
2025-09-23 09:00:00,30.0,61,9.9,307,0.0,615.0,23.03,72.58
2025-09-23 10:00:00,31.2,55,9.8,305,0.0,785.0,23.03,72.58
2025-09-23 11:00:00,32.5,50,8.2,293,0.0,1055.0,23.03,72.58
2025-09-23 12:00:00,33.6,47,7.9,287,0.0,1010.0,23.03,72.58
2025-09-23 13:00:00,34.0,46,7.9,281,0.0,935.0,23.03,72.58
2025-09-23 14:00:00,34.0,45,8.0,279,0.3,1020.0,23.03,72.58
2025-09-23 15:00:00,34.0,46,8.4,280,0.5,1100.0,23.03,72.58
2025-09-23 16:00:00,33.8,46,7.9,269,0.3,1115.0,23.03,72.58
2025-09-23 17:00:00,32.9,49,10.9,251,0.1,895.0,23.03,72.58
2025-09-23 18:00:00,32.2,50,9.0,273,0.0,110.0,23.03,72.58
2025-09-23 19:00:00,31.7,52,7.7,267,0.0,75.0,23.03,72.58
2025-09-23 20:00:00,30.9,56,7.2,257,0.0,100.0,23.03,72.58
2025-09-23 21:00:00,30.2,60,5.8,214,0.0,135.0,23.03,72.58
2025-09-23 22:00:00,29.1,68,7.6,198,0.0,155.0,23.03,72.58
2025-09-23 23:00:00,28.4,73,6.8,222,0.0,165.0,23.03,72.58
2025-09-24 00:00:00,28.1,71,7.0,252,0.0,200.0,23.03,72.58
2025-09-24 01:00:00,27.7,64,7.8,257,0.0,265.0,23.03,72.58
2025-09-24 02:00:00,27.0,65,7.6,262,0.0,380.0,23.03,72.58
2025-09-24 03:00:00,26.4,69,8.5,271,0.0,445.0,23.03,72.58
2025-09-24 04:00:00,26.0,74,9.6,283,0.0,465.0,23.03,72.58
2025-09-24 05:00:00,25.6,79,9.2,287,0.0,425.0,23.03,72.58
2025-09-24 06:00:00,26.6,79,8.0,295,0.0,370.0,23.03,72.58
2025-09-24 07:00:00,26.8,78,7.5,297,0.0,390.0,23.03,72.58
2025-09-24 08:00:00,28.0,71,7.6,295,0.0,510.0,23.03,72.58
2025-09-24 09:00:00,29.5,61,6.4,297,0.0,660.0,23.03,72.58
2025-09-24 10:00:00,30.9,54,5.7,298,0.0,800.0,23.03,72.58
2025-09-24 11:00:00,32.0,48,6.3,270,0.0,920.0,23.03,72.58
2025-09-24 12:00:00,32.5,46,8.0,243,0.0,1045.0,23.03,72.58
2025-09-24 13:00:00,32.5,47,9.0,233,0.1,1165.0,23.03,72.58
2025-09-24 14:00:00,32.6,47,9.7,236,0.2,1235.0,23.03,72.58
2025-09-24 15:00:00,32.2,49,10.1,239,0.5,1305.0,23.03,72.58
2025-09-24 16:00:00,31.5,55,8.0,247,1.2,1315.0,23.03,72.58
2025-09-24 17:00:00,31.0,57,8.1,235,0.1,730.0,23.03,72.58
2025-09-24 18:00:00,31.0,55,6.1,230,0.0,60.0,23.03,72.58
2025-09-24 19:00:00,30.5,57,5.2,192,0.0,120.0,23.03,72.58
2025-09-24 20:00:00,29.4,65,8.7,174,0.0,220.0,23.03,72.58
2025-09-24 21:00:00,28.3,73,8.6,190,0.0,310.0,23.03,72.58
2025-09-24 22:00:00,27.5,77,8.6,195,0.0,345.0,23.03,72.58
2025-09-24 23:00:00,27.0,79,8.0,194,0.0,355.0,23.03,72.58
2025-09-25 00:00:00,26.7,78,7.9,201,0.0,355.0,23.03,72.58
2025-09-25 01:00:00,26.5,77,8.2,218,0.0,330.0,23.03,72.58
2025-09-25 02:00:00,26.3,77,8.0,252,0.0,255.0,23.03,72.58
2025-09-25 03:00:00,26.2,76,7.5,280,0.0,275.0,23.03,72.58
2025-09-25 04:00:00,25.9,78,6.5,284,0.0,215.0,23.03,72.58
2025-09-25 05:00:00,25.7,80,6.0,297,0.0,170.0,23.03,72.58
2025-09-25 06:00:00,26.7,79,6.2,306,0.0,135.0,23.03,72.58
2025-09-25 07:00:00,26.9,79,5.6,301,0.0,175.0,23.03,72.58
2025-09-25 08:00:00,28.1,73,4.1,308,0.0,395.0,23.03,72.58
2025-09-25 09:00:00,29.6,63,3.2,304,0.1,575.0,23.03,72.58
2025-09-25 10:00:00,30.5,57,2.5,300,0.2,750.0,23.03,72.58
2025-09-25 11:00:00,31.5,53,2.5,266,0.1,850.0,23.03,72.58
2025-09-25 12:00:00,32.1,50,2.9,223,0.1,955.0,23.03,72.58
2025-09-25 13:00:00,32.4,48,3.9,248,0.6,990.0,23.03,72.58
2025-09-25 14:00:00,32.2,50,5.5,253,0.5,985.0,23.03,72.58
2025-09-25 15:00:00,32.1,52,6.1,256,0.7,945.0,23.03,72.58
2025-09-25 16:00:00,31.5,57,4.6,281,0.6,925.0,23.03,72.58
2025-09-25 17:00:00,31.2,58,3.8,278,0.1,535.0,23.03,72.58
2025-09-25 18:00:00,31.3,56,5.4,250,0.0,40.0,23.03,72.58
2025-09-25 19:00:00,30.8,58,5.2,229,0.0,30.0,23.03,72.58
2025-09-25 20:00:00,30.4,60,4.4,215,0.0,30.0,23.03,72.58
2025-09-25 21:00:00,30.2,60,4.3,195,0.0,40.0,23.03,72.58
2025-09-25 22:00:00,29.5,63,5.6,207,0.0,70.0,23.03,72.58
2025-09-25 23:00:00,28.4,67,7.7,205,0.0,120.0,23.03,72.58
2025-09-26 00:00:00,27.3,74,8.0,214,0.0,150.0,23.03,72.58
2025-09-26 01:00:00,26.8,77,7.4,229,0.0,165.0,23.03,72.58
2025-09-26 02:00:00,26.6,77,7.0,247,0.0,165.0,23.03,72.58
2025-09-26 03:00:00,26.3,78,6.8,259,0.0,195.0,23.03,72.58
2025-09-26 04:00:00,26.1,79,5.9,270,0.0,185.0,23.03,72.58
2025-09-26 05:00:00,26.0,78,6.9,284,0.0,190.0,23.03,72.58
2025-09-26 06:00:00,26.6,75,7.9,300,0.0,170.0,23.03,72.58
2025-09-26 07:00:00,26.9,75,6.6,307,0.0,210.0,23.03,72.58
2025-09-26 08:00:00,28.4,70,7.0,314,0.0,290.0,23.03,72.58
2025-09-26 09:00:00,30.4,61,7.5,323,0.0,410.0,23.03,72.58
2025-09-26 10:00:00,32.1,53,7.7,330,0.0,710.0,23.03,72.58
2025-09-26 11:00:00,33.3,49,8.5,335,0.0,995.0,23.03,72.58
2025-09-26 12:00:00,34.2,45,7.9,349,0.0,1165.0,23.03,72.58
2025-09-26 13:00:00,34.6,43,7.0,357,0.3,1240.0,23.03,72.58
2025-09-26 14:00:00,34.8,43,7.4,1,0.3,1295.0,23.03,72.58
2025-09-26 15:00:00,34.9,43,7.1,351,0.3,1200.0,23.03,72.58
2025-09-26 16:00:00,34.6,45,6.8,342,0.1,1115.0,23.03,72.58
2025-09-26 17:00:00,34.3,46,7.1,341,0.0,570.0,23.03,72.58
2025-09-26 18:00:00,34.3,45,7.8,328,0.0,135.0,23.03,72.58
2025-09-26 19:00:00,33.9,46,6.8,305,0.0,95.0,23.03,72.58
2025-09-26 20:00:00,33.1,50,7.7,300,0.0,70.0,23.03,72.58
2025-09-26 21:00:00,32.4,53,7.9,309,0.0,70.0,23.03,72.58
2025-09-26 22:00:00,31.9,54,8.7,315,0.0,70.0,23.03,72.58
2025-09-26 23:00:00,31.5,54,8.9,317,0.0,95.0,23.03,72.58
2025-09-27 00:00:00,30.8,57,8.8,319,0.0,105.0,23.03,72.58
2025-09-27 01:00:00,30.3,58,8.8,316,0.0,100.0,23.03,72.58
2025-09-27 02:00:00,29.8,59,8.8,319,0.0,95.0,23.03,72.58
2025-09-27 03:00:00,29.3,61,9.0,322,0.0,140.0,23.03,72.58
2025-09-27 04:00:00,28.8,63,9.3,320,0.0,155.0,23.03,72.58
2025-09-27 05:00:00,28.3,65,9.8,322,0.0,175.0,23.03,72.58
2025-09-27 06:00:00,28.7,64,9.6,326,0.0,195.0,23.03,72.58
2025-09-27 07:00:00,29.0,62,8.1,323,0.0,235.0,23.03,72.58
2025-09-27 08:00:00,30.3,57,9.3,335,0.0,320.0,23.03,72.58
2025-09-27 09:00:00,32.3,51,10.1,338,0.0,435.0,23.03,72.58
2025-09-27 10:00:00,34.3,45,11.7,337,0.0,590.0,23.03,72.58
2025-09-27 11:00:00,35.8,39,11.5,346,0.0,765.0,23.03,72.58
2025-09-27 12:00:00,37.0,34,10.7,8,0.0,970.0,23.03,72.58
2025-09-27 13:00:00,37.2,33,11.6,28,0.0,1295.0,23.03,72.58
2025-09-27 14:00:00,37.4,32,9.8,17,0.0,1505.0,23.03,72.58
2025-09-27 15:00:00,37.5,32,9.9,351,0.0,1625.0,23.03,72.58
2025-09-27 16:00:00,37.5,32,11.9,328,0.0,1285.0,23.03,72.58
2025-09-27 17:00:00,36.6,35,14.9,315,0.0,460.0,23.03,72.58
2025-09-27 18:00:00,35.4,39,11.7,315,0.0,285.0,23.03,72.58
2025-09-27 19:00:00,34.2,44,10.7,320,0.0,310.0,23.03,72.58
2025-09-27 20:00:00,33.5,45,11.5,321,0.0,310.0,23.03,72.58
2025-09-27 21:00:00,32.9,46,12.3,326,0.0,275.0,23.03,72.58
2025-09-27 22:00:00,32.3,48,10.5,331,0.0,240.0,23.03,72.58
2025-09-27 23:00:00,31.7,50,11.2,327,0.0,205.0,23.03,72.58
2025-09-28 00:00:00,31.3,51,12.3,330,0.0,195.0,23.03,72.58
2025-09-28 01:00:00,30.9,52,11.8,336,0.0,215.0,23.03,72.58
2025-09-28 02:00:00,30.6,52,11.3,353,0.0,270.0,23.03,72.58
2025-09-28 03:00:00,29.9,54,9.6,347,0.0,335.0,23.03,72.58
2025-09-28 04:00:00,29.6,55,11.5,349,0.0,360.0,23.03,72.58
2025-09-28 05:00:00,29.4,56,12.5,345,0.0,385.0,23.03,72.58
2025-09-28 06:00:00,29.7,59,12.8,338,0.0,395.0,23.03,72.58
2025-09-28 07:00:00,29.9,59,9.8,334,0.0,390.0,23.03,72.58
2025-09-28 08:00:00,31.2,55,9.9,344,0.0,415.0,23.03,72.58
2025-09-28 09:00:00,32.4,53,10.9,8,0.0,510.0,23.03,72.58
2025-09-28 10:00:00,32.2,57,10.4,11,0.0,790.0,23.03,72.58
2025-09-28 11:00:00,32.9,57,12.5,30,0.0,925.0,23.03,72.58
2025-09-28 12:00:00,32.3,61,8.7,43,0.1,985.0,23.03,72.58
2025-09-28 13:00:00,31.7,64,9.2,1,1.0,555.0,23.03,72.58
2025-09-28 14:00:00,29.5,77,5.3,8,1.3,535.0,23.03,72.58
2025-09-28 15:00:00,29.5,79,3.7,349,0.2,240.0,23.03,72.58
2025-09-28 16:00:00,29.6,79,6.0,344,0.1,365.0,23.03,72.58
2025-09-28 17:00:00,29.5,80,6.3,333,0.3,435.0,23.03,72.58
2025-09-28 18:00:00,27.5,93,9.5,2,2.5,295.0,23.03,72.58
2025-09-28 19:00:00,27.6,93,8.6,345,0.5,415.0,23.03,72.58
2025-09-28 20:00:00,27.4,94,13.9,356,1.0,475.0,23.03,72.58
2025-09-28 21:00:00,26.7,93,15.0,10,2.0,425.0,23.03,72.58
2025-09-28 22:00:00,26.3,92,16.2,49,2.9,445.0,23.03,72.58
2025-09-28 23:00:00,26.6,90,11.0,60,0.2,485.0,23.03,72.58
2025-09-29 00:00:00,26.4,91,8.4,80,0.4,485.0,23.03,72.58
2025-09-29 01:00:00,26.6,92,11.0,65,0.0,525.0,23.03,72.58
2025-09-29 02:00:00,26.9,89,13.5,63,0.0,570.0,23.03,72.58
2025-09-29 03:00:00,26.8,88,11.2,74,0.0,585.0,23.03,72.58
2025-09-29 04:00:00,26.7,87,9.3,77,0.0,680.0,23.03,72.58
2025-09-29 05:00:00,26.6,87,9.9,81,0.0,700.0,23.03,72.58
2025-09-29 06:00:00,26.9,85,13.0,91,0.0,655.0,23.03,72.58
2025-09-29 07:00:00,27.1,84,13.5,94,0.0,640.0,23.03,72.58
2025-09-29 08:00:00,27.9,79,16.3,95,0.0,675.0,23.03,72.58
2025-09-29 09:00:00,28.7,75,17.6,103,0.1,810.0,23.03,72.58
2025-09-29 10:00:00,29.4,72,17.1,102,0.0,895.0,23.03,72.58
2025-09-29 11:00:00,30.0,69,20.3,110,0.1,1015.0,23.03,72.58
2025-09-29 12:00:00,30.0,68,18.5,119,0.0,1040.0,23.03,72.58
2025-09-29 13:00:00,30.3,67,18.1,127,0.1,1030.0,23.03,72.58
2025-09-29 14:00:00,31.1,63,20.0,123,0.0,1000.0,23.03,72.58
2025-09-29 15:00:00,30.9,64,20.0,126,0.0,900.0,23.03,72.58
2025-09-29 16:00:00,29.4,73,17.6,144,0.1,870.0,23.03,72.58
2025-09-29 17:00:00,28.0,80,15.5,149,0.1,875.0,23.03,72.58
2025-09-29 18:00:00,27.0,85,17.4,126,0.2,840.0,23.03,72.58
2025-09-29 19:00:00,26.7,85,16.4,137,0.2,805.0,23.03,72.58
2025-09-29 20:00:00,26.4,85,16.4,140,0.1,770.0,23.03,72.58
2025-09-29 21:00:00,26.1,85,15.4,147,0.1,765.0,23.03,72.58
2025-09-29 22:00:00,25.7,86,14.7,149,0.1,780.0,23.03,72.58
2025-09-29 23:00:00,25.4,87,13.2,154,0.0,785.0,23.03,72.58
2025-09-30 00:00:00,25.3,88,12.3,158,0.0,800.0,23.03,72.58
2025-09-30 01:00:00,25.2,88,12.2,161,0.1,790.0,23.03,72.58
2025-09-30 02:00:00,25.1,88,11.3,155,0.1,725.0,23.03,72.58
2025-09-30 03:00:00,24.8,89,11.0,150,0.0,670.0,23.03,72.58
2025-09-30 04:00:00,24.5,90,10.7,145,0.0,630.0,23.03,72.58
2025-09-30 05:00:00,24.4,90,11.1,140,0.0,590.0,23.03,72.58
2025-09-30 06:00:00,25.0,90,10.4,144,0.0,590.0,23.03,72.58
2025-09-30 07:00:00,25.2,90,12.3,150,0.0,595.0,23.03,72.58
2025-09-30 08:00:00,25.6,89,12.2,152,0.0,610.0,23.03,72.58
2025-09-30 09:00:00,26.5,84,13.8,162,0.1,710.0,23.03,72.58
2025-09-30 10:00:00,27.3,81,12.2,167,0.0,860.0,23.03,72.58
2025-09-30 11:00:00,28.8,74,13.0,178,0.0,915.0,23.03,72.58
2025-09-30 12:00:00,29.3,68,15.9,183,0.1,965.0,23.03,72.58
2025-09-30 13:00:00,29.5,68,14.2,183,0.1,1080.0,23.03,72.58
2025-09-30 14:00:00,30.1,64,16.0,182,0.1,1100.0,23.03,72.58
2025-09-30 15:00:00,29.4,68,14.1,184,0.2,975.0,23.03,72.58
2025-09-30 16:00:00,29.0,69,15.5,180,0.0,960.0,23.03,72.58
2025-09-30 17:00:00,28.0,75,15.2,187,0.0,655.0,23.03,72.58
2025-09-30 18:00:00,27.1,80,12.8,189,0.1,635.0,23.03,72.58
2025-09-30 19:00:00,26.5,84,9.2,174,0.0,560.0,23.03,72.58
2025-09-30 20:00:00,26.3,85,9.3,152,0.0,550.0,23.03,72.58
2025-09-30 21:00:00,26.2,85,10.2,154,0.0,555.0,23.03,72.58
2025-09-30 22:00:00,26.0,85,10.5,164,0.0,555.0,23.03,72.58
2025-09-30 23:00:00,25.8,86,10.0,167,0.0,575.0,23.03,72.58
2025-10-01 00:00:00,25.4,87,9.0,167,0.0,600.0,23.03,72.58
2025-10-01 01:00:00,25.1,89,8.1,167,0.0,595.0,23.03,72.58
2025-10-01 02:00:00,24.8,90,8.1,152,0.0,595.0,23.03,72.58
2025-10-01 03:00:00,24.5,91,8.6,150,0.0,550.0,23.03,72.58
2025-10-01 04:00:00,24.3,91,8.9,152,0.0,550.0,23.03,72.58
2025-10-01 05:00:00,24.5,94,9.4,156,0.0,545.0,23.03,72.58
2025-10-01 06:00:00,24.6,93,9.6,152,0.0,550.0,23.03,72.58
2025-10-01 07:00:00,25.0,92,10.2,152,0.0,565.0,23.03,72.58
2025-10-01 08:00:00,25.5,89,12.1,159,0.0,600.0,23.03,72.58
2025-10-01 09:00:00,26.1,86,11.4,157,0.2,685.0,23.03,72.58
2025-10-01 10:00:00,27.4,81,10.6,150,0.0,690.0,23.03,72.58
2025-10-01 11:00:00,29.1,74,12.9,159,0.0,690.0,23.03,72.58
2025-10-01 12:00:00,30.0,70,13.0,163,0.0,805.0,23.03,72.58
2025-10-01 13:00:00,30.3,65,12.3,174,0.0,875.0,23.03,72.58
2025-10-01 14:00:00,30.9,66,11.4,174,0.2,1015.0,23.03,72.58
2025-10-01 15:00:00,28.7,71,12.5,157,0.8,1005.0,23.03,72.58
2025-10-01 16:00:00,29.1,71,8.3,162,0.0,990.0,23.03,72.58
2025-10-01 17:00:00,29.6,65,11.3,173,0.0,865.0,23.03,72.58
2025-10-01 18:00:00,28.5,72,8.5,175,0.0,755.0,23.03,72.58
2025-10-01 19:00:00,27.7,77,9.0,174,0.0,675.0,23.03,72.58
2025-10-01 20:00:00,27.3,78,10.3,157,0.0,650.0,23.03,72.58
2025-10-01 21:00:00,27.1,79,11.7,153,0.0,620.0,23.03,72.58
2025-10-01 22:00:00,26.6,82,12.1,157,0.0,580.0,23.03,72.58
2025-10-01 23:00:00,26.5,83,12.2,154,0.0,555.0,23.03,72.58
2025-10-02 00:00:00,26.2,84,11.7,159,0.0,550.0,23.03,72.58
2025-10-02 01:00:00,25.9,85,11.3,158,0.0,545.0,23.03,72.58
2025-10-02 02:00:00,25.6,86,10.7,155,0.0,530.0,23.03,72.58
2025-10-02 03:00:00,25.2,88,8.4,155,0.0,425.0,23.03,72.58
2025-10-02 04:00:00,25.1,89,7.5,138,0.0,395.0,23.03,72.58
2025-10-02 05:00:00,25.3,88,7.6,118,0.0,395.0,23.03,72.58
2025-10-02 06:00:00,25.4,87,7.8,122,0.0,380.0,23.03,72.58
2025-10-02 07:00:00,25.6,87,7.4,122,0.0,445.0,23.03,72.58
2025-10-02 08:00:00,26.4,82,12.6,147,0.0,575.0,23.03,72.58
2025-10-02 09:00:00,26.9,79,11.9,151,0.1,660.0,23.03,72.58
2025-10-02 10:00:00,27.9,75,11.3,153,0.1,750.0,23.03,72.58
2025-10-02 11:00:00,29.2,69,12.6,155,0.2,870.0,23.03,72.58
2025-10-02 12:00:00,30.2,67,10.9,153,0.2,900.0,23.03,72.58
2025-10-02 13:00:00,31.1,62,10.8,152,0.0,985.0,23.03,72.58
2025-10-02 14:00:00,30.0,67,11.7,137,0.1,1000.0,23.03,72.58
2025-10-02 15:00:00,28.4,75,12.5,192,0.8,715.0,23.03,72.58
2025-10-02 16:00:00,27.0,83,8.4,164,0.4,675.0,23.03,72.58
2025-10-02 17:00:00,28.9,71,10.3,183,0.1,585.0,23.03,72.58
2025-10-02 18:00:00,27.7,78,9.6,192,0.0,485.0,23.03,72.58
2025-10-02 19:00:00,26.9,81,7.9,183,0.0,455.0,23.03,72.58
2025-10-02 20:00:00,26.4,84,7.4,166,0.1,430.0,23.03,72.58
2025-10-02 21:00:00,26.2,85,7.5,160,0.0,385.0,23.03,72.58
2025-10-02 22:00:00,26.0,86,6.3,162,0.2,360.0,23.03,72.58
2025-10-02 23:00:00,26.1,86,5.5,167,0.1,340.0,23.03,72.58
2025-10-03 00:00:00,26.0,87,4.9,156,0.0,340.0,23.03,72.58
2025-10-03 01:00:00,25.8,89,5.0,134,0.0,315.0,23.03,72.58
2025-10-03 02:00:00,25.5,90,6.0,139,0.0,235.0,23.03,72.58
2025-10-03 03:00:00,25.3,91,6.1,135,0.0,100.0,23.03,72.58
2025-10-03 04:00:00,25.1,91,6.2,123,0.0,110.0,23.03,72.58
2025-10-03 05:00:00,24.7,95,5.6,105,0.4,115.0,23.03,72.58
2025-10-03 06:00:00,24.8,95,6.6,106,0.1,140.0,23.03,72.58
2025-10-03 07:00:00,25.3,93,7.7,118,0.0,245.0,23.03,72.58
2025-10-03 08:00:00,26.4,87,8.6,143,0.0,425.0,23.03,72.58
2025-10-03 09:00:00,27.9,79,7.7,152,0.0,635.0,23.03,72.58
2025-10-03 10:00:00,29.3,71,7.6,158,0.0,775.0,23.03,72.58
2025-10-03 11:00:00,30.7,65,5.9,149,0.1,850.0,23.03,72.58
2025-10-03 12:00:00,31.6,60,5.6,158,0.0,920.0,23.03,72.58
2025-10-03 13:00:00,32.1,58,6.6,167,0.2,925.0,23.03,72.58
2025-10-03 14:00:00,32.3,58,6.5,167,0.0,960.0,23.03,72.58
2025-10-03 15:00:00,32.3,57,6.4,170,0.0,950.0,23.03,72.58
2025-10-03 16:00:00,31.5,58,9.6,200,0.0,880.0,23.03,72.58
2025-10-03 17:00:00,30.0,69,8.4,191,0.0,710.0,23.03,72.58
2025-10-03 18:00:00,29.2,73,6.3,177,0.0,375.0,23.03,72.58
2025-10-03 19:00:00,28.5,76,5.9,198,0.0,245.0,23.03,72.58
2025-10-03 20:00:00,28.0,78,5.2,186,0.0,190.0,23.03,72.58
2025-10-03 21:00:00,27.6,80,6.4,170,0.0,140.0,23.03,72.58
2025-10-03 22:00:00,26.9,83,7.8,188,0.0,140.0,23.03,72.58
2025-10-03 23:00:00,26.9,84,5.5,189,0.0,165.0,23.03,72.58
2025-10-04 00:00:00,26.9,86,5.6,202,0.0,185.0,23.03,72.58
2025-10-04 01:00:00,26.6,88,6.2,195,0.0,205.0,23.03,72.58
2025-10-04 02:00:00,26.3,90,5.9,200,0.0,205.0,23.03,72.58
2025-10-04 03:00:00,26.0,90,5.6,213,0.0,255.0,23.03,72.58
2025-10-04 04:00:00,25.7,91,5.4,195,0.0,235.0,23.03,72.58
2025-10-04 05:00:00,25.3,92,4.2,252,0.0,205.0,23.03,72.58
2025-10-04 06:00:00,25.5,91,1.7,229,0.0,165.0,23.03,72.58
2025-10-04 07:00:00,25.7,89,2.3,203,0.0,180.0,23.03,72.58
2025-10-04 08:00:00,26.9,82,2.9,210,0.0,320.0,23.03,72.58
2025-10-04 09:00:00,28.6,69,4.6,222,0.0,490.0,23.03,72.58
2025-10-04 10:00:00,30.1,59,5.7,224,0.0,700.0,23.03,72.58
2025-10-04 11:00:00,31.1,53,6.5,224,0.0,880.0,23.03,72.58
2025-10-04 12:00:00,32.2,49,7.3,228,0.0,1025.0,23.03,72.58
2025-10-04 13:00:00,32.5,50,8.0,230,0.0,1110.0,23.03,72.58
2025-10-04 14:00:00,32.9,49,7.8,230,0.0,1175.0,23.03,72.58
2025-10-04 15:00:00,32.8,49,7.9,240,0.1,1240.0,23.03,72.58
2025-10-04 16:00:00,32.5,50,6.7,250,0.0,1170.0,23.03,72.58
2025-10-04 17:00:00,31.8,51,8.7,249,0.0,655.0,23.03,72.58
2025-10-04 18:00:00,31.0,54,6.7,226,0.0,160.0,23.03,72.58
2025-10-04 19:00:00,30.5,59,5.5,189,0.0,140.0,23.03,72.58
2025-10-04 20:00:00,29.6,65,8.1,181,0.0,145.0,23.03,72.58
2025-10-04 21:00:00,28.5,72,8.1,185,0.0,150.0,23.03,72.58
2025-10-04 22:00:00,27.9,75,7.3,191,0.0,170.0,23.03,72.58
2025-10-04 23:00:00,27.4,79,7.4,198,0.0,215.0,23.03,72.58
2025-10-05 00:00:00,27.0,80,8.6,202,0.0,250.0,23.03,72.58
2025-10-05 01:00:00,26.6,80,8.7,210,0.0,275.0,23.03,72.58
2025-10-05 02:00:00,26.2,81,7.5,222,0.0,290.0,23.03,72.58
2025-10-05 03:00:00,25.8,83,7.6,234,0.0,295.0,23.03,72.58
2025-10-05 04:00:00,25.6,84,7.6,242,0.0,285.0,23.03,72.58
2025-10-05 05:00:00,26.0,86,6.8,228,0.0,260.0,23.03,72.58
2025-10-05 06:00:00,26.1,85,6.4,230,0.0,240.0,23.03,72.58
2025-10-05 07:00:00,26.4,84,5.5,221,0.0,300.0,23.03,72.58
2025-10-05 08:00:00,27.5,79,6.2,237,0.0,435.0,23.03,72.58
2025-10-05 09:00:00,28.8,71,6.3,252,0.0,620.0,23.03,72.58
2025-10-05 10:00:00,30.3,62,5.9,239,0.1,855.0,23.03,72.58
2025-10-05 11:00:00,30.9,56,7.5,224,0.2,1175.0,23.03,72.58
2025-10-05 12:00:00,31.8,54,7.8,217,0.1,1105.0,23.03,72.58
2025-10-05 13:00:00,32.1,52,8.6,217,0.1,1125.0,23.03,72.58
2025-10-05 14:00:00,32.5,51,9.0,218,0.1,1135.0,23.03,72.58
2025-10-05 15:00:00,32.1,52,9.1,221,0.0,1185.0,23.03,72.58
2025-10-05 16:00:00,32.2,51,9.8,220,0.0,1210.0,23.03,72.58
2025-10-05 17:00:00,31.3,54,10.7,215,0.0,840.0,23.03,72.58
2025-10-05 18:00:00,30.3,60,9.1,195,0.0,315.0,23.03,72.58
2025-10-05 19:00:00,28.8,70,9.4,180,0.0,325.0,23.03,72.58
2025-10-05 20:00:00,28.2,73,9.0,179,0.0,335.0,23.03,72.58
2025-10-05 21:00:00,27.9,75,8.4,191,0.0,325.0,23.03,72.58
2025-10-05 22:00:00,27.4,77,9.2,200,0.0,320.0,23.03,72.58
2025-10-05 23:00:00,26.5,78,9.2,227,0.2,345.0,23.03,72.58
2025-10-06 00:00:00,26.1,81,7.1,249,0.0,415.0,23.03,72.58
2025-10-06 01:00:00,25.9,81,6.1,227,0.0,430.0,23.03,72.58
2025-10-06 02:00:00,25.7,83,6.1,214,0.0,410.0,23.03,72.58
2025-10-06 03:00:00,25.4,85,7.0,215,0.0,280.0,23.03,72.58
2025-10-06 04:00:00,25.3,86,9.5,213,0.0,275.0,23.03,72.58
2025-10-06 05:00:00,24.7,95,8.0,198,0.0,300.0,23.03,72.58
2025-10-06 06:00:00,24.9,94,8.3,214,0.0,285.0,23.03,72.58
2025-10-06 07:00:00,25.2,92,8.4,225,0.0,350.0,23.03,72.58
2025-10-06 08:00:00,26.2,86,10.0,232,0.0,470.0,23.03,72.58
2025-10-06 09:00:00,27.6,77,9.2,235,0.1,660.0,23.03,72.58
2025-10-06 10:00:00,28.7,70,9.6,233,0.1,905.0,23.03,72.58
2025-10-06 11:00:00,29.8,61,10.0,234,0.1,1030.0,23.03,72.58
2025-10-06 12:00:00,30.4,57,11.6,227,0.0,1090.0,23.03,72.58
2025-10-06 13:00:00,30.8,54,12.5,230,0.1,1190.0,23.03,72.58
2025-10-06 14:00:00,31.3,52,12.9,230,0.3,1250.0,23.03,72.58
2025-10-06 15:00:00,31.4,51,13.4,235,0.4,1215.0,23.03,72.58
2025-10-06 16:00:00,31.1,52,11.8,237,0.2,1220.0,23.03,72.58
2025-10-06 17:00:00,30.3,58,10.5,229,0.1,810.0,23.03,72.58
2025-10-06 18:00:00,28.8,67,9.1,198,0.0,320.0,23.03,72.58
2025-10-06 19:00:00,26.8,77,12.1,247,0.3,385.0,23.03,72.58
2025-10-06 20:00:00,26.4,81,6.6,213,0.3,335.0,23.03,72.58
2025-10-06 21:00:00,25.8,83,8.6,202,0.0,255.0,23.03,72.58
2025-10-06 22:00:00,25.5,84,7.8,202,0.0,225.0,23.03,72.58
2025-10-06 23:00:00,25.7,88,6.7,204,0.0,220.0,23.03,72.58
2025-10-07 00:00:00,25.7,87,7.4,219,0.1,230.0,23.03,72.58
2025-10-07 01:00:00,25.4,89,3.8,289,0.1,240.0,23.03,72.58
2025-10-07 02:00:00,24.7,91,5.2,229,0.4,265.0,23.03,72.58
2025-10-07 03:00:00,24.9,90,6.4,259,0.1,320.0,23.03,72.58
2025-10-07 04:00:00,24.8,91,6.2,287,0.0,285.0,23.03,72.58
2025-10-07 05:00:00,24.5,93,6.4,260,0.0,265.0,23.03,72.58
2025-10-07 06:00:00,24.1,94,6.5,267,0.0,230.0,23.03,72.58
2025-10-07 07:00:00,24.3,93,5.7,259,0.0,290.0,23.03,72.58
2025-10-07 08:00:00,25.3,87,8.9,288,0.0,520.0,23.03,72.58
2025-10-07 09:00:00,26.8,77,8.0,298,0.1,670.0,23.03,72.58
2025-10-07 10:00:00,28.1,69,6.0,297,0.0,805.0,23.03,72.58
2025-10-07 11:00:00,29.7,59,6.7,297,0.0,915.0,23.03,72.58
2025-10-07 12:00:00,30.8,51,6.7,289,0.0,1085.0,23.03,72.58
2025-10-07 13:00:00,31.6,45,6.7,286,0.0,1245.0,23.03,72.58
2025-10-07 14:00:00,32.0,42,6.7,286,0.0,1370.0,23.03,72.58
2025-10-07 15:00:00,32.1,42,6.8,288,0.0,1435.0,23.03,72.58
2025-10-07 16:00:00,31.8,42,6.0,295,0.0,1420.0,23.03,72.58
2025-10-07 17:00:00,31.4,43,5.1,309,0.0,90.0,23.03,72.58
2025-10-07 18:00:00,30.7,45,2.1,31,0.0,35.0,23.03,72.58
2025-10-07 19:00:00,29.7,51,3.1,144,0.0,55.0,23.03,72.58
2025-10-07 20:00:00,28.7,58,2.9,187,0.0,90.0,23.03,72.58
2025-10-07 21:00:00,27.9,62,7.4,181,0.0,145.0,23.03,72.58
2025-10-07 22:00:00,26.7,67,8.8,184,0.0,190.0,23.03,72.58
2025-10-07 23:00:00,26.5,66,7.6,187,0.0,190.0,23.03,72.58
2025-10-08 00:00:00,26.1,72,6.7,216,0.0,175.0,23.03,72.58
2025-10-08 01:00:00,25.5,77,6.3,215,0.0,145.0,23.03,72.58
2025-10-08 02:00:00,24.9,82,7.2,208,0.0,120.0,23.03,72.58
2025-10-08 03:00:00,24.6,85,6.1,240,0.0,130.0,23.03,72.58
2025-10-08 04:00:00,24.3,84,6.0,261,0.0,135.0,23.03,72.58
2025-10-08 05:00:00,25.2,74,5.6,299,0.0,140.0,23.03,72.58
2025-10-08 06:00:00,25.6,73,4.3,275,0.0,135.0,23.03,72.58
2025-10-08 07:00:00,25.8,73,2.5,274,0.0,150.0,23.03,72.58
2025-10-08 08:00:00,27.1,71,2.7,293,0.0,225.0,23.03,72.58
2025-10-08 09:00:00,28.9,64,2.7,323,0.0,360.0,23.03,72.58
2025-10-08 10:00:00,30.5,51,2.4,347,0.0,595.0,23.03,72.58
2025-10-08 11:00:00,31.6,43,2.0,350,0.0,1035.0,23.03,72.58
2025-10-08 12:00:00,32.5,38,2.6,344,0.0,1310.0,23.03,72.58
2025-10-08 13:00:00,33.1,35,3.9,338,0.0,1570.0,23.03,72.58
2025-10-08 14:00:00,33.3,33,5.7,328,0.0,1695.0,23.03,72.58
2025-10-08 15:00:00,33.3,32,6.5,330,0.0,1765.0,23.03,72.58
2025-10-08 16:00:00,33.0,32,6.7,333,0.0,1735.0,23.03,72.58
2025-10-08 17:00:00,32.3,30,3.9,202,0.0,540.0,23.03,72.58
2025-10-08 18:00:00,31.0,36,5.5,161,0.0,250.0,23.03,72.58
2025-10-08 19:00:00,30.3,38,5.8,154,0.0,135.0,23.03,72.58
2025-10-08 20:00:00,30.1,38,4.2,216,0.0,85.0,23.03,72.58
2025-10-08 21:00:00,29.5,39,7.5,253,0.0,190.0,23.03,72.58
2025-10-08 22:00:00,28.4,42,6.8,252,0.0,160.0,23.03,72.58
2025-10-08 23:00:00,27.9,48,7.9,309,0.0,190.0,23.03,72.58
2025-10-09 00:00:00,27.2,48,5.0,314,0.0,170.0,23.03,72.58
2025-10-09 01:00:00,26.6,49,3.2,304,0.0,110.0,23.03,72.58
2025-10-09 02:00:00,26.4,50,4.0,333,0.0,80.0,23.03,72.58
2025-10-09 03:00:00,25.8,51,6.7,5,0.0,120.0,23.03,72.58
2025-10-09 04:00:00,25.3,53,5.8,9,0.0,75.0,23.03,72.58
2025-10-09 05:00:00,25.0,61,7.8,5,0.0,110.0,23.03,72.58
2025-10-09 06:00:00,24.9,66,7.9,35,0.0,120.0,23.03,72.58
2025-10-09 07:00:00,24.7,69,8.4,59,0.0,150.0,23.03,72.58
2025-10-09 08:00:00,26.0,64,5.5,79,0.0,180.0,23.03,72.58
2025-10-09 09:00:00,28.5,53,4.1,90,0.0,265.0,23.03,72.58
2025-10-09 10:00:00,31.1,43,4.9,100,0.0,1725.0,23.03,72.58
2025-10-09 11:00:00,32.5,33,4.8,115,0.0,2435.0,23.03,72.58
2025-10-09 12:00:00,33.1,30,5.1,126,0.0,2785.0,23.03,72.58
2025-10-09 13:00:00,33.7,27,4.9,118,0.0,2950.0,23.03,72.58
2025-10-09 14:00:00,33.6,27,4.7,113,0.0,2845.0,23.03,72.58
2025-10-09 15:00:00,33.4,28,3.1,121,0.0,2745.0,23.03,72.58
2025-10-09 16:00:00,32.8,28,0.9,143,0.0,2675.0,23.03,72.58
2025-10-09 17:00:00,32.5,26,4.1,221,0.0,2585.0,23.03,72.58
2025-10-09 18:00:00,31.6,30,6.9,242,0.0,525.0,23.03,72.58
2025-10-09 19:00:00,31.1,31,8.6,240,0.0,400.0,23.03,72.58
2025-10-09 20:00:00,31.1,31,6.4,260,0.0,275.0,23.03,72.58
2025-10-09 21:00:00,30.4,33,0.7,194,0.0,35.0,23.03,72.58
2025-10-09 22:00:00,28.9,36,1.4,180,0.0,25.0,23.03,72.58
2025-10-09 23:00:00,28.0,43,0.4,63,0.0,35.0,23.03,72.58
2025-10-10 00:00:00,27.8,45,4.0,339,0.0,70.0,23.03,72.58
2025-10-10 01:00:00,27.2,49,6.7,2,0.0,80.0,23.03,72.58
2025-10-10 02:00:00,26.6,53,4.2,31,0.0,55.0,23.03,72.58
2025-10-10 03:00:00,26.0,56,3.8,360,0.0,50.0,23.03,72.58
2025-10-10 04:00:00,25.5,59,5.4,358,0.0,65.0,23.03,72.58
2025-10-10 05:00:00,24.2,72,7.1,60,0.0,105.0,23.03,72.58
2025-10-10 06:00:00,24.4,66,7.2,77,0.0,120.0,23.03,72.58
2025-10-10 07:00:00,24.7,60,6.1,93,0.0,135.0,23.03,72.58
2025-10-10 08:00:00,26.1,50,4.7,92,0.0,200.0,23.03,72.58
2025-10-10 09:00:00,28.4,43,5.4,88,0.0,305.0,23.03,72.58
2025-10-10 10:00:00,30.5,35,6.0,99,0.0,715.0,23.03,72.58
2025-10-10 11:00:00,32.4,27,6.6,103,0.0,2560.0,23.03,72.58
2025-10-10 12:00:00,33.1,25,6.7,90,0.0,2810.0,23.03,72.58
2025-10-10 13:00:00,33.8,23,7.6,82,0.0,2835.0,23.03,72.58
2025-10-10 14:00:00,34.0,23,10.0,72,0.0,2830.0,23.03,72.58
2025-10-10 15:00:00,33.7,23,9.4,52,0.0,2830.0,23.03,72.58
2025-10-10 16:00:00,33.1,24,9.8,47,0.0,2625.0,23.03,72.58
2025-10-10 17:00:00,32.2,22,7.3,36,0.0,1490.0,23.03,72.58
2025-10-10 18:00:00,31.4,24,2.9,4,0.0,90.0,23.03,72.58
2025-10-10 19:00:00,30.6,27,5.2,245,0.0,115.0,23.03,72.58
2025-10-10 20:00:00,29.7,32,5.6,237,0.0,110.0,23.03,72.58
2025-10-10 21:00:00,29.4,33,3.3,225,0.0,50.0,23.03,72.58
2025-10-10 22:00:00,27.9,37,4.2,137,0.0,40.0,23.03,72.58
2025-10-10 23:00:00,26.7,47,6.0,95,0.0,55.0,23.03,72.58
2025-10-11 00:00:00,26.6,50,2.3,32,0.0,35.0,23.03,72.58
2025-10-11 01:00:00,25.8,53,4.0,27,0.0,35.0,23.03,72.58
2025-10-11 02:00:00,25.2,55,4.7,7,0.0,40.0,23.03,72.58
2025-10-11 03:00:00,24.9,56,3.8,352,0.0,35.0,23.03,72.58
2025-10-11 04:00:00,24.3,58,4.7,337,0.0,35.0,23.03,72.58
2025-10-11 05:00:00,23.9,62,5.8,30,0.0,55.0,23.03,72.58
2025-10-11 06:00:00,23.0,64,7.1,63,0.0,105.0,23.03,72.58
2025-10-11 07:00:00,22.9,63,5.7,58,0.0,110.0,23.03,72.58
2025-10-11 08:00:00,24.5,55,4.0,63,0.0,150.0,23.03,72.58
2025-10-11 09:00:00,27.3,45,4.2,70,0.0,230.0,23.03,72.58
2025-10-11 10:00:00,30.4,33,5.7,79,0.0,785.0,23.03,72.58
2025-10-11 11:00:00,32.2,23,8.6,80,0.0,2640.0,23.03,72.58
2025-10-11 12:00:00,33.0,22,7.8,77,0.0,2710.0,23.03,72.58
2025-10-11 13:00:00,33.3,21,8.0,63,0.0,2725.0,23.03,72.58
2025-10-11 14:00:00,33.3,21,9.1,54,0.0,2740.0,23.03,72.58
2025-10-11 15:00:00,33.1,21,9.5,46,0.0,2665.0,23.03,72.58
2025-10-11 16:00:00,32.7,21,9.6,40,0.0,2400.0,23.03,72.58
2025-10-11 17:00:00,32.2,23,10.1,40,0.0,2060.0,23.03,72.58
2025-10-11 18:00:00,31.7,24,7.6,25,0.0,1735.0,23.03,72.58
2025-10-11 19:00:00,31.5,24,5.1,352,0.0,1055.0,23.03,72.58
2025-10-11 20:00:00,30.8,26,4.7,4,0.0,85.0,23.03,72.58
2025-10-11 21:00:00,28.8,31,5.9,125,0.0,60.0,23.03,72.58
2025-10-11 22:00:00,27.6,36,3.0,147,0.0,45.0,23.03,72.58
2025-10-11 23:00:00,27.2,38,5.0,325,0.0,55.0,23.03,72.58
2025-10-12 00:00:00,26.8,38,7.4,342,0.0,80.0,23.03,72.58
2025-10-12 01:00:00,26.4,40,7.8,353,0.0,90.0,23.03,72.58
2025-10-12 02:00:00,25.7,44,7.9,360,0.0,90.0,23.03,72.58
2025-10-12 03:00:00,25.0,47,7.7,11,0.0,75.0,23.03,72.58
2025-10-12 04:00:00,24.3,49,7.6,28,0.0,80.0,23.03,72.58
2025-10-12 05:00:00,23.6,56,8.0,34,0.0,75.0,23.03,72.58
2025-10-12 06:00:00,23.7,54,7.8,48,0.0,80.0,23.03,72.58
2025-10-12 07:00:00,23.2,58,7.2,72,0.0,115.0,23.03,72.58
2025-10-12 08:00:00,25.1,51,4.1,75,0.0,130.0,23.03,72.58
2025-10-12 09:00:00,28.4,41,4.6,77,0.0,235.0,23.03,72.58
2025-10-12 10:00:00,31.1,32,6.3,87,0.0,1085.0,23.03,72.58
2025-10-12 11:00:00,32.8,24,8.5,77,0.0,2405.0,23.03,72.58
2025-10-12 12:00:00,33.5,22,8.5,66,0.0,2475.0,23.03,72.58
2025-10-12 13:00:00,33.8,21,8.9,58,0.0,2515.0,23.03,72.58
2025-10-12 14:00:00,33.9,22,9.0,52,0.0,2495.0,23.03,72.58
2025-10-12 15:00:00,33.7,22,9.2,50,0.0,2490.0,23.03,72.58
2025-10-12 16:00:00,33.3,23,9.4,47,0.0,2455.0,23.03,72.58
2025-10-12 17:00:00,32.9,24,10.2,34,0.0,2300.0,23.03,72.58
2025-10-12 18:00:00,32.5,26,6.4,38,0.0,2205.0,23.03,72.58
2025-10-12 19:00:00,32.7,26,2.1,52,0.0,2285.0,23.03,72.58
2025-10-12 20:00:00,32.1,27,3.4,354,0.0,85.0,23.03,72.58
2025-10-12 21:00:00,29.6,32,3.0,73,0.0,60.0,23.03,72.58
2025-10-12 22:00:00,28.8,34,3.5,141,0.0,65.0,23.03,72.58
2025-10-12 23:00:00,28.3,39,1.9,17,0.0,65.0,23.03,72.58
2025-10-13 00:00:00,27.5,43,3.5,305,0.0,55.0,23.03,72.58
2025-10-13 01:00:00,26.4,47,5.1,309,0.0,60.0,23.03,72.58
2025-10-13 02:00:00,25.5,52,6.3,340,0.0,60.0,23.03,72.58
2025-10-13 03:00:00,25.7,51,5.4,356,0.0,55.0,23.03,72.58
2025-10-13 04:00:00,24.2,56,7.4,97,0.0,70.0,23.03,72.58
2025-10-13 05:00:00,23.5,64,5.4,90,0.0,60.0,23.03,72.58
2025-10-13 06:00:00,23.6,63,5.6,92,0.0,65.0,23.03,72.58
2025-10-13 07:00:00,23.5,62,5.6,83,0.0,90.0,23.03,72.58
2025-10-13 08:00:00,25.8,52,2.3,119,0.0,115.0,23.03,72.58
2025-10-13 09:00:00,28.2,44,4.6,349,0.0,295.0,23.03,72.58
2025-10-13 10:00:00,30.4,36,3.2,27,0.0,540.0,23.03,72.58
2025-10-13 11:00:00,32.8,27,4.8,45,0.0,2585.0,23.03,72.58
2025-10-13 12:00:00,33.9,22,7.0,42,0.0,2655.0,23.03,72.58
2025-10-13 13:00:00,34.2,22,9.4,40,0.0,2760.0,23.03,72.58
2025-10-13 14:00:00,34.1,23,10.4,42,0.0,2745.0,23.03,72.58
2025-10-13 15:00:00,33.8,24,9.5,37,0.0,2585.0,23.03,72.58
2025-10-13 16:00:00,33.4,25,9.5,29,0.0,2495.0,23.03,72.58
2025-10-13 17:00:00,33.1,24,9.2,23,0.0,2295.0,23.03,72.58
2025-10-13 18:00:00,32.6,25,7.1,6,0.0,2165.0,23.03,72.58
2025-10-13 19:00:00,32.5,25,4.9,332,0.0,2225.0,23.03,72.58
2025-10-13 20:00:00,32.0,26,4.8,63,0.0,105.0,23.03,72.58
2025-10-13 21:00:00,30.3,30,7.0,64,0.0,110.0,23.03,72.58
2025-10-13 22:00:00,28.8,34,5.1,18,0.0,60.0,23.03,72.58
2025-10-13 23:00:00,27.9,39,4.6,45,0.0,45.0,23.03,72.58
2025-10-14 00:00:00,27.8,39,2.9,30,0.0,35.0,23.03,72.58
2025-10-14 01:00:00,27.2,40,4.1,337,0.0,35.0,23.03,72.58
2025-10-14 02:00:00,26.8,41,6.2,7,0.0,45.0,23.03,72.58
2025-10-14 03:00:00,25.1,46,8.0,27,0.0,75.0,23.03,72.58
2025-10-14 04:00:00,24.1,49,7.7,30,0.0,85.0,23.03,72.58
2025-10-14 05:00:00,24.1,54,7.2,32,0.0,85.0,23.03,72.58
2025-10-14 06:00:00,23.6,56,7.9,73,0.0,110.0,23.03,72.58
2025-10-14 07:00:00,23.7,56,7.5,66,0.0,120.0,23.03,72.58
2025-10-14 08:00:00,25.6,49,5.1,72,0.0,170.0,23.03,72.58
2025-10-14 09:00:00,28.4,41,6.2,73,0.0,285.0,23.03,72.58
2025-10-14 10:00:00,31.1,35,6.9,85,0.0,735.0,23.03,72.58
2025-10-14 11:00:00,33.3,23,11.0,79,0.0,2565.0,23.03,72.58
2025-10-14 12:00:00,33.8,22,8.8,64,0.0,2565.0,23.03,72.58
2025-10-14 13:00:00,34.1,21,8.5,62,0.0,2610.0,23.03,72.58
2025-10-14 14:00:00,34.1,22,8.9,58,0.0,2725.0,23.03,72.58
2025-10-14 15:00:00,33.9,23,9.7,47,0.0,2605.0,23.03,72.58
2025-10-14 16:00:00,33.6,24,11.1,40,0.0,2580.0,23.03,72.58
2025-10-14 17:00:00,33.0,25,10.0,49,0.0,2240.0,23.03,72.58
2025-10-14 18:00:00,32.4,26,7.2,51,0.0,1700.0,23.03,72.58
2025-10-14 19:00:00,31.6,28,4.2,54,0.0,220.0,23.03,72.58
2025-10-14 20:00:00,30.8,31,3.0,327,0.0,110.0,23.03,72.58
2025-10-14 21:00:00,30.2,34,3.9,292,0.0,105.0,23.03,72.58
2025-10-14 22:00:00,29.5,36,1.3,172,0.0,60.0,23.03,72.58
2025-10-14 23:00:00,28.4,39,4.1,105,0.0,90.0,23.03,72.58
2025-10-15 00:00:00,28.0,41,1.5,324,0.0,20.0,23.03,72.58
2025-10-15 01:00:00,27.2,44,4.3,355,0.0,55.0,23.03,72.58
2025-10-15 02:00:00,25.7,49,6.6,41,0.0,75.0,23.03,72.58
2025-10-15 03:00:00,24.6,50,7.2,27,0.0,85.0,23.03,72.58
2025-10-15 04:00:00,24.2,49,6.6,33,0.0,80.0,23.03,72.58
2025-10-15 05:00:00,23.6,53,8.4,37,0.0,75.0,23.03,72.58
2025-10-15 06:00:00,23.4,54,9.2,51,0.0,100.0,23.03,72.58
2025-10-15 07:00:00,23.7,53,9.6,49,0.0,115.0,23.03,72.58
2025-10-15 08:00:00,25.8,46,6.8,55,0.0,165.0,23.03,72.58
2025-10-15 09:00:00,28.6,39,7.3,57,0.0,300.0,23.03,72.58
2025-10-15 10:00:00,31.3,33,8.4,70,0.0,620.0,23.03,72.58
2025-10-15 11:00:00,33.3,26,8.4,80,0.0,2110.0,23.03,72.58
2025-10-15 12:00:00,34.1,24,6.3,90,0.0,2235.0,23.03,72.58
2025-10-15 13:00:00,34.6,23,6.0,99,0.0,2360.0,23.03,72.58
2025-10-15 14:00:00,34.8,23,6.3,103,0.0,2445.0,23.03,72.58
2025-10-15 15:00:00,34.7,24,6.6,101,0.0,2510.0,23.03,72.58
2025-10-15 16:00:00,34.2,25,5.8,106,0.0,2370.0,23.03,72.58
2025-10-15 17:00:00,33.4,25,5.5,136,0.0,2165.0,23.03,72.58
2025-10-15 18:00:00,32.4,27,5.5,197,0.0,275.0,23.03,72.58
2025-10-15 19:00:00,31.5,28,6.6,233,0.0,180.0,23.03,72.58
2025-10-15 20:00:00,30.9,30,5.7,257,0.0,130.0,23.03,72.58
2025-10-15 21:00:00,30.2,34,5.9,284,0.0,70.0,23.03,72.58
2025-10-15 22:00:00,29.6,36,6.2,282,0.0,60.0,23.03,72.58
2025-10-15 23:00:00,28.2,41,3.4,6,0.0,45.0,23.03,72.58
2025-10-16 00:00:00,27.2,44,6.8,11,0.0,65.0,23.03,72.58
2025-10-16 01:00:00,27.0,43,6.7,354,0.0,60.0,23.03,72.58
2025-10-16 02:00:00,26.0,45,7.4,7,0.0,70.0,23.03,72.58
2025-10-16 03:00:00,24.8,50,8.5,28,0.0,90.0,23.03,72.58
2025-10-16 04:00:00,24.4,51,8.6,29,0.0,95.0,23.03,72.58
2025-10-16 05:00:00,24.4,55,8.5,35,0.0,115.0,23.03,72.58
2025-10-16 06:00:00,24.3,56,8.6,31,0.0,115.0,23.03,72.58
2025-10-16 07:00:00,24.4,56,8.3,49,0.0,145.0,23.03,72.58
2025-10-16 08:00:00,26.2,50,6.4,52,0.0,200.0,23.03,72.58
2025-10-16 09:00:00,28.7,44,7.0,58,0.0,295.0,23.03,72.58
2025-10-16 10:00:00,31.1,39,6.7,66,0.0,465.0,23.03,72.58
2025-10-16 11:00:00,33.2,32,5.8,60,0.0,1125.0,23.03,72.58
2025-10-16 12:00:00,34.6,27,4.8,48,0.0,1655.0,23.03,72.58
2025-10-16 13:00:00,35.4,25,4.0,36,0.0,1980.0,23.03,72.58
2025-10-16 14:00:00,35.8,25,3.6,37,0.0,2150.0,23.03,72.58
2025-10-16 15:00:00,35.8,25,3.9,24,0.0,2180.0,23.03,72.58
2025-10-16 16:00:00,35.3,26,4.6,9,0.0,2140.0,23.03,72.58
2025-10-16 17:00:00,34.6,26,0.5,225,0.0,2180.0,23.03,72.58
2025-10-16 18:00:00,33.4,29,2.4,297,0.0,205.0,23.03,72.58
2025-10-16 19:00:00,32.9,30,3.0,335,0.0,260.0,23.03,72.58
2025-10-16 20:00:00,32.4,31,2.6,309,0.0,140.0,23.03,72.58
2025-10-16 21:00:00,31.7,34,4.1,331,0.0,100.0,23.03,72.58
2025-10-16 22:00:00,31.0,36,4.0,324,0.0,65.0,23.03,72.58
2025-10-16 23:00:00,29.9,41,5.0,341,0.0,60.0,23.03,72.58
2025-10-17 00:00:00,29.2,42,6.0,351,0.0,65.0,23.03,72.58
2025-10-17 01:00:00,28.7,43,6.5,354,0.0,80.0,23.03,72.58
2025-10-17 02:00:00,27.9,44,7.0,4,0.0,95.0,23.03,72.58
2025-10-17 03:00:00,26.9,47,6.4,22,0.0,95.0,23.03,72.58
2025-10-17 04:00:00,25.8,51,5.1,73,0.0,85.0,23.03,72.58
2025-10-17 05:00:00,25.5,55,7.3,28,0.0,100.0,23.03,72.58
2025-10-17 06:00:00,25.5,54,7.8,38,0.0,110.0,23.03,72.58
2025-10-17 07:00:00,25.4,54,8.0,52,0.0,140.0,23.03,72.58
2025-10-17 08:00:00,26.8,49,5.6,50,0.0,165.0,23.03,72.58
2025-10-17 09:00:00,29.8,42,4.8,63,0.0,260.0,23.03,72.58
2025-10-17 10:00:00,32.5,35,6.0,80,0.0,820.0,23.03,72.58
2025-10-17 11:00:00,34.1,29,5.8,56,0.0,1470.0,23.03,72.58
2025-10-17 12:00:00,35.2,26,3.6,60,0.0,1815.0,23.03,72.58
2025-10-17 13:00:00,36.0,23,2.3,51,0.0,2215.0,23.03,72.58
2025-10-17 14:00:00,36.5,21,1.5,346,0.0,2505.0,23.03,72.58
2025-10-17 15:00:00,36.6,20,5.0,300,0.0,2585.0,23.03,72.58
2025-10-17 16:00:00,35.7,19,9.8,301,0.0,2445.0,23.03,72.58
2025-10-17 17:00:00,34.5,21,8.8,301,0.0,930.0,23.03,72.58
2025-10-17 18:00:00,33.1,27,8.9,313,0.0,600.0,23.03,72.58
2025-10-17 19:00:00,31.9,32,9.0,313,0.0,450.0,23.03,72.58
2025-10-17 20:00:00,31.4,32,8.0,320,0.0,295.0,23.03,72.58
2025-10-17 21:00:00,30.9,31,6.5,312,0.0,130.0,23.03,72.58
2025-10-17 22:00:00,30.4,33,5.3,305,0.0,80.0,23.03,72.58
2025-10-17 23:00:00,29.6,36,4.0,333,0.0,60.0,23.03,72.58
2025-10-18 00:00:00,28.7,39,6.8,325,0.0,75.0,23.03,72.58
2025-10-18 01:00:00,28.1,40,6.3,329,0.0,70.0,23.03,72.58
2025-10-18 02:00:00,26.3,46,6.3,15,0.0,75.0,23.03,72.58
2025-10-18 03:00:00,25.4,50,4.6,11,0.0,60.0,23.03,72.58
2025-10-18 04:00:00,25.1,52,4.6,54,0.0,40.0,23.03,72.58
2025-10-18 05:00:00,24.7,61,10.0,56,0.0,120.0,23.03,72.58
2025-10-18 06:00:00,24.6,61,10.1,63,0.0,155.0,23.03,72.58
2025-10-18 07:00:00,24.9,59,9.1,58,0.0,175.0,23.03,72.58
2025-10-18 08:00:00,26.6,53,7.3,59,0.0,235.0,23.03,72.58
2025-10-18 09:00:00,28.7,48,7.4,64,0.0,340.0,23.03,72.58
2025-10-18 10:00:00,31.0,45,7.3,73,0.0,500.0,23.03,72.58
2025-10-18 11:00:00,33.4,39,7.2,77,0.0,1690.0,23.03,72.58
2025-10-18 12:00:00,35.1,30,7.3,74,0.0,2440.0,23.03,72.58
2025-10-18 13:00:00,35.6,28,7.6,68,0.0,2585.0,23.03,72.58
2025-10-18 14:00:00,36.1,26,6.9,62,0.0,2845.0,23.03,72.58
2025-10-18 15:00:00,36.1,25,8.3,56,0.0,2950.0,23.03,72.58
2025-10-18 16:00:00,35.4,27,9.0,46,0.0,2825.0,23.03,72.58
2025-10-18 17:00:00,34.7,29,3.4,58,0.0,2235.0,23.03,72.58
2025-10-18 18:00:00,33.7,32,1.6,6,0.0,305.0,23.03,72.58
2025-10-18 19:00:00,33.1,33,1.9,304,0.0,260.0,23.03,72.58
2025-10-18 20:00:00,32.8,33,2.6,309,0.0,245.0,23.03,72.58
2025-10-18 21:00:00,31.8,34,4.1,29,0.0,135.0,23.03,72.58
2025-10-18 22:00:00,30.3,38,4.9,360,0.0,95.0,23.03,72.58
2025-10-18 23:00:00,28.5,45,6.3,2,0.0,105.0,23.03,72.58
2025-10-19 00:00:00,27.8,47,6.1,2,0.0,90.0,23.03,72.58
2025-10-19 01:00:00,27.1,49,5.7,18,0.0,85.0,23.03,72.58
2025-10-19 02:00:00,26.1,52,6.1,56,0.0,80.0,23.03,72.58
2025-10-19 03:00:00,25.1,53,6.5,51,0.0,85.0,23.03,72.58
2025-10-19 04:00:00,24.3,52,9.0,59,0.0,100.0,23.03,72.58
2025-10-19 05:00:00,24.2,52,9.1,52,0.0,110.0,23.03,72.58
2025-10-19 06:00:00,24.2,50,10.3,63,0.0,135.0,23.03,72.58
2025-10-19 07:00:00,24.6,49,10.1,59,0.0,155.0,23.03,72.58
2025-10-19 08:00:00,26.2,45,7.4,67,0.0,200.0,23.03,72.58
2025-10-19 09:00:00,28.4,43,7.5,70,0.0,285.0,23.03,72.58
2025-10-19 10:00:00,30.9,42,7.3,70,0.0,410.0,23.03,72.58
2025-10-19 11:00:00,33.1,39,6.1,66,0.0,1860.0,23.03,72.58
2025-10-19 12:00:00,35.0,25,6.1,60,0.0,2425.0,23.03,72.58
2025-10-19 13:00:00,35.6,23,6.2,54,0.0,2570.0,23.03,72.58
2025-10-19 14:00:00,35.7,23,6.3,53,0.0,2710.0,23.03,72.58
2025-10-19 15:00:00,35.6,24,6.0,49,0.0,2770.0,23.03,72.58
2025-10-19 16:00:00,35.3,25,6.1,34,0.0,2715.0,23.03,72.58
2025-10-19 17:00:00,34.4,24,0.2,180,0.0,2690.0,23.03,72.58
2025-10-19 18:00:00,32.9,28,3.4,177,0.0,100.0,23.03,72.58
2025-10-19 19:00:00,32.3,32,4.9,163,0.0,145.0,23.03,72.58
2025-10-19 20:00:00,32.0,33,5.4,184,0.0,145.0,23.03,72.58
2025-10-19 21:00:00,31.4,34,5.3,208,0.0,85.0,23.03,72.58
2025-10-19 22:00:00,30.7,35,3.3,264,0.0,50.0,23.03,72.58
2025-10-19 23:00:00,30.3,37,4.5,270,0.0,50.0,23.03,72.58
2025-10-20 00:00:00,29.7,38,4.9,274,0.0,45.0,23.03,72.58
2025-10-20 01:00:00,28.3,42,3.9,338,0.0,45.0,23.03,72.58
2025-10-20 02:00:00,26.8,47,6.3,39,0.0,65.0,23.03,72.58
2025-10-20 03:00:00,25.8,51,5.4,86,0.0,60.0,23.03,72.58
2025-10-20 04:00:00,25.2,53,5.9,79,0.0,55.0,23.03,72.58
2025-10-20 05:00:00,24.6,59,7.5,44,0.0,80.0,23.03,72.58
2025-10-20 06:00:00,24.8,59,7.5,44,0.0,95.0,23.03,72.58
2025-10-20 07:00:00,25.2,59,7.5,60,0.0,95.0,23.03,72.58
2025-10-20 08:00:00,27.4,54,5.8,60,0.0,130.0,23.03,72.58
2025-10-20 09:00:00,30.0,48,6.9,85,0.0,270.0,23.03,72.58
2025-10-20 10:00:00,32.0,40,8.7,98,0.0,560.0,23.03,72.58
2025-10-20 11:00:00,33.5,33,8.0,85,0.0,1505.0,23.03,72.58
2025-10-20 12:00:00,34.8,27,6.1,76,0.0,2410.0,23.03,72.58
2025-10-20 13:00:00,35.5,25,5.0,77,0.0,2755.0,23.03,72.58
2025-10-20 14:00:00,36.0,24,5.2,90,0.0,2795.0,23.03,72.58
2025-10-20 15:00:00,36.1,23,5.4,98,0.0,2815.0,23.03,72.58
2025-10-20 16:00:00,35.8,22,4.6,103,0.0,3010.0,23.03,72.58
2025-10-20 17:00:00,34.3,26,4.3,85,0.0,2265.0,23.03,72.58
2025-10-20 18:00:00,33.2,28,2.3,122,0.0,285.0,23.03,72.58
2025-10-20 19:00:00,32.9,29,1.9,214,0.0,205.0,23.03,72.58
2025-10-20 20:00:00,32.3,31,1.3,225,0.0,160.0,23.03,72.58
2025-10-20 21:00:00,31.5,33,3.9,22,0.0,120.0,23.03,72.58
2025-10-20 22:00:00,29.9,39,5.1,80,0.0,95.0,23.03,72.58
2025-10-20 23:00:00,29.6,45,2.2,55,0.0,70.0,23.03,72.58
2025-10-21 00:00:00,29.3,47,3.4,16,0.0,70.0,23.03,72.58
2025-10-21 01:00:00,28.4,51,4.5,34,0.0,65.0,23.03,72.58
2025-10-21 02:00:00,27.6,55,6.2,60,0.0,85.0,23.03,72.58
2025-10-21 03:00:00,26.9,58,7.8,56,0.0,110.0,23.03,72.58
2025-10-21 04:00:00,26.5,59,8.3,63,0.0,110.0,23.03,72.58
2025-10-21 05:00:00,27.1,60,8.6,33,0.0,95.0,23.03,72.58
2025-10-21 06:00:00,27.5,57,8.0,28,0.0,95.0,23.03,72.58
2025-10-21 07:00:00,27.1,59,7.5,70,0.0,155.0,23.03,72.58
2025-10-21 08:00:00,27.7,57,6.4,65,0.0,215.0,23.03,72.58
2025-10-21 09:00:00,30.2,49,6.7,54,0.0,340.0,23.03,72.58
2025-10-21 10:00:00,32.5,42,7.2,65,0.0,820.0,23.03,72.58
2025-10-21 11:00:00,34.3,32,7.6,95,0.0,2095.0,23.03,72.58
2025-10-21 12:00:00,35.0,30,8.0,82,0.0,2190.0,23.03,72.58
2025-10-21 13:00:00,35.4,29,9.2,78,0.0,2210.0,23.03,72.58
2025-10-21 14:00:00,35.6,28,9.1,72,0.0,2265.0,23.03,72.58
2025-10-21 15:00:00,35.5,29,8.0,52,0.0,2400.0,23.03,72.58
2025-10-21 16:00:00,35.1,30,9.7,39,0.0,2395.0,23.03,72.58
2025-10-21 17:00:00,34.5,30,11.0,38,0.0,2040.0,23.03,72.58
2025-10-21 18:00:00,33.8,32,8.8,19,0.0,1760.0,23.03,72.58
2025-10-21 19:00:00,32.7,38,8.8,2,0.0,435.0,23.03,72.58
2025-10-21 20:00:00,31.5,43,8.3,360,0.0,280.0,23.03,72.58
2025-10-21 21:00:00,30.8,44,7.0,3,0.0,180.0,23.03,72.58
2025-10-21 22:00:00,30.0,45,7.5,15,0.0,165.0,23.03,72.58
2025-10-21 23:00:00,29.2,50,9.1,34,0.0,150.0,23.03,72.58
2025-10-22 00:00:00,28.5,51,10.9,44,0.0,310.0,23.03,72.58
2025-10-22 01:00:00,28.0,48,11.5,56,0.0,305.0,23.03,72.58
2025-10-22 02:00:00,27.6,47,11.5,73,0.0,350.0,23.03,72.58
2025-10-22 03:00:00,27.2,48,10.9,71,0.0,310.0,23.03,72.58
2025-10-22 04:00:00,26.5,50,9.2,90,0.0,280.0,23.03,72.58
2025-10-22 05:00:00,26.2,54,9.7,61,0.0,225.0,23.03,72.58
2025-10-22 06:00:00,25.9,55,9.7,61,0.0,210.0,23.03,72.58
2025-10-22 07:00:00,26.0,54,9.2,57,0.0,220.0,23.03,72.58
2025-10-22 08:00:00,27.6,49,7.6,54,0.0,275.0,23.03,72.58
2025-10-22 09:00:00,29.7,43,8.5,61,0.0,405.0,23.03,72.58
2025-10-22 10:00:00,31.9,39,9.4,67,0.0,685.0,23.03,72.58
2025-10-22 11:00:00,33.5,37,10.5,66,0.0,1470.0,23.03,72.58
2025-10-22 12:00:00,34.7,33,12.4,62,0.0,2305.0,23.03,72.58
2025-10-22 13:00:00,35.4,30,13.7,50,0.0,2410.0,23.03,72.58
2025-10-22 14:00:00,35.7,28,13.4,46,0.0,2420.0,23.03,72.58
2025-10-22 15:00:00,35.4,27,13.9,39,0.0,2265.0,23.03,72.58
2025-10-22 16:00:00,35.2,26,13.2,44,0.0,2130.0,23.03,72.58
2025-10-22 17:00:00,35.0,25,12.1,40,0.0,2200.0,23.03,72.58
2025-10-22 18:00:00,34.3,27,8.1,28,0.0,1725.0,23.03,72.58
2025-10-22 19:00:00,33.1,33,7.8,9,0.0,400.0,23.03,72.58
2025-10-22 20:00:00,32.0,38,8.0,16,0.0,265.0,23.03,72.58
2025-10-22 21:00:00,31.4,35,8.2,14,0.0,150.0,23.03,72.58
2025-10-22 22:00:00,29.7,37,9.1,32,0.0,205.0,23.03,72.58
2025-10-22 23:00:00,28.7,39,10.2,34,0.0,220.0,23.03,72.58
2025-10-23 00:00:00,28.1,39,11.3,34,0.0,230.0,23.03,72.58
2025-10-23 01:00:00,27.5,40,10.6,44,0.0,220.0,23.03,72.58
2025-10-23 02:00:00,26.8,42,9.0,59,0.0,215.0,23.03,72.58
2025-10-23 03:00:00,26.5,42,9.5,54,0.0,205.0,23.03,72.58
2025-10-23 04:00:00,26.2,43,10.1,63,0.0,210.0,23.03,72.58
2025-10-23 05:00:00,26.1,49,11.4,52,0.0,245.0,23.03,72.58
2025-10-23 06:00:00,26.2,49,11.5,58,0.0,270.0,23.03,72.58
2025-10-23 07:00:00,26.6,47,11.1,60,0.0,295.0,23.03,72.58
2025-10-23 08:00:00,28.1,43,9.2,59,0.0,390.0,23.03,72.58
2025-10-23 09:00:00,30.2,39,11.9,58,0.0,555.0,23.03,72.58
2025-10-23 10:00:00,32.3,36,13.6,58,0.0,860.0,23.03,72.58
2025-10-23 11:00:00,33.8,36,14.4,64,0.0,1450.0,23.03,72.58
2025-10-23 12:00:00,34.7,35,14.7,67,0.0,1745.0,23.03,72.58
2025-10-23 13:00:00,35.3,35,13.5,65,0.0,1965.0,23.03,72.58
2025-10-23 14:00:00,35.4,34,12.5,60,0.0,2085.0,23.03,72.58
2025-10-23 15:00:00,35.5,34,12.3,56,0.0,2255.0,23.03,72.58
2025-10-23 16:00:00,35.1,34,12.9,49,0.0,2160.0,23.03,72.58
2025-10-23 17:00:00,34.8,34,11.4,55,0.0,2090.0,23.03,72.58
2025-10-23 18:00:00,34.0,36,9.0,38,0.0,1785.0,23.03,72.58
2025-10-23 19:00:00,33.3,36,7.7,30,0.0,470.0,23.03,72.58
2025-10-23 20:00:00,32.4,37,7.9,30,0.0,225.0,23.03,72.58
2025-10-23 21:00:00,31.0,40,10.0,26,0.0,230.0,23.03,72.58
2025-10-23 22:00:00,29.9,41,10.7,37,0.0,265.0,23.03,72.58
2025-10-23 23:00:00,29.4,41,13.5,47,0.0,375.0,23.03,72.58
2025-10-24 00:00:00,29.5,37,14.7,53,0.0,485.0,23.03,72.58
2025-10-24 01:00:00,28.8,39,13.5,56,0.0,415.0,23.03,72.58
2025-10-24 02:00:00,28.3,42,13.4,58,0.0,430.0,23.03,72.58
2025-10-24 03:00:00,27.9,44,13.1,60,0.0,435.0,23.03,72.58
2025-10-24 04:00:00,27.5,45,13.1,57,0.0,405.0,23.03,72.58
2025-10-24 05:00:00,27.4,48,13.6,61,0.0,400.0,23.03,72.58
2025-10-24 06:00:00,27.3,48,13.7,63,0.0,375.0,23.03,72.58
2025-10-24 07:00:00,27.4,49,11.5,76,0.0,385.0,23.03,72.58
2025-10-24 08:00:00,28.5,48,11.0,69,0.0,430.0,23.03,72.58
2025-10-24 09:00:00,30.3,45,12.8,70,0.0,525.0,23.03,72.58
2025-10-24 10:00:00,32.0,45,12.7,77,0.0,685.0,23.03,72.58
2025-10-24 11:00:00,33.4,45,11.0,72,0.0,1290.0,23.03,72.58
2025-10-24 12:00:00,34.5,40,11.2,80,0.0,1620.0,23.03,72.58
2025-10-24 13:00:00,34.8,37,9.7,80,0.0,1760.0,23.03,72.58
2025-10-24 14:00:00,35.1,35,8.9,82,0.1,1920.0,23.03,72.58
2025-10-24 15:00:00,34.9,36,9.5,71,0.2,1940.0,23.03,72.58
2025-10-24 16:00:00,34.5,37,10.0,56,0.1,1810.0,23.03,72.58
2025-10-24 17:00:00,34.5,34,9.7,62,0.0,1920.0,23.03,72.58
2025-10-24 18:00:00,33.8,37,6.7,52,0.0,1685.0,23.03,72.58
2025-10-24 19:00:00,33.0,42,8.2,32,0.0,525.0,23.03,72.58
2025-10-24 20:00:00,32.2,42,8.1,35,0.0,330.0,23.03,72.58
2025-10-24 21:00:00,31.4,44,8.4,34,0.0,305.0,23.03,72.58
2025-10-24 22:00:00,30.5,46,9.2,43,0.0,250.0,23.03,72.58
2025-10-24 23:00:00,29.9,45,9.3,44,0.0,230.0,23.03,72.58
2025-10-25 00:00:00,28.9,46,10.3,29,0.0,270.0,23.03,72.58
2025-10-25 01:00:00,28.1,46,11.6,44,0.0,380.0,23.03,72.58
2025-10-25 02:00:00,27.9,43,13.3,54,0.0,425.0,23.03,72.58
2025-10-25 03:00:00,27.8,42,13.8,58,0.0,440.0,23.03,72.58
2025-10-25 04:00:00,27.5,43,13.7,62,0.0,430.0,23.03,72.58
2025-10-25 05:00:00,27.7,48,15.1,62,0.0,460.0,23.03,72.58
2025-10-25 06:00:00,27.4,47,14.1,59,0.0,410.0,23.03,72.58
2025-10-25 07:00:00,27.5,47,11.6,58,0.0,380.0,23.03,72.58
2025-10-25 08:00:00,28.6,47,11.9,63,0.0,450.0,23.03,72.58
2025-10-25 09:00:00,30.3,47,13.3,72,0.0,610.0,23.03,72.58
2025-10-25 10:00:00,32.1,47,13.5,81,0.0,885.0,23.03,72.58
2025-10-25 11:00:00,33.0,46,11.3,70,0.0,1410.0,23.03,72.58
2025-10-25 12:00:00,34.2,43,12.2,76,0.0,1860.0,23.03,72.58
2025-10-25 13:00:00,33.3,44,16.9,101,0.1,1635.0,23.03,72.58
2025-10-25 14:00:00,30.2,58,6.9,51,1.4,525.0,23.03,72.58
2025-10-25 15:00:00,32.4,48,10.0,72,0.0,1165.0,23.03,72.58
2025-10-25 16:00:00,32.7,45,11.7,67,0.0,1450.0,23.03,72.58
2025-10-25 17:00:00,32.8,43,8.3,90,0.0,1195.0,23.03,72.58
2025-10-25 18:00:00,31.9,51,7.7,126,0.0,475.0,23.03,72.58
2025-10-25 19:00:00,31.0,57,6.8,130,0.0,350.0,23.03,72.58
2025-10-25 20:00:00,30.5,59,8.3,120,0.0,375.0,23.03,72.58
2025-10-25 21:00:00,30.0,60,8.1,91,0.0,365.0,23.03,72.58
2025-10-25 22:00:00,29.2,62,9.0,84,0.0,350.0,23.03,72.58
2025-10-25 23:00:00,28.4,68,7.9,70,0.0,285.0,23.03,72.58
2025-10-26 00:00:00,28.2,68,8.0,72,0.0,275.0,23.03,72.58
2025-10-26 01:00:00,27.9,69,8.3,90,0.0,290.0,23.03,72.58
2025-10-26 02:00:00,24.5,82,19.6,77,1.3,370.0,23.03,72.58
2025-10-26 03:00:00,24.4,83,8.6,79,0.3,195.0,23.03,72.58
2025-10-26 04:00:00,24.5,85,9.1,69,0.0,265.0,23.03,72.58
2025-10-26 05:00:00,24.5,86,9.0,64,0.0,310.0,23.03,72.58
2025-10-26 06:00:00,24.4,87,9.1,69,0.0,430.0,23.03,72.58
2025-10-26 07:00:00,24.7,85,8.6,79,0.0,555.0,23.03,72.58
2025-10-26 08:00:00,26.0,77,10.3,85,0.0,680.0,23.03,72.58
2025-10-26 09:00:00,27.6,68,13.5,92,0.0,820.0,23.03,72.58
2025-10-26 10:00:00,28.1,66,14.2,98,0.0,870.0,23.03,72.58
2025-10-26 11:00:00,27.9,68,15.3,107,0.1,795.0,23.03,72.58
2025-10-26 12:00:00,26.9,72,15.3,91,0.1,645.0,23.03,72.58
2025-10-26 13:00:00,27.3,72,14.2,88,0.1,700.0,23.03,72.58
2025-10-26 14:00:00,27.5,73,14.8,91,0.0,735.0,23.03,72.58
2025-10-26 15:00:00,27.2,74,12.6,85,0.1,685.0,23.03,72.58
2025-10-26 16:00:00,27.0,74,11.3,80,0.0,590.0,23.03,72.58
2025-10-26 17:00:00,28.1,69,8.8,86,0.1,670.0,23.03,72.58
2025-10-26 18:00:00,27.7,72,8.7,95,0.0,585.0,23.03,72.58
2025-10-26 19:00:00,27.5,72,9.2,79,0.0,525.0,23.03,72.58
2025-10-26 20:00:00,27.2,75,9.2,88,0.0,495.0,23.03,72.58
2025-10-26 21:00:00,26.7,79,11.1,97,0.2,500.0,23.03,72.58
2025-10-26 22:00:00,26.0,84,10.4,92,0.4,475.0,23.03,72.58
2025-10-26 23:00:00,25.5,89,10.9,81,0.6,485.0,23.03,72.58
2025-10-27 00:00:00,25.1,91,11.1,82,1.4,450.0,23.03,72.58
2025-10-27 01:00:00,24.6,95,10.9,70,2.1,410.0,23.03,72.58
2025-10-27 02:00:00,24.4,95,11.1,60,2.0,390.0,23.03,72.58
2025-10-27 03:00:00,24.1,95,13.3,63,7.0,455.0,23.03,72.58
2025-10-27 04:00:00,23.8,95,12.1,63,9.1,450.0,23.03,72.58
2025-10-27 05:00:00,23.6,95,12.6,61,14.6,450.0,23.03,72.58
2025-10-27 06:00:00,23.5,95,12.5,70,5.4,565.0,23.03,72.58
2025-10-27 07:00:00,23.6,94,13.4,82,0.9,480.0,23.03,72.58
2025-10-27 08:00:00,23.9,93,12.0,78,0.6,525.0,23.03,72.58
2025-10-27 09:00:00,24.1,95,12.9,84,2.7,540.0,23.03,72.58
2025-10-27 10:00:00,24.0,95,12.5,83,2.3,450.0,23.03,72.58
2025-10-27 11:00:00,24.9,92,10.9,61,1.1,460.0,23.03,72.58
2025-10-27 12:00:00,25.3,92,9.2,45,0.7,400.0,23.03,72.58
2025-10-27 13:00:00,25.5,93,9.8,49,0.4,380.0,23.03,72.58
2025-10-27 14:00:00,25.7,91,9.4,47,0.2,370.0,23.03,72.58
2025-10-27 15:00:00,25.7,90,9.4,52,0.2,405.0,23.03,72.58
2025-10-27 16:00:00,25.7,88,8.3,56,0.1,340.0,23.03,72.58
2025-10-27 17:00:00,25.6,89,9.2,50,0.0,370.0,23.03,72.58
2025-10-27 18:00:00,25.2,92,10.6,48,0.0,405.0,23.03,72.58
2025-10-27 19:00:00,25.0,92,11.2,46,0.1,405.0,23.03,72.58
2025-10-27 20:00:00,24.7,91,13.8,61,0.4,435.0,23.03,72.58
2025-10-27 21:00:00,24.0,91,13.8,70,0.9,400.0,23.03,72.58
2025-10-27 22:00:00,23.6,94,18.1,61,1.6,440.0,23.03,72.58
2025-10-27 23:00:00,23.7,93,15.1,64,1.0,495.0,23.03,72.58
2025-10-28 00:00:00,23.7,93,17.0,68,1.0,460.0,23.03,72.58
2025-10-28 01:00:00,23.6,93,13.9,71,0.7,410.0,23.03,72.58
2025-10-28 02:00:00,23.3,95,11.6,78,1.6,380.0,23.03,72.58
2025-10-28 03:00:00,23.1,96,12.1,75,2.0,370.0,23.03,72.58
2025-10-28 04:00:00,23.0,96,12.7,72,1.9,415.0,23.03,72.58
2025-10-28 05:00:00,22.8,94,12.5,65,3.2,365.0,23.03,72.58
2025-10-28 06:00:00,22.8,93,13.9,61,0.8,360.0,23.03,72.58
2025-10-28 07:00:00,22.9,93,12.0,64,0.8,365.0,23.03,72.58
2025-10-28 08:00:00,23.4,92,11.0,62,0.6,390.0,23.03,72.58
2025-10-28 09:00:00,24.2,90,9.4,55,0.3,445.0,23.03,72.58
2025-10-28 10:00:00,25.2,86,13.7,74,0.7,525.0,23.03,72.58
2025-10-28 11:00:00,25.6,84,14.0,68,2.5,585.0,23.03,72.58
2025-10-28 12:00:00,25.5,86,12.3,53,1.0,525.0,23.03,72.58
2025-10-28 13:00:00,25.2,89,10.6,39,0.3,490.0,23.03,72.58
2025-10-28 14:00:00,26.0,85,11.1,37,0.3,535.0,23.03,72.58
2025-10-28 15:00:00,27.6,76,12.0,46,0.1,695.0,23.03,72.58
2025-10-28 16:00:00,27.6,75,11.0,30,0.1,765.0,23.03,72.58
2025-10-28 17:00:00,25.4,85,10.9,34,0.1,490.0,23.03,72.58
2025-10-28 18:00:00,25.0,86,11.8,44,0.0,535.0,23.03,72.58
2025-10-28 19:00:00,24.8,83,13.1,47,0.0,550.0,23.03,72.58
2025-10-28 20:00:00,24.6,81,12.3,52,0.0,550.0,23.03,72.58
2025-10-28 21:00:00,24.4,81,13.1,49,0.0,540.0,23.03,72.58
2025-10-28 22:00:00,24.3,81,13.0,52,0.0,560.0,23.03,72.58
2025-10-28 23:00:00,23.9,82,14.0,55,0.0,525.0,23.03,72.58
2025-10-29 00:00:00,23.7,82,13.7,57,0.0,480.0,23.03,72.58
2025-10-29 01:00:00,23.6,83,13.3,63,0.0,475.0,23.03,72.58
2025-10-29 02:00:00,23.0,86,14.3,62,0.6,450.0,23.03,72.58
2025-10-29 03:00:00,22.6,88,15.3,56,0.4,440.0,23.03,72.58
2025-10-29 04:00:00,22.6,87,13.8,54,0.0,455.0,23.03,72.58
2025-10-29 05:00:00,23.2,81,14.0,57,0.0,435.0,23.03,72.58
2025-10-29 06:00:00,23.1,82,13.5,57,0.0,445.0,23.03,72.58
2025-10-29 07:00:00,23.1,82,13.4,62,0.0,475.0,23.03,72.58
2025-10-29 08:00:00,23.7,81,10.8,60,0.0,505.0,23.03,72.58
2025-10-29 09:00:00,25.3,77,11.6,69,0.0,535.0,23.03,72.58
2025-10-29 10:00:00,26.9,73,11.5,76,0.0,545.0,23.03,72.58
2025-10-29 11:00:00,27.6,72,11.2,62,0.0,675.0,23.03,72.58
2025-10-29 12:00:00,28.7,68,11.9,60,0.0,830.0,23.03,72.58
2025-10-29 13:00:00,29.7,62,14.8,72,0.0,1180.0,23.03,72.58
2025-10-29 14:00:00,29.8,62,13.9,63,0.0,1245.0,23.03,72.58
2025-10-29 15:00:00,30.0,60,11.3,56,0.0,1265.0,23.03,72.58
2025-10-29 16:00:00,30.0,62,8.0,56,0.0,1280.0,23.03,72.58
2025-10-29 17:00:00,27.4,71,12.5,49,0.0,805.0,23.03,72.58
2025-10-29 18:00:00,27.1,72,10.6,46,0.0,645.0,23.03,72.58
2025-10-29 19:00:00,26.5,75,10.2,39,0.1,475.0,23.03,72.58
2025-10-29 20:00:00,26.2,76,10.9,40,0.0,525.0,23.03,72.58
2025-10-29 21:00:00,25.9,76,11.4,39,0.1,530.0,23.03,72.58
2025-10-29 22:00:00,25.8,77,10.7,36,0.0,530.0,23.03,72.58
2025-10-29 23:00:00,25.9,70,14.5,51,0.0,670.0,23.03,72.58
2025-10-30 00:00:00,25.5,70,13.4,54,0.0,565.0,23.03,72.58
2025-10-30 01:00:00,25.1,72,11.9,58,0.0,545.0,23.03,72.58
2025-10-30 02:00:00,25.0,73,11.1,67,0.0,530.0,23.03,72.58
2025-10-30 03:00:00,24.9,74,10.0,57,0.0,515.0,23.03,72.58
2025-10-30 04:00:00,24.5,78,9.5,58,0.2,455.0,23.03,72.58
2025-10-30 05:00:00,25.0,76,11.2,60,0.6,535.0,23.03,72.58
2025-10-30 06:00:00,25.1,76,11.7,63,0.0,555.0,23.03,72.58
2025-10-30 07:00:00,25.2,76,10.9,63,0.0,580.0,23.03,72.58
2025-10-30 08:00:00,25.4,76,10.4,70,0.0,610.0,23.03,72.58
2025-10-30 09:00:00,26.4,75,9.6,67,0.0,630.0,23.03,72.58
2025-10-30 10:00:00,26.6,75,9.3,77,0.0,670.0,23.03,72.58
2025-10-30 11:00:00,26.3,77,12.0,73,0.1,675.0,23.03,72.58
2025-10-30 12:00:00,26.2,78,10.2,67,0.2,685.0,23.03,72.58
2025-10-30 13:00:00,25.6,85,6.8,50,1.2,465.0,23.03,72.58
2025-10-30 14:00:00,25.4,88,8.4,37,1.3,410.0,23.03,72.58
2025-10-30 15:00:00,24.9,92,8.0,62,1.7,385.0,23.03,72.58
2025-10-30 16:00:00,25.0,93,5.5,9,1.4,310.0,23.03,72.58
2025-10-30 17:00:00,24.4,91,8.0,31,0.3,375.0,23.03,72.58
2025-10-30 18:00:00,24.2,91,7.8,44,0.1,315.0,23.03,72.58
2025-10-30 19:00:00,24.3,91,8.2,32,0.0,310.0,23.03,72.58
2025-10-30 20:00:00,24.3,91,7.3,31,0.0,320.0,23.03,72.58
2025-10-30 21:00:00,24.4,90,7.9,39,0.1,380.0,23.03,72.58
2025-10-30 22:00:00,24.2,90,7.7,62,0.4,340.0,23.03,72.58
2025-10-30 23:00:00,23.6,92,9.3,62,0.9,405.0,23.03,72.58
2025-10-31 00:00:00,23.6,92,10.0,64,0.2,445.0,23.03,72.58
2025-10-31 01:00:00,23.5,93,10.1,70,1.7,490.0,23.03,72.58
2025-10-31 02:00:00,23.6,92,10.5,61,1.3,480.0,23.03,72.58
2025-10-31 03:00:00,23.4,93,10.2,58,0.1,480.0,23.03,72.58
2025-10-31 04:00:00,23.4,92,12.4,48,0.1,510.0,23.03,72.58
2025-10-31 05:00:00,22.9,93,12.9,57,0.1,425.0,23.03,72.58
2025-10-31 06:00:00,23.0,92,11.7,63,1.1,440.0,23.03,72.58
2025-10-31 07:00:00,23.3,92,11.3,70,0.1,415.0,23.03,72.58
2025-10-31 08:00:00,24.0,90,9.2,73,0.0,470.0,23.03,72.58
2025-10-31 09:00:00,24.3,89,7.9,79,0.0,510.0,23.03,72.58
2025-10-31 10:00:00,26.7,76,12.1,85,0.1,790.0,23.03,72.58
2025-10-31 11:00:00,26.6,75,11.6,94,0.1,700.0,23.03,72.58
2025-10-31 12:00:00,27.1,73,10.8,87,0.1,760.0,23.03,72.58
2025-10-31 13:00:00,27.4,73,6.4,106,0.0,595.0,23.03,72.58
2025-10-31 14:00:00,27.0,75,4.8,103,0.1,580.0,23.03,72.58
2025-10-31 15:00:00,27.4,73,4.0,80,0.1,590.0,23.03,72.58
2025-10-31 16:00:00,27.4,73,5.6,61,0.0,670.0,23.03,72.58
2025-10-31 17:00:00,26.5,81,6.6,49,0.0,485.0,23.03,72.58
2025-10-31 18:00:00,25.9,83,7.5,57,0.0,445.0,23.03,72.58
2025-10-31 19:00:00,25.3,84,9.0,55,0.0,330.0,23.03,72.58
2025-10-31 20:00:00,25.3,84,7.1,69,0.0,305.0,23.03,72.58
2025-10-31 21:00:00,25.0,84,8.1,61,0.0,270.0,23.03,72.58
2025-10-31 22:00:00,24.8,84,8.5,69,0.0,265.0,23.03,72.58
2025-10-31 23:00:00,25.2,84,8.4,83,0.0,300.0,23.03,72.58
2025-11-01 00:00:00,25.1,84,9.6,78,0.0,315.0,23.03,72.58
2025-11-01 01:00:00,24.9,86,8.3,85,0.0,330.0,23.03,72.58
2025-11-01 02:00:00,24.7,87,7.9,86,0.0,315.0,23.03,72.58
2025-11-01 03:00:00,24.6,88,6.3,93,0.0,260.0,23.03,72.58
2025-11-01 04:00:00,24.3,90,4.4,102,0.0,150.0,23.03,72.58
2025-11-01 05:00:00,23.9,91,6.5,84,0.0,225.0,23.03,72.58
2025-11-01 06:00:00,24.0,92,6.3,55,0.0,170.0,23.03,72.58
2025-11-01 07:00:00,24.1,91,7.4,61,0.0,230.0,23.03,72.58
2025-11-01 08:00:00,25.2,88,6.9,85,0.0,400.0,23.03,72.58
2025-11-01 09:00:00,26.4,80,10.2,120,0.0,595.0,23.03,72.58
2025-11-01 10:00:00,27.3,76,6.4,130,0.0,725.0,23.03,72.58
2025-11-01 11:00:00,28.3,71,9.7,129,0.1,900.0,23.03,72.58
2025-11-01 12:00:00,27.3,76,4.9,118,0.0,450.0,23.03,72.58
2025-11-01 13:00:00,27.9,75,7.5,105,0.0,745.0,23.03,72.58
2025-11-01 14:00:00,28.0,76,6.0,87,0.1,750.0,23.03,72.58
2025-11-01 15:00:00,28.6,73,3.5,111,0.0,790.0,23.03,72.58
2025-11-01 16:00:00,28.6,73,1.8,79,0.0,780.0,23.03,72.58
2025-11-01 17:00:00,27.0,83,3.3,84,0.0,310.0,23.03,72.58
2025-11-01 18:00:00,26.4,86,4.4,78,0.0,135.0,23.03,72.58
2025-11-01 19:00:00,26.1,87,4.5,97,0.0,80.0,23.03,72.58
2025-11-01 20:00:00,25.9,88,5.8,94,0.0,100.0,23.03,72.58
2025-11-01 21:00:00,25.6,88,5.8,92,0.0,105.0,23.03,72.58
2025-11-01 22:00:00,25.4,89,5.2,115,0.0,90.0,23.03,72.58
2025-11-01 23:00:00,25.3,89,3.1,80,0.0,30.0,23.03,72.58
2025-11-02 00:00:00,25.7,87,4.9,100,0.0,40.0,23.03,72.58
2025-11-02 01:00:00,25.2,90,6.2,158,0.0,75.0,23.03,72.58
2025-11-02 02:00:00,25.0,92,4.4,150,0.0,75.0,23.03,72.58
2025-11-02 03:00:00,24.8,94,5.2,134,0.0,70.0,23.03,72.58
2025-11-02 04:00:00,24.7,94,5.4,130,0.0,100.0,23.03,72.58
2025-11-02 05:00:00,24.5,95,6.0,136,0.0,130.0,23.03,72.58
2025-11-02 06:00:00,24.7,95,6.3,145,0.0,180.0,23.03,72.58
2025-11-02 07:00:00,25.0,94,6.7,142,0.0,205.0,23.03,72.58
2025-11-02 08:00:00,26.0,90,6.4,151,0.1,315.0,23.03,72.58
2025-11-02 09:00:00,27.0,88,6.2,168,0.1,425.0,23.03,72.58
2025-11-02 10:00:00,28.0,84,6.0,170,0.0,575.0,23.03,72.58
2025-11-02 11:00:00,28.2,79,7.9,176,0.0,545.0,23.03,72.58
2025-11-02 12:00:00,29.4,74,5.5,191,0.0,630.0,23.03,72.58
2025-11-02 13:00:00,30.3,69,4.0,185,0.0,795.0,23.03,72.58
2025-11-02 14:00:00,30.8,65,4.6,189,0.0,910.0,23.03,72.58
2025-11-02 15:00:00,30.7,64,5.8,202,0.0,920.0,23.03,72.58
2025-11-02 16:00:00,29.1,73,8.3,194,0.1,390.0,23.03,72.58
2025-11-02 17:00:00,27.5,83,3.5,192,0.0,155.0,23.03,72.58
2025-11-02 18:00:00,26.9,85,5.9,153,0.0,135.0,23.03,72.58
2025-11-02 19:00:00,26.5,87,6.3,178,0.0,150.0,23.03,72.58
2025-11-02 20:00:00,26.4,86,5.6,155,0.0,110.0,23.03,72.58
2025-11-02 21:00:00,26.2,87,7.5,153,0.0,165.0,23.03,72.58
2025-11-02 22:00:00,25.9,89,8.9,174,0.0,325.0,23.03,72.58
2025-11-02 23:00:00,24.9,94,6.1,157,0.0,235.0,23.03,72.58
2025-11-03 00:00:00,25.1,94,7.4,177,0.0,255.0,23.03,72.58
2025-11-03 01:00:00,24.9,95,4.5,187,0.0,195.0,23.03,72.58
2025-11-03 02:00:00,24.8,96,2.2,132,0.0,80.0,23.03,72.58
2025-11-03 03:00:00,24.4,98,1.4,40,0.0,30.0,23.03,72.58
2025-11-03 04:00:00,24.4,98,2.0,63,0.0,40.0,23.03,72.58
2025-11-03 05:00:00,23.9,95,5.2,229,0.2,150.0,23.03,72.58
2025-11-03 06:00:00,24.0,94,3.5,39,0.0,120.0,23.03,72.58
2025-11-03 07:00:00,24.2,94,3.9,146,0.0,100.0,23.03,72.58
2025-11-03 08:00:00,25.3,91,3.4,177,0.0,185.0,23.03,72.58
2025-11-03 09:00:00,27.0,84,6.6,202,0.0,555.0,23.03,72.58
2025-11-03 10:00:00,28.2,77,7.1,214,0.0,705.0,23.03,72.58
2025-11-03 11:00:00,29.6,70,10.0,216,0.1,870.0,23.03,72.58
2025-11-03 12:00:00,30.3,66,10.8,217,0.0,975.0,23.03,72.58
2025-11-03 13:00:00,30.7,65,10.3,216,0.0,1085.0,23.03,72.58
2025-11-03 14:00:00,30.8,65,10.3,213,0.0,1120.0,23.03,72.58
2025-11-03 15:00:00,30.5,65,10.5,204,0.4,1025.0,23.03,72.58
2025-11-03 16:00:00,29.4,70,8.5,180,0.0,610.0,23.03,72.58
2025-11-03 17:00:00,29.0,71,10.2,190,0.0,470.0,23.03,72.58
2025-11-03 18:00:00,27.5,80,11.4,185,0.0,435.0,23.03,72.58
2025-11-03 19:00:00,27.0,83,12.1,186,0.0,420.0,23.03,72.58
2025-11-03 20:00:00,26.4,85,10.4,208,0.0,405.0,23.03,72.58
2025-11-03 21:00:00,26.0,85,8.9,214,0.0,280.0,23.03,72.58
2025-11-03 22:00:00,25.8,84,8.9,205,0.0,260.0,23.03,72.58
2025-11-03 23:00:00,25.2,88,9.9,195,0.0,265.0,23.03,72.58
2025-11-04 00:00:00,24.8,87,8.4,211,0.0,225.0,23.03,72.58
2025-11-04 01:00:00,24.7,88,8.4,222,0.0,230.0,23.03,72.58
2025-11-04 02:00:00,24.5,88,8.1,231,0.0,230.0,23.03,72.58
2025-11-04 03:00:00,24.3,88,8.5,241,0.0,265.0,23.03,72.58
2025-11-04 04:00:00,24.0,89,8.9,243,0.0,315.0,23.03,72.58
2025-11-04 05:00:00,24.1,84,8.6,260,0.0,370.0,23.03,72.58
2025-11-04 06:00:00,24.0,85,8.2,261,0.0,380.0,23.03,72.58
2025-11-04 07:00:00,23.9,88,7.6,263,0.0,350.0,23.03,72.58
2025-11-04 08:00:00,24.9,86,8.1,270,0.0,585.0,23.03,72.58
2025-11-04 09:00:00,26.2,82,9.9,272,0.1,700.0,23.03,72.58
2025-11-04 10:00:00,27.3,77,8.3,274,0.0,795.0,23.03,72.58
2025-11-04 11:00:00,28.2,72,7.2,271,0.0,1010.0,23.03,72.58
2025-11-04 12:00:00,29.0,67,7.0,267,0.0,1215.0,23.03,72.58
2025-11-04 13:00:00,29.6,57,7.2,252,0.0,1260.0,23.03,72.58
2025-11-04 14:00:00,30.1,52,6.3,246,0.0,1360.0,23.03,72.58
2025-11-04 15:00:00,30.3,50,7.1,246,0.0,1495.0,23.03,72.58
2025-11-04 16:00:00,29.9,52,6.3,239,0.0,1475.0,23.03,72.58
2025-11-04 17:00:00,28.5,64,2.8,220,0.0,85.0,23.03,72.58
2025-11-04 18:00:00,27.7,65,2.6,192,0.0,25.0,23.03,72.58
2025-11-04 19:00:00,27.1,64,4.0,175,0.0,35.0,23.03,72.58
2025-11-04 20:00:00,25.6,74,7.2,158,0.0,65.0,23.03,72.58
2025-11-04 21:00:00,24.6,83,7.9,167,0.0,100.0,23.03,72.58
2025-11-04 22:00:00,24.1,88,5.9,215,0.0,110.0,23.03,72.58
2025-11-04 23:00:00,24.0,93,5.4,184,0.0,95.0,23.03,72.58
2025-11-05 00:00:00,23.9,94,5.2,180,0.0,75.0,23.03,72.58
2025-11-05 01:00:00,23.5,97,3.2,196,0.0,40.0,23.03,72.58
2025-11-05 02:00:00,23.0,99,0.5,90,0.0,15.0,23.03,72.58
2025-11-05 03:00:00,22.5,100,4.4,97,0.0,30.0,23.03,72.58
2025-11-05 04:00:00,22.1,100,4.2,200,0.0,35.0,23.03,72.58
2025-11-05 05:00:00,22.7,98,6.2,316,0.0,160.0,23.03,72.58
2025-11-05 06:00:00,22.6,97,5.0,345,0.0,140.0,23.03,72.58
2025-11-05 07:00:00,22.3,98,5.2,2,0.0,115.0,23.03,72.58
2025-11-05 08:00:00,23.3,93,6.1,357,0.0,195.0,23.03,72.58
2025-11-05 09:00:00,24.8,86,4.1,337,0.0,315.0,23.03,72.58
2025-11-05 10:00:00,26.2,81,4.0,328,0.0,450.0,23.03,72.58
2025-11-05 11:00:00,28.2,70,3.6,315,0.0,725.0,23.03,72.58
2025-11-05 12:00:00,29.3,62,3.3,315,0.0,910.0,23.03,72.58
2025-11-05 13:00:00,30.0,55,2.9,330,0.0,1095.0,23.03,72.58
2025-11-05 14:00:00,30.5,49,3.0,343,0.0,1345.0,23.03,72.58
2025-11-05 15:00:00,30.6,45,3.2,360,0.0,1630.0,23.03,72.58
2025-11-05 16:00:00,30.3,44,4.1,13,0.0,1705.0,23.03,72.58
2025-11-05 17:00:00,29.0,58,1.9,338,0.0,35.0,23.03,72.58
2025-11-05 18:00:00,28.2,59,1.9,319,0.0,20.0,23.03,72.58
2025-11-05 19:00:00,27.6,55,2.4,261,0.0,20.0,23.03,72.58
2025-11-05 20:00:00,26.3,61,6.9,245,0.0,35.0,23.03,72.58
2025-11-05 21:00:00,25.6,62,6.9,245,0.0,45.0,23.03,72.58
2025-11-05 22:00:00,25.4,61,6.9,239,0.0,50.0,23.03,72.58
2025-11-05 23:00:00,24.7,68,4.8,243,0.0,40.0,23.03,72.58
2025-11-06 00:00:00,24.6,67,3.9,217,0.0,30.0,23.03,72.58
2025-11-06 01:00:00,23.8,69,4.9,231,0.0,35.0,23.03,72.58
2025-11-06 02:00:00,23.2,70,6.4,248,0.0,40.0,23.03,72.58
2025-11-06 03:00:00,22.6,72,5.6,268,0.0,45.0,23.03,72.58
2025-11-06 04:00:00,21.6,76,6.2,334,0.0,55.0,23.03,72.58
2025-11-06 05:00:00,21.5,85,5.1,333,0.0,55.0,23.03,72.58
2025-11-06 06:00:00,21.9,82,5.0,358,0.0,55.0,23.03,72.58
2025-11-06 07:00:00,21.8,83,6.8,27,0.0,70.0,23.03,72.58
2025-11-06 08:00:00,23.0,81,5.8,20,0.0,110.0,23.03,72.58
2025-11-06 09:00:00,25.4,72,4.7,7,0.0,190.0,23.03,72.58
2025-11-06 10:00:00,27.3,61,5.6,4,0.0,365.0,23.03,72.58
2025-11-06 11:00:00,28.9,53,5.3,24,0.0,705.0,23.03,72.58
2025-11-06 12:00:00,29.9,45,5.1,39,0.0,1215.0,23.03,72.58
2025-11-06 13:00:00,30.6,36,5.2,65,0.0,2005.0,23.03,72.58
2025-11-06 14:00:00,30.8,33,5.3,66,0.0,2020.0,23.03,72.58
2025-11-06 15:00:00,30.6,33,5.3,55,0.0,2010.0,23.03,72.58
2025-11-06 16:00:00,30.1,36,5.4,53,0.0,755.0,23.03,72.58
2025-11-06 17:00:00,28.3,47,4.9,86,0.0,105.0,23.03,72.58
2025-11-06 18:00:00,27.0,51,4.5,85,0.0,45.0,23.03,72.58
2025-11-06 19:00:00,25.8,58,3.9,62,0.0,30.0,23.03,72.58
2025-11-06 20:00:00,24.9,60,3.8,71,0.0,25.0,23.03,72.58
2025-11-06 21:00:00,24.2,60,5.6,86,0.0,30.0,23.03,72.58
2025-11-06 22:00:00,23.4,63,4.7,99,0.0,30.0,23.03,72.58
2025-11-06 23:00:00,22.3,66,4.9,86,0.0,40.0,23.03,72.58
2025-11-07 00:00:00,22.1,63,5.4,40,0.0,35.0,23.03,72.58
2025-11-07 01:00:00,21.1,68,6.5,28,0.0,35.0,23.03,72.58
2025-11-07 02:00:00,20.0,70,8.1,24,0.0,45.0,23.03,72.58
2025-11-07 03:00:00,19.2,72,9.4,48,0.0,60.0,23.03,72.58
2025-11-07 04:00:00,18.9,71,8.9,47,0.0,70.0,23.03,72.58
2025-11-07 05:00:00,19.1,72,9.3,53,0.0,80.0,23.03,72.58
2025-11-07 06:00:00,19.1,70,9.9,55,0.0,95.0,23.03,72.58
2025-11-07 07:00:00,19.1,68,9.9,58,0.0,110.0,23.03,72.58
2025-11-07 08:00:00,20.5,68,9.6,62,0.0,140.0,23.03,72.58
2025-11-07 09:00:00,22.6,63,5.9,70,0.0,190.0,23.03,72.58
2025-11-07 10:00:00,25.0,56,6.1,71,0.0,275.0,23.03,72.58
2025-11-07 11:00:00,27.6,46,6.3,70,0.0,415.0,23.03,72.58
2025-11-07 12:00:00,29.0,36,6.5,66,0.0,1145.0,23.03,72.58
2025-11-07 13:00:00,29.7,29,6.5,44,0.0,1265.0,23.03,72.58
2025-11-07 14:00:00,29.9,27,6.7,34,0.0,1300.0,23.03,72.58
2025-11-07 15:00:00,29.6,27,7.3,30,0.0,1270.0,23.03,72.58
2025-11-07 16:00:00,28.8,32,6.3,31,0.0,625.0,23.03,72.58
2025-11-07 17:00:00,27.3,46,4.3,33,0.0,100.0,23.03,72.58
2025-11-07 18:00:00,26.3,49,4.7,23,0.0,45.0,23.03,72.58
2025-11-07 19:00:00,24.9,56,5.6,27,0.0,35.0,23.03,72.58
2025-11-07 20:00:00,23.3,66,3.6,49,0.0,30.0,23.03,72.58
2025-11-07 21:00:00,22.4,70,3.1,40,0.0,20.0,23.03,72.58
2025-11-07 22:00:00,21.8,68,3.5,35,0.0,20.0,23.03,72.58
2025-11-07 23:00:00,20.3,76,4.4,55,0.0,30.0,23.03,72.58
2025-11-08 00:00:00,20.3,71,5.0,52,0.0,35.0,23.03,72.58
2025-11-08 01:00:00,19.7,70,6.4,58,0.0,40.0,23.03,72.58
2025-11-08 02:00:00,18.7,71,7.0,42,0.0,45.0,23.03,72.58
2025-11-08 03:00:00,17.9,70,7.7,54,0.0,55.0,23.03,72.58
2025-11-08 04:00:00,17.2,66,8.4,67,0.0,65.0,23.03,72.58
2025-11-08 05:00:00,17.3,66,8.4,67,0.0,70.0,23.03,72.58
2025-11-08 06:00:00,17.2,64,8.9,69,0.0,85.0,23.03,72.58
2025-11-08 07:00:00,17.1,63,9.1,69,0.0,95.0,23.03,72.58
2025-11-08 08:00:00,18.4,64,8.2,75,0.0,115.0,23.03,72.58
2025-11-08 09:00:00,21.0,57,4.8,75,0.0,140.0,23.03,72.58
2025-11-08 10:00:00,23.9,54,3.8,79,0.0,190.0,23.03,72.58
2025-11-08 11:00:00,27.1,42,3.6,87,0.0,320.0,23.03,72.58
2025-11-08 12:00:00,28.8,31,3.4,96,0.0,910.0,23.03,72.58
2025-11-08 13:00:00,29.5,26,3.5,51,0.0,1280.0,23.03,72.58
2025-11-08 14:00:00,29.7,25,5.0,30,0.0,1475.0,23.03,72.58
2025-11-08 15:00:00,29.5,25,6.4,22,0.0,1435.0,23.03,72.58
2025-11-08 16:00:00,28.9,27,6.7,16,0.0,1015.0,23.03,72.58
2025-11-08 17:00:00,27.1,37,8.5,6,0.0,200.0,23.03,72.58
2025-11-08 18:00:00,26.1,40,8.0,8,0.0,100.0,23.03,72.58
2025-11-08 19:00:00,25.4,43,7.4,360,0.0,70.0,23.03,72.58
2025-11-08 20:00:00,24.4,47,7.1,354,0.0,55.0,23.03,72.58
2025-11-08 21:00:00,23.5,47,7.6,342,0.0,50.0,23.03,72.58
2025-11-08 22:00:00,22.7,49,5.6,354,0.0,35.0,23.03,72.58
2025-11-08 23:00:00,21.0,61,4.2,355,0.0,25.0,23.03,72.58
2025-11-09 00:00:00,20.7,62,4.1,13,0.0,15.0,23.03,72.58
2025-11-09 01:00:00,19.5,66,8.8,5,0.0,40.0,23.03,72.58
2025-11-09 02:00:00,19.6,60,8.4,353,0.0,45.0,23.03,72.58
2025-11-09 03:00:00,19.4,60,7.2,25,0.0,40.0,23.03,72.58
2025-11-09 04:00:00,17.4,70,8.2,80,0.0,60.0,23.03,72.58
2025-11-09 05:00:00,17.2,74,6.8,68,0.0,60.0,23.03,72.58
2025-11-09 06:00:00,17.1,75,7.9,63,0.0,60.0,23.03,72.58
2025-11-09 07:00:00,16.8,75,8.4,67,0.0,85.0,23.03,72.58
2025-11-09 08:00:00,18.5,69,6.8,63,0.0,105.0,23.03,72.58
2025-11-09 09:00:00,21.2,59,3.6,84,0.0,125.0,23.03,72.58
2025-11-09 10:00:00,24.3,50,2.7,110,0.0,205.0,23.03,72.58
2025-11-09 11:00:00,27.5,37,3.7,119,0.0,450.0,23.03,72.58
2025-11-09 12:00:00,29.1,26,3.2,142,0.0,1610.0,23.03,72.58
2025-11-09 13:00:00,29.7,22,1.4,90,0.0,1770.0,23.03,72.58
2025-11-09 14:00:00,29.8,21,2.3,32,0.0,1815.0,23.03,72.58
2025-11-09 15:00:00,29.7,22,3.9,22,0.0,1810.0,23.03,72.58
2025-11-09 16:00:00,29.2,23,5.3,24,0.0,1755.0,23.03,72.58
2025-11-09 17:00:00,28.1,29,7.9,21,0.0,190.0,23.03,72.58
2025-11-09 18:00:00,27.2,32,7.9,13,0.0,120.0,23.03,72.58
2025-11-09 19:00:00,26.1,36,7.9,359,0.0,75.0,23.03,72.58
2025-11-09 20:00:00,24.7,42,8.0,352,0.0,65.0,23.03,72.58
2025-11-09 21:00:00,24.2,42,7.3,349,0.0,60.0,23.03,72.58
2025-11-09 22:00:00,24.0,40,5.2,360,0.0,35.0,23.03,72.58
2025-11-09 23:00:00,22.4,46,4.3,45,0.0,25.0,23.03,72.58
2025-11-10 00:00:00,21.0,54,5.7,46,0.0,25.0,23.03,72.58
2025-11-10 01:00:00,19.8,61,6.7,54,0.0,35.0,23.03,72.58
2025-11-10 02:00:00,19.1,64,7.4,26,0.0,40.0,23.03,72.58
2025-11-10 03:00:00,18.6,64,8.3,18,0.0,50.0,23.03,72.58
2025-11-10 04:00:00,18.5,62,6.9,37,0.0,40.0,23.03,72.58
2025-11-10 05:00:00,18.2,64,7.0,46,0.0,40.0,23.03,72.58
2025-11-10 06:00:00,17.8,66,7.7,66,0.0,50.0,23.03,72.58
2025-11-10 07:00:00,17.5,67,7.3,70,0.0,60.0,23.03,72.58
2025-11-10 08:00:00,19.4,61,5.2,63,0.0,85.0,23.03,72.58
2025-11-10 09:00:00,22.3,51,3.1,80,0.0,130.0,23.03,72.58
2025-11-10 10:00:00,25.3,42,3.6,87,0.0,255.0,23.03,72.58
2025-11-10 11:00:00,27.8,33,3.5,75,0.0,575.0,23.03,72.58
2025-11-10 12:00:00,29.4,22,3.9,118,0.0,1665.0,23.03,72.58
2025-11-10 13:00:00,29.8,21,3.2,124,0.0,1700.0,23.03,72.58
2025-11-10 14:00:00,30.0,21,2.8,117,0.0,1815.0,23.03,72.58
2025-11-10 15:00:00,29.8,22,2.6,115,0.0,1780.0,23.03,72.58
2025-11-10 16:00:00,29.4,23,3.0,123,0.0,1745.0,23.03,72.58
2025-11-10 17:00:00,28.1,29,6.4,137,0.0,105.0,23.03,72.58
2025-11-10 18:00:00,26.8,32,3.3,151,0.0,30.0,23.03,72.58
2025-11-10 19:00:00,26.0,36,2.2,312,0.0,30.0,23.03,72.58
2025-11-10 20:00:00,25.6,41,4.3,294,0.0,35.0,23.03,72.58
2025-11-10 21:00:00,25.6,41,2.7,290,0.0,15.0,23.03,72.58
2025-11-10 22:00:00,24.2,45,1.4,40,0.0,10.0,23.03,72.58
2025-11-10 23:00:00,22.6,54,0.4,27,0.0,10.0,23.03,72.58
2025-11-11 00:00:00,22.5,53,1.8,360,0.0,10.0,23.03,72.58
2025-11-11 01:00:00,21.5,57,2.5,45,0.0,15.0,23.03,72.58
2025-11-11 02:00:00,20.5,61,3.9,28,0.0,15.0,23.03,72.58
2025-11-11 03:00:00,19.4,65,6.4,43,0.0,30.0,23.03,72.58
2025-11-11 04:00:00,18.8,65,6.9,59,0.0,40.0,23.03,72.58
2025-11-11 05:00:00,18.0,69,7.3,48,0.0,50.0,23.03,72.58
2025-11-11 06:00:00,17.8,68,7.8,58,0.0,60.0,23.03,72.58
2025-11-11 07:00:00,17.8,68,7.4,58,0.0,60.0,23.03,72.58
2025-11-11 08:00:00,19.8,61,5.5,49,0.0,80.0,23.03,72.58
2025-11-11 09:00:00,23.0,50,3.3,68,0.0,125.0,23.03,72.58
2025-11-11 10:00:00,26.0,40,4.2,70,0.0,270.0,23.03,72.58
2025-11-11 11:00:00,28.4,31,3.8,65,0.0,1415.0,23.03,72.58
2025-11-11 12:00:00,29.6,24,3.1,111,0.0,1625.0,23.03,72.58
2025-11-11 13:00:00,30.1,22,2.7,118,0.0,1720.0,23.03,72.58
2025-11-11 14:00:00,30.2,22,2.3,113,0.0,1815.0,23.03,72.58
2025-11-11 15:00:00,30.2,22,2.6,102,0.0,1945.0,23.03,72.58
2025-11-11 16:00:00,29.7,23,3.3,99,0.0,1945.0,23.03,72.58
2025-11-11 17:00:00,28.1,29,4.9,98,0.0,65.0,23.03,72.58
2025-11-11 18:00:00,26.8,34,2.2,166,0.0,20.0,23.03,72.58
2025-11-11 19:00:00,26.0,38,3.7,247,0.0,35.0,23.03,72.58
2025-11-11 20:00:00,25.7,41,5.5,251,0.0,40.0,23.03,72.58
2025-11-11 21:00:00,25.5,41,6.2,258,0.0,45.0,23.03,72.58
2025-11-11 22:00:00,24.6,43,6.0,299,0.0,40.0,23.03,72.58
2025-11-11 23:00:00,23.7,46,4.9,294,0.0,40.0,23.03,72.58
2025-11-12 00:00:00,23.1,49,5.0,316,0.0,30.0,23.03,72.58
2025-11-12 01:00:00,21.5,56,5.1,6,0.0,30.0,23.03,72.58
2025-11-12 02:00:00,20.5,60,6.7,27,0.0,40.0,23.03,72.58
2025-11-12 03:00:00,19.8,62,7.5,17,0.0,45.0,23.03,72.58
2025-11-12 04:00:00,19.3,63,8.1,21,0.0,55.0,23.03,72.58
2025-11-12 05:00:00,18.6,68,8.0,48,0.0,65.0,23.03,72.58
2025-11-12 06:00:00,18.3,69,8.2,52,0.0,75.0,23.03,72.58
2025-11-12 07:00:00,18.2,70,8.1,51,0.0,80.0,23.03,72.58
2025-11-12 08:00:00,20.0,63,6.4,50,0.0,100.0,23.03,72.58
2025-11-12 09:00:00,23.0,52,3.9,66,0.0,150.0,23.03,72.58
2025-11-12 10:00:00,25.9,42,4.5,74,0.0,305.0,23.03,72.58
2025-11-12 11:00:00,28.3,35,5.6,69,0.0,1225.0,23.03,72.58
2025-11-12 12:00:00,29.8,26,4.7,74,0.0,1710.0,23.03,72.58
2025-11-12 13:00:00,30.2,24,3.8,73,0.0,1800.0,23.03,72.58
2025-11-12 14:00:00,30.4,24,3.6,63,0.0,1835.0,23.03,72.58
2025-11-12 15:00:00,30.3,25,4.2,54,0.0,1820.0,23.03,72.58
2025-11-12 16:00:00,29.8,26,5.6,50,0.0,1785.0,23.03,72.58
2025-11-12 17:00:00,28.7,30,7.1,60,0.0,220.0,23.03,72.58
2025-11-12 18:00:00,27.8,34,6.6,41,0.0,115.0,23.03,72.58
2025-11-12 19:00:00,27.4,35,5.6,22,0.0,70.0,23.03,72.58
2025-11-12 20:00:00,27.0,37,5.6,358,0.0,40.0,23.03,72.58
2025-11-12 21:00:00,25.6,42,6.1,5,0.0,35.0,23.03,72.58
2025-11-12 22:00:00,23.8,49,6.3,27,0.0,40.0,23.03,72.58
2025-11-12 23:00:00,22.5,56,7.3,30,0.0,45.0,23.03,72.58
2025-11-13 00:00:00,22.4,54,7.2,13,0.0,45.0,23.03,72.58
2025-11-13 01:00:00,22.2,54,8.0,16,0.0,45.0,23.03,72.58
2025-11-13 02:00:00,21.6,56,7.9,17,0.0,40.0,23.03,72.58
2025-11-13 03:00:00,20.1,62,7.1,56,0.0,50.0,23.03,72.58
2025-11-13 04:00:00,18.9,68,8.3,74,0.0,70.0,23.03,72.58
2025-11-13 05:00:00,18.5,72,8.1,53,0.0,65.0,23.03,72.58
2025-11-13 06:00:00,18.6,70,8.2,61,0.0,65.0,23.03,72.58
2025-11-13 07:00:00,18.5,68,8.6,68,0.0,75.0,23.03,72.58
2025-11-13 08:00:00,19.8,61,7.6,78,0.0,115.0,23.03,72.58
2025-11-13 09:00:00,22.5,51,4.8,70,0.0,150.0,23.03,72.58
2025-11-13 10:00:00,25.7,41,5.5,71,0.0,280.0,23.03,72.58
2025-11-13 11:00:00,28.4,33,6.7,63,0.0,830.0,23.03,72.58
2025-11-13 12:00:00,29.9,27,6.9,65,0.0,1550.0,23.03,72.58
2025-11-13 13:00:00,30.3,26,6.9,62,0.0,1675.0,23.03,72.58
2025-11-13 14:00:00,30.4,26,7.1,56,0.0,1700.0,23.03,72.58
2025-11-13 15:00:00,30.2,27,7.6,52,0.0,1670.0,23.03,72.58
2025-11-13 16:00:00,29.7,28,7.3,46,0.0,1570.0,23.03,72.58
2025-11-13 17:00:00,29.0,30,6.8,63,0.0,1375.0,23.03,72.58
2025-11-13 18:00:00,28.1,34,5.3,57,0.0,135.0,23.03,72.58
2025-11-13 19:00:00,26.8,39,6.4,50,0.0,90.0,23.03,72.58
2025-11-13 20:00:00,26.0,40,6.7,59,0.0,70.0,23.03,72.58
2025-11-13 21:00:00,25.2,40,6.8,58,0.0,50.0,23.03,72.58
2025-11-13 22:00:00,24.5,40,6.4,36,0.0,40.0,23.03,72.58
2025-11-13 23:00:00,23.0,48,7.9,20,0.0,40.0,23.03,72.58
2025-11-14 00:00:00,22.0,52,9.6,12,0.0,60.0,23.03,72.58
2025-11-14 01:00:00,20.8,56,8.7,52,0.0,75.0,23.03,72.58
2025-11-14 02:00:00,19.6,59,8.9,58,0.0,90.0,23.03,72.58
2025-11-14 03:00:00,19.1,60,9.8,54,0.0,95.0,23.03,72.58
2025-11-14 04:00:00,18.5,61,10.2,56,0.0,120.0,23.03,72.58
2025-11-14 05:00:00,18.4,60,10.9,54,0.0,160.0,23.03,72.58
2025-11-14 06:00:00,18.6,58,11.2,62,0.0,165.0,23.03,72.58
2025-11-14 07:00:00,18.6,58,10.7,68,0.0,180.0,23.03,72.58
2025-11-14 08:00:00,20.0,53,8.4,71,0.0,215.0,23.03,72.58
2025-11-14 09:00:00,22.2,49,8.3,77,0.0,285.0,23.03,72.58
2025-11-14 10:00:00,24.8,43,8.4,80,0.0,375.0,23.03,72.58
2025-11-14 11:00:00,27.8,36,8.9,81,0.0,700.0,23.03,72.58
2025-11-14 12:00:00,29.5,29,9.7,92,0.0,1690.0,23.03,72.58
2025-11-14 13:00:00,30.2,24,9.9,88,0.0,1820.0,23.03,72.58
2025-11-14 14:00:00,30.3,23,9.2,78,0.0,1825.0,23.03,72.58
2025-11-14 15:00:00,30.2,23,9.0,68,0.0,1760.0,23.03,72.58
2025-11-14 16:00:00,29.7,24,9.0,64,0.0,1670.0,23.03,72.58
2025-11-14 17:00:00,28.8,26,8.0,67,0.0,1370.0,23.03,72.58
2025-11-14 18:00:00,28.0,30,5.9,59,0.0,235.0,23.03,72.58
2025-11-14 19:00:00,26.6,36,6.6,43,0.0,105.0,23.03,72.58
2025-11-14 20:00:00,25.6,40,7.4,61,0.0,95.0,23.03,72.58
2025-11-14 21:00:00,24.7,39,8.7,68,0.0,95.0,23.03,72.58
2025-11-14 22:00:00,23.8,39,8.5,52,0.0,80.0,23.03,72.58
2025-11-14 23:00:00,22.8,42,8.7,22,0.0,75.0,23.03,72.58
2025-11-15 00:00:00,21.7,45,10.0,30,0.0,100.0,23.03,72.58
2025-11-15 01:00:00,20.3,48,9.8,44,0.0,150.0,23.03,72.58
2025-11-15 02:00:00,19.5,48,8.5,55,0.0,140.0,23.03,72.58
2025-11-15 03:00:00,19.1,48,9.4,59,0.0,140.0,23.03,72.58
2025-11-15 04:00:00,18.5,49,9.8,62,0.0,155.0,23.03,72.58
2025-11-15 05:00:00,18.7,49,11.6,57,0.0,200.0,23.03,72.58
2025-11-15 06:00:00,18.6,48,12.0,62,0.0,200.0,23.03,72.58
2025-11-15 07:00:00,18.6,47,12.3,67,0.0,215.0,23.03,72.58
2025-11-15 08:00:00,20.0,44,9.7,71,0.0,265.0,23.03,72.58
2025-11-15 09:00:00,22.1,41,10.2,77,0.0,340.0,23.03,72.58
2025-11-15 10:00:00,24.6,36,10.3,74,0.0,415.0,23.03,72.58
2025-11-15 11:00:00,27.4,32,9.9,75,0.0,590.0,23.03,72.58
2025-11-15 12:00:00,29.0,29,9.7,78,0.0,1325.0,23.03,72.58
2025-11-15 13:00:00,29.8,27,9.5,79,0.0,1830.0,23.03,72.58
2025-11-15 14:00:00,30.1,26,8.7,72,0.0,1860.0,23.03,72.58
2025-11-15 15:00:00,29.9,26,9.0,67,0.0,1850.0,23.03,72.58
2025-11-15 16:00:00,29.4,26,9.0,67,0.0,1745.0,23.03,72.58
2025-11-15 17:00:00,28.4,28,8.6,74,0.0,1620.0,23.03,72.58
2025-11-15 18:00:00,27.4,32,7.4,61,0.0,390.0,23.03,72.58
2025-11-15 19:00:00,26.2,37,8.4,47,0.0,235.0,23.03,72.58
2025-11-15 20:00:00,25.3,37,9.1,41,0.0,175.0,23.03,72.58
2025-11-15 21:00:00,24.3,38,10.1,41,0.0,165.0,23.03,72.58
2025-11-15 22:00:00,23.8,36,9.4,45,0.0,140.0,23.03,72.58
2025-11-15 23:00:00,23.1,37,10.0,57,0.0,160.0,23.03,72.58
2025-11-16 00:00:00,21.5,41,10.1,84,0.0,180.0,23.03,72.58
2025-11-16 01:00:00,20.6,44,11.1,56,0.0,160.0,23.03,72.58
2025-11-16 02:00:00,20.0,46,11.8,59,0.0,185.0,23.03,72.58
2025-11-16 03:00:00,19.6,47,12.3,55,0.0,205.0,23.03,72.58
2025-11-16 04:00:00,19.3,46,12.5,51,0.0,195.0,23.03,72.58
2025-11-16 05:00:00,18.6,48,11.8,56,0.0,190.0,23.03,72.58
2025-11-16 06:00:00,18.3,47,11.7,59,0.0,185.0,23.03,72.58
2025-11-16 07:00:00,18.2,46,11.7,63,0.0,190.0,23.03,72.58
2025-11-16 08:00:00,19.5,42,9.0,64,0.0,235.0,23.03,72.58
2025-11-16 09:00:00,21.7,38,9.2,69,0.0,305.0,23.03,72.58
2025-11-16 10:00:00,24.3,34,9.2,74,0.0,410.0,23.03,72.58
2025-11-16 11:00:00,27.2,30,10.0,76,0.0,800.0,23.03,72.58
2025-11-16 12:00:00,28.8,24,12.3,80,0.0,1580.0,23.03,72.58
2025-11-16 13:00:00,29.4,22,11.6,75,0.0,1635.0,23.03,72.58
2025-11-16 14:00:00,29.6,20,10.9,74,0.0,1605.0,23.03,72.58
2025-11-16 15:00:00,29.4,20,10.5,73,0.0,1575.0,23.03,72.58
2025-11-16 16:00:00,29.0,20,10.3,71,0.0,1500.0,23.03,72.58
2025-11-16 17:00:00,28.0,23,8.8,73,0.0,1335.0,23.03,72.58
2025-11-16 18:00:00,27.2,26,6.5,44,0.0,665.0,23.03,72.58
2025-11-16 19:00:00,26.1,31,7.7,12,0.0,180.0,23.03,72.58
2025-11-16 20:00:00,25.1,33,9.0,26,0.0,190.0,23.03,72.58
2025-11-16 21:00:00,24.2,34,9.3,36,0.0,155.0,23.03,72.58
2025-11-16 22:00:00,23.1,36,9.5,46,0.0,150.0,23.03,72.58
2025-11-16 23:00:00,21.8,39,10.6,58,0.0,185.0,23.03,72.58
2025-11-17 00:00:00,20.8,40,10.1,63,0.0,175.0,23.03,72.58
2025-11-17 01:00:00,19.8,42,9.5,58,0.0,160.0,23.03,72.58
2025-11-17 02:00:00,19.0,44,10.2,59,0.0,165.0,23.03,72.58
2025-11-17 03:00:00,18.4,45,10.6,60,0.0,175.0,23.03,72.58
2025-11-17 04:00:00,17.9,47,11.1,60,0.0,185.0,23.03,72.58
2025-11-17 05:00:00,17.7,49,11.1,63,0.0,185.0,23.03,72.58
2025-11-17 06:00:00,17.4,51,11.3,68,0.0,190.0,23.03,72.58
2025-11-17 07:00:00,17.2,52,11.0,71,0.0,195.0,23.03,72.58
2025-11-17 08:00:00,18.5,48,8.1,72,0.0,235.0,23.03,72.58
2025-11-17 09:00:00,20.8,43,8.3,77,0.0,305.0,23.03,72.58
2025-11-17 10:00:00,23.4,39,7.9,78,0.0,410.0,23.03,72.58
2025-11-17 11:00:00,26.5,33,8.5,77,0.0,915.0,23.03,72.58
2025-11-17 12:00:00,28.2,26,10.5,83,0.0,1195.0,23.03,72.58
2025-11-17 13:00:00,28.9,24,9.5,81,0.0,1250.0,23.03,72.58
2025-11-17 14:00:00,29.3,23,8.8,78,0.0,1295.0,23.03,72.58
2025-11-17 15:00:00,29.3,23,8.4,71,0.0,1280.0,23.03,72.58
2025-11-17 16:00:00,28.9,23,8.5,65,0.0,1235.0,23.03,72.58
2025-11-17 17:00:00,28.0,23,7.5,66,0.0,1145.0,23.03,72.58
2025-11-17 18:00:00,27.0,26,6.9,39,0.0,360.0,23.03,72.58
2025-11-17 19:00:00,25.8,30,8.1,39,0.0,200.0,23.03,72.58
2025-11-17 20:00:00,24.8,32,8.0,34,0.0,110.0,23.03,72.58
2025-11-17 21:00:00,23.8,34,8.9,40,0.0,115.0,23.03,72.58
2025-11-17 22:00:00,23.1,34,9.4,43,0.0,115.0,23.03,72.58
2025-11-17 23:00:00,22.2,37,9.1,41,0.0,110.0,23.03,72.58
2025-11-18 00:00:00,21.2,39,9.6,57,0.0,115.0,23.03,72.58
2025-11-18 01:00:00,20.0,43,9.5,61,0.0,130.0,23.03,72.58
2025-11-18 02:00:00,18.8,47,9.1,49,0.0,120.0,23.03,72.58
2025-11-18 03:00:00,18.1,50,9.6,47,0.0,125.0,23.03,72.58
2025-11-18 04:00:00,17.7,51,10.0,56,0.0,130.0,23.03,72.58
2025-11-18 05:00:00,17.4,54,10.4,64,0.0,160.0,23.03,72.58
2025-11-18 06:00:00,17.1,57,10.6,67,0.0,165.0,23.03,72.58
2025-11-18 07:00:00,16.9,58,10.5,68,0.0,175.0,23.03,72.58
2025-11-18 08:00:00,18.2,54,8.2,67,0.0,215.0,23.03,72.58
2025-11-18 09:00:00,20.6,47,8.1,72,0.0,290.0,23.03,72.58
2025-11-18 10:00:00,23.4,41,8.4,75,0.0,400.0,23.03,72.58
2025-11-18 11:00:00,26.4,35,8.5,78,0.0,925.0,23.03,72.58
2025-11-18 12:00:00,28.1,28,9.3,81,0.0,1150.0,23.03,72.58
2025-11-18 13:00:00,28.8,25,8.7,73,0.0,1265.0,23.03,72.58
2025-11-18 14:00:00,29.2,23,8.3,66,0.0,1295.0,23.03,72.58
2025-11-18 15:00:00,29.2,23,8.1,58,0.0,1270.0,23.03,72.58
2025-11-18 16:00:00,28.7,24,8.3,48,0.0,1195.0,23.03,72.58
2025-11-18 17:00:00,27.9,26,7.3,40,0.0,1045.0,23.03,72.58
2025-11-18 18:00:00,26.9,30,7.6,14,0.0,345.0,23.03,72.58
2025-11-18 19:00:00,25.7,34,8.1,21,0.0,195.0,23.03,72.58
2025-11-18 20:00:00,24.7,35,8.5,27,0.0,140.0,23.03,72.58
2025-11-18 21:00:00,24.0,34,9.0,31,0.0,125.0,23.03,72.58
2025-11-18 22:00:00,23.3,34,9.1,34,0.0,120.0,23.03,72.58
2025-11-18 23:00:00,22.1,38,8.6,29,0.0,105.0,23.03,72.58
2025-11-19 00:00:00,20.7,43,9.4,38,0.0,115.0,23.03,72.58
2025-11-19 01:00:00,19.4,48,9.3,47,0.0,130.0,23.03,72.58
2025-11-19 02:00:00,18.8,50,9.2,50,0.0,120.0,23.03,72.58
2025-11-19 03:00:00,18.4,52,9.4,61,0.0,120.0,23.03,72.58
2025-11-19 04:00:00,17.8,54,9.6,67,0.0,135.0,23.03,72.58
2025-11-19 05:00:00,17.2,57,10.1,63,0.0,145.0,23.03,72.58
2025-11-19 06:00:00,16.6,59,10.6,64,0.0,150.0,23.03,72.58
2025-11-19 07:00:00,16.5,60,10.7,65,0.0,155.0,23.03,72.58
2025-11-19 08:00:00,17.9,55,8.2,64,0.0,185.0,23.03,72.58
2025-11-19 09:00:00,20.4,48,7.6,72,0.0,250.0,23.03,72.58
2025-11-19 10:00:00,23.3,41,7.7,78,0.0,355.0,23.03,72.58
2025-11-19 11:00:00,26.4,35,8.5,85,0.0,620.0,23.03,72.58
2025-11-19 12:00:00,28.1,30,7.6,94,0.0,1035.0,23.03,72.58
2025-11-19 13:00:00,29.0,27,6.7,93,0.0,1160.0,23.03,72.58
2025-11-19 14:00:00,29.4,26,5.8,81,0.0,1225.0,23.03,72.58
2025-11-19 15:00:00,29.5,26,5.9,67,0.0,1245.0,23.03,72.58
2025-11-19 16:00:00,29.0,27,6.8,53,0.0,1195.0,23.03,72.58
2025-11-19 17:00:00,27.9,29,6.9,51,0.0,1055.0,23.03,72.58
2025-11-19 18:00:00,27.0,32,6.4,18,0.0,340.0,23.03,72.58
2025-11-19 19:00:00,25.8,36,7.2,14,0.0,170.0,23.03,72.58
2025-11-19 20:00:00,24.7,39,7.8,34,0.0,140.0,23.03,72.58
2025-11-19 21:00:00,23.6,40,8.8,35,0.0,140.0,23.03,72.58
2025-11-19 22:00:00,22.7,39,8.8,39,0.0,125.0,23.03,72.58
2025-11-19 23:00:00,21.6,42,8.5,36,0.0,110.0,23.03,72.58
2025-11-20 00:00:00,20.7,45,9.1,41,0.0,110.0,23.03,72.58
2025-11-20 01:00:00,19.8,49,9.4,54,0.0,120.0,23.03,72.58
2025-11-20 02:00:00,19.1,51,9.3,50,0.0,125.0,23.03,72.58
2025-11-20 03:00:00,18.5,54,9.6,50,0.0,125.0,23.03,72.58
2025-11-20 04:00:00,18.0,56,10.2,54,0.0,130.0,23.03,72.58
2025-11-20 05:00:00,17.7,59,10.3,63,0.0,160.0,23.03,72.58
2025-11-20 06:00:00,17.5,61,10.5,66,0.0,165.0,23.03,72.58
2025-11-20 07:00:00,17.3,62,10.4,67,0.0,180.0,23.03,72.58
2025-11-20 08:00:00,18.7,58,8.2,64,0.0,210.0,23.03,72.58
2025-11-20 09:00:00,21.1,51,7.9,69,0.0,280.0,23.03,72.58
2025-11-20 10:00:00,23.9,44,8.4,74,0.0,395.0,23.03,72.58
2025-11-20 11:00:00,26.5,39,8.5,77,0.0,650.0,23.03,72.58
2025-11-20 12:00:00,28.2,33,8.2,82,0.0,1105.0,23.03,72.58
2025-11-20 13:00:00,29.2,30,7.5,80,0.0,1195.0,23.03,72.58
2025-11-20 14:00:00,29.6,28,6.7,71,0.0,1230.0,23.03,72.58
2025-11-20 15:00:00,29.6,28,7.0,58,0.0,1200.0,23.03,72.58
2025-11-20 16:00:00,29.2,30,7.8,48,0.0,1140.0,23.03,72.58
2025-11-20 17:00:00,28.3,33,7.7,39,0.0,1045.0,23.03,72.58
2025-11-20 18:00:00,27.1,38,7.8,15,0.0,370.0,23.03,72.58
2025-11-20 19:00:00,26.1,41,8.1,24,0.0,220.0,23.03,72.58
2025-11-20 20:00:00,25.2,42,8.1,29,0.0,145.0,23.03,72.58
2025-11-20 21:00:00,24.3,43,8.6,26,0.0,130.0,23.03,72.58
2025-11-20 22:00:00,23.6,43,8.8,33,0.0,130.0,23.03,72.58
2025-11-20 23:00:00,22.4,46,9.3,27,0.0,125.0,23.03,72.58
2025-11-21 00:00:00,21.5,49,10.1,31,0.0,120.0,23.03,72.58
2025-11-21 01:00:00,20.5,52,9.8,46,0.0,135.0,23.03,72.58
2025-11-21 02:00:00,19.8,53,9.5,44,0.0,135.0,23.03,72.58
2025-11-21 03:00:00,19.5,55,9.8,60,0.0,140.0,23.03,72.58
2025-11-21 04:00:00,19.1,58,10.0,72,0.0,160.0,23.03,72.58
2025-11-21 05:00:00,18.9,62,10.1,59,0.0,150.0,23.03,72.58
2025-11-21 06:00:00,18.5,66,10.8,69,0.0,165.0,23.03,72.58
2025-11-21 07:00:00,18.4,68,10.6,76,0.0,165.0,23.03,72.58
2025-11-21 08:00:00,19.8,63,7.8,68,0.0,200.0,23.03,72.58
2025-11-21 09:00:00,22.2,55,7.3,65,0.0,290.0,23.03,72.58
2025-11-21 10:00:00,24.9,48,7.8,61,0.0,420.0,23.03,72.58
2025-11-21 11:00:00,27.2,42,8.0,67,0.0,650.0,23.03,72.58
2025-11-21 12:00:00,29.0,35,7.9,78,0.0,1085.0,23.03,72.58
2025-11-21 13:00:00,30.0,31,7.4,76,0.0,1185.0,23.03,72.58
2025-11-21 14:00:00,30.4,29,6.9,65,0.0,1215.0,23.03,72.58
2025-11-21 15:00:00,30.4,29,7.2,53,0.0,1205.0,23.03,72.58
2025-11-21 16:00:00,29.8,32,8.3,39,0.0,1175.0,23.03,72.58
2025-11-21 17:00:00,28.9,35,8.0,31,0.0,1140.0,23.03,72.58
2025-11-21 18:00:00,28.1,38,7.8,4,0.0,390.0,23.03,72.58
2025-11-21 19:00:00,27.4,40,7.4,4,0.0,240.0,23.03,72.58
2025-11-21 20:00:00,26.2,44,7.3,7,0.0,120.0,23.03,72.58
2025-11-21 21:00:00,25.0,49,8.0,8,0.0,105.0,23.03,72.58
2025-11-21 22:00:00,23.9,53,8.7,6,0.0,110.0,23.03,72.58
2025-11-21 23:00:00,22.7,57,8.0,9,0.0,105.0,23.03,72.58
2025-11-22 00:00:00,21.8,58,8.4,16,0.0,100.0,23.03,72.58
2025-11-22 01:00:00,21.2,59,7.9,35,0.0,95.0,23.03,72.58
2025-11-22 02:00:00,20.1,62,7.8,56,0.0,100.0,23.03,72.58
2025-11-22 03:00:00,19.3,63,8.2,38,0.0,95.0,23.03,72.58
2025-11-22 04:00:00,18.8,63,8.9,43,0.0,105.0,23.03,72.58
2025-11-22 05:00:00,18.4,64,10.0,51,0.0,140.0,23.03,72.58
2025-11-22 06:00:00,18.6,65,10.3,52,0.0,150.0,23.03,72.58
2025-11-22 07:00:00,18.5,66,10.1,55,0.0,155.0,23.03,72.58
2025-11-22 08:00:00,19.9,61,7.9,57,0.0,180.0,23.03,72.58
2025-11-22 09:00:00,22.3,53,7.4,61,0.0,235.0,23.03,72.58
2025-11-22 10:00:00,25.1,47,7.4,68,0.0,335.0,23.03,72.58
2025-11-22 11:00:00,27.8,42,7.0,77,0.0,480.0,23.03,72.58
2025-11-22 12:00:00,29.7,35,6.9,84,0.0,1250.0,23.03,72.58
2025-11-22 13:00:00,30.6,30,6.2,80,0.0,1370.0,23.03,72.58
2025-11-22 14:00:00,31.0,28,5.3,72,0.0,1490.0,23.03,72.58
2025-11-22 15:00:00,31.0,27,5.1,58,0.0,1515.0,23.03,72.58
2025-11-22 16:00:00,30.7,27,5.3,45,0.0,1475.0,23.03,72.58
2025-11-22 17:00:00,29.3,31,7.1,41,0.0,1090.0,23.03,72.58
2025-11-22 18:00:00,28.4,35,7.5,11,0.0,330.0,23.03,72.58
2025-11-22 19:00:00,27.6,37,7.6,355,0.0,200.0,23.03,72.58
2025-11-22 20:00:00,26.7,39,6.4,349,0.0,105.0,23.03,72.58
2025-11-22 21:00:00,25.7,42,6.0,355,0.0,80.0,23.03,72.58
2025-11-22 22:00:00,24.4,48,7.0,4,0.0,90.0,23.03,72.58
2025-11-22 23:00:00,23.1,56,7.0,13,0.0,85.0,23.03,72.58
2025-11-23 00:00:00,22.4,59,8.1,12,0.0,75.0,23.03,72.58
2025-11-23 01:00:00,21.8,60,9.2,2,0.0,75.0,23.03,72.58
2025-11-23 02:00:00,21.0,61,8.4,11,0.0,90.0,23.03,72.58
2025-11-23 03:00:00,20.3,63,6.9,47,0.0,70.0,23.03,72.58
2025-11-23 04:00:00,19.3,66,8.0,54,0.0,75.0,23.03,72.58
2025-11-23 05:00:00,19.0,61,7.8,50,0.0,65.0,23.03,72.58
2025-11-23 06:00:00,18.7,59,8.2,50,0.0,70.0,23.03,72.58
2025-11-23 07:00:00,18.1,61,8.9,58,0.0,90.0,23.03,72.58
2025-11-23 08:00:00,19.5,57,8.3,46,0.0,110.0,23.03,72.58
2025-11-23 09:00:00,22.5,49,5.5,46,0.0,160.0,23.03,72.58
2025-11-23 10:00:00,25.9,41,6.1,58,0.0,285.0,23.03,72.58
2025-11-23 11:00:00,28.4,36,6.1,62,0.0,700.0,23.03,72.58
2025-11-23 12:00:00,30.0,30,4.8,65,0.0,1260.0,23.03,72.58
2025-11-23 13:00:00,30.7,28,3.2,52,0.0,1505.0,23.03,72.58
2025-11-23 14:00:00,31.2,26,3.8,25,0.0,1515.0,23.03,72.58
2025-11-23 15:00:00,31.1,27,5.6,15,0.0,1550.0,23.03,72.58
2025-11-23 16:00:00,30.5,28,7.7,12,0.0,1395.0,23.03,72.58
2025-11-23 17:00:00,29.4,30,8.2,22,0.0,850.0,23.03,72.58
2025-11-23 18:00:00,28.4,33,8.5,5,0.0,365.0,23.03,72.58
2025-11-23 19:00:00,27.8,34,7.2,357,0.0,210.0,23.03,72.58
2025-11-23 20:00:00,26.7,38,7.9,340,0.0,120.0,23.03,72.58
2025-11-23 21:00:00,25.3,45,8.8,334,0.0,135.0,23.03,72.58
2025-11-23 22:00:00,24.2,48,8.4,349,0.0,125.0,23.03,72.58
2025-11-23 23:00:00,22.8,56,8.0,10,0.0,115.0,23.03,72.58
2025-11-24 00:00:00,22.2,56,8.5,1,0.0,90.0,23.03,72.58
2025-11-24 01:00:00,21.6,57,9.1,352,0.0,95.0,23.03,72.58
2025-11-24 02:00:00,21.1,57,8.4,10,0.0,95.0,23.03,72.58
2025-11-24 03:00:00,20.2,58,8.7,30,0.0,95.0,23.03,72.58
2025-11-24 04:00:00,19.9,57,9.0,23,0.0,85.0,23.03,72.58
2025-11-24 05:00:00,18.8,63,9.8,41,0.0,130.0,23.03,72.58
2025-11-24 06:00:00,19.1,60,10.2,46,0.0,160.0,23.03,72.58
2025-11-24 07:00:00,19.1,59,10.3,47,0.0,180.0,23.03,72.58
2025-11-24 08:00:00,20.5,54,8.0,50,0.0,215.0,23.03,72.58
2025-11-24 09:00:00,22.8,49,8.0,59,0.0,280.0,23.03,72.58
2025-11-24 10:00:00,25.4,46,7.4,68,0.0,390.0,23.03,72.58
2025-11-24 11:00:00,27.7,46,6.8,72,0.0,565.0,23.03,72.58
2025-11-24 12:00:00,29.3,43,5.5,71,0.0,1120.0,23.03,72.58
2025-11-24 13:00:00,30.3,38,4.8,70,0.0,1315.0,23.03,72.58
2025-11-24 14:00:00,30.9,35,3.9,56,0.0,1525.0,23.03,72.58
2025-11-24 15:00:00,31.1,34,4.0,36,0.0,1665.0,23.03,72.58
2025-11-24 16:00:00,30.7,34,4.8,27,0.0,1670.0,23.03,72.58
2025-11-24 17:00:00,29.5,35,6.5,48,0.0,1200.0,23.03,72.58
2025-11-24 18:00:00,28.8,39,5.6,7,0.0,295.0,23.03,72.58
2025-11-24 19:00:00,27.9,44,5.7,349,0.0,180.0,23.03,72.58
2025-11-24 20:00:00,26.8,48,6.4,352,0.0,120.0,23.03,72.58
2025-11-24 21:00:00,25.7,52,7.0,357,0.0,105.0,23.03,72.58
2025-11-24 22:00:00,24.5,55,7.7,359,0.0,115.0,23.03,72.58
2025-11-24 23:00:00,22.9,62,7.8,29,0.0,130.0,23.03,72.58
2025-11-25 00:00:00,22.4,61,8.9,27,0.0,160.0,23.03,72.58
2025-11-25 01:00:00,21.9,59,9.4,32,0.0,185.0,23.03,72.58
2025-11-25 02:00:00,21.6,59,10.3,33,0.0,230.0,23.03,72.58
2025-11-25 03:00:00,21.1,62,10.3,38,0.0,235.0,23.03,72.58
2025-11-25 04:00:00,20.5,64,10.2,42,0.0,235.0,23.03,72.58
2025-11-25 05:00:00,20.5,63,11.3,44,0.0,260.0,23.03,72.58
2025-11-25 06:00:00,20.4,62,11.7,46,0.0,255.0,23.03,72.58
2025-11-25 07:00:00,20.3,62,11.5,50,0.0,250.0,23.03,72.58
2025-11-25 08:00:00,21.5,57,8.9,50,0.0,275.0,23.03,72.58
2025-11-25 09:00:00,23.7,51,9.5,54,0.0,355.0,23.03,72.58
2025-11-25 10:00:00,26.0,48,9.4,58,0.0,465.0,23.03,72.58
2025-11-25 11:00:00,27.7,47,8.3,57,0.0,605.0,23.03,72.58
2025-11-25 12:00:00,29.2,45,6.4,63,0.0,855.0,23.03,72.58
2025-11-25 13:00:00,30.2,43,4.8,56,0.0,1250.0,23.03,72.58
2025-11-25 14:00:00,30.8,41,3.9,43,0.0,1585.0,23.03,72.58
2025-11-25 15:00:00,31.0,40,3.6,33,0.0,1715.0,23.03,72.58
2025-11-25 16:00:00,30.6,42,4.5,23,0.0,1670.0,23.03,72.58
2025-11-25 17:00:00,29.3,44,6.6,37,0.0,1250.0,23.03,72.58
2025-11-25 18:00:00,28.3,50,7.4,18,0.0,415.0,23.03,72.58
2025-11-25 19:00:00,27.3,55,7.9,16,0.0,290.0,23.03,72.58
2025-11-25 20:00:00,26.2,58,7.7,25,0.0,215.0,23.03,72.58
2025-11-25 21:00:00,25.4,60,7.9,43,0.0,210.0,23.03,72.58
2025-11-25 22:00:00,24.8,61,8.6,49,0.0,205.0,23.03,72.58
2025-11-25 23:00:00,24.0,61,9.9,57,0.0,250.0,23.03,72.58
2025-11-26 00:00:00,23.4,62,9.9,58,0.0,250.0,23.03,72.58
2025-11-26 01:00:00,22.9,64,9.5,63,0.0,225.0,23.03,72.58
2025-11-26 02:00:00,22.5,68,9.1,63,0.0,215.0,23.03,72.58
2025-11-26 03:00:00,21.9,71,9.0,59,0.0,205.0,23.03,72.58
2025-11-26 04:00:00,21.5,72,9.1,58,0.0,205.0,23.03,72.58
2025-11-26 05:00:00,21.0,67,9.3,56,0.0,185.0,23.03,72.58
2025-11-26 06:00:00,20.8,68,9.6,60,0.0,185.0,23.03,72.58
2025-11-26 07:00:00,20.8,69,9.4,59,0.0,190.0,23.03,72.58
2025-11-26 08:00:00,22.0,65,7.2,62,0.0,215.0,23.03,72.58
2025-11-26 09:00:00,24.3,58,7.0,69,0.0,305.0,23.03,72.58
2025-11-26 10:00:00,26.7,53,6.8,79,0.0,460.0,23.03,72.58
2025-11-26 11:00:00,28.4,49,5.4,82,0.0,690.0,23.03,72.58
2025-11-26 12:00:00,29.9,46,3.4,84,0.0,1115.0,23.03,72.58
2025-11-26 13:00:00,30.9,44,1.2,117,0.0,1585.0,23.03,72.58
2025-11-26 14:00:00,31.3,41,1.7,198,0.0,1735.0,23.03,72.58
2025-11-26 15:00:00,31.4,40,2.1,218,0.0,1785.0,23.03,72.58
2025-11-26 16:00:00,31.2,40,2.5,225,0.0,1760.0,23.03,72.58
2025-11-26 17:00:00,30.4,42,3.4,183,0.0,1365.0,23.03,72.58
2025-11-26 18:00:00,29.2,46,2.2,228,0.0,90.0,23.03,72.58
2025-11-26 19:00:00,28.4,48,1.2,309,0.0,90.0,23.03,72.58
2025-11-26 20:00:00,28.0,51,3.2,16,0.0,120.0,23.03,72.58
2025-11-26 21:00:00,27.3,55,3.9,37,0.0,100.0,23.03,72.58
2025-11-26 22:00:00,26.5,59,4.8,34,0.0,85.0,23.03,72.58
2025-11-26 23:00:00,25.2,62,7.0,58,0.0,90.0,23.03,72.58
2025-11-27 00:00:00,24.8,62,7.2,65,0.0,130.0,23.03,72.58
2025-11-27 01:00:00,24.3,63,7.3,74,0.0,130.0,23.03,72.58
2025-11-27 02:00:00,23.7,64,8.4,79,0.0,165.0,23.03,72.58
2025-11-27 03:00:00,23.3,65,8.4,75,0.0,160.0,23.03,72.58
2025-11-27 04:00:00,22.8,66,8.0,62,0.1,145.0,23.03,72.58
2025-11-27 05:00:00,22.2,69,8.0,54,0.1,145.0,23.03,72.58
2025-11-27 06:00:00,22.1,70,9.7,34,0.0,170.0,23.03,72.58
2025-11-27 07:00:00,22.0,70,10.5,31,0.0,180.0,23.03,72.58
2025-11-27 08:00:00,23.3,64,9.9,45,0.0,245.0,23.03,72.58
2025-11-27 09:00:00,25.5,56,10.4,54,0.0,380.0,23.03,72.58
2025-11-27 10:00:00,27.3,51,9.9,58,0.0,525.0,23.03,72.58
2025-11-27 11:00:00,28.5,49,6.6,68,0.0,695.0,23.03,72.58
2025-11-27 12:00:00,29.7,46,4.5,67,0.0,1005.0,23.03,72.58
2025-11-27 13:00:00,30.7,42,2.7,82,0.0,1385.0,23.03,72.58
2025-11-27 14:00:00,31.1,40,2.2,138,0.0,1475.0,23.03,72.58
2025-11-27 15:00:00,31.0,39,1.3,106,0.0,1510.0,23.03,72.58
2025-11-27 16:00:00,30.9,40,1.7,58,0.0,1455.0,23.03,72.58
2025-11-27 17:00:00,30.5,43,3.6,127,0.0,1500.0,23.03,72.58
2025-11-27 18:00:00,29.7,46,4.3,132,0.0,185.0,23.03,72.58
2025-11-27 19:00:00,29.2,49,2.7,82,0.0,130.0,23.03,72.58
2025-11-27 20:00:00,28.4,52,4.7,28,0.0,125.0,23.03,72.58
2025-11-27 21:00:00,27.6,57,6.4,18,0.0,135.0,23.03,72.58
2025-11-27 22:00:00,26.7,60,6.6,11,0.0,135.0,23.03,72.58
2025-11-27 23:00:00,25.9,62,5.5,19,0.0,100.0,23.03,72.58
2025-11-28 00:00:00,25.3,64,5.7,28,0.0,95.0,23.03,72.58
2025-11-28 01:00:00,24.8,65,6.4,38,0.0,105.0,23.03,72.58
2025-11-28 02:00:00,24.2,66,7.3,48,0.0,115.0,23.03,72.58
2025-11-28 03:00:00,23.7,66,8.4,65,0.0,155.0,23.03,72.58
2025-11-28 04:00:00,23.1,67,8.9,58,0.0,165.0,23.03,72.58
2025-11-28 05:00:00,22.6,70,8.5,62,0.0,135.0,23.03,72.58
2025-11-28 06:00:00,22.5,70,9.3,72,0.0,160.0,23.03,72.58
2025-11-28 07:00:00,22.5,70,9.8,82,0.0,175.0,23.03,72.58
2025-11-28 08:00:00,23.6,65,7.4,84,0.0,215.0,23.03,72.58
2025-11-28 09:00:00,25.8,58,7.7,89,0.0,350.0,23.03,72.58
2025-11-28 10:00:00,27.9,52,8.3,101,0.0,490.0,23.03,72.58
2025-11-28 11:00:00,29.7,48,7.1,117,0.0,875.0,23.03,72.58
2025-11-28 12:00:00,30.8,43,5.8,129,0.0,1660.0,23.03,72.58
2025-11-28 13:00:00,31.2,40,5.2,136,0.0,1755.0,23.03,72.58
2025-11-28 14:00:00,31.5,38,4.9,144,0.0,1880.0,23.03,72.58
2025-11-28 15:00:00,31.4,38,4.9,144,0.0,1900.0,23.03,72.58
2025-11-28 16:00:00,31.1,39,5.5,139,0.0,1750.0,23.03,72.58
2025-11-28 17:00:00,30.5,41,6.3,110,0.0,1745.0,23.03,72.58
2025-11-28 18:00:00,29.6,43,4.2,130,0.0,180.0,23.03,72.58
2025-11-28 19:00:00,28.9,47,2.0,180,0.0,70.0,23.03,72.58
2025-11-28 20:00:00,28.4,49,1.0,301,0.0,65.0,23.03,72.58
2025-11-28 21:00:00,27.8,51,3.3,351,0.0,75.0,23.03,72.58
2025-11-28 22:00:00,27.3,53,3.4,335,0.0,60.0,23.03,72.58
2025-11-28 23:00:00,26.5,65,0.4,360,0.0,25.0,23.03,72.58
2025-11-29 00:00:00,26.1,58,4.7,28,0.0,50.0,23.03,72.58
2025-11-29 01:00:00,24.4,65,7.1,41,0.0,90.0,23.03,72.58
2025-11-29 02:00:00,23.7,67,7.0,35,0.0,95.0,23.03,72.58
2025-11-29 03:00:00,23.1,68,7.4,47,0.0,100.0,23.03,72.58
2025-11-29 04:00:00,22.3,70,8.6,54,0.0,150.0,23.03,72.58
2025-11-29 05:00:00,21.8,71,8.6,67,0.0,155.0,23.03,72.58
2025-11-29 06:00:00,21.6,70,9.1,69,0.0,165.0,23.03,72.58
2025-11-29 07:00:00,21.4,71,9.7,74,0.0,190.0,23.03,72.58
2025-11-29 08:00:00,22.4,66,8.1,78,0.0,230.0,23.03,72.58
2025-11-29 09:00:00,24.5,57,8.1,84,0.0,310.0,23.03,72.58
2025-11-29 10:00:00,26.7,49,8.5,94,0.0,455.0,23.03,72.58
2025-11-29 11:00:00,28.9,42,8.3,92,0.0,930.0,23.03,72.58
2025-11-29 12:00:00,30.2,37,7.7,91,0.0,1595.0,23.03,72.58
2025-11-29 13:00:00,30.9,36,7.7,79,0.0,1840.0,23.03,72.58
2025-11-29 14:00:00,31.2,34,7.9,77,0.0,2045.0,23.03,72.58
2025-11-29 15:00:00,31.2,34,7.6,71,0.0,2160.0,23.03,72.58
2025-11-29 16:00:00,30.9,34,8.0,65,0.0,2155.0,23.03,72.58
2025-11-29 17:00:00,29.9,38,7.9,69,0.0,1700.0,23.03,72.58
2025-11-29 18:00:00,29.0,41,6.0,46,0.0,435.0,23.03,72.58
2025-11-29 19:00:00,28.2,46,5.6,45,0.0,170.0,23.03,72.58
2025-11-29 20:00:00,27.4,49,5.1,54,0.0,115.0,23.03,72.58
2025-11-29 21:00:00,26.8,51,4.5,34,0.0,75.0,23.03,72.58
2025-11-29 22:00:00,26.4,51,4.9,24,0.0,60.0,23.03,72.58
2025-11-29 23:00:00,25.1,55,5.9,27,0.0,70.0,23.03,72.58
2025-11-30 00:00:00,24.0,60,6.0,41,0.0,75.0,23.03,72.58
2025-11-30 01:00:00,22.8,64,7.1,96,0.0,95.0,23.03,72.58
2025-11-30 02:00:00,22.3,66,6.6,53,0.0,75.0,23.03,72.58
2025-11-30 03:00:00,21.9,67,7.0,61,0.0,75.0,23.03,72.58
2025-11-30 04:00:00,21.5,68,7.5,55,0.0,85.0,23.03,72.58
2025-11-30 05:00:00,21.2,71,8.0,70,0.0,95.0,23.03,72.58
2025-11-30 06:00:00,20.9,72,7.8,71,0.0,95.0,23.03,72.58
2025-11-30 07:00:00,20.5,73,7.2,72,0.0,90.0,23.03,72.58
2025-11-30 08:00:00,21.6,69,6.1,85,0.0,120.0,23.03,72.58
2025-11-30 09:00:00,24.0,59,5.4,92,0.0,220.0,23.03,72.58
2025-11-30 10:00:00,26.5,47,6.5,103,0.0,420.0,23.03,72.58
2025-11-30 11:00:00,28.7,38,5.8,88,0.0,1230.0,23.03,72.58
2025-11-30 12:00:00,29.9,33,5.2,74,0.0,1705.0,23.03,72.58
2025-11-30 13:00:00,30.4,32,5.2,61,0.0,1935.0,23.03,72.58
2025-11-30 14:00:00,30.7,32,6.1,43,0.0,2080.0,23.03,72.58
2025-11-30 15:00:00,30.4,32,7.9,33,0.0,2130.0,23.03,72.58
2025-11-30 16:00:00,29.9,33,9.2,23,0.0,1940.0,23.03,72.58
2025-11-30 17:00:00,29.1,37,8.7,30,0.0,1460.0,23.03,72.58
2025-11-30 18:00:00,28.6,40,6.8,18,0.0,1035.0,23.03,72.58
2025-11-30 19:00:00,28.4,40,5.4,8,0.0,615.0,23.03,72.58
2025-11-30 20:00:00,28.1,42,4.8,345,0.0,125.0,23.03,72.58
2025-11-30 21:00:00,27.0,46,4.5,358,0.0,65.0,23.03,72.58
2025-11-30 22:00:00,25.6,52,4.6,54,0.0,70.0,23.03,72.58
2025-11-30 23:00:00,24.2,59,4.7,47,0.0,65.0,23.03,72.58
2025-12-01 00:00:00,23.8,61,6.5,8,0.0,60.0,23.03,72.58
2025-12-01 01:00:00,23.0,64,4.0,30,0.0,50.0,23.03,72.58
2025-12-01 02:00:00,21.6,70,5.2,102,0.0,70.0,23.03,72.58
2025-12-01 03:00:00,20.9,71,5.5,54,0.0,85.0,23.03,72.58
2025-12-01 04:00:00,20.6,72,5.4,42,0.0,60.0,23.03,72.58
2025-12-01 05:00:00,20.7,65,5.2,41,0.0,45.0,23.03,72.58
2025-12-01 06:00:00,20.5,67,6.2,44,0.0,60.0,23.03,72.58
2025-12-01 07:00:00,19.7,69,7.0,80,0.0,100.0,23.03,72.58
2025-12-01 08:00:00,20.7,65,3.7,29,0.0,125.0,23.03,72.58
2025-12-01 09:00:00,23.1,55,3.3,61,0.0,185.0,23.03,72.58
2025-12-01 10:00:00,25.8,44,3.8,90,0.0,335.0,23.03,72.58
2025-12-01 11:00:00,28.2,37,4.7,113,0.0,1580.0,23.03,72.58
2025-12-01 12:00:00,29.4,34,4.7,92,0.0,1815.0,23.03,72.58
2025-12-01 13:00:00,30.0,32,4.6,77,0.0,1905.0,23.03,72.58
2025-12-01 14:00:00,30.2,32,4.7,67,0.0,2005.0,23.03,72.58
2025-12-01 15:00:00,30.1,32,5.2,63,0.0,2045.0,23.03,72.58
2025-12-01 16:00:00,29.7,33,5.4,60,0.0,2075.0,23.03,72.58
2025-12-01 17:00:00,28.6,34,6.6,47,0.0,1825.0,23.03,72.58
2025-12-01 18:00:00,27.7,37,4.2,20,0.0,185.0,23.03,72.58
2025-12-01 19:00:00,27.3,38,2.5,274,0.0,130.0,23.03,72.58
2025-12-01 20:00:00,26.8,40,2.7,242,0.0,80.0,23.03,72.58
2025-12-01 21:00:00,26.1,43,2.4,207,0.0,45.0,23.03,72.58
2025-12-01 22:00:00,25.2,46,1.1,180,0.0,35.0,23.03,72.58
2025-12-01 23:00:00,23.4,57,0.8,27,0.0,40.0,23.03,72.58
2025-12-02 00:00:00,23.3,54,3.4,357,0.0,35.0,23.03,72.58
2025-12-02 01:00:00,22.8,57,4.9,352,0.0,35.0,23.03,72.58
2025-12-02 02:00:00,21.3,63,4.5,34,0.0,45.0,23.03,72.58
2025-12-02 03:00:00,20.4,66,6.1,43,0.0,65.0,23.03,72.58
2025-12-02 04:00:00,20.0,66,5.5,32,0.0,60.0,23.03,72.58
2025-12-02 05:00:00,19.5,68,5.1,48,0.0,60.0,23.03,72.58
2025-12-02 06:00:00,19.6,65,6.1,28,0.0,60.0,23.03,72.58
2025-12-02 07:00:00,19.4,65,5.9,40,0.0,60.0,23.03,72.58
2025-12-02 08:00:00,20.5,62,4.1,45,0.0,90.0,23.03,72.58
2025-12-02 09:00:00,23.0,53,3.0,76,0.0,155.0,23.03,72.58
2025-12-02 10:00:00,25.6,45,3.8,65,0.0,390.0,23.03,72.58
2025-12-02 11:00:00,27.5,40,4.6,54,0.0,1405.0,23.03,72.58
2025-12-02 12:00:00,28.8,35,6.0,46,0.0,1885.0,23.03,72.58
2025-12-02 13:00:00,29.3,34,6.0,44,0.0,2110.0,23.03,72.58
2025-12-02 14:00:00,29.5,33,6.2,36,0.0,2150.0,23.03,72.58
2025-12-02 15:00:00,29.5,32,7.4,26,0.0,2150.0,23.03,72.58
2025-12-02 16:00:00,28.9,34,8.9,24,0.0,2050.0,23.03,72.58
2025-12-02 17:00:00,28.0,37,8.6,33,0.0,1690.0,23.03,72.58
2025-12-02 18:00:00,27.6,39,7.9,20,0.0,765.0,23.03,72.58
2025-12-02 19:00:00,27.1,40,6.7,9,0.0,365.0,23.03,72.58
2025-12-02 20:00:00,26.1,45,7.5,352,0.0,175.0,23.03,72.58
2025-12-02 21:00:00,25.1,50,8.0,351,0.0,165.0,23.03,72.58
2025-12-02 22:00:00,24.1,51,8.3,359,0.0,140.0,23.03,72.58
2025-12-02 23:00:00,22.5,58,7.3,25,0.0,115.0,23.03,72.58
2025-12-03 00:00:00,21.9,58,7.3,17,0.0,110.0,23.03,72.58
2025-12-03 01:00:00,21.8,56,8.3,358,0.0,90.0,23.03,72.58
2025-12-03 02:00:00,20.8,60,7.3,17,0.0,110.0,23.03,72.58
2025-12-03 03:00:00,19.8,63,6.3,55,0.0,110.0,23.03,72.58
2025-12-03 04:00:00,19.5,64,7.5,44,0.0,105.0,23.03,72.58
2025-12-03 05:00:00,19.8,62,8.2,32,0.0,100.0,23.03,72.58
2025-12-03 06:00:00,19.6,63,8.6,41,0.0,100.0,23.03,72.58
2025-12-03 07:00:00,18.9,66,8.8,57,0.0,120.0,23.03,72.58
2025-12-03 08:00:00,19.6,62,7.1,60,0.0,150.0,23.03,72.58
2025-12-03 09:00:00,22.0,54,6.1,60,0.0,200.0,23.03,72.58
2025-12-03 10:00:00,25.0,45,6.8,72,0.0,350.0,23.03,72.58
2025-12-03 11:00:00,27.5,38,8.4,74,0.0,1605.0,23.03,72.58
2025-12-03 12:00:00,28.9,29,10.6,80,0.0,1700.0,23.03,72.58
2025-12-03 13:00:00,29.3,28,10.2,80,0.0,1820.0,23.03,72.58
2025-12-03 14:00:00,29.6,28,9.7,79,0.0,1840.0,23.03,72.58
2025-12-03 15:00:00,29.5,28,9.7,75,0.0,1855.0,23.03,72.58
2025-12-03 16:00:00,29.1,29,9.7,71,0.0,1835.0,23.03,72.58
2025-12-03 17:00:00,28.2,30,9.2,64,0.0,1665.0,23.03,72.58
2025-12-03 18:00:00,27.2,34,8.3,48,0.0,605.0,23.03,72.58
2025-12-03 19:00:00,26.3,37,8.7,34,0.0,280.0,23.03,72.58
2025-12-03 20:00:00,25.5,38,9.6,34,0.0,225.0,23.03,72.58
2025-12-03 21:00:00,24.5,40,9.2,47,0.0,185.0,23.03,72.58
2025-12-03 22:00:00,23.5,43,9.3,46,0.0,160.0,23.03,72.58
2025-12-03 23:00:00,22.3,48,8.7,76,0.0,175.0,23.03,72.58
2025-12-04 00:00:00,21.2,52,8.2,76,0.0,160.0,23.03,72.58
2025-12-04 01:00:00,20.7,55,9.5,58,0.0,140.0,23.03,72.58
2025-12-04 02:00:00,20.2,56,9.8,58,0.0,140.0,23.03,72.58
2025-12-04 03:00:00,19.6,58,10.6,60,0.0,165.0,23.03,72.58
2025-12-04 04:00:00,19.0,61,10.9,61,0.0,175.0,23.03,72.58
2025-12-04 05:00:00,18.6,64,11.3,65,0.0,220.0,23.03,72.58
2025-12-04 06:00:00,18.4,65,11.8,66,0.0,245.0,23.03,72.58
2025-12-04 07:00:00,18.3,65,12.2,65,0.0,265.0,23.03,72.58
2025-12-04 08:00:00,19.4,59,9.0,64,0.0,295.0,23.03,72.58
2025-12-04 09:00:00,21.4,52,10.2,67,0.0,360.0,23.03,72.58
2025-12-04 10:00:00,23.8,46,10.4,75,0.0,485.0,23.03,72.58
2025-12-04 11:00:00,26.3,40,10.8,80,0.0,945.0,23.03,72.58
2025-12-04 12:00:00,27.9,32,11.4,85,0.0,1530.0,23.03,72.58
2025-12-04 13:00:00,28.7,28,10.5,85,0.0,1605.0,23.03,72.58
2025-12-04 14:00:00,29.0,27,9.4,73,0.0,1685.0,23.03,72.58
2025-12-04 15:00:00,28.8,27,9.3,63,0.0,1700.0,23.03,72.58
2025-12-04 16:00:00,28.4,28,9.1,54,0.0,1630.0,23.03,72.58
2025-12-04 17:00:00,27.4,31,8.3,51,0.0,1440.0,23.03,72.58
2025-12-04 18:00:00,26.5,35,7.6,36,0.0,515.0,23.03,72.58
2025-12-04 19:00:00,25.6,37,8.5,36,0.0,320.0,23.03,72.58
2025-12-04 20:00:00,24.8,39,7.8,26,0.0,145.0,23.03,72.58
2025-12-04 21:00:00,23.8,43,8.5,29,0.0,130.0,23.03,72.58
2025-12-04 22:00:00,23.2,44,9.3,41,0.0,160.0,23.03,72.58
2025-12-04 23:00:00,22.3,48,9.3,49,0.0,155.0,23.03,72.58
2025-12-05 00:00:00,21.4,51,9.7,72,0.0,185.0,23.03,72.58
2025-12-05 01:00:00,20.6,53,10.1,66,0.0,180.0,23.03,72.58
2025-12-05 02:00:00,20.1,55,10.4,64,0.0,180.0,23.03,72.58
2025-12-05 03:00:00,19.6,57,10.2,60,0.0,180.0,23.03,72.58
2025-12-05 04:00:00,19.0,59,10.5,63,0.0,185.0,23.03,72.58
2025-12-05 05:00:00,18.2,65,11.0,67,0.0,205.0,23.03,72.58
2025-12-05 06:00:00,17.9,66,11.3,70,0.0,215.0,23.03,72.58
2025-12-05 07:00:00,17.7,67,11.9,72,0.0,230.0,23.03,72.58
2025-12-05 08:00:00,18.7,64,9.2,70,0.0,260.0,23.03,72.58
2025-12-05 09:00:00,20.7,57,9.8,72,0.0,325.0,23.03,72.58
2025-12-05 10:00:00,23.2,49,9.3,74,0.0,400.0,23.03,72.58
2025-12-05 11:00:00,26.0,43,9.7,75,0.0,655.0,23.03,72.58
2025-12-05 12:00:00,27.7,36,10.6,72,0.0,1135.0,23.03,72.58
2025-12-05 13:00:00,28.6,32,10.3,68,0.0,1315.0,23.03,72.58
2025-12-05 14:00:00,29.0,31,9.7,65,0.0,1355.0,23.03,72.58
2025-12-05 15:00:00,28.9,30,9.8,58,0.0,1330.0,23.03,72.58
2025-12-05 16:00:00,28.4,32,10.5,49,0.0,1285.0,23.03,72.58
2025-12-05 17:00:00,27.5,34,10.1,46,0.0,1150.0,23.03,72.58
2025-12-05 18:00:00,26.3,38,9.8,46,0.0,560.0,23.03,72.58
2025-12-05 19:00:00,25.3,40,10.3,55,0.0,355.0,23.03,72.58
2025-12-05 20:00:00,24.4,42,10.2,62,0.0,300.0,23.03,72.58
2025-12-05 21:00:00,23.8,43,10.4,62,0.0,270.0,23.03,72.58
2025-12-05 22:00:00,23.2,46,10.7,61,0.0,245.0,23.03,72.58
2025-12-05 23:00:00,22.0,50,10.9,61,0.0,230.0,23.03,72.58
2025-12-06 00:00:00,21.2,54,11.6,60,0.0,220.0,23.03,72.58
2025-12-06 01:00:00,20.6,57,11.0,65,0.0,220.0,23.03,72.58
2025-12-06 02:00:00,19.8,59,10.9,66,0.0,235.0,23.03,72.58
2025-12-06 03:00:00,19.2,60,11.2,62,0.0,220.0,23.03,72.58
2025-12-06 04:00:00,18.6,60,11.7,69,0.0,225.0,23.03,72.58
2025-12-06 05:00:00,17.8,62,12.1,73,0.0,250.0,23.03,72.58
2025-12-06 06:00:00,17.3,63,11.9,68,0.0,250.0,23.03,72.58
2025-12-06 07:00:00,17.0,63,12.4,68,0.0,255.0,23.03,72.58
2025-12-06 08:00:00,17.9,59,9.1,69,0.0,275.0,23.03,72.58
2025-12-06 09:00:00,19.9,52,10.6,71,0.0,330.0,23.03,72.58
2025-12-06 10:00:00,22.3,45,9.4,72,0.0,435.0,23.03,72.58
2025-12-06 11:00:00,25.2,40,9.6,76,0.0,640.0,23.03,72.58
2025-12-06 12:00:00,26.8,35,10.2,82,0.0,835.0,23.03,72.58
2025-12-06 13:00:00,27.7,32,10.0,76,0.0,935.0,23.03,72.58
2025-12-06 14:00:00,28.1,31,9.3,72,0.0,955.0,23.03,72.58
2025-12-06 15:00:00,28.2,30,8.2,57,0.0,975.0,23.03,72.58
2025-12-06 16:00:00,27.6,32,8.7,42,0.0,925.0,23.03,72.58
2025-12-06 17:00:00,26.7,31,7.5,46,0.0,730.0,23.03,72.58
2025-12-06 18:00:00,25.6,35,8.5,36,0.0,365.0,23.03,72.58
2025-12-06 19:00:00,24.7,36,10.4,56,0.0,335.0,23.03,72.58
2025-12-06 20:00:00,24.1,36,10.2,62,0.0,265.0,23.03,72.58
2025-12-06 21:00:00,23.5,37,9.8,62,0.0,205.0,23.03,72.58
2025-12-06 22:00:00,22.7,39,9.6,60,0.0,180.0,23.03,72.58
2025-12-06 23:00:00,21.6,43,9.0,64,0.0,190.0,23.03,72.58
2025-12-07 00:00:00,20.6,46,9.0,61,0.0,175.0,23.03,72.58
2025-12-07 01:00:00,19.9,50,9.2,51,0.0,140.0,23.03,72.58
2025-12-07 02:00:00,19.1,54,9.3,50,0.0,140.0,23.03,72.58
2025-12-07 03:00:00,18.4,58,10.2,53,0.0,150.0,23.03,72.58
2025-12-07 04:00:00,17.7,62,10.5,57,0.0,160.0,23.03,72.58
2025-12-07 05:00:00,17.5,61,11.2,62,0.0,195.0,23.03,72.58
2025-12-07 06:00:00,17.2,61,11.8,69,0.0,200.0,23.03,72.58
2025-12-07 07:00:00,16.9,61,11.8,73,0.0,215.0,23.03,72.58
2025-12-07 08:00:00,17.9,57,9.2,70,0.0,235.0,23.03,72.58
2025-12-07 09:00:00,20.0,51,8.6,68,0.0,300.0,23.03,72.58
2025-12-07 10:00:00,22.5,44,8.5,73,0.0,415.0,23.03,72.58
2025-12-07 11:00:00,25.6,37,10.6,76,0.0,580.0,23.03,72.58
2025-12-07 12:00:00,27.4,30,11.1,83,0.0,710.0,23.03,72.58
2025-12-07 13:00:00,28.8,26,10.4,88,0.0,810.0,23.03,72.58
2025-12-07 14:00:00,29.5,23,8.6,92,0.0,915.0,23.03,72.58
2025-12-07 15:00:00,29.7,22,7.6,95,0.0,930.0,23.03,72.58
2025-12-07 16:00:00,29.2,24,8.3,90,0.0,915.0,23.03,72.58
2025-12-07 17:00:00,28.2,27,7.4,86,0.0,800.0,23.03,72.58
2025-12-07 18:00:00,27.3,31,7.5,55,0.0,375.0,23.03,72.58
2025-12-07 19:00:00,26.2,35,8.2,49,0.0,205.0,23.03,72.58
2025-12-07 20:00:00,25.2,38,9.1,54,0.0,170.0,23.03,72.58
2025-12-07 21:00:00,24.1,40,9.3,66,0.0,145.0,23.03,72.58
2025-12-07 22:00:00,22.8,44,8.9,72,0.0,135.0,23.03,72.58
2025-12-07 23:00:00,21.7,48,8.9,65,0.0,135.0,23.03,72.58
2025-12-08 00:00:00,20.7,50,9.6,73,0.0,120.0,23.03,72.58
2025-12-08 01:00:00,19.9,52,9.8,76,0.0,120.0,23.03,72.58
2025-12-08 02:00:00,19.2,54,9.3,61,0.0,115.0,23.03,72.58
2025-12-08 03:00:00,18.6,56,9.3,50,0.0,120.0,23.03,72.58
2025-12-08 04:00:00,18.0,59,9.7,55,0.0,130.0,23.03,72.58
2025-12-08 05:00:00,17.3,62,10.3,65,0.0,150.0,23.03,72.58
2025-12-08 06:00:00,17.1,64,11.1,70,0.0,160.0,23.03,72.58
2025-12-08 07:00:00,16.9,64,11.2,72,0.0,165.0,23.03,72.58
2025-12-08 08:00:00,17.9,61,9.7,65,0.0,190.0,23.03,72.58
2025-12-08 09:00:00,20.2,53,7.8,67,0.0,235.0,23.03,72.58
2025-12-08 10:00:00,23.0,46,7.7,69,0.0,315.0,23.03,72.58
2025-12-08 11:00:00,26.6,37,8.0,67,0.0,445.0,23.03,72.58
2025-12-08 12:00:00,28.7,30,8.7,72,0.0,810.0,23.03,72.58
2025-12-08 13:00:00,30.0,22,10.5,78,0.0,1190.0,23.03,72.58
2025-12-08 14:00:00,30.7,18,10.7,73,0.0,1315.0,23.03,72.58
2025-12-08 15:00:00,30.7,17,10.8,72,0.0,1315.0,23.03,72.58
2025-12-08 16:00:00,30.4,17,10.4,72,0.0,1195.0,23.03,72.58
2025-12-08 17:00:00,29.1,19,8.1,72,0.0,885.0,23.03,72.58
2025-12-08 18:00:00,27.9,23,8.0,65,0.0,350.0,23.03,72.58
2025-12-08 19:00:00,26.6,27,8.2,67,0.0,175.0,23.03,72.58
2025-12-08 20:00:00,25.5,29,8.4,59,0.0,125.0,23.03,72.58
2025-12-08 21:00:00,25.1,28,8.8,59,0.0,125.0,23.03,72.58
2025-12-08 22:00:00,23.7,30,9.0,26,0.0,110.0,23.03,72.58
2025-12-08 23:00:00,21.9,36,9.6,33,0.0,125.0,23.03,72.58
2025-12-09 00:00:00,20.9,41,10.4,42,0.0,135.0,23.03,72.58
2025-12-09 01:00:00,20.0,45,8.9,36,0.0,110.0,23.03,72.58
2025-12-09 02:00:00,19.2,48,8.9,36,0.0,100.0,23.03,72.58
2025-12-09 03:00:00,18.5,51,9.5,44,0.0,110.0,23.03,72.58
2025-12-09 04:00:00,18.0,51,10.2,56,0.0,120.0,23.03,72.58
2025-12-09 05:00:00,17.7,52,11.2,60,0.0,145.0,23.03,72.58
2025-12-09 06:00:00,17.5,52,11.3,68,0.0,160.0,23.03,72.58
2025-12-09 07:00:00,17.1,53,11.0,72,0.0,165.0,23.03,72.58
2025-12-09 08:00:00,18.2,50,10.2,69,0.0,185.0,23.03,72.58
2025-12-09 09:00:00,20.3,44,7.3,73,0.0,240.0,23.03,72.58
2025-12-09 10:00:00,23.0,39,7.2,71,0.0,310.0,23.03,72.58
2025-12-09 11:00:00,26.6,33,6.8,63,0.0,430.0,23.03,72.58
2025-12-09 12:00:00,28.6,30,7.3,70,0.0,695.0,23.03,72.58
2025-12-09 13:00:00,29.9,25,7.8,68,0.0,1030.0,23.03,72.58
2025-12-09 14:00:00,30.6,23,8.2,64,0.0,1245.0,23.03,72.58
2025-12-09 15:00:00,30.6,22,8.5,52,0.0,1295.0,23.03,72.58
2025-12-09 16:00:00,30.2,23,9.0,38,0.0,1225.0,23.03,72.58
2025-12-09 17:00:00,29.0,25,7.5,30,0.0,820.0,23.03,72.58
2025-12-09 18:00:00,27.8,29,7.4,26,0.0,265.0,23.03,72.58
2025-12-09 19:00:00,26.8,32,7.9,47,0.0,150.0,23.03,72.58
2025-12-09 20:00:00,25.9,33,8.6,54,0.0,130.0,23.03,72.58
2025-12-09 21:00:00,24.5,34,9.4,42,0.0,115.0,23.03,72.58
2025-12-09 22:00:00,23.3,35,9.4,36,0.0,105.0,23.03,72.58
2025-12-09 23:00:00,22.2,36,7.6,59,0.0,95.0,23.03,72.58
2025-12-10 00:00:00,20.7,40,7.8,61,0.0,110.0,23.03,72.58
2025-12-10 01:00:00,19.8,42,8.9,38,0.0,105.0,23.03,72.58
2025-12-10 02:00:00,19.1,43,9.0,35,0.0,100.0,23.03,72.58
2025-12-10 03:00:00,18.5,45,8.9,47,0.0,95.0,23.03,72.58
2025-12-10 04:00:00,17.9,47,9.7,61,0.0,100.0,23.03,72.58
2025-12-10 05:00:00,17.5,55,9.2,67,0.0,100.0,23.03,72.58
2025-12-10 06:00:00,17.1,59,9.4,64,0.0,105.0,23.03,72.58
2025-12-10 07:00:00,16.6,62,9.7,59,0.0,110.0,23.03,72.58
2025-12-10 08:00:00,17.6,59,9.3,58,0.0,130.0,23.03,72.58
2025-12-10 09:00:00,20.0,50,6.0,61,0.0,165.0,23.03,72.58
2025-12-10 10:00:00,23.1,41,6.0,69,0.0,225.0,23.03,72.58
2025-12-10 11:00:00,26.9,34,5.5,77,0.0,335.0,23.03,72.58
2025-12-10 12:00:00,29.1,28,5.0,90,0.0,970.0,23.03,72.58
2025-12-10 13:00:00,30.4,21,5.1,98,0.0,1315.0,23.03,72.58
2025-12-10 14:00:00,30.9,19,4.3,90,0.0,1490.0,23.03,72.58
2025-12-10 15:00:00,30.9,19,4.2,72,0.0,1535.0,23.03,72.58
2025-12-10 16:00:00,30.5,20,5.6,63,0.0,1565.0,23.03,72.58
2025-12-10 17:00:00,29.1,23,7.3,62,0.0,605.0,23.03,72.58
2025-12-10 18:00:00,27.9,28,7.1,34,0.0,225.0,23.03,72.58
2025-12-10 19:00:00,26.9,32,7.9,16,0.0,180.0,23.03,72.58
2025-12-10 20:00:00,25.9,32,7.1,24,0.0,105.0,23.03,72.58
2025-12-10 21:00:00,24.8,35,6.6,21,0.0,75.0,23.03,72.58
2025-12-10 22:00:00,23.6,37,6.9,15,0.0,70.0,23.03,72.58
2025-12-10 23:00:00,21.8,45,8.7,18,0.0,95.0,23.03,72.58
2025-12-11 00:00:00,21.1,48,9.0,16,0.0,95.0,23.03,72.58
2025-12-11 01:00:00,20.2,50,7.7,36,0.0,85.0,23.03,72.58
2025-12-11 02:00:00,19.2,53,7.1,60,0.0,75.0,23.03,72.58
2025-12-11 03:00:00,18.1,56,7.3,57,0.0,90.0,23.03,72.58
2025-12-11 04:00:00,17.7,56,7.5,48,0.0,80.0,23.03,72.58
2025-12-11 05:00:00,17.3,55,7.8,53,0.0,75.0,23.03,72.58
2025-12-11 06:00:00,17.1,55,8.5,63,0.0,75.0,23.03,72.58
2025-12-11 07:00:00,16.7,56,8.7,76,0.0,85.0,23.03,72.58
2025-12-11 08:00:00,17.3,55,7.8,85,0.0,110.0,23.03,72.58
2025-12-11 09:00:00,19.6,49,4.7,83,0.0,135.0,23.03,72.58
2025-12-11 10:00:00,22.8,41,4.2,85,0.0,200.0,23.03,72.58
2025-12-11 11:00:00,26.7,31,4.5,95,0.0,395.0,23.03,72.58
2025-12-11 12:00:00,28.8,25,5.0,111,0.0,920.0,23.03,72.58
2025-12-11 13:00:00,29.7,22,4.4,102,0.0,1165.0,23.03,72.58
2025-12-11 14:00:00,30.2,21,3.8,90,0.0,1255.0,23.03,72.58
2025-12-11 15:00:00,30.3,21,3.1,77,0.0,1260.0,23.03,72.58
2025-12-11 16:00:00,30.1,21,3.9,47,0.0,1215.0,23.03,72.58
2025-12-11 17:00:00,28.8,25,6.2,46,0.0,765.0,23.03,72.58
2025-12-11 18:00:00,27.6,29,7.4,22,0.0,220.0,23.03,72.58
2025-12-11 19:00:00,26.6,34,7.5,8,0.0,165.0,23.03,72.58
2025-12-11 20:00:00,25.7,36,7.4,6,0.0,110.0,23.03,72.58
2025-12-11 21:00:00,24.7,39,6.7,2,0.0,85.0,23.03,72.58
2025-12-11 22:00:00,23.4,44,7.0,12,0.0,85.0,23.03,72.58
2025-12-11 23:00:00,21.7,51,6.8,27,0.0,85.0,23.03,72.58
2025-12-12 00:00:00,20.7,55,7.2,27,0.0,75.0,23.03,72.58
2025-12-12 01:00:00,19.9,57,7.0,13,0.0,65.0,23.03,72.58
2025-12-12 02:00:00,19.2,60,8.0,5,0.0,70.0,23.03,72.58
2025-12-12 03:00:00,18.8,61,7.0,13,0.0,65.0,23.03,72.58
2025-12-12 04:00:00,18.2,62,6.6,29,0.0,65.0,23.03,72.58
2025-12-12 05:00:00,17.4,66,7.2,39,0.0,75.0,23.03,72.58
2025-12-12 06:00:00,17.1,66,7.7,53,0.0,80.0,23.03,72.58
2025-12-12 07:00:00,16.6,68,7.7,62,0.0,80.0,23.03,72.58
2025-12-12 08:00:00,17.5,64,6.5,71,0.0,85.0,23.03,72.58
2025-12-12 09:00:00,20.1,53,3.6,81,0.0,125.0,23.03,72.58
2025-12-12 10:00:00,23.4,42,4.1,92,0.0,215.0,23.03,72.58
2025-12-12 11:00:00,26.7,34,5.9,102,0.0,470.0,23.03,72.58
2025-12-12 12:00:00,28.5,29,5.9,102,0.0,850.0,23.03,72.58
2025-12-12 13:00:00,29.6,25,5.7,99,0.0,1030.0,23.03,72.58
2025-12-12 14:00:00,30.1,24,4.9,92,0.0,1125.0,23.03,72.58
2025-12-12 15:00:00,30.2,24,4.9,90,0.0,1135.0,23.03,72.58
2025-12-12 16:00:00,29.9,25,5.2,84,0.0,1110.0,23.03,72.58
2025-12-12 17:00:00,28.8,27,5.6,88,0.0,875.0,23.03,72.58
2025-12-12 18:00:00,28.1,29,3.7,61,0.0,125.0,23.03,72.58
2025-12-12 19:00:00,27.1,32,5.4,21,0.0,80.0,23.03,72.58
2025-12-12 20:00:00,25.6,38,6.5,28,0.0,90.0,23.03,72.58
2025-12-12 21:00:00,24.5,42,6.6,33,0.0,80.0,23.03,72.58
2025-12-12 22:00:00,23.4,43,6.6,33,0.0,70.0,23.03,72.58
2025-12-12 23:00:00,22.0,48,5.9,18,0.0,60.0,23.03,72.58
2025-12-13 00:00:00,20.4,53,6.4,45,0.0,65.0,23.03,72.58
2025-12-13 01:00:00,19.2,59,7.8,50,0.0,70.0,23.03,72.58
2025-12-13 02:00:00,18.3,63,8.9,34,0.0,75.0,23.03,72.58
2025-12-13 03:00:00,17.9,65,8.7,38,0.0,75.0,23.03,72.58
2025-12-13 04:00:00,17.6,64,8.1,39,0.0,75.0,23.03,72.58
2025-12-13 05:00:00,17.0,63,8.1,53,0.0,80.0,23.03,72.58
2025-12-13 06:00:00,16.6,62,8.4,62,0.0,85.0,23.03,72.58
2025-12-13 07:00:00,16.1,64,8.6,59,0.0,95.0,23.03,72.58
2025-12-13 08:00:00,17.1,62,8.3,56,0.0,110.0,23.03,72.58
2025-12-13 09:00:00,19.7,53,5.7,62,0.0,155.0,23.03,72.58
2025-12-13 10:00:00,22.9,45,5.6,69,0.0,235.0,23.03,72.58
2025-12-13 11:00:00,26.5,37,6.0,73,0.0,415.0,23.03,72.58
2025-12-13 12:00:00,28.7,29,6.5,85,0.0,750.0,23.03,72.58
2025-12-13 13:00:00,29.9,24,6.5,93,0.0,925.0,23.03,72.58
2025-12-13 14:00:00,30.5,22,5.6,94,0.0,1025.0,23.03,72.58
2025-12-13 15:00:00,30.6,22,5.0,88,0.0,1050.0,23.03,72.58
2025-12-13 16:00:00,30.3,23,5.6,75,0.0,1015.0,23.03,72.58
2025-12-13 17:00:00,28.9,26,5.6,63,0.0,790.0,23.03,72.58
2025-12-13 18:00:00,27.8,30,5.7,24,0.0,135.0,23.03,72.58
2025-12-13 19:00:00,26.6,36,7.0,13,0.0,130.0,23.03,72.58
2025-12-13 20:00:00,25.2,41,6.8,27,0.0,90.0,23.03,72.58
2025-12-13 21:00:00,23.8,45,7.1,30,0.0,85.0,23.03,72.58
2025-12-13 22:00:00,22.6,48,7.5,21,0.0,80.0,23.03,72.58
2025-12-13 23:00:00,21.6,52,7.8,23,0.0,75.0,23.03,72.58
2025-12-14 00:00:00,20.5,54,8.2,36,0.0,80.0,23.03,72.58
2025-12-14 01:00:00,19.5,57,8.7,47,0.0,90.0,23.03,72.58
2025-12-14 02:00:00,18.8,57,9.3,58,0.0,105.0,23.03,72.58
2025-12-14 03:00:00,18.4,56,10.0,62,0.0,115.0,23.03,72.58
2025-12-14 04:00:00,18.0,58,10.1,63,0.0,125.0,23.03,72.58
2025-12-14 05:00:00,17.5,62,9.6,70,0.0,130.0,23.03,72.58
2025-12-14 06:00:00,17.1,64,10.0,69,0.0,130.0,23.03,72.58
2025-12-14 07:00:00,16.7,66,9.9,71,0.0,135.0,23.03,72.58
2025-12-14 08:00:00,17.7,62,8.7,68,0.0,135.0,23.03,72.58
2025-12-14 09:00:00,20.0,53,6.8,72,0.0,195.0,23.03,72.58
2025-12-14 10:00:00,22.9,45,7.2,77,0.0,300.0,23.03,72.58
2025-12-14 11:00:00,26.0,39,5.6,86,0.0,410.0,23.03,72.58
2025-12-14 12:00:00,27.8,35,4.3,88,0.0,555.0,23.03,72.58
2025-12-14 13:00:00,29.1,32,3.7,79,0.0,770.0,23.03,72.58
2025-12-14 14:00:00,29.9,29,3.1,59,0.0,1005.0,23.03,72.58
2025-12-14 15:00:00,30.2,28,3.6,41,0.0,1130.0,23.03,72.58
2025-12-14 16:00:00,29.9,29,5.3,35,0.0,1135.0,23.03,72.58
2025-12-14 17:00:00,28.9,31,6.6,37,0.0,715.0,23.03,72.58
2025-12-14 18:00:00,27.6,37,6.8,12,0.0,225.0,23.03,72.58
2025-12-14 19:00:00,26.8,40,6.7,3,0.0,140.0,23.03,72.58
2025-12-14 20:00:00,26.0,42,6.7,9,0.0,95.0,23.03,72.58
2025-12-14 21:00:00,24.6,46,7.6,19,0.0,90.0,23.03,72.58
2025-12-14 22:00:00,23.2,51,8.3,30,0.0,95.0,23.03,72.58
2025-12-14 23:00:00,21.8,53,8.0,40,0.0,100.0,23.03,72.58
2025-12-15 00:00:00,20.7,55,8.9,45,0.0,105.0,23.03,72.58
2025-12-15 01:00:00,19.8,54,9.5,61,0.0,120.0,23.03,72.58
2025-12-15 02:00:00,19.3,53,9.7,62,0.0,130.0,23.03,72.58
2025-12-15 03:00:00,18.8,55,9.9,63,0.0,135.0,23.03,72.58
2025-12-15 04:00:00,18.3,57,10.2,67,0.0,145.0,23.03,72.58
2025-12-15 05:00:00,18.1,62,10.3,65,0.0,160.0,23.03,72.58
2025-12-15 06:00:00,17.7,65,10.3,71,0.0,165.0,23.03,72.58
2025-12-15 07:00:00,17.2,68,10.4,76,0.0,170.0,23.03,72.58
2025-12-15 08:00:00,18.1,65,9.2,70,0.0,190.0,23.03,72.58
2025-12-15 09:00:00,20.1,57,7.6,71,0.0,235.0,23.03,72.58
2025-12-15 10:00:00,22.9,49,6.7,76,0.0,300.0,23.03,72.58
2025-12-15 11:00:00,26.2,40,6.0,81,0.0,390.0,23.03,72.58
2025-12-15 12:00:00,28.3,33,5.8,88,0.0,665.0,23.03,72.58
2025-12-15 13:00:00,29.6,29,6.1,85,0.0,875.0,23.03,72.58
2025-12-15 14:00:00,30.1,27,6.4,79,0.0,1020.0,23.03,72.58
2025-12-15 15:00:00,30.2,26,7.1,71,0.0,1050.0,23.03,72.58
2025-12-15 16:00:00,29.7,28,7.2,63,0.0,985.0,23.03,72.58
2025-12-15 17:00:00,28.6,30,6.6,57,0.0,835.0,23.03,72.58
2025-12-15 18:00:00,27.5,34,7.2,37,0.0,315.0,23.03,72.58
2025-12-15 19:00:00,26.1,38,7.9,45,0.0,205.0,23.03,72.58
2025-12-15 20:00:00,25.0,38,8.4,56,0.0,170.0,23.03,72.58
2025-12-15 21:00:00,24.0,38,9.4,52,0.0,155.0,23.03,72.58
2025-12-15 22:00:00,23.1,39,9.5,46,0.0,130.0,23.03,72.58
2025-12-15 23:00:00,21.9,43,9.3,37,0.0,115.0,23.03,72.58
2025-12-16 00:00:00,20.6,48,10.3,49,0.0,140.0,23.03,72.58
2025-12-16 01:00:00,19.8,51,10.4,58,0.0,155.0,23.03,72.58
2025-12-16 02:00:00,19.1,54,10.1,61,0.0,145.0,23.03,72.58
2025-12-16 03:00:00,18.4,57,10.5,68,0.0,170.0,23.03,72.58
2025-12-16 04:00:00,17.8,60,10.9,68,0.0,185.0,23.03,72.58
2025-12-16 05:00:00,17.3,65,11.4,71,0.0,215.0,23.03,72.58
2025-12-16 06:00:00,16.8,66,11.6,71,0.0,225.0,23.03,72.58
2025-12-16 07:00:00,16.2,67,11.1,73,0.0,230.0,23.03,72.58
2025-12-16 08:00:00,16.9,64,9.1,68,0.0,260.0,23.03,72.58
2025-12-16 09:00:00,18.8,56,9.2,73,0.0,315.0,23.03,72.58
2025-12-16 10:00:00,21.4,47,9.4,77,0.0,390.0,23.03,72.58
2025-12-16 11:00:00,24.3,40,9.5,81,0.0,545.0,23.03,72.58
2025-12-16 12:00:00,26.3,34,8.8,89,0.0,720.0,23.03,72.58
2025-12-16 13:00:00,27.8,27,8.8,90,0.0,880.0,23.03,72.58
2025-12-16 14:00:00,28.5,24,8.5,88,0.0,970.0,23.03,72.58
2025-12-16 15:00:00,28.7,24,8.1,85,0.0,1000.0,23.03,72.58
2025-12-16 16:00:00,28.4,25,8.4,79,0.0,935.0,23.03,72.58
2025-12-16 17:00:00,27.0,29,7.9,73,0.0,790.0,23.03,72.58
2025-12-16 18:00:00,25.9,33,7.6,62,0.0,420.0,23.03,72.58
2025-12-16 19:00:00,24.6,37,9.6,53,0.0,260.0,23.03,72.58
2025-12-16 20:00:00,23.7,39,10.3,59,0.0,235.0,23.03,72.58
2025-12-16 21:00:00,22.9,43,10.7,59,0.0,205.0,23.03,72.58
2025-12-16 22:00:00,22.1,46,10.9,61,0.0,180.0,23.03,72.58
2025-12-16 23:00:00,21.1,50,11.3,68,0.0,215.0,23.03,72.58
2025-12-17 00:00:00,20.4,52,11.3,72,0.0,210.0,23.03,72.58
2025-12-17 01:00:00,19.7,54,10.8,75,0.0,200.0,23.03,72.58
2025-12-17 02:00:00,19.0,56,10.6,75,0.0,180.0,23.03,72.58
2025-12-17 03:00:00,18.4,58,10.4,76,0.0,175.0,23.03,72.58
2025-12-17 04:00:00,17.8,60,10.3,74,0.0,175.0,23.03,72.58
2025-12-17 05:00:00,16.7,65,9.8,73,0.0,160.0,23.03,72.58
2025-12-17 06:00:00,16.4,67,9.9,69,0.0,155.0,23.03,72.58
2025-12-17 07:00:00,16.0,69,10.5,66,0.0,150.0,23.03,72.58
2025-12-17 08:00:00,16.8,65,8.8,67,0.0,170.0,23.03,72.58
2025-12-17 09:00:00,19.0,56,7.6,71,0.0,210.0,23.03,72.58
2025-12-17 10:00:00,22.0,46,7.5,79,0.0,280.0,23.03,72.58
2025-12-17 11:00:00,25.6,38,6.7,88,0.0,365.0,23.03,72.58
2025-12-17 12:00:00,27.7,33,5.4,90,0.0,505.0,23.03,72.58
2025-12-17 13:00:00,29.2,29,4.7,88,0.0,780.0,23.03,72.58
2025-12-17 14:00:00,30.0,27,4.4,83,0.0,915.0,23.03,72.58
2025-12-17 15:00:00,30.2,26,4.6,69,0.0,1010.0,23.03,72.58
2025-12-17 16:00:00,29.8,28,5.6,57,0.0,1005.0,23.03,72.58
2025-12-17 17:00:00,28.2,31,6.8,42,0.0,575.0,23.03,72.58
2025-12-17 18:00:00,27.1,34,6.6,33,0.0,260.0,23.03,72.58
2025-12-17 19:00:00,26.2,36,7.0,35,0.0,155.0,23.03,72.58
2025-12-17 20:00:00,25.1,38,8.0,50,0.0,135.0,23.03,72.58
2025-12-17 21:00:00,23.9,39,7.8,56,0.0,100.0,23.03,72.58
2025-12-17 22:00:00,23.0,40,8.1,62,0.0,90.0,23.03,72.58
2025-12-17 23:00:00,21.9,42,8.9,72,0.0,110.0,23.03,72.58
2025-12-18 00:00:00,21.1,44,9.3,77,0.0,115.0,23.03,72.58
2025-12-18 01:00:00,20.3,46,9.3,74,0.0,115.0,23.03,72.58
2025-12-18 02:00:00,19.5,49,9.0,70,0.0,115.0,23.03,72.58
2025-12-18 03:00:00,18.6,52,8.6,59,0.0,105.0,23.03,72.58
2025-12-18 04:00:00,17.9,56,9.1,51,0.0,110.0,23.03,72.58
2025-12-18 05:00:00,17.3,60,9.0,57,0.0,115.0,23.03,72.58
2025-12-18 06:00:00,17.0,61,9.7,72,0.0,115.0,23.03,72.58
2025-12-18 07:00:00,16.6,63,10.2,80,0.0,115.0,23.03,72.58
2025-12-18 08:00:00,17.3,62,9.6,76,0.0,140.0,23.03,72.58
2025-12-18 09:00:00,19.5,55,6.6,69,0.0,190.0,23.03,72.58
2025-12-18 10:00:00,22.4,47,6.2,64,0.0,255.0,23.03,72.58
2025-12-18 11:00:00,26.1,39,5.9,59,0.0,380.0,23.03,72.58
2025-12-18 12:00:00,28.3,32,6.2,73,0.0,635.0,23.03,72.58
2025-12-18 13:00:00,29.6,26,6.6,81,0.0,845.0,23.03,72.58
2025-12-18 14:00:00,30.3,23,6.3,75,0.0,935.0,23.03,72.58
2025-12-18 15:00:00,30.4,24,6.2,69,0.0,950.0,23.03,72.58
2025-12-18 16:00:00,30.0,26,6.4,63,0.0,915.0,23.03,72.58
2025-12-18 17:00:00,28.7,27,6.2,60,0.0,670.0,23.03,72.58
2025-12-18 18:00:00,27.6,31,6.4,32,0.0,190.0,23.03,72.58
2025-12-18 19:00:00,26.2,34,8.4,43,0.0,180.0,23.03,72.58
2025-12-18 20:00:00,25.1,32,8.9,54,0.0,150.0,23.03,72.58
2025-12-18 21:00:00,24.1,32,8.2,52,0.0,115.0,23.03,72.58
2025-12-18 22:00:00,23.0,33,8.3,57,0.0,100.0,23.03,72.58
2025-12-18 23:00:00,21.8,37,8.2,67,0.0,95.0,23.03,72.58
2025-12-19 00:00:00,20.9,40,8.6,78,0.0,90.0,23.03,72.58
2025-12-19 01:00:00,19.7,44,8.9,72,0.0,105.0,23.03,72.58
2025-12-19 02:00:00,18.9,48,9.1,69,0.0,105.0,23.03,72.58
2025-12-19 03:00:00,18.3,52,8.9,69,0.0,100.0,23.03,72.58
2025-12-19 04:00:00,17.4,57,8.9,63,0.0,100.0,23.03,72.58
2025-12-19 05:00:00,17.1,60,8.9,65,0.0,115.0,23.03,72.58
2025-12-19 06:00:00,16.6,64,9.2,64,0.0,115.0,23.03,72.58
2025-12-19 07:00:00,16.2,66,9.3,65,0.0,115.0,23.03,72.58
2025-12-19 08:00:00,17.1,63,8.4,65,0.0,125.0,23.03,72.58
2025-12-19 09:00:00,19.5,55,5.1,67,0.0,160.0,23.03,72.58
2025-12-19 10:00:00,22.6,45,5.5,73,0.0,215.0,23.03,72.58
2025-12-19 11:00:00,26.3,37,6.1,66,0.0,345.0,23.03,72.58
2025-12-19 12:00:00,28.5,31,6.3,66,0.0,565.0,23.03,72.58
2025-12-19 13:00:00,29.8,26,6.2,60,0.0,755.0,23.03,72.58
2025-12-19 14:00:00,30.6,23,6.0,51,0.0,880.0,23.03,72.58
2025-12-19 15:00:00,30.7,23,5.9,43,0.0,915.0,23.03,72.58
2025-12-19 16:00:00,30.4,23,6.1,32,0.0,865.0,23.03,72.58
2025-12-19 17:00:00,29.2,27,6.8,27,0.0,550.0,23.03,72.58
2025-12-19 18:00:00,28.2,32,6.4,8,0.0,270.0,23.03,72.58
2025-12-19 19:00:00,27.4,35,5.8,346,0.0,140.0,23.03,72.58
2025-12-19 20:00:00,26.5,39,6.2,338,0.0,100.0,23.03,72.58
2025-12-19 21:00:00,25.5,44,6.5,346,0.0,85.0,23.03,72.58
2025-12-19 22:00:00,24.6,47,6.1,2,0.0,75.0,23.03,72.58
2025-12-19 23:00:00,23.7,50,5.1,23,0.0,55.0,23.03,72.58
2025-12-20 00:00:00,22.9,52,5.9,27,0.0,45.0,23.03,72.58
2025-12-20 01:00:00,21.7,57,5.7,49,0.0,50.0,23.03,72.58
2025-12-20 02:00:00,20.4,63,6.2,57,0.0,70.0,23.03,72.58
2025-12-20 03:00:00,19.9,64,6.4,43,0.0,65.0,23.03,72.58
2025-12-20 04:00:00,19.4,63,6.6,53,0.0,65.0,23.03,72.58
2025-12-20 05:00:00,18.8,62,6.5,56,0.0,70.0,23.03,72.58
2025-12-20 06:00:00,18.2,61,6.9,70,0.0,75.0,23.03,72.58
2025-12-20 07:00:00,17.6,62,7.2,72,0.0,75.0,23.03,72.58
2025-12-20 08:00:00,18.3,59,6.5,76,0.0,85.0,23.03,72.58
2025-12-20 09:00:00,20.9,51,3.8,90,0.0,115.0,23.03,72.58
2025-12-20 10:00:00,24.2,40,4.6,103,0.0,205.0,23.03,72.58
2025-12-20 11:00:00,27.6,32,4.4,109,0.0,360.0,23.03,72.58
2025-12-20 12:00:00,29.6,27,3.0,107,0.0,620.0,23.03,72.58
2025-12-20 13:00:00,30.8,24,2.2,81,0.0,925.0,23.03,72.58
2025-12-20 14:00:00,31.5,23,3.1,40,0.0,1220.0,23.03,72.58
2025-12-20 15:00:00,31.6,23,4.4,27,0.0,1350.0,23.03,72.58
2025-12-20 16:00:00,31.3,24,4.9,28,0.0,1355.0,23.03,72.58
2025-12-20 17:00:00,29.7,27,5.7,58,0.0,605.0,23.03,72.58
2025-12-20 18:00:00,28.6,30,4.3,33,0.0,135.0,23.03,72.58
2025-12-20 19:00:00,27.7,33,3.6,351,0.0,105.0,23.03,72.58
2025-12-20 20:00:00,27.1,36,2.6,344,0.0,80.0,23.03,72.58
2025-12-20 21:00:00,26.0,39,3.6,6,0.0,65.0,23.03,72.58
2025-12-20 22:00:00,24.9,44,4.8,37,0.0,55.0,23.03,72.58
2025-12-20 23:00:00,23.4,50,4.9,57,0.0,65.0,23.03,72.58
2025-12-21 00:00:00,21.9,55,7.1,66,0.0,65.0,23.03,72.58
2025-12-21 01:00:00,20.6,58,8.1,72,0.0,85.0,23.03,72.58
2025-12-21 02:00:00,20.1,57,7.4,56,0.0,75.0,23.03,72.58
2025-12-21 03:00:00,19.6,58,8.1,51,0.0,85.0,23.03,72.58
2025-12-21 04:00:00,19.0,58,8.6,59,0.0,100.0,23.03,72.58
2025-12-21 05:00:00,18.8,59,8.3,76,0.0,100.0,23.03,72.58
2025-12-21 06:00:00,18.5,60,8.8,85,0.0,110.0,23.03,72.58
2025-12-21 07:00:00,18.2,61,9.1,82,0.0,110.0,23.03,72.58
2025-12-21 08:00:00,18.9,59,7.5,69,0.0,125.0,23.03,72.58
2025-12-21 09:00:00,20.6,53,5.5,67,0.0,180.0,23.03,72.58
2025-12-21 10:00:00,23.2,46,6.2,80,0.0,250.0,23.03,72.58
2025-12-21 11:00:00,26.0,41,6.2,78,0.0,350.0,23.03,72.58
2025-12-21 12:00:00,27.9,35,6.3,87,0.0,575.0,23.03,72.58
2025-12-21 13:00:00,29.2,31,6.3,93,0.0,830.0,23.03,72.58
2025-12-21 14:00:00,30.0,27,6.1,93,0.0,935.0,23.03,72.58
2025-12-21 15:00:00,30.1,27,5.2,90,0.0,985.0,23.03,72.58
2025-12-21 16:00:00,29.9,27,4.9,82,0.0,995.0,23.03,72.58
2025-12-21 17:00:00,28.8,29,5.4,98,0.0,755.0,23.03,72.58
2025-12-21 18:00:00,28.0,32,4.3,95,0.0,145.0,23.03,72.58
2025-12-21 19:00:00,27.1,34,5.0,30,0.0,95.0,23.03,72.58
2025-12-21 20:00:00,25.8,39,6.7,38,0.0,110.0,23.03,72.58
2025-12-21 21:00:00,24.7,39,7.2,65,0.0,105.0,23.03,72.58
2025-12-21 22:00:00,23.7,41,7.6,76,0.0,110.0,23.03,72.58
2025-12-21 23:00:00,22.7,45,8.0,74,0.0,115.0,23.03,72.58
2025-12-22 00:00:00,21.9,48,8.2,82,0.0,110.0,23.03,72.58
2025-12-22 01:00:00,21.1,50,8.7,82,0.0,125.0,23.03,72.58
2025-12-22 02:00:00,20.5,52,9.0,80,0.0,130.0,23.03,72.58
2025-12-22 03:00:00,19.9,55,8.7,72,0.0,125.0,23.03,72.58
2025-12-22 04:00:00,19.3,59,8.8,64,0.0,115.0,23.03,72.58
2025-12-22 05:00:00,18.9,63,9.0,67,0.0,130.0,23.03,72.58
2025-12-22 06:00:00,18.5,65,9.9,69,0.0,140.0,23.03,72.58
2025-12-22 07:00:00,18.0,66,10.5,70,0.0,150.0,23.03,72.58
2025-12-22 08:00:00,18.8,63,9.4,73,0.0,170.0,23.03,72.58
2025-12-22 09:00:00,20.9,55,7.3,80,0.0,225.0,23.03,72.58
2025-12-22 10:00:00,23.6,46,7.7,93,0.0,315.0,23.03,72.58
2025-12-22 11:00:00,26.5,38,7.7,99,0.0,405.0,23.03,72.58
2025-12-22 12:00:00,28.6,33,7.4,104,0.0,590.0,23.03,72.58
2025-12-22 13:00:00,29.8,28,7.2,104,0.0,830.0,23.03,72.58
2025-12-22 14:00:00,30.6,25,6.7,99,0.0,1010.0,23.03,72.58
2025-12-22 15:00:00,30.7,24,5.9,90,0.0,1090.0,23.03,72.58
2025-12-22 16:00:00,30.4,25,5.9,78,0.0,1080.0,23.03,72.58
2025-12-22 17:00:00,29.4,27,5.4,69,0.0,865.0,23.03,72.58
2025-12-22 18:00:00,28.4,30,5.2,34,0.0,150.0,23.03,72.58
2025-12-22 19:00:00,27.1,37,6.4,27,0.0,135.0,23.03,72.58
2025-12-22 20:00:00,26.0,39,7.5,48,0.0,120.0,23.03,72.58
2025-12-22 21:00:00,25.0,39,7.2,51,0.0,90.0,23.03,72.58
2025-12-22 22:00:00,24.1,41,6.3,53,0.0,80.0,23.03,72.58
2025-12-22 23:00:00,22.9,47,6.4,72,0.0,80.0,23.03,72.58
2025-12-23 00:00:00,22.2,51,7.0,90,0.0,85.0,23.03,72.58
2025-12-23 01:00:00,21.4,55,7.0,72,0.0,80.0,23.03,72.58
2025-12-23 02:00:00,20.5,60,7.6,56,0.0,75.0,23.03,72.58
2025-12-23 03:00:00,19.7,63,8.0,54,0.0,80.0,23.03,72.58
2025-12-23 04:00:00,19.0,65,8.2,57,0.0,85.0,23.03,72.58
2025-12-23 05:00:00,18.4,66,8.1,55,0.0,85.0,23.03,72.58
2025-12-23 06:00:00,18.1,68,8.8,59,0.0,95.0,23.03,72.58
2025-12-23 07:00:00,17.7,70,8.8,59,0.0,100.0,23.03,72.58
2025-12-23 08:00:00,18.4,68,8.5,61,0.0,120.0,23.03,72.58
2025-12-23 09:00:00,20.6,61,5.5,63,0.0,165.0,23.03,72.58
2025-12-23 10:00:00,23.6,51,5.9,70,0.0,255.0,23.03,72.58
2025-12-23 11:00:00,26.9,41,6.1,78,0.0,435.0,23.03,72.58
2025-12-23 12:00:00,28.9,34,5.5,79,0.0,830.0,23.03,72.58
2025-12-23 13:00:00,30.2,27,6.1,78,0.0,1905.0,23.03,72.58
2025-12-23 14:00:00,30.6,24,7.6,65,0.0,1955.0,23.03,72.58
2025-12-23 15:00:00,30.5,25,7.8,53,0.0,1905.0,23.03,72.58
2025-12-23 16:00:00,30.0,26,7.7,37,0.0,1845.0,23.03,72.58
2025-12-23 17:00:00,29.1,27,7.0,23,0.0,1655.0,23.03,72.58
2025-12-23 18:00:00,28.1,31,7.4,347,0.0,285.0,23.03,72.58
2025-12-23 19:00:00,27.3,34,7.0,342,0.0,165.0,23.03,72.58
2025-12-23 20:00:00,26.6,37,7.1,350,0.0,150.0,23.03,72.58
2025-12-23 21:00:00,25.7,40,7.9,343,0.0,135.0,23.03,72.58
2025-12-23 22:00:00,24.7,44,8.2,337,0.0,120.0,23.03,72.58
2025-12-23 23:00:00,23.9,48,8.4,350,0.0,100.0,23.03,72.58
2025-12-24 00:00:00,23.4,48,10.8,342,0.0,130.0,23.03,72.58
2025-12-24 01:00:00,22.4,51,8.3,5,0.0,145.0,23.03,72.58
2025-12-24 02:00:00,20.8,55,6.4,65,0.0,105.0,23.03,72.58
2025-12-24 03:00:00,19.8,60,7.2,22,0.0,120.0,23.03,72.58
2025-12-24 04:00:00,19.0,62,9.2,23,0.0,130.0,23.03,72.58
2025-12-24 05:00:00,18.6,60,8.3,33,0.0,110.0,23.03,72.58
2025-12-24 06:00:00,18.2,59,8.8,47,0.0,115.0,23.03,72.58
2025-12-24 07:00:00,17.7,61,9.2,50,0.0,140.0,23.03,72.58
2025-12-24 08:00:00,18.4,58,8.2,52,0.0,170.0,23.03,72.58
2025-12-24 09:00:00,20.3,51,6.9,57,0.0,215.0,23.03,72.58
2025-12-24 10:00:00,22.9,44,6.5,62,0.0,285.0,23.03,72.58
2025-12-24 11:00:00,26.2,38,5.7,66,0.0,435.0,23.03,72.58
2025-12-24 12:00:00,28.1,33,5.3,80,0.0,1470.0,23.03,72.58
2025-12-24 13:00:00,29.2,29,4.6,72,0.0,1755.0,23.03,72.58
2025-12-24 14:00:00,29.6,27,4.7,50,0.0,1805.0,23.03,72.58
2025-12-24 15:00:00,29.6,27,5.8,34,0.0,1800.0,23.03,72.58
2025-12-24 16:00:00,29.1,28,6.9,28,0.0,1795.0,23.03,72.58
2025-12-24 17:00:00,28.2,30,8.1,28,0.0,1485.0,23.03,72.58
2025-12-24 18:00:00,27.3,33,7.4,14,0.0,455.0,23.03,72.58
2025-12-24 19:00:00,26.7,36,6.6,351,0.0,200.0,23.03,72.58
2025-12-24 20:00:00,25.6,41,7.1,345,0.0,125.0,23.03,72.58
2025-12-24 21:00:00,24.2,45,7.5,350,0.0,115.0,23.03,72.58
2025-12-24 22:00:00,22.9,48,6.6,13,0.0,125.0,23.03,72.58
2025-12-24 23:00:00,21.5,54,6.6,26,0.0,115.0,23.03,72.58
2025-12-25 00:00:00,20.9,55,7.6,27,0.0,95.0,23.03,72.58
2025-12-25 01:00:00,20.7,53,7.7,12,0.0,80.0,23.03,72.58
2025-12-25 02:00:00,20.3,52,6.4,29,0.0,65.0,23.03,72.58
2025-12-25 03:00:00,18.9,58,8.0,80,0.0,95.0,23.03,72.58
2025-12-25 04:00:00,18.4,61,7.6,52,0.0,80.0,23.03,72.58
2025-12-25 05:00:00,18.2,64,8.6,54,0.0,95.0,23.03,72.58
2025-12-25 06:00:00,17.7,65,9.5,63,0.0,110.0,23.03,72.58
2025-12-25 07:00:00,17.2,67,9.7,66,0.0,130.0,23.03,72.58
2025-12-25 08:00:00,17.9,66,8.1,61,0.0,155.0,23.03,72.58
2025-12-25 09:00:00,19.9,59,6.7,63,0.0,205.0,23.03,72.58
2025-12-25 10:00:00,22.5,51,7.0,77,0.0,310.0,23.03,72.58
2025-12-25 11:00:00,25.4,44,7.3,83,0.0,445.0,23.03,72.58
2025-12-25 12:00:00,27.5,35,7.6,95,0.0,1415.0,23.03,72.58
2025-12-25 13:00:00,28.3,31,7.0,100,0.0,1570.0,23.03,72.58
2025-12-25 14:00:00,28.7,29,6.6,101,0.0,1590.0,23.03,72.58
2025-12-25 15:00:00,28.8,28,6.2,97,0.0,1595.0,23.03,72.58
2025-12-25 16:00:00,28.5,28,6.1,90,0.0,1600.0,23.03,72.58
2025-12-25 17:00:00,27.7,29,6.3,85,0.0,1475.0,23.03,72.58
2025-12-25 18:00:00,26.9,31,3.9,68,0.0,100.0,23.03,72.58
2025-12-25 19:00:00,26.0,33,4.9,4,0.0,95.0,23.03,72.58
2025-12-25 20:00:00,24.8,39,6.7,8,0.0,140.0,23.03,72.58
2025-12-25 21:00:00,23.7,43,7.3,23,0.0,130.0,23.03,72.58
2025-12-25 22:00:00,22.7,45,7.9,30,0.0,115.0,23.03,72.58
2025-12-25 23:00:00,21.9,48,7.3,40,0.0,100.0,23.03,72.58
2025-12-26 00:00:00,21.1,50,7.5,46,0.0,95.0,23.03,72.58
2025-12-26 01:00:00,19.9,54,7.6,36,0.0,100.0,23.03,72.58
2025-12-26 02:00:00,18.9,59,8.4,37,0.0,100.0,23.03,72.58
2025-12-26 03:00:00,18.3,61,8.8,43,0.0,110.0,23.03,72.58
2025-12-26 04:00:00,17.9,62,8.8,49,0.0,120.0,23.03,72.58
2025-12-26 05:00:00,17.4,63,9.0,57,0.0,145.0,23.03,72.58
2025-12-26 06:00:00,17.2,64,9.6,64,0.0,170.0,23.03,72.58
2025-12-26 07:00:00,16.8,66,9.9,68,0.0,180.0,23.03,72.58
2025-12-26 08:00:00,17.5,63,8.2,71,0.0,205.0,23.03,72.58
2025-12-26 09:00:00,19.4,56,8.0,74,0.0,260.0,23.03,72.58
2025-12-26 10:00:00,22.0,48,7.9,77,0.0,340.0,23.03,72.58
2025-12-26 11:00:00,24.8,42,8.0,80,0.0,500.0,23.03,72.58
2025-12-26 12:00:00,26.9,36,8.8,90,0.0,960.0,23.03,72.58
2025-12-26 13:00:00,28.0,31,7.7,93,0.0,1425.0,23.03,72.58
2025-12-26 14:00:00,28.5,30,6.1,92,0.0,1530.0,23.03,72.58
2025-12-26 15:00:00,28.6,29,5.6,90,0.0,1650.0,23.03,72.58
2025-12-26 16:00:00,28.3,30,5.7,77,0.0,1635.0,23.03,72.58
2025-12-26 17:00:00,27.1,33,7.1,69,0.0,1380.0,23.03,72.58
2025-12-26 18:00:00,26.1,37,7.2,39,0.0,470.0,23.03,72.58
2025-12-26 19:00:00,24.9,39,8.5,38,0.0,330.0,23.03,72.58
2025-12-26 20:00:00,24.0,40,8.6,49,0.0,210.0,23.03,72.58
2025-12-26 21:00:00,23.1,41,8.5,48,0.0,145.0,23.03,72.58
2025-12-26 22:00:00,22.0,43,8.8,46,0.0,125.0,23.03,72.58
2025-12-26 23:00:00,20.8,45,8.6,49,0.0,125.0,23.03,72.58
2025-12-27 00:00:00,20.4,44,8.6,59,0.0,120.0,23.03,72.58
2025-12-27 01:00:00,19.6,46,9.1,69,0.0,170.0,23.03,72.58
2025-12-27 02:00:00,18.9,49,9.6,70,0.0,185.0,23.03,72.58
2025-12-27 03:00:00,18.3,53,10.2,67,0.0,185.0,23.03,72.58
2025-12-27 04:00:00,17.7,55,10.5,63,0.0,190.0,23.03,72.58
2025-12-27 05:00:00,16.8,58,11.0,66,0.0,200.0,23.03,72.58
2025-12-27 06:00:00,16.7,56,11.1,70,0.0,200.0,23.03,72.58
2025-12-27 07:00:00,16.3,56,11.0,69,0.0,195.0,23.03,72.58
2025-12-27 08:00:00,16.9,53,9.2,69,0.0,210.0,23.03,72.58
2025-12-27 09:00:00,18.9,47,9.1,73,0.0,245.0,23.03,72.58
2025-12-27 10:00:00,21.5,42,8.5,77,0.0,320.0,23.03,72.58
2025-12-27 11:00:00,24.0,40,8.3,77,0.0,410.0,23.03,72.58
2025-12-27 12:00:00,26.1,36,7.5,80,0.0,630.0,23.03,72.58
2025-12-27 13:00:00,27.3,33,6.2,83,0.0,1105.0,23.03,72.58
2025-12-27 14:00:00,28.0,31,4.7,86,0.0,1345.0,23.03,72.58
2025-12-27 15:00:00,28.3,30,4.3,75,0.0,1520.0,23.03,72.58
2025-12-27 16:00:00,28.0,31,5.1,54,0.0,1590.0,23.03,72.58
2025-12-27 17:00:00,26.7,35,7.7,39,0.0,1140.0,23.03,72.58
2025-12-27 18:00:00,25.7,38,8.0,14,0.0,425.0,23.03,72.58
2025-12-27 19:00:00,24.9,40,7.6,15,0.0,265.0,23.03,72.58
2025-12-27 20:00:00,24.1,42,6.8,27,0.0,135.0,23.03,72.58
2025-12-27 21:00:00,23.2,45,6.6,37,0.0,105.0,23.03,72.58
2025-12-27 22:00:00,22.0,48,6.8,35,0.0,100.0,23.03,72.58
2025-12-27 23:00:00,20.9,52,7.6,43,0.0,110.0,23.03,72.58
2025-12-28 00:00:00,20.1,53,7.7,41,0.0,110.0,23.03,72.58
2025-12-28 01:00:00,19.3,55,7.5,48,0.0,105.0,23.03,72.58
2025-12-28 02:00:00,18.5,57,8.7,56,0.0,135.0,23.03,72.58
2025-12-28 03:00:00,17.9,58,9.1,49,0.0,145.0,23.03,72.58
2025-12-28 04:00:00,17.4,59,9.2,47,0.0,135.0,23.03,72.58
2025-12-28 05:00:00,17.0,62,8.9,56,0.0,125.0,23.03,72.58
2025-12-28 06:00:00,16.6,63,9.4,66,0.0,145.0,23.03,72.58
2025-12-28 07:00:00,16.2,66,9.9,69,0.0,150.0,23.03,72.58
2025-12-28 08:00:00,17.0,63,8.5,69,0.0,165.0,23.03,72.58
2025-12-28 09:00:00,19.1,56,6.8,73,0.0,215.0,23.03,72.58
2025-12-28 10:00:00,21.9,48,6.7,82,0.0,295.0,23.03,72.58
2025-12-28 11:00:00,24.5,42,5.8,90,0.0,380.0,23.03,72.58
2025-12-28 12:00:00,26.7,37,4.6,99,0.0,640.0,23.03,72.58
2025-12-28 13:00:00,28.1,31,3.3,112,0.0,1435.0,23.03,72.58
2025-12-28 14:00:00,28.7,29,1.3,135,0.0,1585.0,23.03,72.58
2025-12-28 15:00:00,28.9,27,0.4,153,0.0,1660.0,23.03,72.58
2025-12-28 16:00:00,28.7,28,0.7,76,0.0,1650.0,23.03,72.58
2025-12-28 17:00:00,27.7,31,4.8,53,0.0,1495.0,23.03,72.58
2025-12-28 18:00:00,26.4,35,6.5,30,0.0,310.0,23.03,72.58
2025-12-28 19:00:00,25.5,38,7.8,23,0.0,235.0,23.03,72.58
2025-12-28 20:00:00,24.7,39,7.7,30,0.0,155.0,23.03,72.58
2025-12-28 21:00:00,24.0,41,7.2,27,0.0,120.0,23.03,72.58
2025-12-28 22:00:00,23.1,43,6.9,30,0.0,90.0,23.03,72.58
2025-12-28 23:00:00,21.6,48,6.8,37,0.0,90.0,23.03,72.58
2025-12-29 00:00:00,20.4,53,7.8,32,0.0,90.0,23.03,72.58
2025-12-29 01:00:00,19.3,58,7.9,41,0.0,90.0,23.03,72.58
2025-12-29 02:00:00,18.2,62,7.9,47,0.0,95.0,23.03,72.58
2025-12-29 03:00:00,17.4,65,8.4,47,0.0,100.0,23.03,72.58
2025-12-29 04:00:00,16.9,66,8.7,48,0.0,100.0,23.03,72.58
2025-12-29 05:00:00,16.7,65,8.7,50,0.0,110.0,23.03,72.58
2025-12-29 06:00:00,16.7,64,9.4,55,0.0,130.0,23.03,72.58
2025-12-29 07:00:00,16.3,65,9.5,65,0.0,140.0,23.03,72.58
2025-12-29 08:00:00,17.1,63,8.3,72,0.0,145.0,23.03,72.58
2025-12-29 09:00:00,19.4,57,5.9,76,0.0,185.0,23.03,72.58
2025-12-29 10:00:00,22.2,49,5.8,85,0.0,270.0,23.03,72.58
2025-12-29 11:00:00,24.9,43,4.8,105,0.0,380.0,23.03,72.58
2025-12-29 12:00:00,27.0,37,4.0,117,0.0,1015.0,23.03,72.58
2025-12-29 13:00:00,28.2,31,3.9,146,0.0,1320.0,23.03,72.58
2025-12-29 14:00:00,28.8,28,3.4,162,0.0,1460.0,23.03,72.58
2025-12-29 15:00:00,29.0,28,3.2,180,0.0,1515.0,23.03,72.58
2025-12-29 16:00:00,28.7,28,3.0,197,0.0,1635.0,23.03,72.58
2025-12-29 17:00:00,27.7,33,2.6,231,0.0,1390.0,23.03,72.58
2025-12-29 18:00:00,26.4,36,3.8,275,0.0,105.0,23.03,72.58
2025-12-29 19:00:00,25.4,42,6.5,326,0.0,220.0,23.03,72.58
2025-12-29 20:00:00,25.0,44,6.1,2,0.0,175.0,23.03,72.58
2025-12-29 21:00:00,24.2,46,5.6,360,0.0,90.0,23.03,72.58
2025-12-29 22:00:00,23.0,50,5.6,7,0.0,80.0,23.03,72.58
2025-12-29 23:00:00,22.3,53,5.0,19,0.0,65.0,23.03,72.58
2025-12-30 00:00:00,21.2,57,6.5,19,0.0,70.0,23.03,72.58
2025-12-30 01:00:00,19.8,62,6.1,56,0.0,65.0,23.03,72.58
2025-12-30 02:00:00,18.7,67,6.7,59,0.0,65.0,23.03,72.58
2025-12-30 03:00:00,18.2,69,6.9,62,0.0,60.0,23.03,72.58
2025-12-30 04:00:00,17.8,69,7.4,68,0.0,60.0,23.03,72.58
2025-12-30 05:00:00,16.8,70,7.7,72,0.0,85.0,23.03,72.58
2025-12-30 06:00:00,16.7,70,8.2,75,0.0,95.0,23.03,72.58
2025-12-30 07:00:00,16.4,71,8.3,70,0.0,95.0,23.03,72.58
2025-12-30 08:00:00,17.2,68,7.5,69,0.0,105.0,23.03,72.58
2025-12-30 09:00:00,19.7,58,4.1,77,0.0,130.0,23.03,72.58
2025-12-30 10:00:00,22.7,48,3.2,87,0.0,215.0,23.03,72.58
2025-12-30 11:00:00,25.5,41,2.6,115,0.0,390.0,23.03,72.58
2025-12-30 12:00:00,27.4,34,1.3,135,0.0,1685.0,23.03,72.58
2025-12-30 13:00:00,28.4,30,1.2,243,0.0,1890.0,23.03,72.58
2025-12-30 14:00:00,28.8,29,3.8,259,0.0,1960.0,23.03,72.58
2025-12-30 15:00:00,28.8,29,5.8,263,0.0,1960.0,23.03,72.58
2025-12-30 16:00:00,28.3,31,7.2,266,0.0,1875.0,23.03,72.58
2025-12-30 17:00:00,27.3,34,7.9,273,0.0,1615.0,23.03,72.58
2025-12-30 18:00:00,26.4,37,6.8,267,0.0,530.0,23.03,72.58
2025-12-30 19:00:00,25.7,41,4.6,261,0.0,210.0,23.03,72.58
2025-12-30 20:00:00,24.9,44,3.2,52,0.0,85.0,23.03,72.58
2025-12-30 21:00:00,23.9,47,5.8,60,0.0,90.0,23.03,72.58
2025-12-30 22:00:00,23.1,50,3.9,37,0.0,65.0,23.03,72.58
2025-12-30 23:00:00,22.0,57,1.8,11,0.0,45.0,23.03,72.58
2025-12-31 00:00:00,21.7,56,3.8,3,0.0,35.0,23.03,72.58
2025-12-31 01:00:00,21.1,58,4.0,30,0.0,30.0,23.03,72.58
2025-12-31 02:00:00,20.3,61,2.4,48,0.0,25.0,23.03,72.58
2025-12-31 03:00:00,19.3,65,5.1,253,0.0,55.0,23.03,72.58
2025-12-31 04:00:00,18.9,67,5.2,245,0.0,75.0,23.03,72.58
2025-12-31 05:00:00,18.7,69,3.4,267,0.0,50.0,23.03,72.58
2025-12-31 06:00:00,18.6,69,2.7,217,0.0,45.0,23.03,72.58
2025-12-31 07:00:00,17.7,73,4.1,124,0.0,50.0,23.03,72.58
2025-12-31 08:00:00,18.1,71,3.6,127,0.0,55.0,23.03,72.58
2025-12-31 09:00:00,20.5,61,1.5,144,0.0,115.0,23.03,72.58
2025-12-31 10:00:00,23.2,50,1.1,189,0.0,285.0,23.03,72.58
2025-12-31 11:00:00,25.3,42,2.1,200,0.0,725.0,23.03,72.58
2025-12-31 12:00:00,26.9,35,3.8,225,0.0,1830.0,23.03,72.58
2025-12-31 13:00:00,27.7,33,6.0,241,0.0,2045.0,23.03,72.58
2025-12-31 14:00:00,28.0,32,7.6,242,0.0,1975.0,23.03,72.58
2025-12-31 15:00:00,27.7,34,11.4,239,0.0,1905.0,23.03,72.58
2025-12-31 16:00:00,27.0,36,9.9,224,0.0,1470.0,23.03,72.58
2025-12-31 17:00:00,26.9,38,6.4,238,0.0,1755.0,23.03,72.58
2025-12-31 18:00:00,26.1,41,5.6,211,0.0,305.0,23.03,72.58
2025-12-31 19:00:00,25.4,44,5.6,209,0.0,170.0,23.03,72.58
2025-12-31 20:00:00,25.1,46,4.9,176,0.0,110.0,23.03,72.58
2025-12-31 21:00:00,24.2,49,6.5,174,0.0,115.0,23.03,72.58
2025-12-31 22:00:00,23.2,54,6.8,230,0.0,135.0,23.03,72.58
2025-12-31 23:00:00,22.4,58,7.6,243,0.0,210.0,23.03,72.58
