{
"type": "FeatureCollection",
"name": "ahmedabad_1km_grid",
"crs": { "type": "name", "properties": { "name": "urn:ogc:def:crs:OGC:1.3:CRS84" } },
"features": [
{ "type": "Feature", "properties": { "grid_id": "AHM-0001" }, "geometry": { "type": "Polygon", "coordinates": [ [ [ 72.394207347660071, 22.883180534337775 ], [ 72.403946747587014, 22.883339940548066 ], [ 72.403774986247583, 22.892364198506858 ], [ 72.394034943712612, 22.892204722451499 ], [ 72.394207347660071, 22.883180534337775 ] ] ] } },
{ "type": "Feature", "properties": { "grid_id": "AHM-0002" }, "geometry": { "type": "Polygon", "coordinates": [ [ [ 72.394034943712612, 22.892204722451499 ], [ 72.403774986247583, 22.892364198506858 ], [ 72.403603138102426, 22.901388445004834 ], [ 72.39386245263502, 22.901228899095447 ], [ 72.394034943712612, 22.892204722451499 ] ] ] } },
{ "type": "Feature", "properties": { "grid_id": "AHM-0003" }, "geometry": { "type": "Polygon", "coordinates": [ [ [ 72.39386245263502, 22.901228899095447 ], [ 72.403603138102426, 22.901388445004834 ], [ 72.403431203125962, 22.910412680038153 ], [ 72.393689874401602, 22.910253064265799 ], [ 72.39386245263502, 22.901228899095447 ] ] ] } },
{ "type": "Feature", "properties": { "grid_id": "AHM-0004" }, "geometry": { "type": "Polygon", "coordinates": [ [ [ 72.393689874401602, 22.910253064265799 ], [ 72.403431203125962, 22.910412680038153 ], [ 72.403259181292555, 22.919436903603021 ], [ 72.393517208986637, 22.919277217958729 ], [ 72.393689874401602, 22.910253064265799 ] ] ] } },
{ "type": "Feature", "properties": { "grid_id": "AHM-0005" }, "geometry": { "type": "Polygon", "coordinates": [ [ [ 72.393517208986637, 22.919277217958729 ], [ 72.403259181292555, 22.919436903603021 ], [ 72.403087072576596, 22.928461115695608 ], [ 72.393344456364431, 22.928301360170426 ], [ 72.393517208986637, 22.919277217958729 ] ] ] } },
{ "type": "Feature", "properties": { "grid_id": "AHM-0006" }, "geometry": { "type": "Polygon", "coordinates": [ [ [ 72.393344456364431, 22.928301360170426 ], [ 72.403087072576596, 22.928461115695608 ], [ 72.402914876952437, 22.937485316312099 ], [ 72.393171616509221, 22.937325490897049 ], [ 72.393344456364431, 22.928301360170426 ] ] ] } },
{ "type": "Feature", "properties": { "grid_id": "AHM-0007" }, "geometry": { "type": "Polygon", "coordinates": [ [ [ 72.393171616509221, 22.937325490897049 ], [ 72.402914876952437, 22.937485316312099 ], [ 72.402742594394383, 22.946509505448681 ], [ 72.392998689395256, 22.946349610134796 ], [ 72.393171616509221, 22.937325490897049 ] ] ] } },
{ "type": "Feature", "properties": { "grid_id": "AHM-0008" }, "geometry": { "type": "Polygon", "coordinates": [ [ [ 72.392998689395256, 22.946349610134796 ], [ 72.402742594394383, 22.946509505448681 ], [ 72.402570224876797, 22.955533683101539 ], [ 72.392825674996743, 22.955373717879837 ], [ 72.392998689395256, 22.946349610134796 ] ] ] } },
{ "type": "Feature", "properties": { "grid_id": "AHM-0009" }, "geometry": { "type": "Polygon", "coordinates": [ [ [ 72.392825674996743, 22.955373717879837 ], [ 72.402570224876797, 22.955533683101539 ], [ 72.402397768373959, 22.964557849266871 ], [ 72.392652573287918, 22.964397814128361 ], [ 72.392825674996743, 22.955373717879837 ] ] ] } },
{ "type": "Feature", "properties": { "grid_id": "AHM-0010" }, "geometry": { "type": "Polygon", "coordinates": [ [ [ 72.392652573287918, 22.964397814128361 ], [ 72.402397768373959, 22.964557849266871 ], [ 72.402225224860146, 22.973582003940852 ], [ 72.392479384242932, 22.973421898876545 ], [ 72.392652573287918, 22.964397814128361 ] ] ] } },
{ "type": "Feature", "properties": { "grid_id": "AHM-0011" }, "geometry": { "type": "Polygon", "coordinates": [ [ [ 72.392479384242932, 22.973421898876545 ], [ 72.402225224860146, 22.973582003940852 ], [ 72.402052594309652, 22.982606147119665 ], [ 72.392306107835978, 22.982445972120576 ], [ 72.392479384242932, 22.973421898876545 ] ] ] } },
{ "type": "Feature", "properties": { "grid_id": "AHM-0012" }, "geometry": { "type": "Polygon", "coordinates": [ [ [ 72.392306107835978, 22.982445972120576 ], [ 72.402052594309652, 22.982606147119665 ], [ 72.401879876696711, 22.991630278799519 ], [ 72.39213274404122, 22.99147003385664 ], [ 72.392306107835978, 22.982445972120576 ] ] ] } },
{ "type": "Feature", "properties": { "grid_id": "AHM-0013" }, "geometry": { "type": "Polygon", "coordinates": [ [ [ 72.39213274404122, 22.99147003385664 ], [ 72.401879876696711, 22.991630278799519 ], [ 72.401707071995546, 23.000654398976589 ], [ 72.391959292832809, 23.00049408408092 ], [ 72.39213274404122, 22.99147003385664 ] ] ] } },
{ "type": "Feature", "properties": { "grid_id": "AHM-0014" }, "geometry": { "type": "Polygon", "coordinates": [ [ [ 72.391959292832809, 23.00049408408092 ], [ 72.401707071995546, 23.000654398976589 ], [ 72.401534180180406, 23.00967850764706 ], [ 72.391785754184809, 23.009518122789583 ], [ 72.391959292832809, 23.00049408408092 ] ] ] } },
{ "type": "Feature", "properties": { "grid_id": "AHM-0015" }, "geometry": { "type": "Polygon", "coordinates": [ [ [ 72.391785754184809, 23.009518122789583 ], [ 72.401534180180406, 23.00967850764706 ], [ 72.40136120122547, 23.018702604807142 ], [ 72.391612128071401, 23.018542149978849 ], [ 72.391785754184809, 23.009518122789583 ] ] ] } },
{ "type": "Feature", "properties": { "grid_id": "AHM-0016" }, "geometry": { "type": "Polygon", "coordinates": [ [ [ 72.391612128071401, 23.018542149978849 ], [ 72.40136120122547, 23.018702604807142 ], [ 72.401188135104917, 23.027726690453015 ], [ 72.391438414466606, 23.027566165644881 ], [ 72.391612128071401, 23.018542149978849 ] ] ] } },
{ "type": "Feature", "properties": { "grid_id": "AHM-0017" }, "geometry": { "type": "Polygon", "coordinates": [ [ [ 72.391438414466606, 23.027566165644881 ], [ 72.401188135104917, 23.027726690453015 ], [ 72.40101498179294, 23.036750764580869 ], [ 72.391264613344532, 23.036590169783864 ], [ 72.391438414466606, 23.027566165644881 ] ] ] } },
{ "type": "Feature", "properties": { "grid_id": "AHM-0018" }, "geometry": { "type": "Polygon", "coordinates": [ [ [ 72.391264613344532, 23.036590169783864 ], [ 72.40101498179294, 23.036750764580869 ], [ 72.400841741263648, 23.045774827186904 ], [ 72.391090724679231, 23.045614162392003 ], [ 72.391264613344532, 23.036590169783864 ] ] ] } },
{ "type": "Feature", "properties": { "grid_id": "AHM-0019" }, "geometry": { "type": "Polygon", "coordinates": [ [ [ 72.391090724679231, 23.045614162392003 ], [ 72.400841741263648, 23.045774827186904 ], [ 72.400668413491218, 23.054798878267309 ], [ 72.39091674844471, 23.054638143465482 ], [ 72.391090724679231, 23.045614162392003 ] ] ] } },
{ "type": "Feature", "properties": { "grid_id": "AHM-0020" }, "geometry": { "type": "Polygon", "coordinates": [ [ [ 72.39091674844471, 23.054638143465482 ], [ 72.400668413491218, 23.054798878267309 ], [ 72.40049499844973, 23.063822917818282 ], [ 72.39074268461502, 23.063662113000476 ], [ 72.39091674844471, 23.054638143465482 ] ] ] } },
{ "type": "Feature", "properties": { "grid_id": "AHM-0021" }, "geometry": { "type": "Polygon", "coordinates": [ [ [ 72.39074268461502, 23.063662113000476 ], [ 72.40049499844973, 23.063822917818282 ], [ 72.400321496113307, 23.072846945836019 ], [ 72.390568533164156, 23.072686070993186 ], [ 72.39074268461502, 23.063662113000476 ] ] ] } },
{ "type": "Feature", "properties": { "grid_id": "AHM-0022" }, "geometry": { "type": "Polygon", "coordinates": [ [ [ 72.390568533164156, 23.072686070993186 ], [ 72.400321496113307, 23.072846945836019 ], [ 72.400147906456013, 23.08187096231671 ], [ 72.390394294066112, 23.081710017439804 ], [ 72.390568533164156, 23.072686070993186 ] ] ] } },
{ "type": "Feature", "properties": { "grid_id": "AHM-0023" }, "geometry": { "type": "Polygon", "coordinates": [ [ [ 72.390394294066112, 23.081710017439804 ], [ 72.400147906456013, 23.08187096231671 ], [ 72.399974229451928, 23.090894967256563 ], [ 72.390219967294826, 23.090733952336528 ], [ 72.390394294066112, 23.081710017439804 ] ] ] } },
{ "type": "Feature", "properties": { "grid_id": "AHM-0024" }, "geometry": { "type": "Polygon", "coordinates": [ [ [ 72.390219967294826, 23.090733952336528 ], [ 72.399974229451928, 23.090894967256563 ], [ 72.399800465075089, 23.09991896065177 ], [ 72.39004555282429, 23.099757875679536 ], [ 72.390219967294826, 23.090733952336528 ] ] ] } },
{ "type": "Feature", "properties": { "grid_id": "AHM-0025" }, "geometry": { "type": "Polygon", "coordinates": [ [ [ 72.39004555282429, 23.099757875679536 ], [ 72.399800465075089, 23.09991896065177 ], [ 72.399626613299532, 23.108942942498526 ], [ 72.389871050628386, 23.108781787465031 ], [ 72.39004555282429, 23.099757875679536 ] ] ] } },
{ "type": "Feature", "properties": { "grid_id": "AHM-0026" }, "geometry": { "type": "Polygon", "coordinates": [ [ [ 72.389871050628386, 23.108781787465031 ], [ 72.399626613299532, 23.108942942498526 ], [ 72.399452674099265, 23.11796691279303 ], [ 72.38969646068108, 23.117805687689202 ], [ 72.389871050628386, 23.108781787465031 ] ] ] } },
{ "type": "Feature", "properties": { "grid_id": "AHM-0027" }, "geometry": { "type": "Polygon", "coordinates": [ [ [ 72.38969646068108, 23.117805687689202 ], [ 72.399452674099265, 23.11796691279303 ], [ 72.399278647448284, 23.126990871531486 ], [ 72.389521782956237, 23.126829576348243 ], [ 72.38969646068108, 23.117805687689202 ] ] ] } },
{ "type": "Feature", "properties": { "grid_id": "AHM-0028" }, "geometry": { "type": "Polygon", "coordinates": [ [ [ 72.389521782956237, 23.126829576348243 ], [ 72.399278647448284, 23.126990871531486 ], [ 72.399104533320568, 23.136014818710095 ], [ 72.389347017427752, 23.135853453438362 ], [ 72.389521782956237, 23.126829576348243 ] ] ] } },
{ "type": "Feature", "properties": { "grid_id": "AHM-0029" }, "geometry": { "type": "Polygon", "coordinates": [ [ [ 72.389347017427752, 23.135853453438362 ], [ 72.399104533320568, 23.136014818710095 ], [ 72.398930331690082, 23.145038754325064 ], [ 72.389172164069493, 23.144877318955739 ], [ 72.389347017427752, 23.135853453438362 ] ] ] } },
{ "type": "Feature", "properties": { "grid_id": "AHM-0030" }, "geometry": { "type": "Polygon", "coordinates": [ [ [ 72.389172164069493, 23.144877318955739 ], [ 72.398930331690082, 23.145038754325064 ], [ 72.398756042530778, 23.15406267837259 ], [ 72.388997222855309, 23.153901172896585 ], [ 72.389172164069493, 23.144877318955739 ] ] ] } },
{ "type": "Feature", "properties": { "grid_id": "AHM-0031" }, "geometry": { "type": "Polygon", "coordinates": [ [ [ 72.388997222855309, 23.153901172896585 ], [ 72.398756042530778, 23.15406267837259 ], [ 72.398581665816565, 23.163086590848863 ], [ 72.38882219375904, 23.162925015257084 ], [ 72.388997222855309, 23.153901172896585 ] ] ] } },
{ "type": "Feature", "properties": { "grid_id": "AHM-0032" }, "geometry": { "type": "Polygon", "coordinates": [ [ [ 72.38882219375904, 23.162925015257084 ], [ 72.398581665816565, 23.163086590848863 ], [ 72.398407201521366, 23.172110491750097 ], [ 72.388647076754467, 23.171948846033441 ], [ 72.38882219375904, 23.162925015257084 ] ] ] } },
{ "type": "Feature", "properties": { "grid_id": "AHM-0033" }, "geometry": { "type": "Polygon", "coordinates": [ [ [ 72.388647076754467, 23.171948846033441 ], [ 72.398407201521366, 23.172110491750097 ], [ 72.398232649619061, 23.181134381072507 ], [ 72.388471871815398, 23.180972665221859 ], [ 72.388647076754467, 23.171948846033441 ] ] ] } },
{ "type": "Feature", "properties": { "grid_id": "AHM-0034" }, "geometry": { "type": "Polygon", "coordinates": [ [ [ 72.388471871815398, 23.180972665221859 ], [ 72.398232649619061, 23.181134381072507 ], [ 72.39805801008356, 23.190158258812275 ], [ 72.388296578915643, 23.189996472818528 ], [ 72.388471871815398, 23.180972665221859 ] ] ] } },
{ "type": "Feature", "properties": { "grid_id": "AHM-0035" }, "geometry": { "type": "Polygon", "coordinates": [ [ [ 72.388296578915643, 23.189996472818528 ], [ 72.39805801008356, 23.190158258812275 ], [ 72.397883282888671, 23.199182124965631 ], [ 72.388121198028927, 23.199020268819652 ], [ 72.388296578915643, 23.189996472818528 ] ] ] } },
{ "type": "Feature", "properties": { "grid_id": "AHM-0036" }, "geometry": { "type": "Polygon", "coordinates": [ [ [ 72.388121198028927, 23.199020268819652 ], [ 72.397883282888671, 23.199182124965631 ], [ 72.39770846800829, 23.208205979528771 ], [ 72.387945729129015, 23.208044053221442 ], [ 72.388121198028927, 23.199020268819652 ] ] ] } },
{ "type": "Feature", "properties": { "grid_id": "AHM-0037" }, "geometry": { "type": "Polygon", "coordinates": [ [ [ 72.387945729129015, 23.208044053221442 ], [ 72.39770846800829, 23.208205979528771 ], [ 72.397533565416211, 23.217229822497899 ], [ 72.387770172189619, 23.217067826020092 ], [ 72.387945729129015, 23.208044053221442 ] ] ] } },
{ "type": "Feature", "properties": { "grid_id": "AHM-0038" }, "geometry": { "type": "Polygon", "coordinates": [ [ [ 72.403946747587014, 22.883339940548066 ], [ 72.413686234294119, 22.883498751287654 ], [ 72.413515115588282, 22.892523078830763 ], [ 72.403774986247583, 22.892364198506858 ], [ 72.403946747587014, 22.883339940548066 ] ] ] } },
{ "type": "Feature", "properties": { "grid_id": "AHM-0039" }, "geometry": { "type": "Polygon", "coordinates": [ [ [ 72.403774986247583, 22.892364198506858 ], [ 72.413515115588282, 22.892523078830763 ], [ 72.413343910401167, 22.901547394921977 ], [ 72.403603138102426, 22.901388445004834 ], [ 72.403774986247583, 22.892364198506858 ] ] ] } },
{ "type": "Feature", "properties": { "grid_id": "AHM-0040" }, "geometry": { "type": "Polygon", "coordinates": [ [ [ 72.403603138102426, 22.901388445004834 ], [ 72.413343910401167, 22.901547394921977 ], [ 72.41317261870725, 22.910571699557451 ], [ 72.403431203125962, 22.910412680038153 ], [ 72.403603138102426, 22.901388445004834 ] ] ] } },
{ "type": "Feature", "properties": { "grid_id": "AHM-0041" }, "geometry": { "type": "Polygon", "coordinates": [ [ [ 72.403431203125962, 22.910412680038153 ], [ 72.41317261870725, 22.910571699557451 ], [ 72.413001240481037, 22.919595992733399 ], [ 72.403259181292555, 22.919436903603021 ], [ 72.403431203125962, 22.910412680038153 ] ] ] } },
{ "type": "Feature", "properties": { "grid_id": "AHM-0042" }, "geometry": { "type": "Polygon", "coordinates": [ [ [ 72.403259181292555, 22.919436903603021 ], [ 72.413001240481037, 22.919595992733399 ], [ 72.412829775696977, 22.928620274445997 ], [ 72.403087072576596, 22.928461115695608 ], [ 72.403259181292555, 22.919436903603021 ] ] ] } },
{ "type": "Feature", "properties": { "grid_id": "AHM-0043" }, "geometry": { "type": "Polygon", "coordinates": [ [ [ 72.403087072576596, 22.928461115695608 ], [ 72.412829775696977, 22.928620274445997 ], [ 72.412658224329505, 22.937644544691437 ], [ 72.402914876952437, 22.937485316312099 ], [ 72.403087072576596, 22.928461115695608 ] ] ] } },
{ "type": "Feature", "properties": { "grid_id": "AHM-0044" }, "geometry": { "type": "Polygon", "coordinates": [ [ [ 72.402914876952437, 22.937485316312099 ], [ 72.412658224329505, 22.937644544691437 ], [ 72.412486586353069, 22.946668803465904 ], [ 72.402742594394383, 22.946509505448681 ], [ 72.402914876952437, 22.937485316312099 ] ] ] } },
{ "type": "Feature", "properties": { "grid_id": "AHM-0045" }, "geometry": { "type": "Polygon", "coordinates": [ [ [ 72.402742594394383, 22.946509505448681 ], [ 72.412486586353069, 22.946668803465904 ], [ 72.41231486174209, 22.955693050765603 ], [ 72.402570224876797, 22.955533683101539 ], [ 72.402742594394383, 22.946509505448681 ] ] ] } },
{ "type": "Feature", "properties": { "grid_id": "AHM-0046" }, "geometry": { "type": "Polygon", "coordinates": [ [ [ 72.402570224876797, 22.955533683101539 ], [ 72.41231486174209, 22.955693050765603 ], [ 72.412143050470974, 22.964717286586716 ], [ 72.402397768373959, 22.964557849266871 ], [ 72.402570224876797, 22.955533683101539 ] ] ] } },
{ "type": "Feature", "properties": { "grid_id": "AHM-0047" }, "geometry": { "type": "Polygon", "coordinates": [ [ [ 72.402397768373959, 22.964557849266871 ], [ 72.412143050470974, 22.964717286586716 ], [ 72.41197115251407, 22.973741510925439 ], [ 72.402225224860146, 22.973582003940852 ], [ 72.402397768373959, 22.964557849266871 ] ] ] } },
{ "type": "Feature", "properties": { "grid_id": "AHM-0048" }, "geometry": { "type": "Polygon", "coordinates": [ [ [ 72.402225224860146, 22.973582003940852 ], [ 72.41197115251407, 22.973741510925439 ], [ 72.411799167845757, 22.982765723777963 ], [ 72.402052594309652, 22.982606147119665 ], [ 72.402225224860146, 22.973582003940852 ] ] ] } },
{ "type": "Feature", "properties": { "grid_id": "AHM-0049" }, "geometry": { "type": "Polygon", "coordinates": [ [ [ 72.402052594309652, 22.982606147119665 ], [ 72.411799167845757, 22.982765723777963 ], [ 72.411627096440398, 22.991789925140484 ], [ 72.401879876696711, 22.991630278799519 ], [ 72.402052594309652, 22.982606147119665 ] ] ] } },
{ "type": "Feature", "properties": { "grid_id": "AHM-0050" }, "geometry": { "type": "Polygon", "coordinates": [ [ [ 72.401879876696711, 22.991630278799519 ], [ 72.411627096440398, 22.991789925140484 ], [ 72.4114549382723, 23.000814115009192 ], [ 72.401707071995546, 23.000654398976589 ], [ 72.401879876696711, 22.991630278799519 ] ] ] } },
{ "type": "Feature", "properties": { "grid_id": "AHM-0051" }, "geometry": { "type": "Polygon", "coordinates": [ [ [ 72.401707071995546, 23.000654398976589 ], [ 72.4114549382723, 23.000814115009192 ], [ 72.411282693315769, 23.009838293380287 ], [ 72.401534180180406, 23.00967850764706 ], [ 72.401707071995546, 23.000654398976589 ] ] ] } },
{ "type": "Feature", "properties": { "grid_id": "AHM-0052" }, "geometry": { "type": "Polygon", "coordinates": [ [ [ 72.401534180180406, 23.00967850764706 ], [ 72.411282693315769, 23.009838293380287 ], [ 72.411110361545155, 23.018862460249967 ], [ 72.40136120122547, 23.018702604807142 ], [ 72.401534180180406, 23.00967850764706 ] ] ] } },
{ "type": "Feature", "properties": { "grid_id": "AHM-0053" }, "geometry": { "type": "Polygon", "coordinates": [ [ [ 72.40136120122547, 23.018702604807142 ], [ 72.411110361545155, 23.018862460249967 ], [ 72.410937942934666, 23.027886615614428 ], [ 72.401188135104917, 23.027726690453015 ], [ 72.40136120122547, 23.018702604807142 ] ] ] } },
{ "type": "Feature", "properties": { "grid_id": "AHM-0054" }, "geometry": { "type": "Polygon", "coordinates": [ [ [ 72.401188135104917, 23.027726690453015 ], [ 72.410937942934666, 23.027886615614428 ], [ 72.410765437458622, 23.036910759469865 ], [ 72.40101498179294, 23.036750764580869 ], [ 72.401188135104917, 23.027726690453015 ] ] ] } },
{ "type": "Feature", "properties": { "grid_id": "AHM-0055" }, "geometry": { "type": "Polygon", "coordinates": [ [ [ 72.40101498179294, 23.036750764580869 ], [ 72.410765437458622, 23.036910759469865 ], [ 72.410592845091244, 23.045934891812479 ], [ 72.400841741263648, 23.045774827186904 ], [ 72.40101498179294, 23.036750764580869 ] ] ] } },
{ "type": "Feature", "properties": { "grid_id": "AHM-0056" }, "geometry": { "type": "Polygon", "coordinates": [ [ [ 72.400841741263648, 23.045774827186904 ], [ 72.410592845091244, 23.045934891812479 ], [ 72.410420165806755, 23.05495901263847 ], [ 72.400668413491218, 23.054798878267309 ], [ 72.400841741263648, 23.045774827186904 ] ] ] } },
{ "type": "Feature", "properties": { "grid_id": "AHM-0057" }, "geometry": { "type": "Polygon", "coordinates": [ [ [ 72.400668413491218, 23.054798878267309 ], [ 72.410420165806755, 23.05495901263847 ], [ 72.41024739957939, 23.06398312194403 ], [ 72.40049499844973, 23.063822917818282 ], [ 72.400668413491218, 23.054798878267309 ] ] ] } },
{ "type": "Feature", "properties": { "grid_id": "AHM-0058" }, "geometry": { "type": "Polygon", "coordinates": [ [ [ 72.40049499844973, 23.063822917818282 ], [ 72.41024739957939, 23.06398312194403 ], [ 72.410074546383314, 23.073007219725376 ], [ 72.400321496113307, 23.072846945836019 ], [ 72.40049499844973, 23.063822917818282 ] ] ] } },
{ "type": "Feature", "properties": { "grid_id": "AHM-0059" }, "geometry": { "type": "Polygon", "coordinates": [ [ [ 72.400321496113307, 23.072846945836019 ], [ 72.410074546383314, 23.073007219725376 ], [ 72.409901606192733, 23.082031305978685 ], [ 72.400147906456013, 23.08187096231671 ], [ 72.400321496113307, 23.072846945836019 ] ] ] } },
{ "type": "Feature", "properties": { "grid_id": "AHM-0060" }, "geometry": { "type": "Polygon", "coordinates": [ [ [ 72.400147906456013, 23.08187096231671 ], [ 72.409901606192733, 23.082031305978685 ], [ 72.409728578981799, 23.091055380700183 ], [ 72.399974229451928, 23.090894967256563 ], [ 72.400147906456013, 23.08187096231671 ] ] ] } },
{ "type": "Feature", "properties": { "grid_id": "AHM-0061" }, "geometry": { "type": "Polygon", "coordinates": [ [ [ 72.399974229451928, 23.090894967256563 ], [ 72.409728578981799, 23.091055380700183 ], [ 72.409555464724633, 23.100079443886063 ], [ 72.399800465075089, 23.09991896065177 ], [ 72.399974229451928, 23.090894967256563 ] ] ] } },
{ "type": "Feature", "properties": { "grid_id": "AHM-0062" }, "geometry": { "type": "Polygon", "coordinates": [ [ [ 72.399800465075089, 23.09991896065177 ], [ 72.409555464724633, 23.100079443886063 ], [ 72.409382263395386, 23.10910349553253 ], [ 72.399626613299532, 23.108942942498526 ], [ 72.399800465075089, 23.09991896065177 ] ] ] } },
{ "type": "Feature", "properties": { "grid_id": "AHM-0063" }, "geometry": { "type": "Polygon", "coordinates": [ [ [ 72.399626613299532, 23.108942942498526 ], [ 72.409382263395386, 23.10910349553253 ], [ 72.409208974968166, 23.118127535635782 ], [ 72.399452674099265, 23.11796691279303 ], [ 72.399626613299532, 23.108942942498526 ] ] ] } },
{ "type": "Feature", "properties": { "grid_id": "AHM-0064" }, "geometry": { "type": "Polygon", "coordinates": [ [ [ 72.399452674099265, 23.11796691279303 ], [ 72.409208974968166, 23.118127535635782 ], [ 72.409035599417066, 23.12715156419203 ], [ 72.399278647448284, 23.126990871531486 ], [ 72.399452674099265, 23.11796691279303 ] ] ] } },
{ "type": "Feature", "properties": { "grid_id": "AHM-0065" }, "geometry": { "type": "Polygon", "coordinates": [ [ [ 72.399278647448284, 23.126990871531486 ], [ 72.409035599417066, 23.12715156419203 ], [ 72.408862136716166, 23.136175581197485 ], [ 72.399104533320568, 23.136014818710095 ], [ 72.399278647448284, 23.126990871531486 ] ] ] } },
{ "type": "Feature", "properties": { "grid_id": "AHM-0066" }, "geometry": { "type": "Polygon", "coordinates": [ [ [ 72.399104533320568, 23.136014818710095 ], [ 72.408862136716166, 23.136175581197485 ], [ 72.408688586839489, 23.145199586648342 ], [ 72.398930331690082, 23.145038754325064 ], [ 72.399104533320568, 23.136014818710095 ] ] ] } },
{ "type": "Feature", "properties": { "grid_id": "AHM-0067" }, "geometry": { "type": "Polygon", "coordinates": [ [ [ 72.398930331690082, 23.145038754325064 ], [ 72.408688586839489, 23.145199586648342 ], [ 72.408514949761141, 23.154223580540819 ], [ 72.398756042530778, 23.15406267837259 ], [ 72.398930331690082, 23.145038754325064 ] ] ] } },
{ "type": "Feature", "properties": { "grid_id": "AHM-0068" }, "geometry": { "type": "Polygon", "coordinates": [ [ [ 72.398756042530778, 23.15406267837259 ], [ 72.408514949761141, 23.154223580540819 ], [ 72.408341225455075, 23.163247562871117 ], [ 72.398581665816565, 23.163086590848863 ], [ 72.398756042530778, 23.15406267837259 ] ] ] } },
{ "type": "Feature", "properties": { "grid_id": "AHM-0069" }, "geometry": { "type": "Polygon", "coordinates": [ [ [ 72.398581665816565, 23.163086590848863 ], [ 72.408341225455075, 23.163247562871117 ], [ 72.408167413895356, 23.172271533635445 ], [ 72.398407201521366, 23.172110491750097 ], [ 72.398581665816565, 23.163086590848863 ] ] ] } },
{ "type": "Feature", "properties": { "grid_id": "AHM-0070" }, "geometry": { "type": "Polygon", "coordinates": [ [ [ 72.398407201521366, 23.172110491750097 ], [ 72.408167413895356, 23.172271533635445 ], [ 72.407993515055949, 23.181295492830024 ], [ 72.398232649619061, 23.181134381072507 ], [ 72.398407201521366, 23.172110491750097 ] ] ] } },
{ "type": "Feature", "properties": { "grid_id": "AHM-0071" }, "geometry": { "type": "Polygon", "coordinates": [ [ [ 72.398232649619061, 23.181134381072507 ], [ 72.407993515055949, 23.181295492830024 ], [ 72.407819528910821, 23.190319440451045 ], [ 72.39805801008356, 23.190158258812275 ], [ 72.398232649619061, 23.181134381072507 ] ] ] } },
{ "type": "Feature", "properties": { "grid_id": "AHM-0072" }, "geometry": { "type": "Polygon", "coordinates": [ [ [ 72.39805801008356, 23.190158258812275 ], [ 72.407819528910821, 23.190319440451045 ], [ 72.407645455433936, 23.199343376494735 ], [ 72.397883282888671, 23.199182124965631 ], [ 72.39805801008356, 23.190158258812275 ] ] ] } },
{ "type": "Feature", "properties": { "grid_id": "AHM-0073" }, "geometry": { "type": "Polygon", "coordinates": [ [ [ 72.397883282888671, 23.199182124965631 ], [ 72.407645455433936, 23.199343376494735 ], [ 72.407471294599247, 23.208367300957303 ], [ 72.39770846800829, 23.208205979528771 ], [ 72.397883282888671, 23.199182124965631 ] ] ] } },
{ "type": "Feature", "properties": { "grid_id": "AHM-0074" }, "geometry": { "type": "Polygon", "coordinates": [ [ [ 72.39770846800829, 23.208205979528771 ], [ 72.407471294599247, 23.208367300957303 ], [ 72.407297046380663, 23.217391213834947 ], [ 72.397533565416211, 23.217229822497899 ], [ 72.39770846800829, 23.208205979528771 ] ] ] } },
{ "type": "Feature", "properties": { "grid_id": "AHM-0075" }, "geometry": { "type": "Polygon", "coordinates": [ [ [ 72.413686234294119, 22.883498751287654 ], [ 72.423425807457008, 22.883656966535003 ], [ 72.423255331410274, 22.892681363401675 ], [ 72.413515115588282, 22.892523078830763 ], [ 72.413686234294119, 22.883498751287654 ] ] ] } },
{ "type": "Feature", "properties": { "grid_id": "AHM-0076" }, "geometry": { "type": "Polygon", "coordinates": [ [ [ 72.413515115588282, 22.892523078830763 ], [ 72.423255331410274, 22.892681363401675 ], [ 72.423084769206682, 22.901705748825318 ], [ 72.413343910401167, 22.901547394921977 ], [ 72.413515115588282, 22.892523078830763 ] ] ] } },
{ "type": "Feature", "properties": { "grid_id": "AHM-0077" }, "geometry": { "type": "Polygon", "coordinates": [ [ [ 72.413343910401167, 22.901547394921977 ], [ 72.423084769206682, 22.901705748825318 ], [ 72.422914120820863, 22.910730122802125 ], [ 72.41317261870725, 22.910571699557451 ], [ 72.413343910401167, 22.901547394921977 ] ] ] } },
{ "type": "Feature", "properties": { "grid_id": "AHM-0078" }, "geometry": { "type": "Polygon", "coordinates": [ [ [ 72.41317261870725, 22.910571699557451 ], [ 72.422914120820863, 22.910730122802125 ], [ 72.422743386227353, 22.919754485328284 ], [ 72.413001240481037, 22.919595992733399 ], [ 72.41317261870725, 22.910571699557451 ] ] ] } },
{ "type": "Feature", "properties": { "grid_id": "AHM-0079" }, "geometry": { "type": "Polygon", "coordinates": [ [ [ 72.413001240481037, 22.919595992733399 ], [ 72.422743386227353, 22.919754485328284 ], [ 72.422572565400728, 22.928778836400003 ], [ 72.412829775696977, 22.928620274445997 ], [ 72.413001240481037, 22.919595992733399 ] ] ] } },
{ "type": "Feature", "properties": { "grid_id": "AHM-0080" }, "geometry": { "type": "Polygon", "coordinates": [ [ [ 72.412829775696977, 22.928620274445997 ], [ 72.422572565400728, 22.928778836400003 ], [ 72.42240165831555, 22.93780317601346 ], [ 72.412658224329505, 22.937644544691437 ], [ 72.412829775696977, 22.928620274445997 ] ] ] } },
{ "type": "Feature", "properties": { "grid_id": "AHM-0081" }, "geometry": { "type": "Polygon", "coordinates": [ [ [ 72.412658224329505, 22.937644544691437 ], [ 72.42240165831555, 22.93780317601346 ], [ 72.422230664946312, 22.946827504164862 ], [ 72.412486586353069, 22.946668803465904 ], [ 72.412658224329505, 22.937644544691437 ] ] ] } },
{ "type": "Feature", "properties": { "grid_id": "AHM-0082" }, "geometry": { "type": "Polygon", "coordinates": [ [ [ 72.412486586353069, 22.946668803465904 ], [ 72.422230664946312, 22.946827504164862 ], [ 72.422059585267547, 22.955851820850391 ], [ 72.41231486174209, 22.955693050765603 ], [ 72.412486586353069, 22.946668803465904 ] ] ] } },
{ "type": "Feature", "properties": { "grid_id": "AHM-0083" }, "geometry": { "type": "Polygon", "coordinates": [ [ [ 72.41231486174209, 22.955693050765603 ], [ 72.422059585267547, 22.955851820850391 ], [ 72.421888419253762, 22.964876126066265 ], [ 72.412143050470974, 22.964717286586716 ], [ 72.41231486174209, 22.955693050765603 ] ] ] } },
{ "type": "Feature", "properties": { "grid_id": "AHM-0084" }, "geometry": { "type": "Polygon", "coordinates": [ [ [ 72.412143050470974, 22.964717286586716 ], [ 72.421888419253762, 22.964876126066265 ], [ 72.42171716687939, 22.973900419808665 ], [ 72.41197115251407, 22.973741510925439 ], [ 72.412143050470974, 22.964717286586716 ] ] ] } },
{ "type": "Feature", "properties": { "grid_id": "AHM-0085" }, "geometry": { "type": "Polygon", "coordinates": [ [ [ 72.41197115251407, 22.973741510925439 ], [ 72.42171716687939, 22.973900419808665 ], [ 72.421545828118923, 22.982924702073795 ], [ 72.411799167845757, 22.982765723777963 ], [ 72.41197115251407, 22.973741510925439 ] ] ] } },
{ "type": "Feature", "properties": { "grid_id": "AHM-0086" }, "geometry": { "type": "Polygon", "coordinates": [ [ [ 72.411799167845757, 22.982765723777963 ], [ 72.421545828118923, 22.982924702073795 ], [ 72.421374402946796, 22.991948972857863 ], [ 72.411627096440398, 22.991789925140484 ], [ 72.411799167845757, 22.982765723777963 ] ] ] } },
{ "type": "Feature", "properties": { "grid_id": "AHM-0087" }, "geometry": { "type": "Polygon", "coordinates": [ [ [ 72.411627096440398, 22.991789925140484 ], [ 72.421374402946796, 22.991948972857863 ], [ 72.421202891337458, 23.000973232157055 ], [ 72.4114549382723, 23.000814115009192 ], [ 72.411627096440398, 22.991789925140484 ] ] ] } },
{ "type": "Feature", "properties": { "grid_id": "AHM-0088" }, "geometry": { "type": "Polygon", "coordinates": [ [ [ 72.4114549382723, 23.000814115009192 ], [ 72.421202891337458, 23.000973232157055 ], [ 72.421031293265273, 23.009997479967573 ], [ 72.411282693315769, 23.009838293380287 ], [ 72.4114549382723, 23.000814115009192 ] ] ] } },
{ "type": "Feature", "properties": { "grid_id": "AHM-0089" }, "geometry": { "type": "Polygon", "coordinates": [ [ [ 72.411282693315769, 23.009838293380287 ], [ 72.421031293265273, 23.009997479967573 ], [ 72.420859608704674, 23.019021716285621 ], [ 72.411110361545155, 23.018862460249967 ], [ 72.411282693315769, 23.009838293380287 ] ] ] } },
{ "type": "Feature", "properties": { "grid_id": "AHM-0090" }, "geometry": { "type": "Polygon", "coordinates": [ [ [ 72.411110361545155, 23.018862460249967 ], [ 72.420859608704674, 23.019021716285621 ], [ 72.420687837629998, 23.028045941107411 ], [ 72.410937942934666, 23.027886615614428 ], [ 72.411110361545155, 23.018862460249967 ] ] ] } },
{ "type": "Feature", "properties": { "grid_id": "AHM-0091" }, "geometry": { "type": "Polygon", "coordinates": [ [ [ 72.410937942934666, 23.027886615614428 ], [ 72.420687837629998, 23.028045941107411 ], [ 72.420515980015637, 23.037070154429127 ], [ 72.410765437458622, 23.036910759469865 ], [ 72.410937942934666, 23.027886615614428 ] ] ] } },
{ "type": "Feature", "properties": { "grid_id": "AHM-0092" }, "geometry": { "type": "Polygon", "coordinates": [ [ [ 72.410765437458622, 23.036910759469865 ], [ 72.420515980015637, 23.037070154429127 ], [ 72.420344035835925, 23.046094356246996 ], [ 72.410592845091244, 23.045934891812479 ], [ 72.410765437458622, 23.036910759469865 ] ] ] } },
{ "type": "Feature", "properties": { "grid_id": "AHM-0093" }, "geometry": { "type": "Polygon", "coordinates": [ [ [ 72.410592845091244, 23.045934891812479 ], [ 72.420344035835925, 23.046094356246996 ], [ 72.420172005065197, 23.055118546557207 ], [ 72.410420165806755, 23.05495901263847 ], [ 72.410592845091244, 23.045934891812479 ] ] ] } },
{ "type": "Feature", "properties": { "grid_id": "AHM-0094" }, "geometry": { "type": "Polygon", "coordinates": [ [ [ 72.410420165806755, 23.05495901263847 ], [ 72.420172005065197, 23.055118546557207 ], [ 72.419999887677733, 23.064142725355964 ], [ 72.41024739957939, 23.06398312194403 ], [ 72.410420165806755, 23.05495901263847 ] ] ] } },
{ "type": "Feature", "properties": { "grid_id": "AHM-0095" }, "geometry": { "type": "Polygon", "coordinates": [ [ [ 72.41024739957939, 23.06398312194403 ], [ 72.419999887677733, 23.064142725355964 ], [ 72.419827683647839, 23.073166892639474 ], [ 72.410074546383314, 23.073007219725376 ], [ 72.41024739957939, 23.06398312194403 ] ] ] } },
{ "type": "Feature", "properties": { "grid_id": "AHM-0096" }, "geometry": { "type": "Polygon", "coordinates": [ [ [ 72.410074546383314, 23.073007219725376 ], [ 72.419827683647839, 23.073166892639474 ], [ 72.419655392949792, 23.082191048403949 ], [ 72.409901606192733, 23.082031305978685 ], [ 72.410074546383314, 23.073007219725376 ] ] ] } },
{ "type": "Feature", "properties": { "grid_id": "AHM-0097" }, "geometry": { "type": "Polygon", "coordinates": [ [ [ 72.409901606192733, 23.082031305978685 ], [ 72.419655392949792, 23.082191048403949 ], [ 72.419483015557859, 23.091215192645592 ], [ 72.409728578981799, 23.091055380700183 ], [ 72.409901606192733, 23.082031305978685 ] ] ] } },
{ "type": "Feature", "properties": { "grid_id": "AHM-0098" }, "geometry": { "type": "Polygon", "coordinates": [ [ [ 72.409728578981799, 23.091055380700183 ], [ 72.419483015557859, 23.091215192645592 ], [ 72.419310551446245, 23.100239325360612 ], [ 72.409555464724633, 23.100079443886063 ], [ 72.409728578981799, 23.091055380700183 ] ] ] } },
{ "type": "Feature", "properties": { "grid_id": "AHM-0099" }, "geometry": { "type": "Polygon", "coordinates": [ [ [ 72.409555464724633, 23.100079443886063 ], [ 72.419310551446245, 23.100239325360612 ], [ 72.419138000589214, 23.109263446545221 ], [ 72.409382263395386, 23.10910349553253 ], [ 72.409555464724633, 23.100079443886063 ] ] ] } },
{ "type": "Feature", "properties": { "grid_id": "AHM-0100" }, "geometry": { "type": "Polygon", "coordinates": [ [ [ 72.409382263395386, 23.10910349553253 ], [ 72.419138000589214, 23.109263446545221 ], [ 72.418965362960947, 23.118287556195629 ], [ 72.409208974968166, 23.118127535635782 ], [ 72.409382263395386, 23.10910349553253 ] ] ] } },
{ "type": "Feature", "properties": { "grid_id": "AHM-0101" }, "geometry": { "type": "Polygon", "coordinates": [ [ [ 72.409208974968166, 23.118127535635782 ], [ 72.418965362960947, 23.118287556195629 ], [ 72.418792638535663, 23.127311654308038 ], [ 72.409035599417066, 23.12715156419203 ], [ 72.409208974968166, 23.118127535635782 ] ] ] } },
{ "type": "Feature", "properties": { "grid_id": "AHM-0102" }, "geometry": { "type": "Polygon", "coordinates": [ [ [ 72.409035599417066, 23.12715156419203 ], [ 72.418792638535663, 23.127311654308038 ], [ 72.418619827287486, 23.136335740878668 ], [ 72.408862136716166, 23.136175581197485 ], [ 72.409035599417066, 23.12715156419203 ] ] ] } },
{ "type": "Feature", "properties": { "grid_id": "AHM-0103" }, "geometry": { "type": "Polygon", "coordinates": [ [ [ 72.408862136716166, 23.136175581197485 ], [ 72.418619827287486, 23.136335740878668 ], [ 72.418446929190608, 23.145359815903724 ], [ 72.408688586839489, 23.145199586648342 ], [ 72.408862136716166, 23.136175581197485 ] ] ] } },
{ "type": "Feature", "properties": { "grid_id": "AHM-0104" }, "geometry": { "type": "Polygon", "coordinates": [ [ [ 72.408688586839489, 23.145199586648342 ], [ 72.418446929190608, 23.145359815903724 ], [ 72.418273944219166, 23.15438387937942 ], [ 72.408514949761141, 23.154223580540819 ], [ 72.408688586839489, 23.145199586648342 ] ] ] } },
{ "type": "Feature", "properties": { "grid_id": "AHM-0105" }, "geometry": { "type": "Polygon", "coordinates": [ [ [ 72.408514949761141, 23.154223580540819 ], [ 72.418273944219166, 23.15438387937942 ], [ 72.418100872347267, 23.163407931301975 ], [ 72.408341225455075, 23.163247562871117 ], [ 72.408514949761141, 23.154223580540819 ] ] ] } },
{ "type": "Feature", "properties": { "grid_id": "AHM-0106" }, "geometry": { "type": "Polygon", "coordinates": [ [ [ 72.408341225455075, 23.163247562871117 ], [ 72.418100872347267, 23.163407931301975 ], [ 72.417927713549034, 23.172431971667596 ], [ 72.408167413895356, 23.172271533635445 ], [ 72.408341225455075, 23.163247562871117 ] ] ] } },
{ "type": "Feature", "properties": { "grid_id": "AHM-0107" }, "geometry": { "type": "Polygon", "coordinates": [ [ [ 72.408167413895356, 23.172271533635445 ], [ 72.417927713549034, 23.172431971667596 ], [ 72.417754467798531, 23.181456000472505 ], [ 72.407993515055949, 23.181295492830024 ], [ 72.408167413895356, 23.172271533635445 ] ] ] } },
{ "type": "Feature", "properties": { "grid_id": "AHM-0108" }, "geometry": { "type": "Polygon", "coordinates": [ [ [ 72.407993515055949, 23.181295492830024 ], [ 72.417754467798531, 23.181456000472505 ], [ 72.417581135069852, 23.190480017712908 ], [ 72.407819528910821, 23.190319440451045 ], [ 72.407993515055949, 23.181295492830024 ] ] ] } },
{ "type": "Feature", "properties": { "grid_id": "AHM-0109" }, "geometry": { "type": "Polygon", "coordinates": [ [ [ 72.407819528910821, 23.190319440451045 ], [ 72.417581135069852, 23.190480017712908 ], [ 72.417407715337021, 23.199504023385028 ], [ 72.407645455433936, 23.199343376494735 ], [ 72.407819528910821, 23.190319440451045 ] ] ] } },
{ "type": "Feature", "properties": { "grid_id": "AHM-0110" }, "geometry": { "type": "Polygon", "coordinates": [ [ [ 72.407645455433936, 23.199343376494735 ], [ 72.417407715337021, 23.199504023385028 ], [ 72.417234208574115, 23.208528017485076 ], [ 72.407471294599247, 23.208367300957303 ], [ 72.407645455433936, 23.199343376494735 ] ] ] } },
{ "type": "Feature", "properties": { "grid_id": "AHM-0111" }, "geometry": { "type": "Polygon", "coordinates": [ [ [ 72.407471294599247, 23.208367300957303 ], [ 72.417234208574115, 23.208528017485076 ], [ 72.417060614755115, 23.217552000009285 ], [ 72.407297046380663, 23.217391213834947 ], [ 72.407471294599247, 23.208367300957303 ] ] ] } },
{ "type": "Feature", "properties": { "grid_id": "AHM-0112" }, "geometry": { "type": "Polygon", "coordinates": [ [ [ 72.423425807457008, 22.883656966535003 ], [ 72.433165466751362, 22.883814586268652 ], [ 72.432995633389098, 22.892839052198109 ], [ 72.423255331410274, 22.892681363401675 ], [ 72.423425807457008, 22.883656966535003 ] ] ] } },
{ "type": "Feature", "properties": { "grid_id": "AHM-0113" }, "geometry": { "type": "Polygon", "coordinates": [ [ [ 72.423255331410274, 22.892681363401675 ], [ 72.432995633389098, 22.892839052198109 ], [ 72.432825714194465, 22.901863506693385 ], [ 72.423084769206682, 22.901705748825318 ], [ 72.423255331410274, 22.892681363401675 ] ] ] } },
{ "type": "Feature", "properties": { "grid_id": "AHM-0114" }, "geometry": { "type": "Polygon", "coordinates": [ [ [ 72.423084769206682, 22.901705748825318 ], [ 72.432825714194465, 22.901863506693385 ], [ 72.432655709142139, 22.910887949750673 ], [ 72.422914120820863, 22.910730122802125 ], [ 72.423084769206682, 22.901705748825318 ] ] ] } },
{ "type": "Feature", "properties": { "grid_id": "AHM-0115" }, "geometry": { "type": "Polygon", "coordinates": [ [ [ 72.422914120820863, 22.910730122802125 ], [ 72.432655709142139, 22.910887949750673 ], [ 72.432485618206783, 22.919912381366185 ], [ 72.422743386227353, 22.919754485328284 ], [ 72.422914120820863, 22.910730122802125 ] ] ] } },
{ "type": "Feature", "properties": { "grid_id": "AHM-0116" }, "geometry": { "type": "Polygon", "coordinates": [ [ [ 72.422743386227353, 22.919754485328284 ], [ 72.432485618206783, 22.919912381366185 ], [ 72.432315441363059, 22.928936801536111 ], [ 72.422572565400728, 22.928778836400003 ], [ 72.422743386227353, 22.919754485328284 ] ] ] } },
{ "type": "Feature", "properties": { "grid_id": "AHM-0117" }, "geometry": { "type": "Polygon", "coordinates": [ [ [ 72.422572565400728, 22.928778836400003 ], [ 72.432315441363059, 22.928936801536111 ], [ 72.432145178585614, 22.937961210256645 ], [ 72.42240165831555, 22.93780317601346 ], [ 72.422572565400728, 22.928778836400003 ] ] ] } },
{ "type": "Feature", "properties": { "grid_id": "AHM-0118" }, "geometry": { "type": "Polygon", "coordinates": [ [ [ 72.42240165831555, 22.93780317601346 ], [ 72.432145178585614, 22.937961210256645 ], [ 72.431974829849068, 22.946985607523995 ], [ 72.422230664946312, 22.946827504164862 ], [ 72.42240165831555, 22.93780317601346 ] ] ] } },
{ "type": "Feature", "properties": { "grid_id": "AHM-0119" }, "geometry": { "type": "Polygon", "coordinates": [ [ [ 72.422230664946312, 22.946827504164862 ], [ 72.431974829849068, 22.946985607523995 ], [ 72.43180439512804, 22.956009993334366 ], [ 72.422059585267547, 22.955851820850391 ], [ 72.422230664946312, 22.946827504164862 ] ] ] } },
{ "type": "Feature", "properties": { "grid_id": "AHM-0120" }, "geometry": { "type": "Polygon", "coordinates": [ [ [ 72.422059585267547, 22.955851820850391 ], [ 72.43180439512804, 22.956009993334366 ], [ 72.431633874397093, 22.965034367683952 ], [ 72.421888419253762, 22.964876126066265 ], [ 72.422059585267547, 22.955851820850391 ] ] ] } },
{ "type": "Feature", "properties": { "grid_id": "AHM-0121" }, "geometry": { "type": "Polygon", "coordinates": [ [ [ 72.421888419253762, 22.964876126066265 ], [ 72.431633874397093, 22.965034367683952 ], [ 72.431463267630804, 22.974058730568963 ], [ 72.42171716687939, 22.973900419808665 ], [ 72.421888419253762, 22.964876126066265 ] ] ] } },
{ "type": "Feature", "properties": { "grid_id": "AHM-0122" }, "geometry": { "type": "Polygon", "coordinates": [ [ [ 72.42171716687939, 22.973900419808665 ], [ 72.431463267630804, 22.974058730568963 ], [ 72.431292574803734, 22.983083081985598 ], [ 72.421545828118923, 22.982924702073795 ], [ 72.42171716687939, 22.973900419808665 ] ] ] } },
{ "type": "Feature", "properties": { "grid_id": "AHM-0123" }, "geometry": { "type": "Polygon", "coordinates": [ [ [ 72.421545828118923, 22.982924702073795 ], [ 72.431292574803734, 22.983083081985598 ], [ 72.431121795890448, 22.992107421930061 ], [ 72.421374402946796, 22.991948972857863 ], [ 72.421545828118923, 22.982924702073795 ] ] ] } },
{ "type": "Feature", "properties": { "grid_id": "AHM-0124" }, "geometry": { "type": "Polygon", "coordinates": [ [ [ 72.421374402946796, 22.991948972857863 ], [ 72.431121795890448, 22.992107421930061 ], [ 72.430950930865421, 23.001131750398557 ], [ 72.421202891337458, 23.000973232157055 ], [ 72.421374402946796, 22.991948972857863 ] ] ] } },
{ "type": "Feature", "properties": { "grid_id": "AHM-0125" }, "geometry": { "type": "Polygon", "coordinates": [ [ [ 72.421202891337458, 23.000973232157055 ], [ 72.430950930865421, 23.001131750398557 ], [ 72.430779979703189, 23.010156067387296 ], [ 72.421031293265273, 23.009997479967573 ], [ 72.421202891337458, 23.000973232157055 ] ] ] } },
{ "type": "Feature", "properties": { "grid_id": "AHM-0126" }, "geometry": { "type": "Polygon", "coordinates": [ [ [ 72.421031293265273, 23.009997479967573 ], [ 72.430779979703189, 23.010156067387296 ], [ 72.430608942378242, 23.019180372892478 ], [ 72.420859608704674, 23.019021716285621 ], [ 72.421031293265273, 23.009997479967573 ] ] ] } },
{ "type": "Feature", "properties": { "grid_id": "AHM-0127" }, "geometry": { "type": "Polygon", "coordinates": [ [ [ 72.420859608704674, 23.019021716285621 ], [ 72.430608942378242, 23.019180372892478 ], [ 72.430437818865016, 23.028204666910316 ], [ 72.420687837629998, 23.028045941107411 ], [ 72.420859608704674, 23.019021716285621 ] ] ] } },
{ "type": "Feature", "properties": { "grid_id": "AHM-0128" }, "geometry": { "type": "Polygon", "coordinates": [ [ [ 72.420687837629998, 23.028045941107411 ], [ 72.430437818865016, 23.028204666910316 ], [ 72.430266609138002, 23.037228949437019 ], [ 72.420515980015637, 23.037070154429127 ], [ 72.420687837629998, 23.028045941107411 ] ] ] } },
{ "type": "Feature", "properties": { "grid_id": "AHM-0129" }, "geometry": { "type": "Polygon", "coordinates": [ [ [ 72.420515980015637, 23.037070154429127 ], [ 72.430266609138002, 23.037228949437019 ], [ 72.430095313171648, 23.046253220468792 ], [ 72.420344035835925, 23.046094356246996 ], [ 72.420515980015637, 23.037070154429127 ] ] ] } },
{ "type": "Feature", "properties": { "grid_id": "AHM-0130" }, "geometry": { "type": "Polygon", "coordinates": [ [ [ 72.420344035835925, 23.046094356246996 ], [ 72.430095313171648, 23.046253220468792 ], [ 72.429923930940333, 23.055277480001841 ], [ 72.420172005065197, 23.055118546557207 ], [ 72.420344035835925, 23.046094356246996 ] ] ] } },
{ "type": "Feature", "properties": { "grid_id": "AHM-0131" }, "geometry": { "type": "Polygon", "coordinates": [ [ [ 72.420172005065197, 23.055118546557207 ], [ 72.429923930940333, 23.055277480001841 ], [ 72.429752462418506, 23.064301728032387 ], [ 72.419999887677733, 23.064142725355964 ], [ 72.420172005065197, 23.055118546557207 ] ] ] } },
{ "type": "Feature", "properties": { "grid_id": "AHM-0132" }, "geometry": { "type": "Polygon", "coordinates": [ [ [ 72.419999887677733, 23.064142725355964 ], [ 72.429752462418506, 23.064301728032387 ], [ 72.429580907580501, 23.073325964556631 ], [ 72.419827683647839, 23.073166892639474 ], [ 72.419999887677733, 23.064142725355964 ] ] ] } },
{ "type": "Feature", "properties": { "grid_id": "AHM-0133" }, "geometry": { "type": "Polygon", "coordinates": [ [ [ 72.419827683647839, 23.073166892639474 ], [ 72.429580907580501, 23.073325964556631 ], [ 72.429409266400739, 23.082350189570789 ], [ 72.419655392949792, 23.082191048403949 ], [ 72.419827683647839, 23.073166892639474 ] ] ] } },
{ "type": "Feature", "properties": { "grid_id": "AHM-0134" }, "geometry": { "type": "Polygon", "coordinates": [ [ [ 72.419655392949792, 23.082191048403949 ], [ 72.429409266400739, 23.082350189570789 ], [ 72.42923753885357, 23.091374403071072 ], [ 72.419483015557859, 23.091215192645592 ], [ 72.419655392949792, 23.082191048403949 ] ] ] } },
{ "type": "Feature", "properties": { "grid_id": "AHM-0135" }, "geometry": { "type": "Polygon", "coordinates": [ [ [ 72.419483015557859, 23.091215192645592 ], [ 72.42923753885357, 23.091374403071072 ], [ 72.429065724913301, 23.100398605053694 ], [ 72.419310551446245, 23.100239325360612 ], [ 72.419483015557859, 23.091215192645592 ] ] ] } },
{ "type": "Feature", "properties": { "grid_id": "AHM-0136" }, "geometry": { "type": "Polygon", "coordinates": [ [ [ 72.419310551446245, 23.100239325360612 ], [ 72.429065724913301, 23.100398605053694 ], [ 72.428893824554265, 23.10942279551487 ], [ 72.419138000589214, 23.109263446545221 ], [ 72.419310551446245, 23.100239325360612 ] ] ] } },
{ "type": "Feature", "properties": { "grid_id": "AHM-0137" }, "geometry": { "type": "Polygon", "coordinates": [ [ [ 72.419138000589214, 23.109263446545221 ], [ 72.428893824554265, 23.10942279551487 ], [ 72.428721837750771, 23.118446974450819 ], [ 72.418965362960947, 23.118287556195629 ], [ 72.419138000589214, 23.109263446545221 ] ] ] } },
{ "type": "Feature", "properties": { "grid_id": "AHM-0138" }, "geometry": { "type": "Polygon", "coordinates": [ [ [ 72.418965362960947, 23.118287556195629 ], [ 72.428721837750771, 23.118446974450819 ], [ 72.428549764477111, 23.127471141857743 ], [ 72.418792638535663, 23.127311654308038 ], [ 72.418965362960947, 23.118287556195629 ] ] ] } },
{ "type": "Feature", "properties": { "grid_id": "AHM-0139" }, "geometry": { "type": "Polygon", "coordinates": [ [ [ 72.418792638535663, 23.127311654308038 ], [ 72.428549764477111, 23.127471141857743 ], [ 72.428377604707521, 23.136495297731869 ], [ 72.418619827287486, 23.136335740878668 ], [ 72.418792638535663, 23.127311654308038 ] ] ] } },
{ "type": "Feature", "properties": { "grid_id": "AHM-0140" }, "geometry": { "type": "Polygon", "coordinates": [ [ [ 72.418619827287486, 23.136335740878668 ], [ 72.428377604707521, 23.136495297731869 ], [ 72.428205358416307, 23.145519442069414 ], [ 72.418446929190608, 23.145359815903724 ], [ 72.418619827287486, 23.136335740878668 ] ] ] } },
{ "type": "Feature", "properties": { "grid_id": "AHM-0141" }, "geometry": { "type": "Polygon", "coordinates": [ [ [ 72.418446929190608, 23.145359815903724 ], [ 72.428205358416307, 23.145519442069414 ], [ 72.428033025577648, 23.154543574866594 ], [ 72.418273944219166, 23.15438387937942 ], [ 72.418446929190608, 23.145359815903724 ] ] ] } },
{ "type": "Feature", "properties": { "grid_id": "AHM-0142" }, "geometry": { "type": "Polygon", "coordinates": [ [ [ 72.418273944219166, 23.15438387937942 ], [ 72.428033025577648, 23.154543574866594 ], [ 72.427860606165808, 23.163567696119625 ], [ 72.418100872347267, 23.163407931301975 ], [ 72.418273944219166, 23.15438387937942 ] ] ] } },
{ "type": "Feature", "properties": { "grid_id": "AHM-0143" }, "geometry": { "type": "Polygon", "coordinates": [ [ [ 72.418100872347267, 23.163407931301975 ], [ 72.427860606165808, 23.163567696119625 ], [ 72.427688100154953, 23.172591805824723 ], [ 72.417927713549034, 23.172431971667596 ], [ 72.418100872347267, 23.163407931301975 ] ] ] } },
{ "type": "Feature", "properties": { "grid_id": "AHM-0144" }, "geometry": { "type": "Polygon", "coordinates": [ [ [ 72.417927713549034, 23.172431971667596 ], [ 72.427688100154953, 23.172591805824723 ], [ 72.427515507519303, 23.181615903978116 ], [ 72.417754467798531, 23.181456000472505 ], [ 72.417927713549034, 23.172431971667596 ] ] ] } },
{ "type": "Feature", "properties": { "grid_id": "AHM-0145" }, "geometry": { "type": "Polygon", "coordinates": [ [ [ 72.417754467798531, 23.181456000472505 ], [ 72.427515507519303, 23.181615903978116 ], [ 72.427342828232995, 23.19063999057602 ], [ 72.417581135069852, 23.190480017712908 ], [ 72.417754467798531, 23.181456000472505 ] ] ] } },
{ "type": "Feature", "properties": { "grid_id": "AHM-0146" }, "geometry": { "type": "Polygon", "coordinates": [ [ [ 72.417581135069852, 23.190480017712908 ], [ 72.427342828232995, 23.19063999057602 ], [ 72.427170062270207, 23.199664065614659 ], [ 72.417407715337021, 23.199504023385028 ], [ 72.417581135069852, 23.190480017712908 ] ] ] } },
{ "type": "Feature", "properties": { "grid_id": "AHM-0147" }, "geometry": { "type": "Polygon", "coordinates": [ [ [ 72.417407715337021, 23.199504023385028 ], [ 72.427170062270207, 23.199664065614659 ], [ 72.426997209605048, 23.208688129090259 ], [ 72.417234208574115, 23.208528017485076 ], [ 72.417407715337021, 23.199504023385028 ] ] ] } },
{ "type": "Feature", "properties": { "grid_id": "AHM-0148" }, "geometry": { "type": "Polygon", "coordinates": [ [ [ 72.417234208574115, 23.208528017485076 ], [ 72.426997209605048, 23.208688129090259 ], [ 72.42682427021164, 23.217712180999033 ], [ 72.417060614755115, 23.217552000009285 ], [ 72.417234208574115, 23.208528017485076 ] ] ] } },
{ "type": "Feature", "properties": { "grid_id": "AHM-0149" }, "geometry": { "type": "Polygon", "coordinates": [ [ [ 72.433165466751362, 22.883814586268652 ], [ 72.442905211852789, 22.883971610467228 ], [ 72.442736021200304, 22.89299614519868 ], [ 72.432995633389098, 22.892839052198109 ], [ 72.433165466751362, 22.883814586268652 ] ] ] } },
{ "type": "Feature", "properties": { "grid_id": "AHM-0150" }, "geometry": { "type": "Polygon", "coordinates": [ [ [ 72.432995633389098, 22.892839052198109 ], [ 72.442736021200304, 22.89299614519868 ], [ 72.442566745039926, 22.902020668504775 ], [ 72.432825714194465, 22.901863506693385 ], [ 72.432995633389098, 22.892839052198109 ] ] ] } },
{ "type": "Feature", "properties": { "grid_id": "AHM-0151" }, "geometry": { "type": "Polygon", "coordinates": [ [ [ 72.432825714194465, 22.901863506693385 ], [ 72.442566745039926, 22.902020668504775 ], [ 72.442397383346417, 22.911045180381702 ], [ 72.432655709142139, 22.910887949750673 ], [ 72.432825714194465, 22.901863506693385 ] ] ] } },
{ "type": "Feature", "properties": { "grid_id": "AHM-0152" }, "geometry": { "type": "Polygon", "coordinates": [ [ [ 72.432655709142139, 22.910887949750673 ], [ 72.442397383346417, 22.911045180381702 ], [ 72.442227936094568, 22.920069680825666 ], [ 72.432485618206783, 22.919912381366185 ], [ 72.432655709142139, 22.910887949750673 ] ] ] } },
{ "type": "Feature", "properties": { "grid_id": "AHM-0153" }, "geometry": { "type": "Polygon", "coordinates": [ [ [ 72.432485618206783, 22.919912381366185 ], [ 72.442227936094568, 22.920069680825666 ], [ 72.442058403259111, 22.92909416983289 ], [ 72.432315441363059, 22.928936801536111 ], [ 72.432485618206783, 22.919912381366185 ] ] ] } },
{ "type": "Feature", "properties": { "grid_id": "AHM-0154" }, "geometry": { "type": "Polygon", "coordinates": [ [ [ 72.432315441363059, 22.928936801536111 ], [ 72.442058403259111, 22.92909416983289 ], [ 72.441888784814807, 22.938118647399552 ], [ 72.432145178585614, 22.937961210256645 ], [ 72.432315441363059, 22.928936801536111 ] ] ] } },
{ "type": "Feature", "properties": { "grid_id": "AHM-0155" }, "geometry": { "type": "Polygon", "coordinates": [ [ [ 72.432145178585614, 22.937961210256645 ], [ 72.441888784814807, 22.938118647399552 ], [ 72.441719080736334, 22.947143113521868 ], [ 72.431974829849068, 22.946985607523995 ], [ 72.432145178585614, 22.937961210256645 ] ] ] } },
{ "type": "Feature", "properties": { "grid_id": "AHM-0156" }, "geometry": { "type": "Polygon", "coordinates": [ [ [ 72.431974829849068, 22.946985607523995 ], [ 72.441719080736334, 22.947143113521868 ], [ 72.441549290998424, 22.956167568196051 ], [ 72.43180439512804, 22.956009993334366 ], [ 72.431974829849068, 22.946985607523995 ] ] ] } },
{ "type": "Feature", "properties": { "grid_id": "AHM-0157" }, "geometry": { "type": "Polygon", "coordinates": [ [ [ 72.43180439512804, 22.956009993334366 ], [ 72.441549290998424, 22.956167568196051 ], [ 72.441379415575753, 22.965192011418313 ], [ 72.431633874397093, 22.965034367683952 ], [ 72.43180439512804, 22.956009993334366 ] ] ] } },
{ "type": "Feature", "properties": { "grid_id": "AHM-0158" }, "geometry": { "type": "Polygon", "coordinates": [ [ [ 72.431633874397093, 22.965034367683952 ], [ 72.441379415575753, 22.965192011418313 ], [ 72.441209454442998, 22.974216443184837 ], [ 72.431463267630804, 22.974058730568963 ], [ 72.431633874397093, 22.965034367683952 ] ] ] } },
{ "type": "Feature", "properties": { "grid_id": "AHM-0159" }, "geometry": { "type": "Polygon", "coordinates": [ [ [ 72.431463267630804, 22.974058730568963 ], [ 72.441209454442998, 22.974216443184837 ], [ 72.441039407574806, 22.983240863491858 ], [ 72.431292574803734, 22.983083081985598 ], [ 72.431463267630804, 22.974058730568963 ] ] ] } },
{ "type": "Feature", "properties": { "grid_id": "AHM-0160" }, "geometry": { "type": "Polygon", "coordinates": [ [ [ 72.431292574803734, 22.983083081985598 ], [ 72.441039407574806, 22.983240863491858 ], [ 72.440869274945797, 22.992265272335572 ], [ 72.431121795890448, 22.992107421930061 ], [ 72.431292574803734, 22.983083081985598 ] ] ] } },
{ "type": "Feature", "properties": { "grid_id": "AHM-0161" }, "geometry": { "type": "Polygon", "coordinates": [ [ [ 72.431121795890448, 22.992107421930061 ], [ 72.440869274945797, 22.992265272335572 ], [ 72.440699056530605, 23.001289669712193 ], [ 72.430950930865421, 23.001131750398557 ], [ 72.431121795890448, 22.992107421930061 ] ] ] } },
{ "type": "Feature", "properties": { "grid_id": "AHM-0162" }, "geometry": { "type": "Polygon", "coordinates": [ [ [ 72.430950930865421, 23.001131750398557 ], [ 72.440699056530605, 23.001289669712193 ], [ 72.44052875230382, 23.010314055617926 ], [ 72.430779979703189, 23.010156067387296 ], [ 72.430950930865421, 23.001131750398557 ] ] ] } },
{ "type": "Feature", "properties": { "grid_id": "AHM-0163" }, "geometry": { "type": "Polygon", "coordinates": [ [ [ 72.430779979703189, 23.010156067387296 ], [ 72.44052875230382, 23.010314055617926 ], [ 72.440358362240048, 23.019338430048997 ], [ 72.430608942378242, 23.019180372892478 ], [ 72.430779979703189, 23.010156067387296 ] ] ] } },
{ "type": "Feature", "properties": { "grid_id": "AHM-0164" }, "geometry": { "type": "Polygon", "coordinates": [ [ [ 72.430608942378242, 23.019180372892478 ], [ 72.440358362240048, 23.019338430048997 ], [ 72.440187886313836, 23.028362793001602 ], [ 72.430437818865016, 23.028204666910316 ], [ 72.430608942378242, 23.019180372892478 ] ] ] } },
{ "type": "Feature", "properties": { "grid_id": "AHM-0165" }, "geometry": { "type": "Polygon", "coordinates": [ [ [ 72.430437818865016, 23.028204666910316 ], [ 72.440187886313836, 23.028362793001602 ], [ 72.440017324499749, 23.03738714447196 ], [ 72.430266609138002, 23.037228949437019 ], [ 72.430437818865016, 23.028204666910316 ] ] ] } },
{ "type": "Feature", "properties": { "grid_id": "AHM-0166" }, "geometry": { "type": "Polygon", "coordinates": [ [ [ 72.430266609138002, 23.037228949437019 ], [ 72.440017324499749, 23.03738714447196 ], [ 72.439846676772291, 23.046411484456289 ], [ 72.430095313171648, 23.046253220468792 ], [ 72.430266609138002, 23.037228949437019 ] ] ] } },
{ "type": "Feature", "properties": { "grid_id": "AHM-0167" }, "geometry": { "type": "Polygon", "coordinates": [ [ [ 72.430095313171648, 23.046253220468792 ], [ 72.439846676772291, 23.046411484456289 ], [ 72.439675943106025, 23.055435812950801 ], [ 72.429923930940333, 23.055277480001841 ], [ 72.430095313171648, 23.046253220468792 ] ] ] } },
{ "type": "Feature", "properties": { "grid_id": "AHM-0168" }, "geometry": { "type": "Polygon", "coordinates": [ [ [ 72.429923930940333, 23.055277480001841 ], [ 72.439675943106025, 23.055435812950801 ], [ 72.439505123475413, 23.064460129951712 ], [ 72.429752462418506, 23.064301728032387 ], [ 72.429923930940333, 23.055277480001841 ] ] ] } },
{ "type": "Feature", "properties": { "grid_id": "AHM-0169" }, "geometry": { "type": "Polygon", "coordinates": [ [ [ 72.429752462418506, 23.064301728032387 ], [ 72.439505123475413, 23.064460129951712 ], [ 72.439334217854949, 23.073484435455235 ], [ 72.429580907580501, 23.073325964556631 ], [ 72.429752462418506, 23.064301728032387 ] ] ] } },
{ "type": "Feature", "properties": { "grid_id": "AHM-0170" }, "geometry": { "type": "Polygon", "coordinates": [ [ [ 72.429580907580501, 23.073325964556631 ], [ 72.439334217854949, 23.073484435455235 ], [ 72.439163226219122, 23.082508729457587 ], [ 72.429409266400739, 23.082350189570789 ], [ 72.429580907580501, 23.073325964556631 ] ] ] } },
{ "type": "Feature", "properties": { "grid_id": "AHM-0171" }, "geometry": { "type": "Polygon", "coordinates": [ [ [ 72.429409266400739, 23.082350189570789 ], [ 72.439163226219122, 23.082508729457587 ], [ 72.438992148542368, 23.09153301195499 ], [ 72.42923753885357, 23.091374403071072 ], [ 72.429409266400739, 23.082350189570789 ] ] ] } },
{ "type": "Feature", "properties": { "grid_id": "AHM-0172" }, "geometry": { "type": "Polygon", "coordinates": [ [ [ 72.42923753885357, 23.091374403071072 ], [ 72.438992148542368, 23.09153301195499 ], [ 72.438820984799108, 23.100557282943669 ], [ 72.429065724913301, 23.100398605053694 ], [ 72.42923753885357, 23.091374403071072 ] ] ] } },
{ "type": "Feature", "properties": { "grid_id": "AHM-0173" }, "geometry": { "type": "Polygon", "coordinates": [ [ [ 72.429065724913301, 23.100398605053694 ], [ 72.438820984799108, 23.100557282943669 ], [ 72.438649734963775, 23.109581542419825 ], [ 72.428893824554265, 23.10942279551487 ], [ 72.429065724913301, 23.100398605053694 ] ] ] } },
{ "type": "Feature", "properties": { "grid_id": "AHM-0174" }, "geometry": { "type": "Polygon", "coordinates": [ [ [ 72.428893824554265, 23.10942279551487 ], [ 72.438649734963775, 23.109581542419825 ], [ 72.438478399010762, 23.118605790379686 ], [ 72.428721837750771, 23.118446974450819 ], [ 72.428893824554265, 23.10942279551487 ] ] ] } },
{ "type": "Feature", "properties": { "grid_id": "AHM-0175" }, "geometry": { "type": "Polygon", "coordinates": [ [ [ 72.428721837750771, 23.118446974450819 ], [ 72.438478399010762, 23.118605790379686 ], [ 72.438306976914447, 23.127630026819471 ], [ 72.428549764477111, 23.127471141857743 ], [ 72.428721837750771, 23.118446974450819 ] ] ] } },
{ "type": "Feature", "properties": { "grid_id": "AHM-0176" }, "geometry": { "type": "Polygon", "coordinates": [ [ [ 72.428549764477111, 23.127471141857743 ], [ 72.438306976914447, 23.127630026819471 ], [ 72.438135468649207, 23.136654251735411 ], [ 72.428377604707521, 23.136495297731869 ], [ 72.428549764477111, 23.127471141857743 ] ] ] } },
{ "type": "Feature", "properties": { "grid_id": "AHM-0177" }, "geometry": { "type": "Polygon", "coordinates": [ [ [ 72.428377604707521, 23.136495297731869 ], [ 72.438135468649207, 23.136654251735411 ], [ 72.437963874189393, 23.145678465123719 ], [ 72.428205358416307, 23.145519442069414 ], [ 72.428377604707521, 23.136495297731869 ] ] ] } },
{ "type": "Feature", "properties": { "grid_id": "AHM-0178" }, "geometry": { "type": "Polygon", "coordinates": [ [ [ 72.428205358416307, 23.145519442069414 ], [ 72.437963874189393, 23.145678465123719 ], [ 72.437792193509324, 23.154702666980615 ], [ 72.428033025577648, 23.154543574866594 ], [ 72.428205358416307, 23.145519442069414 ] ] ] } },
{ "type": "Feature", "properties": { "grid_id": "AHM-0179" }, "geometry": { "type": "Polygon", "coordinates": [ [ [ 72.428033025577648, 23.154543574866594 ], [ 72.437792193509324, 23.154702666980615 ], [ 72.437620426583322, 23.163726857302333 ], [ 72.427860606165808, 23.163567696119625 ], [ 72.428033025577648, 23.154543574866594 ] ] ] } },
{ "type": "Feature", "properties": { "grid_id": "AHM-0180" }, "geometry": { "type": "Polygon", "coordinates": [ [ [ 72.427860606165808, 23.163567696119625 ], [ 72.437620426583322, 23.163726857302333 ], [ 72.437448573385694, 23.172751036085096 ], [ 72.427688100154953, 23.172591805824723 ], [ 72.427860606165808, 23.163567696119625 ] ] ] } },
{ "type": "Feature", "properties": { "grid_id": "AHM-0181" }, "geometry": { "type": "Polygon", "coordinates": [ [ [ 72.427688100154953, 23.172591805824723 ], [ 72.437448573385694, 23.172751036085096 ], [ 72.437276633890718, 23.18177520332512 ], [ 72.427515507519303, 23.181615903978116 ], [ 72.427688100154953, 23.172591805824723 ] ] ] } },
{ "type": "Feature", "properties": { "grid_id": "AHM-0182" }, "geometry": { "type": "Polygon", "coordinates": [ [ [ 72.427515507519303, 23.181615903978116 ], [ 72.437276633890718, 23.18177520332512 ], [ 72.437104608072644, 23.190799359018627 ], [ 72.427342828232995, 23.19063999057602 ], [ 72.427515507519303, 23.181615903978116 ] ] ] } },
{ "type": "Feature", "properties": { "grid_id": "AHM-0183" }, "geometry": { "type": "Polygon", "coordinates": [ [ [ 72.427342828232995, 23.19063999057602 ], [ 72.437104608072644, 23.190799359018627 ], [ 72.436932495905737, 23.19982350316187 ], [ 72.427170062270207, 23.199664065614659 ], [ 72.427342828232995, 23.19063999057602 ] ] ] } },
{ "type": "Feature", "properties": { "grid_id": "AHM-0184" }, "geometry": { "type": "Polygon", "coordinates": [ [ [ 72.427170062270207, 23.199664065614659 ], [ 72.436932495905737, 23.19982350316187 ], [ 72.436760297364216, 23.208847635751045 ], [ 72.426997209605048, 23.208688129090259 ], [ 72.427170062270207, 23.199664065614659 ] ] ] } },
{ "type": "Feature", "properties": { "grid_id": "AHM-0185" }, "geometry": { "type": "Polygon", "coordinates": [ [ [ 72.426997209605048, 23.208688129090259 ], [ 72.436760297364216, 23.208847635751045 ], [ 72.436588012422305, 23.217871756782404 ], [ 72.42682427021164, 23.217712180999033 ], [ 72.426997209605048, 23.208688129090259 ] ] ] } },
{ "type": "Feature", "properties": { "grid_id": "AHM-0186" }, "geometry": { "type": "Polygon", "coordinates": [ [ [ 72.442905211852789, 22.883971610467228 ], [ 72.452645042436927, 22.884128039109434 ], [ 72.452476494519416, 22.893152642382088 ], [ 72.442736021200304, 22.89299614519868 ], [ 72.442905211852789, 22.883971610467228 ] ] ] } },
{ "type": "Feature", "properties": { "grid_id": "AHM-0187" }, "geometry": { "type": "Polygon", "coordinates": [ [ [ 72.442736021200304, 22.89299614519868 ], [ 72.452476494519416, 22.893152642382088 ], [ 72.452307861418504, 22.90217723423817 ], [ 72.442566745039926, 22.902020668504775 ], [ 72.442736021200304, 22.89299614519868 ] ] ] } },
{ "type": "Feature", "properties": { "grid_id": "AHM-0188" }, "geometry": { "type": "Polygon", "coordinates": [ [ [ 72.442566745039926, 22.902020668504775 ], [ 72.452307861418504, 22.90217723423817 ], [ 72.452139143109051, 22.91120181467387 ], [ 72.442397383346417, 22.911045180381702 ], [ 72.442566745039926, 22.902020668504775 ] ] ] } },
{ "type": "Feature", "properties": { "grid_id": "AHM-0189" }, "geometry": { "type": "Polygon", "coordinates": [ [ [ 72.442397383346417, 22.911045180381702 ], [ 72.452139143109051, 22.91120181467387 ], [ 72.45197033956596, 22.920226383685403 ], [ 72.442227936094568, 22.920069680825666 ], [ 72.442397383346417, 22.911045180381702 ] ] ] } },
{ "type": "Feature", "properties": { "grid_id": "AHM-0190" }, "geometry": { "type": "Polygon", "coordinates": [ [ [ 72.442227936094568, 22.920069680825666 ], [ 72.45197033956596, 22.920226383685403 ], [ 72.451801450764023, 22.929250941268979 ], [ 72.442058403259111, 22.92909416983289 ], [ 72.442227936094568, 22.920069680825666 ] ] ] } },
{ "type": "Feature", "properties": { "grid_id": "AHM-0191" }, "geometry": { "type": "Polygon", "coordinates": [ [ [ 72.442058403259111, 22.92909416983289 ], [ 72.451801450764023, 22.929250941268979 ], [ 72.451632476678114, 22.938275487420814 ], [ 72.441888784814807, 22.938118647399552 ], [ 72.442058403259111, 22.92909416983289 ] ] ] } },
{ "type": "Feature", "properties": { "grid_id": "AHM-0192" }, "geometry": { "type": "Polygon", "coordinates": [ [ [ 72.441888784814807, 22.938118647399552 ], [ 72.451632476678114, 22.938275487420814 ], [ 72.451463417283023, 22.947300022137107 ], [ 72.441719080736334, 22.947143113521868 ], [ 72.441888784814807, 22.938118647399552 ] ] ] } },
{ "type": "Feature", "properties": { "grid_id": "AHM-0193" }, "geometry": { "type": "Polygon", "coordinates": [ [ [ 72.441719080736334, 22.947143113521868 ], [ 72.451463417283023, 22.947300022137107 ], [ 72.451294272553568, 22.95632454541407 ], [ 72.441549290998424, 22.956167568196051 ], [ 72.441719080736334, 22.947143113521868 ] ] ] } },
{ "type": "Feature", "properties": { "grid_id": "AHM-0194" }, "geometry": { "type": "Polygon", "coordinates": [ [ [ 72.441549290998424, 22.956167568196051 ], [ 72.451294272553568, 22.95632454541407 ], [ 72.451125042464525, 22.965349057247931 ], [ 72.441379415575753, 22.965192011418313 ], [ 72.441549290998424, 22.956167568196051 ] ] ] } },
{ "type": "Feature", "properties": { "grid_id": "AHM-0195" }, "geometry": { "type": "Polygon", "coordinates": [ [ [ 72.441379415575753, 22.965192011418313 ], [ 72.451125042464525, 22.965349057247931 ], [ 72.450955726990642, 22.974373557634895 ], [ 72.441209454442998, 22.974216443184837 ], [ 72.441379415575753, 22.965192011418313 ] ] ] } },
{ "type": "Feature", "properties": { "grid_id": "AHM-0196" }, "geometry": { "type": "Polygon", "coordinates": [ [ [ 72.441209454442998, 22.974216443184837 ], [ 72.450955726990642, 22.974373557634895 ], [ 72.450786326106666, 22.983398046571164 ], [ 72.441039407574806, 22.983240863491858 ], [ 72.441209454442998, 22.974216443184837 ] ] ] } },
{ "type": "Feature", "properties": { "grid_id": "AHM-0197" }, "geometry": { "type": "Polygon", "coordinates": [ [ [ 72.441039407574806, 22.983240863491858 ], [ 72.450786326106666, 22.983398046571164 ], [ 72.450616839787344, 22.992422524052969 ], [ 72.440869274945797, 22.992265272335572 ], [ 72.441039407574806, 22.983240863491858 ] ] ] } },
{ "type": "Feature", "properties": { "grid_id": "AHM-0198" }, "geometry": { "type": "Polygon", "coordinates": [ [ [ 72.440869274945797, 22.992265272335572 ], [ 72.450616839787344, 22.992422524052969 ], [ 72.45044726800738, 23.001446990076509 ], [ 72.440699056530605, 23.001289669712193 ], [ 72.440869274945797, 22.992265272335572 ] ] ] } },
{ "type": "Feature", "properties": { "grid_id": "AHM-0199" }, "geometry": { "type": "Polygon", "coordinates": [ [ [ 72.440699056530605, 23.001289669712193 ], [ 72.45044726800738, 23.001446990076509 ], [ 72.450277610741466, 23.010471444638014 ], [ 72.44052875230382, 23.010314055617926 ], [ 72.440699056530605, 23.001289669712193 ] ] ] } },
{ "type": "Feature", "properties": { "grid_id": "AHM-0200" }, "geometry": { "type": "Polygon", "coordinates": [ [ [ 72.44052875230382, 23.010314055617926 ], [ 72.450277610741466, 23.010471444638014 ], [ 72.450107867964306, 23.019495887733701 ], [ 72.440358362240048, 23.019338430048997 ], [ 72.44052875230382, 23.010314055617926 ] ] ] } },
{ "type": "Feature", "properties": { "grid_id": "AHM-0201" }, "geometry": { "type": "Polygon", "coordinates": [ [ [ 72.440358362240048, 23.019338430048997 ], [ 72.450107867964306, 23.019495887733701 ], [ 72.449938039650533, 23.028520319359778 ], [ 72.440187886313836, 23.028362793001602 ], [ 72.440358362240048, 23.019338430048997 ] ] ] } },
{ "type": "Feature", "properties": { "grid_id": "AHM-0202" }, "geometry": { "type": "Polygon", "coordinates": [ [ [ 72.440187886313836, 23.028362793001602 ], [ 72.449938039650533, 23.028520319359778 ], [ 72.44976812577481, 23.03754473951247 ], [ 72.440017324499749, 23.03738714447196 ], [ 72.440187886313836, 23.028362793001602 ] ] ] } },
{ "type": "Feature", "properties": { "grid_id": "AHM-0203" }, "geometry": { "type": "Polygon", "coordinates": [ [ [ 72.440017324499749, 23.03738714447196 ], [ 72.44976812577481, 23.03754473951247 ], [ 72.44959812631177, 23.046569148187992 ], [ 72.439846676772291, 23.046411484456289 ], [ 72.440017324499749, 23.03738714447196 ] ] ] } },
{ "type": "Feature", "properties": { "grid_id": "AHM-0204" }, "geometry": { "type": "Polygon", "coordinates": [ [ [ 72.439846676772291, 23.046411484456289 ], [ 72.44959812631177, 23.046569148187992 ], [ 72.449428041236018, 23.055593545382568 ], [ 72.439675943106025, 23.055435812950801 ], [ 72.439846676772291, 23.046411484456289 ] ] ] } },
{ "type": "Feature", "properties": { "grid_id": "AHM-0205" }, "geometry": { "type": "Polygon", "coordinates": [ [ [ 72.439675943106025, 23.055435812950801 ], [ 72.449428041236018, 23.055593545382568 ], [ 72.44925787052216, 23.064617931092414 ], [ 72.439505123475413, 23.064460129951712 ], [ 72.439675943106025, 23.055435812950801 ] ] ] } },
{ "type": "Feature", "properties": { "grid_id": "AHM-0206" }, "geometry": { "type": "Polygon", "coordinates": [ [ [ 72.439505123475413, 23.064460129951712 ], [ 72.44925787052216, 23.064617931092414 ], [ 72.449087614144773, 23.073642305313751 ], [ 72.439334217854949, 23.073484435455235 ], [ 72.439505123475413, 23.064460129951712 ] ] ] } },
{ "type": "Feature", "properties": { "grid_id": "AHM-0207" }, "geometry": { "type": "Polygon", "coordinates": [ [ [ 72.439334217854949, 23.073484435455235 ], [ 72.449087614144773, 23.073642305313751 ], [ 72.448917272078432, 23.082666668042801 ], [ 72.439163226219122, 23.082508729457587 ], [ 72.439334217854949, 23.073484435455235 ] ] ] } },
{ "type": "Feature", "properties": { "grid_id": "AHM-0208" }, "geometry": { "type": "Polygon", "coordinates": [ [ [ 72.439163226219122, 23.082508729457587 ], [ 72.448917272078432, 23.082666668042801 ], [ 72.448746844297659, 23.091691019275792 ], [ 72.438992148542368, 23.09153301195499 ], [ 72.439163226219122, 23.082508729457587 ] ] ] } },
{ "type": "Feature", "properties": { "grid_id": "AHM-0209" }, "geometry": { "type": "Polygon", "coordinates": [ [ [ 72.438992148542368, 23.09153301195499 ], [ 72.448746844297659, 23.091691019275792 ], [ 72.448576330776987, 23.100715359008952 ], [ 72.438820984799108, 23.100557282943669 ], [ 72.438992148542368, 23.09153301195499 ] ] ] } },
{ "type": "Feature", "properties": { "grid_id": "AHM-0210" }, "geometry": { "type": "Polygon", "coordinates": [ [ [ 72.438820984799108, 23.100557282943669 ], [ 72.448576330776987, 23.100715359008952 ], [ 72.448405731490965, 23.109739687238491 ], [ 72.438649734963775, 23.109581542419825 ], [ 72.438820984799108, 23.100557282943669 ] ] ] } },
{ "type": "Feature", "properties": { "grid_id": "AHM-0211" }, "geometry": { "type": "Polygon", "coordinates": [ [ [ 72.438649734963775, 23.109581542419825 ], [ 72.448405731490965, 23.109739687238491 ], [ 72.448235046414041, 23.118764003960642 ], [ 72.438478399010762, 23.118605790379686 ], [ 72.438649734963775, 23.109581542419825 ] ] ] } },
{ "type": "Feature", "properties": { "grid_id": "AHM-0212" }, "geometry": { "type": "Polygon", "coordinates": [ [ [ 72.438478399010762, 23.118605790379686 ], [ 72.448235046414041, 23.118764003960642 ], [ 72.448064275520721, 23.127788309171628 ], [ 72.438306976914447, 23.127630026819471 ], [ 72.438478399010762, 23.118605790379686 ] ] ] } },
{ "type": "Feature", "properties": { "grid_id": "AHM-0213" }, "geometry": { "type": "Polygon", "coordinates": [ [ [ 72.438306976914447, 23.127630026819471 ], [ 72.448064275520721, 23.127788309171628 ], [ 72.447893418785483, 23.136812602867678 ], [ 72.438135468649207, 23.136654251735411 ], [ 72.438306976914447, 23.127630026819471 ] ] ] } },
{ "type": "Feature", "properties": { "grid_id": "AHM-0214" }, "geometry": { "type": "Polygon", "coordinates": [ [ [ 72.438135468649207, 23.136654251735411 ], [ 72.447893418785483, 23.136812602867678 ], [ 72.447722476182733, 23.145836885045011 ], [ 72.437963874189393, 23.145678465123719 ], [ 72.438135468649207, 23.136654251735411 ] ] ] } },
{ "type": "Feature", "properties": { "grid_id": "AHM-0215" }, "geometry": { "type": "Polygon", "coordinates": [ [ [ 72.437963874189393, 23.145678465123719 ], [ 72.447722476182733, 23.145836885045011 ], [ 72.447551447686934, 23.154861155699869 ], [ 72.437792193509324, 23.154702666980615 ], [ 72.437963874189393, 23.145678465123719 ] ] ] } },
{ "type": "Feature", "properties": { "grid_id": "AHM-0216" }, "geometry": { "type": "Polygon", "coordinates": [ [ [ 72.437792193509324, 23.154702666980615 ], [ 72.447551447686934, 23.154861155699869 ], [ 72.447380333272477, 23.163885414828478 ], [ 72.437620426583322, 23.163726857302333 ], [ 72.437792193509324, 23.154702666980615 ] ] ] } },
{ "type": "Feature", "properties": { "grid_id": "AHM-0217" }, "geometry": { "type": "Polygon", "coordinates": [ [ [ 72.437620426583322, 23.163726857302333 ], [ 72.447380333272477, 23.163885414828478 ], [ 72.447209132913784, 23.172909662427053 ], [ 72.437448573385694, 23.172751036085096 ], [ 72.437620426583322, 23.163726857302333 ] ] ] } },
{ "type": "Feature", "properties": { "grid_id": "AHM-0218" }, "geometry": { "type": "Polygon", "coordinates": [ [ [ 72.437448573385694, 23.172751036085096 ], [ 72.447209132913784, 23.172909662427053 ], [ 72.447037846585204, 23.181933898491842 ], [ 72.437276633890718, 23.18177520332512 ], [ 72.437448573385694, 23.172751036085096 ] ] ] } },
{ "type": "Feature", "properties": { "grid_id": "AHM-0219" }, "geometry": { "type": "Polygon", "coordinates": [ [ [ 72.437276633890718, 23.18177520332512 ], [ 72.447037846585204, 23.181933898491842 ], [ 72.446866474261128, 23.190958123019065 ], [ 72.437104608072644, 23.190799359018627 ], [ 72.437276633890718, 23.18177520332512 ] ] ] } },
{ "type": "Feature", "properties": { "grid_id": "AHM-0220" }, "geometry": { "type": "Polygon", "coordinates": [ [ [ 72.437104608072644, 23.190799359018627 ], [ 72.446866474261128, 23.190958123019065 ], [ 72.446695015915878, 23.199982336004958 ], [ 72.436932495905737, 23.19982350316187 ], [ 72.437104608072644, 23.190799359018627 ] ] ] } },
{ "type": "Feature", "properties": { "grid_id": "AHM-0221" }, "geometry": { "type": "Polygon", "coordinates": [ [ [ 72.436932495905737, 23.19982350316187 ], [ 72.446695015915878, 23.199982336004958 ], [ 72.44652347152379, 23.209006537445749 ], [ 72.436760297364216, 23.208847635751045 ], [ 72.436932495905737, 23.19982350316187 ] ] ] } },
{ "type": "Feature", "properties": { "grid_id": "AHM-0222" }, "geometry": { "type": "Polygon", "coordinates": [ [ [ 72.436760297364216, 23.208847635751045 ], [ 72.44652347152379, 23.209006537445749 ], [ 72.446351841059169, 23.21803072733768 ], [ 72.436588012422305, 23.217871756782404 ], [ 72.436760297364216, 23.208847635751045 ] ] ] } },
{ "type": "Feature", "properties": { "grid_id": "AHM-0223" }, "geometry": { "type": "Polygon", "coordinates": [ [ [ 72.452645042436927, 22.884128039109434 ], [ 72.462384958179371, 22.884283872174056 ], [ 72.462217053021931, 22.893308543727102 ], [ 72.452476494519416, 22.893152642382088 ], [ 72.452645042436927, 22.884128039109434 ] ] ] } },
{ "type": "Feature", "properties": { "grid_id": "AHM-0224" }, "geometry": { "type": "Polygon", "coordinates": [ [ [ 72.452476494519416, 22.893152642382088 ], [ 72.462217053021931, 22.893308543727102 ], [ 72.462049063005594, 22.902333203872328 ], [ 72.452307861418504, 22.90217723423817 ], [ 72.452476494519416, 22.893152642382088 ] ] ] } },
{ "type": "Feature", "properties": { "grid_id": "AHM-0225" }, "geometry": { "type": "Polygon", "coordinates": [ [ [ 72.452307861418504, 22.90217723423817 ], [ 72.462049063005594, 22.902333203872328 ], [ 72.461880988105349, 22.911357852605928 ], [ 72.452139143109051, 22.91120181467387 ], [ 72.452307861418504, 22.90217723423817 ] ] ] } },
{ "type": "Feature", "properties": { "grid_id": "AHM-0226" }, "geometry": { "type": "Polygon", "coordinates": [ [ [ 72.452139143109051, 22.91120181467387 ], [ 72.461880988105349, 22.911357852605928 ], [ 72.461712828296157, 22.920382489924123 ], [ 72.45197033956596, 22.920226383685403 ], [ 72.452139143109051, 22.91120181467387 ] ] ] } },
{ "type": "Feature", "properties": { "grid_id": "AHM-0227" }, "geometry": { "type": "Polygon", "coordinates": [ [ [ 72.45197033956596, 22.920226383685403 ], [ 72.461712828296157, 22.920382489924123 ], [ 72.461544583552921, 22.929407115823125 ], [ 72.451801450764023, 22.929250941268979 ], [ 72.45197033956596, 22.920226383685403 ] ] ] } },
{ "type": "Feature", "properties": { "grid_id": "AHM-0228" }, "geometry": { "type": "Polygon", "coordinates": [ [ [ 72.451801450764023, 22.929250941268979 ], [ 72.461544583552921, 22.929407115823125 ], [ 72.461376253850602, 22.938431730299147 ], [ 72.451632476678114, 22.938275487420814 ], [ 72.451801450764023, 22.929250941268979 ] ] ] } },
{ "type": "Feature", "properties": { "grid_id": "AHM-0229" }, "geometry": { "type": "Polygon", "coordinates": [ [ [ 72.451632476678114, 22.938275487420814 ], [ 72.461376253850602, 22.938431730299147 ], [ 72.461207839164103, 22.947456333348406 ], [ 72.451463417283023, 22.947300022137107 ], [ 72.451632476678114, 22.938275487420814 ] ] ] } },
{ "type": "Feature", "properties": { "grid_id": "AHM-0230" }, "geometry": { "type": "Polygon", "coordinates": [ [ [ 72.451463417283023, 22.947300022137107 ], [ 72.461207839164103, 22.947456333348406 ], [ 72.461039339468314, 22.956480924967121 ], [ 72.451294272553568, 22.95632454541407 ], [ 72.451463417283023, 22.947300022137107 ] ] ] } },
{ "type": "Feature", "properties": { "grid_id": "AHM-0231" }, "geometry": { "type": "Polygon", "coordinates": [ [ [ 72.451294272553568, 22.95632454541407 ], [ 72.461039339468314, 22.956480924967121 ], [ 72.46087075473811, 22.965505505151512 ], [ 72.451125042464525, 22.965349057247931 ], [ 72.451294272553568, 22.95632454541407 ] ] ] } },
{ "type": "Feature", "properties": { "grid_id": "AHM-0232" }, "geometry": { "type": "Polygon", "coordinates": [ [ [ 72.451125042464525, 22.965349057247931 ], [ 72.46087075473811, 22.965505505151512 ], [ 72.460702084948352, 22.974530073897792 ], [ 72.450955726990642, 22.974373557634895 ], [ 72.451125042464525, 22.965349057247931 ] ] ] } },
{ "type": "Feature", "properties": { "grid_id": "AHM-0233" }, "geometry": { "type": "Polygon", "coordinates": [ [ [ 72.450955726990642, 22.974373557634895 ], [ 72.460702084948352, 22.974530073897792 ], [ 72.460533330073872, 22.983554631202175 ], [ 72.450786326106666, 22.983398046571164 ], [ 72.450955726990642, 22.974373557634895 ] ] ] } },
{ "type": "Feature", "properties": { "grid_id": "AHM-0234" }, "geometry": { "type": "Polygon", "coordinates": [ [ [ 72.450786326106666, 22.983398046571164 ], [ 72.460533330073872, 22.983554631202175 ], [ 72.460364490089518, 22.9925791770609 ], [ 72.450616839787344, 22.992422524052969 ], [ 72.450786326106666, 22.983398046571164 ] ] ] } },
{ "type": "Feature", "properties": { "grid_id": "AHM-0235" }, "geometry": { "type": "Polygon", "coordinates": [ [ [ 72.450616839787344, 22.992422524052969 ], [ 72.460364490089518, 22.9925791770609 ], [ 72.460195564970093, 23.001603711470164 ], [ 72.45044726800738, 23.001446990076509 ], [ 72.450616839787344, 22.992422524052969 ] ] ] } },
{ "type": "Feature", "properties": { "grid_id": "AHM-0236" }, "geometry": { "type": "Polygon", "coordinates": [ [ [ 72.45044726800738, 23.001446990076509 ], [ 72.460195564970093, 23.001603711470164 ], [ 72.460026554690359, 23.010628234426189 ], [ 72.450277610741466, 23.010471444638014 ], [ 72.45044726800738, 23.001446990076509 ] ] ] } },
{ "type": "Feature", "properties": { "grid_id": "AHM-0237" }, "geometry": { "type": "Polygon", "coordinates": [ [ [ 72.450277610741466, 23.010471444638014 ], [ 72.460026554690359, 23.010628234426189 ], [ 72.459857459225148, 23.019652745925224 ], [ 72.450107867964306, 23.019495887733701 ], [ 72.450277610741466, 23.010471444638014 ] ] ] } },
{ "type": "Feature", "properties": { "grid_id": "AHM-0238" }, "geometry": { "type": "Polygon", "coordinates": [ [ [ 72.450107867964306, 23.019495887733701 ], [ 72.459857459225148, 23.019652745925224 ], [ 72.459688278549166, 23.028677245963465 ], [ 72.449938039650533, 23.028520319359778 ], [ 72.450107867964306, 23.019495887733701 ] ] ] } },
{ "type": "Feature", "properties": { "grid_id": "AHM-0239" }, "geometry": { "type": "Polygon", "coordinates": [ [ [ 72.449938039650533, 23.028520319359778 ], [ 72.459688278549166, 23.028677245963465 ], [ 72.459519012637202, 23.037701734537144 ], [ 72.44976812577481, 23.03754473951247 ], [ 72.449938039650533, 23.028520319359778 ] ] ] } },
{ "type": "Feature", "properties": { "grid_id": "AHM-0240" }, "geometry": { "type": "Polygon", "coordinates": [ [ [ 72.44976812577481, 23.03754473951247 ], [ 72.459519012637202, 23.037701734537144 ], [ 72.459349661463961, 23.04672621164249 ], [ 72.44959812631177, 23.046569148187992 ], [ 72.44976812577481, 23.03754473951247 ] ] ] } },
{ "type": "Feature", "properties": { "grid_id": "AHM-0241" }, "geometry": { "type": "Polygon", "coordinates": [ [ [ 72.44959812631177, 23.046569148187992 ], [ 72.459349661463961, 23.04672621164249 ], [ 72.459180225004147, 23.055750677275718 ], [ 72.449428041236018, 23.055593545382568 ], [ 72.44959812631177, 23.046569148187992 ] ] ] } },
{ "type": "Feature", "properties": { "grid_id": "AHM-0242" }, "geometry": { "type": "Polygon", "coordinates": [ [ [ 72.449428041236018, 23.055593545382568 ], [ 72.459180225004147, 23.055750677275718 ], [ 72.459010703232451, 23.064775131433059 ], [ 72.44925787052216, 23.064617931092414 ], [ 72.449428041236018, 23.055593545382568 ] ] ] } },
{ "type": "Feature", "properties": { "grid_id": "AHM-0243" }, "geometry": { "type": "Polygon", "coordinates": [ [ [ 72.44925787052216, 23.064617931092414 ], [ 72.459010703232451, 23.064775131433059 ], [ 72.458841096123564, 23.073799574110733 ], [ 72.449087614144773, 23.073642305313751 ], [ 72.44925787052216, 23.064617931092414 ] ] ] } },
{ "type": "Feature", "properties": { "grid_id": "AHM-0244" }, "geometry": { "type": "Polygon", "coordinates": [ [ [ 72.449087614144773, 23.073642305313751 ], [ 72.458841096123564, 23.073799574110733 ], [ 72.458671403652147, 23.082824005304982 ], [ 72.448917272078432, 23.082666668042801 ], [ 72.449087614144773, 23.073642305313751 ] ] ] } },
{ "type": "Feature", "properties": { "grid_id": "AHM-0245" }, "geometry": { "type": "Polygon", "coordinates": [ [ [ 72.448917272078432, 23.082666668042801 ], [ 72.458671403652147, 23.082824005304982 ], [ 72.458501625792834, 23.091848425012021 ], [ 72.448746844297659, 23.091691019275792 ], [ 72.448917272078432, 23.082666668042801 ] ] ] } },
{ "type": "Feature", "properties": { "grid_id": "AHM-0246" }, "geometry": { "type": "Polygon", "coordinates": [ [ [ 72.448746844297659, 23.091691019275792 ], [ 72.458501625792834, 23.091848425012021 ], [ 72.458331762520245, 23.100872833228081 ], [ 72.448576330776987, 23.100715359008952 ], [ 72.448746844297659, 23.091691019275792 ] ] ] } },
{ "type": "Feature", "properties": { "grid_id": "AHM-0247" }, "geometry": { "type": "Polygon", "coordinates": [ [ [ 72.448576330776987, 23.100715359008952 ], [ 72.458331762520245, 23.100872833228081 ], [ 72.458161813809028, 23.109897229949393 ], [ 72.448405731490965, 23.109739687238491 ], [ 72.448576330776987, 23.100715359008952 ] ] ] } },
{ "type": "Feature", "properties": { "grid_id": "AHM-0248" }, "geometry": { "type": "Polygon", "coordinates": [ [ [ 72.448405731490965, 23.109739687238491 ], [ 72.458161813809028, 23.109897229949393 ], [ 72.45799177963373, 23.118921615172187 ], [ 72.448235046414041, 23.118764003960642 ], [ 72.448405731490965, 23.109739687238491 ] ] ] } },
{ "type": "Feature", "properties": { "grid_id": "AHM-0249" }, "geometry": { "type": "Polygon", "coordinates": [ [ [ 72.448235046414041, 23.118764003960642 ], [ 72.45799177963373, 23.118921615172187 ], [ 72.457821659968943, 23.127945988892694 ], [ 72.448064275520721, 23.127788309171628 ], [ 72.448235046414041, 23.118764003960642 ] ] ] } },
{ "type": "Feature", "properties": { "grid_id": "AHM-0250" }, "geometry": { "type": "Polygon", "coordinates": [ [ [ 72.448064275520721, 23.127788309171628 ], [ 72.457821659968943, 23.127945988892694 ], [ 72.457651454789229, 23.136970351107141 ], [ 72.447893418785483, 23.136812602867678 ], [ 72.448064275520721, 23.127788309171628 ] ] ] } },
{ "type": "Feature", "properties": { "grid_id": "AHM-0251" }, "geometry": { "type": "Polygon", "coordinates": [ [ [ 72.447893418785483, 23.136812602867678 ], [ 72.457651454789229, 23.136970351107141 ], [ 72.457481164069137, 23.145994701811773 ], [ 72.447722476182733, 23.145836885045011 ], [ 72.447893418785483, 23.136812602867678 ] ] ] } },
{ "type": "Feature", "properties": { "grid_id": "AHM-0252" }, "geometry": { "type": "Polygon", "coordinates": [ [ [ 72.447722476182733, 23.145836885045011 ], [ 72.457481164069137, 23.145994701811773 ], [ 72.457310787783186, 23.155019041002809 ], [ 72.447551447686934, 23.154861155699869 ], [ 72.447722476182733, 23.145836885045011 ] ] ] } },
{ "type": "Feature", "properties": { "grid_id": "AHM-0253" }, "geometry": { "type": "Polygon", "coordinates": [ [ [ 72.447551447686934, 23.154861155699869 ], [ 72.457310787783186, 23.155019041002809 ], [ 72.457140325905883, 23.164043368676484 ], [ 72.447380333272477, 23.163885414828478 ], [ 72.447551447686934, 23.154861155699869 ] ] ] } },
{ "type": "Feature", "properties": { "grid_id": "AHM-0254" }, "geometry": { "type": "Polygon", "coordinates": [ [ [ 72.447380333272477, 23.163885414828478 ], [ 72.457140325905883, 23.164043368676484 ], [ 72.456969778411747, 23.173067684829036 ], [ 72.447209132913784, 23.172909662427053 ], [ 72.447380333272477, 23.163885414828478 ] ] ] } },
{ "type": "Feature", "properties": { "grid_id": "AHM-0255" }, "geometry": { "type": "Polygon", "coordinates": [ [ [ 72.447209132913784, 23.172909662427053 ], [ 72.456969778411747, 23.173067684829036 ], [ 72.456799145275212, 23.182091989456712 ], [ 72.447037846585204, 23.181933898491842 ], [ 72.447209132913784, 23.172909662427053 ] ] ] } },
{ "type": "Feature", "properties": { "grid_id": "AHM-0256" }, "geometry": { "type": "Polygon", "coordinates": [ [ [ 72.447037846585204, 23.181933898491842 ], [ 72.456799145275212, 23.182091989456712 ], [ 72.456628426470772, 23.191116282555722 ], [ 72.446866474261128, 23.190958123019065 ], [ 72.447037846585204, 23.181933898491842 ] ] ] } },
{ "type": "Feature", "properties": { "grid_id": "AHM-0257" }, "geometry": { "type": "Polygon", "coordinates": [ [ [ 72.446866474261128, 23.190958123019065 ], [ 72.456628426470772, 23.191116282555722 ], [ 72.456457621972845, 23.200140564122329 ], [ 72.446695015915878, 23.199982336004958 ], [ 72.446866474261128, 23.190958123019065 ] ] ] } },
{ "type": "Feature", "properties": { "grid_id": "AHM-0258" }, "geometry": { "type": "Polygon", "coordinates": [ [ [ 72.446695015915878, 23.199982336004958 ], [ 72.456457621972845, 23.200140564122329 ], [ 72.456286731755867, 23.209164834152752 ], [ 72.44652347152379, 23.209006537445749 ], [ 72.446695015915878, 23.199982336004958 ] ] ] } },
{ "type": "Feature", "properties": { "grid_id": "AHM-0259" }, "geometry": { "type": "Polygon", "coordinates": [ [ [ 72.44652347152379, 23.209006537445749 ], [ 72.456286731755867, 23.209164834152752 ], [ 72.456115755794258, 23.218189092643247 ], [ 72.446351841059169, 23.21803072733768 ], [ 72.44652347152379, 23.209006537445749 ] ] ] } },
{ "type": "Feature", "properties": { "grid_id": "AHM-0260" }, "geometry": { "type": "Polygon", "coordinates": [ [ [ 72.462384958179371, 22.884283872174056 ], [ 72.472124958755685, 22.884439109639949 ], [ 72.471957696383342, 22.893463849212583 ], [ 72.462217053021931, 22.893308543727102 ], [ 72.462384958179371, 22.884283872174056 ] ] ] } },
{ "type": "Feature", "properties": { "grid_id": "AHM-0261" }, "geometry": { "type": "Polygon", "coordinates": [ [ [ 72.462217053021931, 22.893308543727102 ], [ 72.471957696383342, 22.893463849212583 ], [ 72.471790349476606, 22.902488577386098 ], [ 72.462049063005594, 22.902333203872328 ], [ 72.462217053021931, 22.893308543727102 ] ] ] } },
{ "type": "Feature", "properties": { "grid_id": "AHM-0262" }, "geometry": { "type": "Polygon", "coordinates": [ [ [ 72.462049063005594, 22.902333203872328 ], [ 72.471790349476606, 22.902488577386098 ], [ 72.47162291801061, 22.911513294156713 ], [ 72.461880988105349, 22.911357852605928 ], [ 72.462049063005594, 22.902333203872328 ] ] ] } },
{ "type": "Feature", "properties": { "grid_id": "AHM-0263" }, "geometry": { "type": "Polygon", "coordinates": [ [ [ 72.461880988105349, 22.911357852605928 ], [ 72.47162291801061, 22.911513294156713 ], [ 72.471455401960355, 22.920537999520651 ], [ 72.461712828296157, 22.920382489924123 ], [ 72.461880988105349, 22.911357852605928 ] ] ] } },
{ "type": "Feature", "properties": { "grid_id": "AHM-0264" }, "geometry": { "type": "Polygon", "coordinates": [ [ [ 72.461712828296157, 22.920382489924123 ], [ 72.471455401960355, 22.920537999520651 ], [ 72.471287801300903, 22.929562693474125 ], [ 72.461544583552921, 22.929407115823125 ], [ 72.461712828296157, 22.920382489924123 ] ] ] } },
{ "type": "Feature", "properties": { "grid_id": "AHM-0265" }, "geometry": { "type": "Polygon", "coordinates": [ [ [ 72.461544583552921, 22.929407115823125 ], [ 72.471287801300903, 22.929562693474125 ], [ 72.471120116007285, 22.938587376013356 ], [ 72.461376253850602, 22.938431730299147 ], [ 72.461544583552921, 22.929407115823125 ] ] ] } },
{ "type": "Feature", "properties": { "grid_id": "AHM-0266" }, "geometry": { "type": "Polygon", "coordinates": [ [ [ 72.461376253850602, 22.938431730299147 ], [ 72.471120116007285, 22.938587376013356 ], [ 72.470952346054474, 22.947612047134566 ], [ 72.461207839164103, 22.947456333348406 ], [ 72.461376253850602, 22.938431730299147 ] ] ] } },
{ "type": "Feature", "properties": { "grid_id": "AHM-0267" }, "geometry": { "type": "Polygon", "coordinates": [ [ [ 72.461207839164103, 22.947456333348406 ], [ 72.470952346054474, 22.947612047134566 ], [ 72.470784491417476, 22.956636706833972 ], [ 72.461039339468314, 22.956480924967121 ], [ 72.461207839164103, 22.947456333348406 ] ] ] } },
{ "type": "Feature", "properties": { "grid_id": "AHM-0268" }, "geometry": { "type": "Polygon", "coordinates": [ [ [ 72.461039339468314, 22.956480924967121 ], [ 72.470784491417476, 22.956636706833972 ], [ 72.470616552071263, 22.965661355107812 ], [ 72.46087075473811, 22.965505505151512 ], [ 72.461039339468314, 22.956480924967121 ] ] ] } },
{ "type": "Feature", "properties": { "grid_id": "AHM-0269" }, "geometry": { "type": "Polygon", "coordinates": [ [ [ 72.46087075473811, 22.965505505151512 ], [ 72.470616552071263, 22.965661355107812 ], [ 72.470448527990783, 22.974685991952292 ], [ 72.460702084948352, 22.974530073897792 ], [ 72.46087075473811, 22.965505505151512 ] ] ] } },
{ "type": "Feature", "properties": { "grid_id": "AHM-0270" }, "geometry": { "type": "Polygon", "coordinates": [ [ [ 72.460702084948352, 22.974530073897792 ], [ 72.470448527990783, 22.974685991952292 ], [ 72.470280419150967, 22.983710617363645 ], [ 72.460533330073872, 22.983554631202175 ], [ 72.460702084948352, 22.974530073897792 ] ] ] } },
{ "type": "Feature", "properties": { "grid_id": "AHM-0271" }, "geometry": { "type": "Polygon", "coordinates": [ [ [ 72.460533330073872, 22.983554631202175 ], [ 72.470280419150967, 22.983710617363645 ], [ 72.470112225526762, 22.992735231338091 ], [ 72.460364490089518, 22.9925791770609 ], [ 72.460533330073872, 22.983554631202175 ] ] ] } },
{ "type": "Feature", "properties": { "grid_id": "AHM-0272" }, "geometry": { "type": "Polygon", "coordinates": [ [ [ 72.460364490089518, 22.9925791770609 ], [ 72.470112225526762, 22.992735231338091 ], [ 72.469943947093086, 23.001759833871855 ], [ 72.460195564970093, 23.001603711470164 ], [ 72.460364490089518, 22.9925791770609 ] ] ] } },
{ "type": "Feature", "properties": { "grid_id": "AHM-0273" }, "geometry": { "type": "Polygon", "coordinates": [ [ [ 72.460195564970093, 23.001603711470164 ], [ 72.469943947093086, 23.001759833871855 ], [ 72.46977558382477, 23.010784424961166 ], [ 72.460026554690359, 23.010628234426189 ], [ 72.460195564970093, 23.001603711470164 ] ] ] } },
{ "type": "Feature", "properties": { "grid_id": "AHM-0274" }, "geometry": { "type": "Polygon", "coordinates": [ [ [ 72.460026554690359, 23.010628234426189 ], [ 72.46977558382477, 23.010784424961166 ], [ 72.469607135696734, 23.019809004602259 ], [ 72.459857459225148, 23.019652745925224 ], [ 72.460026554690359, 23.010628234426189 ] ] ] } },
{ "type": "Feature", "properties": { "grid_id": "AHM-0275" }, "geometry": { "type": "Polygon", "coordinates": [ [ [ 72.459857459225148, 23.019652745925224 ], [ 72.469607135696734, 23.019809004602259 ], [ 72.469438602683809, 23.028833572791346 ], [ 72.459688278549166, 23.028677245963465 ], [ 72.459857459225148, 23.019652745925224 ] ] ] } },
{ "type": "Feature", "properties": { "grid_id": "AHM-0276" }, "geometry": { "type": "Polygon", "coordinates": [ [ [ 72.459688278549166, 23.028677245963465 ], [ 72.469438602683809, 23.028833572791346 ], [ 72.469269984760871, 23.037858129524661 ], [ 72.459519012637202, 23.037701734537144 ], [ 72.459688278549166, 23.028677245963465 ] ] ] } },
{ "type": "Feature", "properties": { "grid_id": "AHM-0277" }, "geometry": { "type": "Polygon", "coordinates": [ [ [ 72.459519012637202, 23.037701734537144 ], [ 72.469269984760871, 23.037858129524661 ], [ 72.469101281902695, 23.046882674798443 ], [ 72.459349661463961, 23.04672621164249 ], [ 72.459519012637202, 23.037701734537144 ] ] ] } },
{ "type": "Feature", "properties": { "grid_id": "AHM-0278" }, "geometry": { "type": "Polygon", "coordinates": [ [ [ 72.459349661463961, 23.04672621164249 ], [ 72.469101281902695, 23.046882674798443 ], [ 72.468932494084115, 23.055907208608904 ], [ 72.459180225004147, 23.055750677275718 ], [ 72.459349661463961, 23.04672621164249 ] ] ] } },
{ "type": "Feature", "properties": { "grid_id": "AHM-0279" }, "geometry": { "type": "Polygon", "coordinates": [ [ [ 72.459180225004147, 23.055750677275718 ], [ 72.468932494084115, 23.055907208608904 ], [ 72.468763621279919, 23.064931730952285 ], [ 72.459010703232451, 23.064775131433059 ], [ 72.459180225004147, 23.055750677275718 ] ] ] } },
{ "type": "Feature", "properties": { "grid_id": "AHM-0280" }, "geometry": { "type": "Polygon", "coordinates": [ [ [ 72.459010703232451, 23.064775131433059 ], [ 72.468763621279919, 23.064931730952285 ], [ 72.468594663464884, 23.073956241824824 ], [ 72.458841096123564, 23.073799574110733 ], [ 72.459010703232451, 23.064775131433059 ] ] ] } },
{ "type": "Feature", "properties": { "grid_id": "AHM-0281" }, "geometry": { "type": "Polygon", "coordinates": [ [ [ 72.458841096123564, 23.073799574110733 ], [ 72.468594663464884, 23.073956241824824 ], [ 72.468425620613743, 23.082980741222734 ], [ 72.458671403652147, 23.082824005304982 ], [ 72.458841096123564, 23.073799574110733 ] ] ] } },
{ "type": "Feature", "properties": { "grid_id": "AHM-0282" }, "geometry": { "type": "Polygon", "coordinates": [ [ [ 72.458671403652147, 23.082824005304982 ], [ 72.468425620613743, 23.082980741222734 ], [ 72.468256492701272, 23.092005229142266 ], [ 72.458501625792834, 23.091848425012021 ], [ 72.458671403652147, 23.082824005304982 ] ] ] } },
{ "type": "Feature", "properties": { "grid_id": "AHM-0283" }, "geometry": { "type": "Polygon", "coordinates": [ [ [ 72.458501625792834, 23.091848425012021 ], [ 72.468256492701272, 23.092005229142266 ], [ 72.468087279702161, 23.101029705579652 ], [ 72.458331762520245, 23.100872833228081 ], [ 72.458501625792834, 23.091848425012021 ] ] ] } },
{ "type": "Feature", "properties": { "grid_id": "AHM-0284" }, "geometry": { "type": "Polygon", "coordinates": [ [ [ 72.458331762520245, 23.100872833228081 ], [ 72.468087279702161, 23.101029705579652 ], [ 72.467917981591128, 23.110054170531118 ], [ 72.458161813809028, 23.109897229949393 ], [ 72.458331762520245, 23.100872833228081 ] ] ] } },
{ "type": "Feature", "properties": { "grid_id": "AHM-0285" }, "geometry": { "type": "Polygon", "coordinates": [ [ [ 72.458161813809028, 23.109897229949393 ], [ 72.467917981591128, 23.110054170531118 ], [ 72.467748598342894, 23.119078623992898 ], [ 72.45799177963373, 23.118921615172187 ], [ 72.458161813809028, 23.109897229949393 ] ] ] } },
{ "type": "Feature", "properties": { "grid_id": "AHM-0286" }, "geometry": { "type": "Polygon", "coordinates": [ [ [ 72.45799177963373, 23.118921615172187 ], [ 72.467748598342894, 23.119078623992898 ], [ 72.467579129932076, 23.128103065961234 ], [ 72.457821659968943, 23.127945988892694 ], [ 72.45799177963373, 23.118921615172187 ] ] ] } },
{ "type": "Feature", "properties": { "grid_id": "AHM-0287" }, "geometry": { "type": "Polygon", "coordinates": [ [ [ 72.457821659968943, 23.127945988892694 ], [ 72.467579129932076, 23.128103065961234 ], [ 72.467409576333353, 23.137127496432363 ], [ 72.457651454789229, 23.136970351107141 ], [ 72.457821659968943, 23.127945988892694 ] ] ] } },
{ "type": "Feature", "properties": { "grid_id": "AHM-0288" }, "geometry": { "type": "Polygon", "coordinates": [ [ [ 72.457651454789229, 23.136970351107141 ], [ 72.467409576333353, 23.137127496432363 ], [ 72.467239937521398, 23.14615191540252 ], [ 72.457481164069137, 23.145994701811773 ], [ 72.457651454789229, 23.136970351107141 ] ] ] } },
{ "type": "Feature", "properties": { "grid_id": "AHM-0289" }, "geometry": { "type": "Polygon", "coordinates": [ [ [ 72.457481164069137, 23.145994701811773 ], [ 72.467239937521398, 23.14615191540252 ], [ 72.467070213470791, 23.155176322867948 ], [ 72.457310787783186, 23.155019041002809 ], [ 72.457481164069137, 23.145994701811773 ] ] ] } },
{ "type": "Feature", "properties": { "grid_id": "AHM-0290" }, "geometry": { "type": "Polygon", "coordinates": [ [ [ 72.457310787783186, 23.155019041002809 ], [ 72.467070213470791, 23.155176322867948 ], [ 72.466900404156149, 23.16420071882488 ], [ 72.457140325905883, 23.164043368676484 ], [ 72.457310787783186, 23.155019041002809 ] ] ] } },
{ "type": "Feature", "properties": { "grid_id": "AHM-0291" }, "geometry": { "type": "Polygon", "coordinates": [ [ [ 72.457140325905883, 23.164043368676484 ], [ 72.466900404156149, 23.16420071882488 ], [ 72.466730509552079, 23.173225103269548 ], [ 72.456969778411747, 23.173067684829036 ], [ 72.457140325905883, 23.164043368676484 ] ] ] } },
{ "type": "Feature", "properties": { "grid_id": "AHM-0292" }, "geometry": { "type": "Polygon", "coordinates": [ [ [ 72.456969778411747, 23.173067684829036 ], [ 72.466730509552079, 23.173225103269548 ], [ 72.466560529633142, 23.182249476198216 ], [ 72.456799145275212, 23.182091989456712 ], [ 72.456969778411747, 23.173067684829036 ] ] ] } },
{ "type": "Feature", "properties": { "grid_id": "AHM-0293" }, "geometry": { "type": "Polygon", "coordinates": [ [ [ 72.456799145275212, 23.182091989456712 ], [ 72.466560529633142, 23.182249476198216 ], [ 72.466390464373887, 23.191273837607095 ], [ 72.456628426470772, 23.191116282555722 ], [ 72.456799145275212, 23.182091989456712 ] ] ] } },
{ "type": "Feature", "properties": { "grid_id": "AHM-0294" }, "geometry": { "type": "Polygon", "coordinates": [ [ [ 72.456628426470772, 23.191116282555722 ], [ 72.466390464373887, 23.191273837607095 ], [ 72.466220313748863, 23.200298187492454 ], [ 72.456457621972845, 23.200140564122329 ], [ 72.456628426470772, 23.191116282555722 ] ] ] } },
{ "type": "Feature", "properties": { "grid_id": "AHM-0295" }, "geometry": { "type": "Polygon", "coordinates": [ [ [ 72.456457621972845, 23.200140564122329 ], [ 72.466220313748863, 23.200298187492454 ], [ 72.466050077732604, 23.209322525850521 ], [ 72.456286731755867, 23.209164834152752 ], [ 72.456457621972845, 23.200140564122329 ] ] ] } },
{ "type": "Feature", "properties": { "grid_id": "AHM-0296" }, "geometry": { "type": "Polygon", "coordinates": [ [ [ 72.456286731755867, 23.209164834152752 ], [ 72.466050077732604, 23.209322525850521 ], [ 72.465879756299586, 23.218346852677548 ], [ 72.456115755794258, 23.218189092643247 ], [ 72.456286731755867, 23.209164834152752 ] ] ] } },
{ "type": "Feature", "properties": { "grid_id": "AHM-0297" }, "geometry": { "type": "Polygon", "coordinates": [ [ [ 72.472124958755685, 22.884439109639949 ], [ 72.481865043841438, 22.884593751486076 ], [ 72.481698424279088, 22.893618558817455 ], [ 72.471957696383342, 22.893463849212583 ], [ 72.472124958755685, 22.884439109639949 ] ] ] } },
{ "type": "Feature", "properties": { "grid_id": "AHM-0298" }, "geometry": { "type": "Polygon", "coordinates": [ [ [ 72.471957696383342, 22.893463849212583 ], [ 72.481698424279088, 22.893618558817455 ], [ 72.481531720506922, 22.902643354758403 ], [ 72.471790349476606, 22.902488577386098 ], [ 72.471957696383342, 22.893463849212583 ] ] ] } },
{ "type": "Feature", "properties": { "grid_id": "AHM-0299" }, "geometry": { "type": "Polygon", "coordinates": [ [ [ 72.471790349476606, 22.902488577386098 ], [ 72.481531720506922, 22.902643354758403 ], [ 72.481364932500099, 22.911668139305139 ], [ 72.47162291801061, 22.911513294156713 ], [ 72.471790349476606, 22.902488577386098 ] ] ] } },
{ "type": "Feature", "properties": { "grid_id": "AHM-0300" }, "geometry": { "type": "Polygon", "coordinates": [ [ [ 72.47162291801061, 22.911513294156713 ], [ 72.481364932500099, 22.911668139305139 ], [ 72.48119806023378, 22.920692912453884 ], [ 72.471455401960355, 22.920537999520651 ], [ 72.47162291801061, 22.911513294156713 ] ] ] } },
{ "type": "Feature", "properties": { "grid_id": "AHM-0301" }, "geometry": { "type": "Polygon", "coordinates": [ [ [ 72.471455401960355, 22.920537999520651 ], [ 72.48119806023378, 22.920692912453884 ], [ 72.481031103683065, 22.929717674200866 ], [ 72.471287801300903, 22.929562693474125 ], [ 72.471455401960355, 22.920537999520651 ] ] ] } },
{ "type": "Feature", "properties": { "grid_id": "AHM-0302" }, "geometry": { "type": "Polygon", "coordinates": [ [ [ 72.471287801300903, 22.929562693474125 ], [ 72.481031103683065, 22.929717674200866 ], [ 72.480864062823116, 22.938742424542315 ], [ 72.471120116007285, 22.938587376013356 ], [ 72.471287801300903, 22.929562693474125 ] ] ] } },
{ "type": "Feature", "properties": { "grid_id": "AHM-0303" }, "geometry": { "type": "Polygon", "coordinates": [ [ [ 72.471120116007285, 22.938587376013356 ], [ 72.480864062823116, 22.938742424542315 ], [ 72.480696937629006, 22.947767163474442 ], [ 72.470952346054474, 22.947612047134566 ], [ 72.471120116007285, 22.938587376013356 ] ] ] } },
{ "type": "Feature", "properties": { "grid_id": "AHM-0304" }, "geometry": { "type": "Polygon", "coordinates": [ [ [ 72.470952346054474, 22.947612047134566 ], [ 72.480696937629006, 22.947767163474442 ], [ 72.480529728075837, 22.956791890993486 ], [ 72.470784491417476, 22.956636706833972 ], [ 72.470952346054474, 22.947612047134566 ] ] ] } },
{ "type": "Feature", "properties": { "grid_id": "AHM-0305" }, "geometry": { "type": "Polygon", "coordinates": [ [ [ 72.470784491417476, 22.956636706833972 ], [ 72.480529728075837, 22.956791890993486 ], [ 72.480362434138655, 22.965816607095672 ], [ 72.470616552071263, 22.965661355107812 ], [ 72.470784491417476, 22.956636706833972 ] ] ] } },
{ "type": "Feature", "properties": { "grid_id": "AHM-0306" }, "geometry": { "type": "Polygon", "coordinates": [ [ [ 72.470616552071263, 22.965661355107812 ], [ 72.480362434138655, 22.965816607095672 ], [ 72.480195055792521, 22.974841311777233 ], [ 72.470448527990783, 22.974685991952292 ], [ 72.470616552071263, 22.965661355107812 ] ] ] } },
{ "type": "Feature", "properties": { "grid_id": "AHM-0307" }, "geometry": { "type": "Polygon", "coordinates": [ [ [ 72.470448527990783, 22.974685991952292 ], [ 72.480195055792521, 22.974841311777233 ], [ 72.480027593012466, 22.983866005034383 ], [ 72.470280419150967, 22.983710617363645 ], [ 72.470448527990783, 22.974685991952292 ] ] ] } },
{ "type": "Feature", "properties": { "grid_id": "AHM-0308" }, "geometry": { "type": "Polygon", "coordinates": [ [ [ 72.470280419150967, 22.983710617363645 ], [ 72.480027593012466, 22.983866005034383 ], [ 72.47986004577352, 22.992890686863362 ], [ 72.470112225526762, 22.992735231338091 ], [ 72.470280419150967, 22.983710617363645 ] ] ] } },
{ "type": "Feature", "properties": { "grid_id": "AHM-0309" }, "geometry": { "type": "Polygon", "coordinates": [ [ [ 72.470112225526762, 22.992735231338091 ], [ 72.47986004577352, 22.992890686863362 ], [ 72.47969241405066, 23.001915357260408 ], [ 72.469943947093086, 23.001759833871855 ], [ 72.470112225526762, 22.992735231338091 ] ] ] } },
{ "type": "Feature", "properties": { "grid_id": "AHM-0310" }, "geometry": { "type": "Polygon", "coordinates": [ [ [ 72.469943947093086, 23.001759833871855 ], [ 72.47969241405066, 23.001915357260408 ], [ 72.479524697818903, 23.010940016221731 ], [ 72.46977558382477, 23.010784424961166 ], [ 72.469943947093086, 23.001759833871855 ] ] ] } },
{ "type": "Feature", "properties": { "grid_id": "AHM-0311" }, "geometry": { "type": "Polygon", "coordinates": [ [ [ 72.46977558382477, 23.010784424961166 ], [ 72.479524697818903, 23.010940016221731 ], [ 72.479356897053208, 23.019964663743579 ], [ 72.469607135696734, 23.019809004602259 ], [ 72.46977558382477, 23.010784424961166 ] ] ] } },
{ "type": "Feature", "properties": { "grid_id": "AHM-0312" }, "geometry": { "type": "Polygon", "coordinates": [ [ [ 72.469607135696734, 23.019809004602259 ], [ 72.479356897053208, 23.019964663743579 ], [ 72.479189011728494, 23.028989299822189 ], [ 72.469438602683809, 23.028833572791346 ], [ 72.469607135696734, 23.019809004602259 ] ] ] } },
{ "type": "Feature", "properties": { "grid_id": "AHM-0313" }, "geometry": { "type": "Polygon", "coordinates": [ [ [ 72.469438602683809, 23.028833572791346 ], [ 72.479189011728494, 23.028989299822189 ], [ 72.479021041819749, 23.038013924453779 ], [ 72.469269984760871, 23.037858129524661 ], [ 72.469438602683809, 23.028833572791346 ] ] ] } },
{ "type": "Feature", "properties": { "grid_id": "AHM-0314" }, "geometry": { "type": "Polygon", "coordinates": [ [ [ 72.469269984760871, 23.037858129524661 ], [ 72.479021041819749, 23.038013924453779 ], [ 72.478852987301849, 23.047038537634599 ], [ 72.469101281902695, 23.046882674798443 ], [ 72.469269984760871, 23.037858129524661 ] ] ] } },
{ "type": "Feature", "properties": { "grid_id": "AHM-0315" }, "geometry": { "type": "Polygon", "coordinates": [ [ [ 72.469101281902695, 23.046882674798443 ], [ 72.478852987301849, 23.047038537634599 ], [ 72.478684848149726, 23.056063139360866 ], [ 72.468932494084115, 23.055907208608904 ], [ 72.469101281902695, 23.046882674798443 ] ] ] } },
{ "type": "Feature", "properties": { "grid_id": "AHM-0316" }, "geometry": { "type": "Polygon", "coordinates": [ [ [ 72.468932494084115, 23.055907208608904 ], [ 72.478684848149726, 23.056063139360866 ], [ 72.478516624338241, 23.065087729628832 ], [ 72.468763621279919, 23.064931730952285 ], [ 72.468932494084115, 23.055907208608904 ] ] ] } },
{ "type": "Feature", "properties": { "grid_id": "AHM-0317" }, "geometry": { "type": "Polygon", "coordinates": [ [ [ 72.468763621279919, 23.064931730952285 ], [ 72.478516624338241, 23.065087729628832 ], [ 72.478348315842283, 23.074112308434717 ], [ 72.468594663464884, 23.073956241824824 ], [ 72.468763621279919, 23.064931730952285 ] ] ] } },
{ "type": "Feature", "properties": { "grid_id": "AHM-0318" }, "geometry": { "type": "Polygon", "coordinates": [ [ [ 72.468594663464884, 23.073956241824824 ], [ 72.478348315842283, 23.074112308434717 ], [ 72.478179922636713, 23.083136875774777 ], [ 72.468425620613743, 23.082980741222734 ], [ 72.468594663464884, 23.073956241824824 ] ] ] } },
{ "type": "Feature", "properties": { "grid_id": "AHM-0319" }, "geometry": { "type": "Polygon", "coordinates": [ [ [ 72.468425620613743, 23.082980741222734 ], [ 72.478179922636713, 23.083136875774777 ], [ 72.478011444696335, 23.092161431645234 ], [ 72.468256492701272, 23.092005229142266 ], [ 72.468425620613743, 23.082980741222734 ] ] ] } },
{ "type": "Feature", "properties": { "grid_id": "AHM-0320" }, "geometry": { "type": "Polygon", "coordinates": [ [ [ 72.468256492701272, 23.092005229142266 ], [ 72.478011444696335, 23.092161431645234 ], [ 72.477842881995997, 23.101185976042341 ], [ 72.468087279702161, 23.101029705579652 ], [ 72.468256492701272, 23.092005229142266 ] ] ] } },
{ "type": "Feature", "properties": { "grid_id": "AHM-0321" }, "geometry": { "type": "Polygon", "coordinates": [ [ [ 72.468087279702161, 23.101029705579652 ], [ 72.477842881995997, 23.101185976042341 ], [ 72.477674234510488, 23.110210508962322 ], [ 72.467917981591128, 23.110054170531118 ], [ 72.468087279702161, 23.101029705579652 ] ] ] } },
{ "type": "Feature", "properties": { "grid_id": "AHM-0322" }, "geometry": { "type": "Polygon", "coordinates": [ [ [ 72.467917981591128, 23.110054170531118 ], [ 72.477674234510488, 23.110210508962322 ], [ 72.477505502214598, 23.119235030401434 ], [ 72.467748598342894, 23.119078623992898 ], [ 72.467917981591128, 23.110054170531118 ] ] ] } },
{ "type": "Feature", "properties": { "grid_id": "AHM-0323" }, "geometry": { "type": "Polygon", "coordinates": [ [ [ 72.467748598342894, 23.119078623992898 ], [ 72.477505502214598, 23.119235030401434 ], [ 72.477336685083102, 23.128259540355902 ], [ 72.467579129932076, 23.128103065961234 ], [ 72.467748598342894, 23.119078623992898 ] ] ] } },
{ "type": "Feature", "properties": { "grid_id": "AHM-0324" }, "geometry": { "type": "Polygon", "coordinates": [ [ [ 72.467579129932076, 23.128103065961234 ], [ 72.477336685083102, 23.128259540355902 ], [ 72.477167783090763, 23.137284038821974 ], [ 72.467409576333353, 23.137127496432363 ], [ 72.467579129932076, 23.128103065961234 ] ] ] } },
{ "type": "Feature", "properties": { "grid_id": "AHM-0325" }, "geometry": { "type": "Polygon", "coordinates": [ [ [ 72.467409576333353, 23.137127496432363 ], [ 72.477167783090763, 23.137284038821974 ], [ 72.476998796212285, 23.146308525795906 ], [ 72.467239937521398, 23.14615191540252 ], [ 72.467409576333353, 23.137127496432363 ] ] ] } },
{ "type": "Feature", "properties": { "grid_id": "AHM-0326" }, "geometry": { "type": "Polygon", "coordinates": [ [ [ 72.467239937521398, 23.14615191540252 ], [ 72.476998796212285, 23.146308525795906 ], [ 72.476829724422416, 23.155333001273913 ], [ 72.467070213470791, 23.155176322867948 ], [ 72.467239937521398, 23.14615191540252 ] ] ] } },
{ "type": "Feature", "properties": { "grid_id": "AHM-0327" }, "geometry": { "type": "Polygon", "coordinates": [ [ [ 72.467070213470791, 23.155176322867948 ], [ 72.476829724422416, 23.155333001273913 ], [ 72.476660567695845, 23.164357465252259 ], [ 72.466900404156149, 23.16420071882488 ], [ 72.467070213470791, 23.155176322867948 ] ] ] } },
{ "type": "Feature", "properties": { "grid_id": "AHM-0328" }, "geometry": { "type": "Polygon", "coordinates": [ [ [ 72.466900404156149, 23.16420071882488 ], [ 72.476660567695845, 23.164357465252259 ], [ 72.476491326007277, 23.173381917727188 ], [ 72.466730509552079, 23.173225103269548 ], [ 72.466900404156149, 23.16420071882488 ] ] ] } },
{ "type": "Feature", "properties": { "grid_id": "AHM-0329" }, "geometry": { "type": "Polygon", "coordinates": [ [ [ 72.466730509552079, 23.173225103269548 ], [ 72.476491326007277, 23.173381917727188 ], [ 72.476321999331361, 23.182406358694944 ], [ 72.466560529633142, 23.182249476198216 ], [ 72.466730509552079, 23.173225103269548 ] ] ] } },
{ "type": "Feature", "properties": { "grid_id": "AHM-0330" }, "geometry": { "type": "Polygon", "coordinates": [ [ [ 72.466560529633142, 23.182249476198216 ], [ 72.476321999331361, 23.182406358694944 ], [ 72.476152587642773, 23.191430788151763 ], [ 72.466390464373887, 23.191273837607095 ], [ 72.466560529633142, 23.182249476198216 ] ] ] } },
{ "type": "Feature", "properties": { "grid_id": "AHM-0331" }, "geometry": { "type": "Polygon", "coordinates": [ [ [ 72.466390464373887, 23.191273837607095 ], [ 72.476152587642773, 23.191430788151763 ], [ 72.475983090916131, 23.200455206093899 ], [ 72.466220313748863, 23.200298187492454 ], [ 72.466390464373887, 23.191273837607095 ] ] ] } },
{ "type": "Feature", "properties": { "grid_id": "AHM-0332" }, "geometry": { "type": "Polygon", "coordinates": [ [ [ 72.466220313748863, 23.200298187492454 ], [ 72.475983090916131, 23.200455206093899 ], [ 72.47581350912607, 23.209479612517605 ], [ 72.466050077732604, 23.209322525850521 ], [ 72.466220313748863, 23.200298187492454 ] ] ] } },
{ "type": "Feature", "properties": { "grid_id": "AHM-0333" }, "geometry": { "type": "Polygon", "coordinates": [ [ [ 72.466050077732604, 23.209322525850521 ], [ 72.47581350912607, 23.209479612517605 ], [ 72.47564384224718, 23.218504007419128 ], [ 72.465879756299586, 23.218346852677548 ], [ 72.466050077732604, 23.209322525850521 ] ] ] } },
{ "type": "Feature", "properties": { "grid_id": "AHM-0334" }, "geometry": { "type": "Polygon", "coordinates": [ [ [ 72.481865043841438, 22.884593751486076 ], [ 72.491605213112209, 22.884747797691453 ], [ 72.491439236384679, 22.893772672520736 ], [ 72.481698424279088, 22.893618558817455 ], [ 72.481865043841438, 22.884593751486076 ] ] ] } },
{ "type": "Feature", "properties": { "grid_id": "AHM-0335" }, "geometry": { "type": "Polygon", "coordinates": [ [ [ 72.481698424279088, 22.893618558817455 ], [ 72.491439236384679, 22.893772672520736 ], [ 72.49127317577188, 22.902797535968247 ], [ 72.481531720506922, 22.902643354758403 ], [ 72.481698424279088, 22.893618558817455 ] ] ] } },
{ "type": "Feature", "properties": { "grid_id": "AHM-0336" }, "geometry": { "type": "Polygon", "coordinates": [ [ [ 72.481531720506922, 22.902643354758403 ], [ 72.49127317577188, 22.902797535968247 ], [ 72.491107031249101, 22.911822388030195 ], [ 72.481364932500099, 22.911668139305139 ], [ 72.481531720506922, 22.902643354758403 ] ] ] } },
{ "type": "Feature", "properties": { "grid_id": "AHM-0337" }, "geometry": { "type": "Polygon", "coordinates": [ [ [ 72.481364932500099, 22.911668139305139 ], [ 72.491107031249101, 22.911822388030195 ], [ 72.490940802791556, 22.920847228702812 ], [ 72.48119806023378, 22.920692912453884 ], [ 72.481364932500099, 22.911668139305139 ] ] ] } },
{ "type": "Feature", "properties": { "grid_id": "AHM-0338" }, "geometry": { "type": "Polygon", "coordinates": [ [ [ 72.48119806023378, 22.920692912453884 ], [ 72.490940802791556, 22.920847228702812 ], [ 72.490774490374491, 22.929872057982333 ], [ 72.481031103683065, 22.929717674200866 ], [ 72.48119806023378, 22.920692912453884 ] ] ] } },
{ "type": "Feature", "properties": { "grid_id": "AHM-0339" }, "geometry": { "type": "Polygon", "coordinates": [ [ [ 72.481031103683065, 22.929717674200866 ], [ 72.490774490374491, 22.929872057982333 ], [ 72.490608093973123, 22.938896875864984 ], [ 72.480864062823116, 22.938742424542315 ], [ 72.481031103683065, 22.929717674200866 ] ] ] } },
{ "type": "Feature", "properties": { "grid_id": "AHM-0340" }, "geometry": { "type": "Polygon", "coordinates": [ [ [ 72.480864062823116, 22.938742424542315 ], [ 72.490608093973123, 22.938896875864984 ], [ 72.490441613562638, 22.947921682346994 ], [ 72.480696937629006, 22.947767163474442 ], [ 72.480864062823116, 22.938742424542315 ] ] ] } },
{ "type": "Feature", "properties": { "grid_id": "AHM-0341" }, "geometry": { "type": "Polygon", "coordinates": [ [ [ 72.480696937629006, 22.947767163474442 ], [ 72.490441613562638, 22.947921682346994 ], [ 72.490275049118196, 22.956946477424601 ], [ 72.480529728075837, 22.956791890993486 ], [ 72.480696937629006, 22.947767163474442 ] ] ] } },
{ "type": "Feature", "properties": { "grid_id": "AHM-0342" }, "geometry": { "type": "Polygon", "coordinates": [ [ [ 72.480529728075837, 22.956791890993486 ], [ 72.490275049118196, 22.956946477424601 ], [ 72.490108400615, 22.965971261094033 ], [ 72.480362434138655, 22.965816607095672 ], [ 72.480529728075837, 22.956791890993486 ] ] ] } },
{ "type": "Feature", "properties": { "grid_id": "AHM-0343" }, "geometry": { "type": "Polygon", "coordinates": [ [ [ 72.480362434138655, 22.965816607095672 ], [ 72.490108400615, 22.965971261094033 ], [ 72.48994166802818, 22.97499603335152 ], [ 72.480195055792521, 22.974841311777233 ], [ 72.480362434138655, 22.965816607095672 ] ] ] } },
{ "type": "Feature", "properties": { "grid_id": "AHM-0344" }, "geometry": { "type": "Polygon", "coordinates": [ [ [ 72.480195055792521, 22.974841311777233 ], [ 72.48994166802818, 22.97499603335152 ], [ 72.489774851332854, 22.984020794193302 ], [ 72.480027593012466, 22.983866005034383 ], [ 72.480195055792521, 22.974841311777233 ] ] ] } },
{ "type": "Feature", "properties": { "grid_id": "AHM-0345" }, "geometry": { "type": "Polygon", "coordinates": [ [ [ 72.480027593012466, 22.983866005034383 ], [ 72.489774851332854, 22.984020794193302 ], [ 72.489607950504151, 22.993045543615615 ], [ 72.47986004577352, 22.992890686863362 ], [ 72.480027593012466, 22.983866005034383 ] ] ] } },
{ "type": "Feature", "properties": { "grid_id": "AHM-0346" }, "geometry": { "type": "Polygon", "coordinates": [ [ [ 72.47986004577352, 22.992890686863362 ], [ 72.489607950504151, 22.993045543615615 ], [ 72.489440965517161, 23.002070281614689 ], [ 72.47969241405066, 23.001915357260408 ], [ 72.47986004577352, 22.992890686863362 ] ] ] } },
{ "type": "Feature", "properties": { "grid_id": "AHM-0347" }, "geometry": { "type": "Polygon", "coordinates": [ [ [ 72.47969241405066, 23.001915357260408 ], [ 72.489440965517161, 23.002070281614689 ], [ 72.489273896346987, 23.011095008186754 ], [ 72.479524697818903, 23.010940016221731 ], [ 72.47969241405066, 23.001915357260408 ] ] ] } },
{ "type": "Feature", "properties": { "grid_id": "AHM-0348" }, "geometry": { "type": "Polygon", "coordinates": [ [ [ 72.479524697818903, 23.010940016221731 ], [ 72.489273896346987, 23.011095008186754 ], [ 72.489106742968659, 23.020119723328065 ], [ 72.479356897053208, 23.019964663743579 ], [ 72.479524697818903, 23.010940016221731 ] ] ] } },
{ "type": "Feature", "properties": { "grid_id": "AHM-0349" }, "geometry": { "type": "Polygon", "coordinates": [ [ [ 72.479356897053208, 23.019964663743579 ], [ 72.489106742968659, 23.020119723328065 ], [ 72.488939505357237, 23.02914442703484 ], [ 72.479189011728494, 23.028989299822189 ], [ 72.479356897053208, 23.019964663743579 ] ] ] } },
{ "type": "Feature", "properties": { "grid_id": "AHM-0350" }, "geometry": { "type": "Polygon", "coordinates": [ [ [ 72.479189011728494, 23.028989299822189 ], [ 72.488939505357237, 23.02914442703484 ], [ 72.488772183487754, 23.038169119303333 ], [ 72.479021041819749, 23.038013924453779 ], [ 72.479189011728494, 23.028989299822189 ] ] ] } },
{ "type": "Feature", "properties": { "grid_id": "AHM-0351" }, "geometry": { "type": "Polygon", "coordinates": [ [ [ 72.479021041819749, 23.038013924453779 ], [ 72.488772183487754, 23.038169119303333 ], [ 72.488604777335226, 23.047193800129783 ], [ 72.478852987301849, 23.047038537634599 ], [ 72.479021041819749, 23.038013924453779 ] ] ] } },
{ "type": "Feature", "properties": { "grid_id": "AHM-0352" }, "geometry": { "type": "Polygon", "coordinates": [ [ [ 72.478852987301849, 23.047038537634599 ], [ 72.488604777335226, 23.047193800129783 ], [ 72.488437286874671, 23.056218469510419 ], [ 72.478684848149726, 23.056063139360866 ], [ 72.478852987301849, 23.047038537634599 ] ] ] } },
{ "type": "Feature", "properties": { "grid_id": "AHM-0353" }, "geometry": { "type": "Polygon", "coordinates": [ [ [ 72.478684848149726, 23.056063139360866 ], [ 72.488437286874671, 23.056218469510419 ], [ 72.488269712081035, 23.065243127441484 ], [ 72.478516624338241, 23.065087729628832 ], [ 72.478684848149726, 23.056063139360866 ] ] ] } },
{ "type": "Feature", "properties": { "grid_id": "AHM-0354" }, "geometry": { "type": "Polygon", "coordinates": [ [ [ 72.478516624338241, 23.065087729628832 ], [ 72.488269712081035, 23.065243127441484 ], [ 72.488102052929307, 23.074267773919225 ], [ 72.478348315842283, 23.074112308434717 ], [ 72.478516624338241, 23.065087729628832 ] ] ] } },
{ "type": "Feature", "properties": { "grid_id": "AHM-0355" }, "geometry": { "type": "Polygon", "coordinates": [ [ [ 72.478348315842283, 23.074112308434717 ], [ 72.488102052929307, 23.074267773919225 ], [ 72.487934309394447, 23.083292408939876 ], [ 72.478179922636713, 23.083136875774777 ], [ 72.478348315842283, 23.074112308434717 ] ] ] } },
{ "type": "Feature", "properties": { "grid_id": "AHM-0356" }, "geometry": { "type": "Polygon", "coordinates": [ [ [ 72.478179922636713, 23.083136875774777 ], [ 72.487934309394447, 23.083292408939876 ], [ 72.487766481451374, 23.092317032499697 ], [ 72.478011444696335, 23.092161431645234 ], [ 72.478179922636713, 23.083136875774777 ] ] ] } },
{ "type": "Feature", "properties": { "grid_id": "AHM-0357" }, "geometry": { "type": "Polygon", "coordinates": [ [ [ 72.478011444696335, 23.092161431645234 ], [ 72.487766481451374, 23.092317032499697 ], [ 72.48759856907499, 23.10134164459491 ], [ 72.477842881995997, 23.101185976042341 ], [ 72.478011444696335, 23.092161431645234 ] ] ] } },
{ "type": "Feature", "properties": { "grid_id": "AHM-0358" }, "geometry": { "type": "Polygon", "coordinates": [ [ [ 72.477842881995997, 23.101185976042341 ], [ 72.48759856907499, 23.10134164459491 ], [ 72.4874305722402, 23.110366245221776 ], [ 72.477674234510488, 23.110210508962322 ], [ 72.477842881995997, 23.101185976042341 ] ] ] } },
{ "type": "Feature", "properties": { "grid_id": "AHM-0359" }, "geometry": { "type": "Polygon", "coordinates": [ [ [ 72.477674234510488, 23.110210508962322 ], [ 72.4874305722402, 23.110366245221776 ], [ 72.487262490921921, 23.119390834376528 ], [ 72.477505502214598, 23.119235030401434 ], [ 72.477674234510488, 23.110210508962322 ] ] ] } },
{ "type": "Feature", "properties": { "grid_id": "AHM-0360" }, "geometry": { "type": "Polygon", "coordinates": [ [ [ 72.477505502214598, 23.119235030401434 ], [ 72.487262490921921, 23.119390834376528 ], [ 72.487094325094986, 23.128415412055425 ], [ 72.477336685083102, 23.128259540355902 ], [ 72.477505502214598, 23.119235030401434 ] ] ] } },
{ "type": "Feature", "properties": { "grid_id": "AHM-0361" }, "geometry": { "type": "Polygon", "coordinates": [ [ [ 72.477336685083102, 23.128259540355902 ], [ 72.487094325094986, 23.128415412055425 ], [ 72.486926074734257, 23.137439978254701 ], [ 72.477167783090763, 23.137284038821974 ], [ 72.477336685083102, 23.128259540355902 ] ] ] } },
{ "type": "Feature", "properties": { "grid_id": "AHM-0362" }, "geometry": { "type": "Polygon", "coordinates": [ [ [ 72.477167783090763, 23.137284038821974 ], [ 72.486926074734257, 23.137439978254701 ], [ 72.486757739814564, 23.146464532970612 ], [ 72.476998796212285, 23.146308525795906 ], [ 72.477167783090763, 23.137284038821974 ] ] ] } },
{ "type": "Feature", "properties": { "grid_id": "AHM-0363" }, "geometry": { "type": "Polygon", "coordinates": [ [ [ 72.476998796212285, 23.146308525795906 ], [ 72.486757739814564, 23.146464532970612 ], [ 72.486589320310728, 23.155489076199405 ], [ 72.476829724422416, 23.155333001273913 ], [ 72.476998796212285, 23.146308525795906 ] ] ] } },
{ "type": "Feature", "properties": { "grid_id": "AHM-0364" }, "geometry": { "type": "Polygon", "coordinates": [ [ [ 72.476829724422416, 23.155333001273913 ], [ 72.486589320310728, 23.155489076199405 ], [ 72.486420816197537, 23.164513607937323 ], [ 72.476660567695845, 23.164357465252259 ], [ 72.476829724422416, 23.155333001273913 ] ] ] } },
{ "type": "Feature", "properties": { "grid_id": "AHM-0365" }, "geometry": { "type": "Polygon", "coordinates": [ [ [ 72.476660567695845, 23.164357465252259 ], [ 72.486420816197537, 23.164513607937323 ], [ 72.48625222744981, 23.173538128180624 ], [ 72.476491326007277, 23.173381917727188 ], [ 72.476660567695845, 23.164357465252259 ] ] ] } },
{ "type": "Feature", "properties": { "grid_id": "AHM-0366" }, "geometry": { "type": "Polygon", "coordinates": [ [ [ 72.476491326007277, 23.173381917727188 ], [ 72.48625222744981, 23.173538128180624 ], [ 72.486083554042267, 23.182562636925553 ], [ 72.476321999331361, 23.182406358694944 ], [ 72.476491326007277, 23.173381917727188 ] ] ] } },
{ "type": "Feature", "properties": { "grid_id": "AHM-0367" }, "geometry": { "type": "Polygon", "coordinates": [ [ [ 72.476321999331361, 23.182406358694944 ], [ 72.486083554042267, 23.182562636925553 ], [ 72.485914795949711, 23.191587134168362 ], [ 72.476152587642773, 23.191430788151763 ], [ 72.476321999331361, 23.182406358694944 ] ] ] } },
{ "type": "Feature", "properties": { "grid_id": "AHM-0368" }, "geometry": { "type": "Polygon", "coordinates": [ [ [ 72.476152587642773, 23.191430788151763 ], [ 72.485914795949711, 23.191587134168362 ], [ 72.485745953146818, 23.200611619905306 ], [ 72.475983090916131, 23.200455206093899 ], [ 72.476152587642773, 23.191430788151763 ] ] ] } },
{ "type": "Feature", "properties": { "grid_id": "AHM-0369" }, "geometry": { "type": "Polygon", "coordinates": [ [ [ 72.475983090916131, 23.200455206093899 ], [ 72.485745953146818, 23.200611619905306 ], [ 72.48557702560835, 23.209636094132634 ], [ 72.47581350912607, 23.209479612517605 ], [ 72.475983090916131, 23.200455206093899 ] ] ] } },
{ "type": "Feature", "properties": { "grid_id": "AHM-0370" }, "geometry": { "type": "Polygon", "coordinates": [ [ [ 72.47581350912607, 23.209479612517605 ], [ 72.48557702560835, 23.209636094132634 ], [ 72.485408013308998, 23.218660556846604 ], [ 72.47564384224718, 23.218504007419128 ], [ 72.47581350912607, 23.209479612517605 ] ] ] } },
{ "type": "Feature", "properties": { "grid_id": "AHM-0371" }, "geometry": { "type": "Polygon", "coordinates": [ [ [ 72.491605213112209, 22.884747797691453 ], [ 72.501345466243507, 22.884901248235177 ], [ 72.501180132375509, 22.893926190301528 ], [ 72.491439236384679, 22.893772672520736 ], [ 72.491605213112209, 22.884747797691453 ] ] ] } },
{ "type": "Feature", "properties": { "grid_id": "AHM-0372" }, "geometry": { "type": "Polygon", "coordinates": [ [ [ 72.491439236384679, 22.893772672520736 ], [ 72.501180132375509, 22.893926190301528 ], [ 72.501014714946834, 22.902951120994707 ], [ 72.49127317577188, 22.902797535968247 ], [ 72.491439236384679, 22.893772672520736 ] ] ] } },
{ "type": "Feature", "properties": { "grid_id": "AHM-0373" }, "geometry": { "type": "Polygon", "coordinates": [ [ [ 72.49127317577188, 22.902797535968247 ], [ 72.501014714946834, 22.902951120994707 ], [ 72.500849213932838, 22.911976040310954 ], [ 72.491107031249101, 22.911822388030195 ], [ 72.49127317577188, 22.902797535968247 ] ] ] } },
{ "type": "Feature", "properties": { "grid_id": "AHM-0374" }, "geometry": { "type": "Polygon", "coordinates": [ [ [ 72.491107031249101, 22.911822388030195 ], [ 72.500849213932838, 22.911976040310954 ], [ 72.500683629308853, 22.92100094824649 ], [ 72.490940802791556, 22.920847228702812 ], [ 72.491107031249101, 22.911822388030195 ] ] ] } },
{ "type": "Feature", "properties": { "grid_id": "AHM-0375" }, "geometry": { "type": "Polygon", "coordinates": [ [ [ 72.490940802791556, 22.920847228702812 ], [ 72.500683629308853, 22.92100094824649 ], [ 72.500517961050207, 22.930025844797569 ], [ 72.490774490374491, 22.929872057982333 ], [ 72.490940802791556, 22.920847228702812 ] ] ] } },
{ "type": "Feature", "properties": { "grid_id": "AHM-0376" }, "geometry": { "type": "Polygon", "coordinates": [ [ [ 72.490774490374491, 22.929872057982333 ], [ 72.500517961050207, 22.930025844797569 ], [ 72.500352209132217, 22.939050729960407 ], [ 72.490608093973123, 22.938896875864984 ], [ 72.490774490374491, 22.929872057982333 ] ] ] } },
{ "type": "Feature", "properties": { "grid_id": "AHM-0377" }, "geometry": { "type": "Polygon", "coordinates": [ [ [ 72.490608093973123, 22.938896875864984 ], [ 72.500352209132217, 22.939050729960407 ], [ 72.50018637353017, 22.948075603731244 ], [ 72.490441613562638, 22.947921682346994 ], [ 72.490608093973123, 22.938896875864984 ] ] ] } },
{ "type": "Feature", "properties": { "grid_id": "AHM-0378" }, "geometry": { "type": "Polygon", "coordinates": [ [ [ 72.490441613562638, 22.947921682346994 ], [ 72.50018637353017, 22.948075603731244 ], [ 72.500020454219339, 22.957100466106329 ], [ 72.490275049118196, 22.956946477424601 ], [ 72.490441613562638, 22.947921682346994 ] ] ] } },
{ "type": "Feature", "properties": { "grid_id": "AHM-0379" }, "geometry": { "type": "Polygon", "coordinates": [ [ [ 72.490275049118196, 22.956946477424601 ], [ 72.500020454219339, 22.957100466106329 ], [ 72.499854451174983, 22.96612531708189 ], [ 72.490108400615, 22.965971261094033 ], [ 72.490275049118196, 22.956946477424601 ] ] ] } },
{ "type": "Feature", "properties": { "grid_id": "AHM-0380" }, "geometry": { "type": "Polygon", "coordinates": [ [ [ 72.490108400615, 22.965971261094033 ], [ 72.499854451174983, 22.96612531708189 ], [ 72.499688364372332, 22.975150156654159 ], [ 72.48994166802818, 22.97499603335152 ], [ 72.490108400615, 22.965971261094033 ] ] ] } },
{ "type": "Feature", "properties": { "grid_id": "AHM-0381" }, "geometry": { "type": "Polygon", "coordinates": [ [ [ 72.48994166802818, 22.97499603335152 ], [ 72.499688364372332, 22.975150156654159 ], [ 72.499522193786632, 22.98417498481939 ], [ 72.489774851332854, 22.984020794193302 ], [ 72.48994166802818, 22.97499603335152 ] ] ] } },
{ "type": "Feature", "properties": { "grid_id": "AHM-0382" }, "geometry": { "type": "Polygon", "coordinates": [ [ [ 72.489774851332854, 22.984020794193302 ], [ 72.499522193786632, 22.98417498481939 ], [ 72.49935593939307, 22.993199801573812 ], [ 72.489607950504151, 22.993045543615615 ], [ 72.489774851332854, 22.984020794193302 ] ] ] } },
{ "type": "Feature", "properties": { "grid_id": "AHM-0383" }, "geometry": { "type": "Polygon", "coordinates": [ [ [ 72.489607950504151, 22.993045543615615 ], [ 72.49935593939307, 22.993199801573812 ], [ 72.499189601166876, 23.002224606913664 ], [ 72.489440965517161, 23.002070281614689 ], [ 72.489607950504151, 22.993045543615615 ] ] ] } },
{ "type": "Feature", "properties": { "grid_id": "AHM-0384" }, "geometry": { "type": "Polygon", "coordinates": [ [ [ 72.489440965517161, 23.002070281614689 ], [ 72.499189601166876, 23.002224606913664 ], [ 72.499023179083196, 23.01124940083519 ], [ 72.489273896346987, 23.011095008186754 ], [ 72.489440965517161, 23.002070281614689 ] ] ] } },
{ "type": "Feature", "properties": { "grid_id": "AHM-0385" }, "geometry": { "type": "Polygon", "coordinates": [ [ [ 72.489273896346987, 23.011095008186754 ], [ 72.499023179083196, 23.01124940083519 ], [ 72.498856673117189, 23.020274183334639 ], [ 72.489106742968659, 23.020119723328065 ], [ 72.489273896346987, 23.011095008186754 ] ] ] } },
{ "type": "Feature", "properties": { "grid_id": "AHM-0386" }, "geometry": { "type": "Polygon", "coordinates": [ [ [ 72.489106742968659, 23.020119723328065 ], [ 72.498856673117189, 23.020274183334639 ], [ 72.498690083244014, 23.02929895440824 ], [ 72.488939505357237, 23.02914442703484 ], [ 72.489106742968659, 23.020119723328065 ] ] ] } },
{ "type": "Feature", "properties": { "grid_id": "AHM-0387" }, "geometry": { "type": "Polygon", "coordinates": [ [ [ 72.488939505357237, 23.02914442703484 ], [ 72.498690083244014, 23.02929895440824 ], [ 72.498523409438803, 23.03832371405225 ], [ 72.488772183487754, 23.038169119303333 ], [ 72.488939505357237, 23.02914442703484 ] ] ] } },
{ "type": "Feature", "properties": { "grid_id": "AHM-0388" }, "geometry": { "type": "Polygon", "coordinates": [ [ [ 72.488772183487754, 23.038169119303333 ], [ 72.498523409438803, 23.03832371405225 ], [ 72.498356651676659, 23.047348462262914 ], [ 72.488604777335226, 23.047193800129783 ], [ 72.488772183487754, 23.038169119303333 ] ] ] } },
{ "type": "Feature", "properties": { "grid_id": "AHM-0389" }, "geometry": { "type": "Polygon", "coordinates": [ [ [ 72.488604777335226, 23.047193800129783 ], [ 72.498356651676659, 23.047348462262914 ], [ 72.498189809932668, 23.056373199036461 ], [ 72.488437286874671, 23.056218469510419 ], [ 72.488604777335226, 23.047193800129783 ] ] ] } },
{ "type": "Feature", "properties": { "grid_id": "AHM-0390" }, "geometry": { "type": "Polygon", "coordinates": [ [ [ 72.488437286874671, 23.056218469510419 ], [ 72.498189809932668, 23.056373199036461 ], [ 72.498022884181921, 23.06539792436914 ], [ 72.488269712081035, 23.065243127441484 ], [ 72.488437286874671, 23.056218469510419 ] ] ] } },
{ "type": "Feature", "properties": { "grid_id": "AHM-0391" }, "geometry": { "type": "Polygon", "coordinates": [ [ [ 72.488269712081035, 23.065243127441484 ], [ 72.498022884181921, 23.06539792436914 ], [ 72.497855874399491, 23.074422638257218 ], [ 72.488102052929307, 23.074267773919225 ], [ 72.488269712081035, 23.065243127441484 ] ] ] } },
{ "type": "Feature", "properties": { "grid_id": "AHM-0392" }, "geometry": { "type": "Polygon", "coordinates": [ [ [ 72.488102052929307, 23.074267773919225 ], [ 72.497855874399491, 23.074422638257218 ], [ 72.497688780560395, 23.083447340696917 ], [ 72.487934309394447, 23.083292408939876 ], [ 72.488102052929307, 23.074267773919225 ] ] ] } },
{ "type": "Feature", "properties": { "grid_id": "AHM-0393" }, "geometry": { "type": "Polygon", "coordinates": [ [ [ 72.487934309394447, 23.083292408939876 ], [ 72.497688780560395, 23.083447340696917 ], [ 72.497521602639694, 23.092472031684498 ], [ 72.487766481451374, 23.092317032499697 ], [ 72.487934309394447, 23.083292408939876 ] ] ] } },
{ "type": "Feature", "properties": { "grid_id": "AHM-0394" }, "geometry": { "type": "Polygon", "coordinates": [ [ [ 72.487766481451374, 23.092317032499697 ], [ 72.497521602639694, 23.092472031684498 ], [ 72.497354340612375, 23.101496711216207 ], [ 72.48759856907499, 23.10134164459491 ], [ 72.487766481451374, 23.092317032499697 ] ] ] } },
{ "type": "Feature", "properties": { "grid_id": "AHM-0395" }, "geometry": { "type": "Polygon", "coordinates": [ [ [ 72.48759856907499, 23.10134164459491 ], [ 72.497354340612375, 23.101496711216207 ], [ 72.497186994453443, 23.110521379288294 ], [ 72.4874305722402, 23.110366245221776 ], [ 72.48759856907499, 23.10134164459491 ] ] ] } },
{ "type": "Feature", "properties": { "grid_id": "AHM-0396" }, "geometry": { "type": "Polygon", "coordinates": [ [ [ 72.4874305722402, 23.110366245221776 ], [ 72.497186994453443, 23.110521379288294 ], [ 72.497019564137887, 23.11954603589701 ], [ 72.487262490921921, 23.119390834376528 ], [ 72.4874305722402, 23.110366245221776 ] ] ] } },
{ "type": "Feature", "properties": { "grid_id": "AHM-0397" }, "geometry": { "type": "Polygon", "coordinates": [ [ [ 72.487262490921921, 23.119390834376528 ], [ 72.497019564137887, 23.11954603589701 ], [ 72.496852049640665, 23.128570681038607 ], [ 72.487094325094986, 23.128415412055425 ], [ 72.487262490921921, 23.119390834376528 ] ] ] } },
{ "type": "Feature", "properties": { "grid_id": "AHM-0398" }, "geometry": { "type": "Polygon", "coordinates": [ [ [ 72.487094325094986, 23.128415412055425 ], [ 72.496852049640665, 23.128570681038607 ], [ 72.496684450936726, 23.137595314709337 ], [ 72.486926074734257, 23.137439978254701 ], [ 72.487094325094986, 23.128415412055425 ] ] ] } },
{ "type": "Feature", "properties": { "grid_id": "AHM-0399" }, "geometry": { "type": "Polygon", "coordinates": [ [ [ 72.486926074734257, 23.137439978254701 ], [ 72.496684450936726, 23.137595314709337 ], [ 72.496516768000987, 23.146619936905442 ], [ 72.486757739814564, 23.146464532970612 ], [ 72.486926074734257, 23.137439978254701 ] ] ] } },
{ "type": "Feature", "properties": { "grid_id": "AHM-0400" }, "geometry": { "type": "Polygon", "coordinates": [ [ [ 72.486757739814564, 23.146464532970612 ], [ 72.496516768000987, 23.146619936905442 ], [ 72.49634900080838, 23.15564454762319 ], [ 72.486589320310728, 23.155489076199405 ], [ 72.486757739814564, 23.146464532970612 ] ] ] } },
{ "type": "Feature", "properties": { "grid_id": "AHM-0401" }, "geometry": { "type": "Polygon", "coordinates": [ [ [ 72.486589320310728, 23.155489076199405 ], [ 72.49634900080838, 23.15564454762319 ], [ 72.496181149333808, 23.164669146858824 ], [ 72.486420816197537, 23.164513607937323 ], [ 72.486589320310728, 23.155489076199405 ] ] ] } },
{ "type": "Feature", "properties": { "grid_id": "AHM-0402" }, "geometry": { "type": "Polygon", "coordinates": [ [ [ 72.486420816197537, 23.164513607937323 ], [ 72.496181149333808, 23.164669146858824 ], [ 72.496013213552132, 23.173693734608609 ], [ 72.48625222744981, 23.173538128180624 ], [ 72.486420816197537, 23.164513607937323 ] ] ] } },
{ "type": "Feature", "properties": { "grid_id": "AHM-0403" }, "geometry": { "type": "Polygon", "coordinates": [ [ [ 72.48625222744981, 23.173538128180624 ], [ 72.496013213552132, 23.173693734608609 ], [ 72.495845193438214, 23.182718310868797 ], [ 72.486083554042267, 23.182562636925553 ], [ 72.48625222744981, 23.173538128180624 ] ] ] } },
{ "type": "Feature", "properties": { "grid_id": "AHM-0404" }, "geometry": { "type": "Polygon", "coordinates": [ [ [ 72.486083554042267, 23.182562636925553 ], [ 72.495845193438214, 23.182718310868797 ], [ 72.495677088966929, 23.191742875635633 ], [ 72.485914795949711, 23.191587134168362 ], [ 72.486083554042267, 23.182562636925553 ] ] ] } },
{ "type": "Feature", "properties": { "grid_id": "AHM-0405" }, "geometry": { "type": "Polygon", "coordinates": [ [ [ 72.485914795949711, 23.191587134168362 ], [ 72.495677088966929, 23.191742875635633 ], [ 72.495508900113094, 23.200767428905387 ], [ 72.485745953146818, 23.200611619905306 ], [ 72.485914795949711, 23.191587134168362 ] ] ] } },
{ "type": "Feature", "properties": { "grid_id": "AHM-0406" }, "geometry": { "type": "Polygon", "coordinates": [ [ [ 72.485745953146818, 23.200611619905306 ], [ 72.495508900113094, 23.200767428905387 ], [ 72.495340626851529, 23.209791970674313 ], [ 72.48557702560835, 23.209636094132634 ], [ 72.485745953146818, 23.200611619905306 ] ] ] } },
{ "type": "Feature", "properties": { "grid_id": "AHM-0407" }, "geometry": { "type": "Polygon", "coordinates": [ [ [ 72.48557702560835, 23.209636094132634 ], [ 72.495340626851529, 23.209791970674313 ], [ 72.495172269157024, 23.218816500938679 ], [ 72.485408013308998, 23.218660556846604 ], [ 72.48557702560835, 23.209636094132634 ] ] ] } },
{ "type": "Feature", "properties": { "grid_id": "AHM-0408" }, "geometry": { "type": "Polygon", "coordinates": [ [ [ 72.501345466243507, 22.884901248235177 ], [ 72.511085802910856, 22.885054103096454 ], [ 72.510921111927019, 22.894079112138993 ], [ 72.501180132375509, 22.893926190301528 ], [ 72.501345466243507, 22.884901248235177 ] ] ] } },
{ "type": "Feature", "properties": { "grid_id": "AHM-0409" }, "geometry": { "type": "Polygon", "coordinates": [ [ [ 72.501180132375509, 22.893926190301528 ], [ 72.510921111927019, 22.894079112138993 ], [ 72.510756337707107, 22.903104109816958 ], [ 72.501014714946834, 22.902951120994707 ], [ 72.501180132375509, 22.893926190301528 ] ] ] } },
{ "type": "Feature", "properties": { "grid_id": "AHM-0410" }, "geometry": { "type": "Polygon", "coordinates": [ [ [ 72.501014714946834, 22.902951120994707 ], [ 72.510756337707107, 22.903104109816958 ], [ 72.510591480226566, 22.912129096126566 ], [ 72.500849213932838, 22.911976040310954 ], [ 72.501014714946834, 22.902951120994707 ] ] ] } },
{ "type": "Feature", "properties": { "grid_id": "AHM-0411" }, "geometry": { "type": "Polygon", "coordinates": [ [ [ 72.500849213932838, 22.911976040310954 ], [ 72.510591480226566, 22.912129096126566 ], [ 72.510426539460809, 22.92115407106407 ], [ 72.500683629308853, 22.92100094824649 ], [ 72.500849213932838, 22.911976040310954 ] ] ] } },
{ "type": "Feature", "properties": { "grid_id": "AHM-0412" }, "geometry": { "type": "Polygon", "coordinates": [ [ [ 72.500683629308853, 22.92100094824649 ], [ 72.510426539460809, 22.92115407106407 ], [ 72.510261515385281, 22.930179034625702 ], [ 72.500517961050207, 22.930025844797569 ], [ 72.500683629308853, 22.92100094824649 ] ] ] } },
{ "type": "Feature", "properties": { "grid_id": "AHM-0413" }, "geometry": { "type": "Polygon", "coordinates": [ [ [ 72.500517961050207, 22.930025844797569 ], [ 72.510261515385281, 22.930179034625702 ], [ 72.510096407975382, 22.939203986807701 ], [ 72.500352209132217, 22.939050729960407 ], [ 72.500517961050207, 22.930025844797569 ] ] ] } },
{ "type": "Feature", "properties": { "grid_id": "AHM-0414" }, "geometry": { "type": "Polygon", "coordinates": [ [ [ 72.500352209132217, 22.939050729960407 ], [ 72.510096407975382, 22.939203986807701 ], [ 72.5099312172065, 22.948228927606312 ], [ 72.50018637353017, 22.948075603731244 ], [ 72.500352209132217, 22.939050729960407 ] ] ] } },
{ "type": "Feature", "properties": { "grid_id": "AHM-0415" }, "geometry": { "type": "Polygon", "coordinates": [ [ [ 72.50018637353017, 22.948075603731244 ], [ 72.5099312172065, 22.948228927606312 ], [ 72.509765943053992, 22.957253857017772 ], [ 72.500020454219339, 22.957100466106329 ], [ 72.50018637353017, 22.948075603731244 ] ] ] } },
{ "type": "Feature", "properties": { "grid_id": "AHM-0416" }, "geometry": { "type": "Polygon", "coordinates": [ [ [ 72.500020454219339, 22.957100466106329 ], [ 72.509765943053992, 22.957253857017772 ], [ 72.509600585493232, 22.966278775038337 ], [ 72.499854451174983, 22.96612531708189 ], [ 72.500020454219339, 22.957100466106329 ] ] ] } },
{ "type": "Feature", "properties": { "grid_id": "AHM-0417" }, "geometry": { "type": "Polygon", "coordinates": [ [ [ 72.499854451174983, 22.96612531708189 ], [ 72.509600585493232, 22.966278775038337 ], [ 72.509435144499548, 22.975303681664233 ], [ 72.499688364372332, 22.975150156654159 ], [ 72.499854451174983, 22.96612531708189 ] ] ] } },
{ "type": "Feature", "properties": { "grid_id": "AHM-0418" }, "geometry": { "type": "Polygon", "coordinates": [ [ [ 72.499688364372332, 22.975150156654159 ], [ 72.509435144499548, 22.975303681664233 ], [ 72.509269620048244, 22.984328576891706 ], [ 72.499522193786632, 22.98417498481939 ], [ 72.499688364372332, 22.975150156654159 ] ] ] } },
{ "type": "Feature", "properties": { "grid_id": "AHM-0419" }, "geometry": { "type": "Polygon", "coordinates": [ [ [ 72.499522193786632, 22.98417498481939 ], [ 72.509269620048244, 22.984328576891706 ], [ 72.509104012114662, 22.99335346071701 ], [ 72.49935593939307, 22.993199801573812 ], [ 72.499522193786632, 22.98417498481939 ] ] ] } },
{ "type": "Feature", "properties": { "grid_id": "AHM-0420" }, "geometry": { "type": "Polygon", "coordinates": [ [ [ 72.49935593939307, 22.993199801573812 ], [ 72.509104012114662, 22.99335346071701 ], [ 72.508938320674048, 23.002378333136388 ], [ 72.499189601166876, 23.002224606913664 ], [ 72.49935593939307, 22.993199801573812 ] ] ] } },
{ "type": "Feature", "properties": { "grid_id": "AHM-0421" }, "geometry": { "type": "Polygon", "coordinates": [ [ [ 72.499189601166876, 23.002224606913664 ], [ 72.508938320674048, 23.002378333136388 ], [ 72.508772545701717, 23.011403194146069 ], [ 72.499023179083196, 23.01124940083519 ], [ 72.499189601166876, 23.002224606913664 ] ] ] } },
{ "type": "Feature", "properties": { "grid_id": "AHM-0422" }, "geometry": { "type": "Polygon", "coordinates": [ [ [ 72.499023179083196, 23.01124940083519 ], [ 72.508772545701717, 23.011403194146069 ], [ 72.5086066871729, 23.020428043742335 ], [ 72.498856673117189, 23.020274183334639 ], [ 72.499023179083196, 23.01124940083519 ] ] ] } },
{ "type": "Feature", "properties": { "grid_id": "AHM-0423" }, "geometry": { "type": "Polygon", "coordinates": [ [ [ 72.498856673117189, 23.020274183334639 ], [ 72.5086066871729, 23.020428043742335 ], [ 72.508440745062856, 23.029452881921404 ], [ 72.498690083244014, 23.02929895440824 ], [ 72.498856673117189, 23.020274183334639 ] ] ] } },
{ "type": "Feature", "properties": { "grid_id": "AHM-0424" }, "geometry": { "type": "Polygon", "coordinates": [ [ [ 72.498690083244014, 23.02929895440824 ], [ 72.508440745062856, 23.029452881921404 ], [ 72.508274719346787, 23.03847770867953 ], [ 72.498523409438803, 23.03832371405225 ], [ 72.498690083244014, 23.02929895440824 ] ] ] } },
{ "type": "Feature", "properties": { "grid_id": "AHM-0425" }, "geometry": { "type": "Polygon", "coordinates": [ [ [ 72.498523409438803, 23.03832371405225 ], [ 72.508274719346787, 23.03847770867953 ], [ 72.508108609999908, 23.04750252401297 ], [ 72.498356651676659, 23.047348462262914 ], [ 72.498523409438803, 23.03832371405225 ] ] ] } },
{ "type": "Feature", "properties": { "grid_id": "AHM-0426" }, "geometry": { "type": "Polygon", "coordinates": [ [ [ 72.498356651676659, 23.047348462262914 ], [ 72.508108609999908, 23.04750252401297 ], [ 72.507942416997437, 23.056527327917969 ], [ 72.498189809932668, 23.056373199036461 ], [ 72.498356651676659, 23.047348462262914 ] ] ] } },
{ "type": "Feature", "properties": { "grid_id": "AHM-0427" }, "geometry": { "type": "Polygon", "coordinates": [ [ [ 72.498189809932668, 23.056373199036461 ], [ 72.507942416997437, 23.056527327917969 ], [ 72.507776140314505, 23.065552120390777 ], [ 72.498022884181921, 23.06539792436914 ], [ 72.498189809932668, 23.056373199036461 ] ] ] } },
{ "type": "Feature", "properties": { "grid_id": "AHM-0428" }, "geometry": { "type": "Polygon", "coordinates": [ [ [ 72.498022884181921, 23.06539792436914 ], [ 72.507776140314505, 23.065552120390777 ], [ 72.507609779926312, 23.074576901427651 ], [ 72.497855874399491, 23.074422638257218 ], [ 72.498022884181921, 23.06539792436914 ] ] ] } },
{ "type": "Feature", "properties": { "grid_id": "AHM-0429" }, "geometry": { "type": "Polygon", "coordinates": [ [ [ 72.497855874399491, 23.074422638257218 ], [ 72.507609779926312, 23.074576901427651 ], [ 72.507443335807977, 23.08360167102483 ], [ 72.497688780560395, 23.083447340696917 ], [ 72.497855874399491, 23.074422638257218 ] ] ] } },
{ "type": "Feature", "properties": { "grid_id": "AHM-0430" }, "geometry": { "type": "Polygon", "coordinates": [ [ [ 72.497688780560395, 23.083447340696917 ], [ 72.507443335807977, 23.08360167102483 ], [ 72.507276807934616, 23.092626429178583 ], [ 72.497521602639694, 23.092472031684498 ], [ 72.497688780560395, 23.083447340696917 ] ] ] } },
{ "type": "Feature", "properties": { "grid_id": "AHM-0431" }, "geometry": { "type": "Polygon", "coordinates": [ [ [ 72.497521602639694, 23.092472031684498 ], [ 72.507276807934616, 23.092626429178583 ], [ 72.507110196281374, 23.101651175885159 ], [ 72.497354340612375, 23.101496711216207 ], [ 72.497521602639694, 23.092472031684498 ] ] ] } },
{ "type": "Feature", "properties": { "grid_id": "AHM-0432" }, "geometry": { "type": "Polygon", "coordinates": [ [ [ 72.497354340612375, 23.101496711216207 ], [ 72.507110196281374, 23.101651175885159 ], [ 72.506943500823311, 23.11067591114081 ], [ 72.497186994453443, 23.110521379288294 ], [ 72.497354340612375, 23.101496711216207 ] ] ] } },
{ "type": "Feature", "properties": { "grid_id": "AHM-0433" }, "geometry": { "type": "Polygon", "coordinates": [ [ [ 72.497186994453443, 23.110521379288294 ], [ 72.506943500823311, 23.11067591114081 ], [ 72.506776721535516, 23.119700634941786 ], [ 72.497019564137887, 23.11954603589701 ], [ 72.497186994453443, 23.110521379288294 ] ] ] } },
{ "type": "Feature", "properties": { "grid_id": "AHM-0434" }, "geometry": { "type": "Polygon", "coordinates": [ [ [ 72.497019564137887, 23.11954603589701 ], [ 72.506776721535516, 23.119700634941786 ], [ 72.506609858393048, 23.128725347284352 ], [ 72.496852049640665, 23.128570681038607 ], [ 72.497019564137887, 23.11954603589701 ] ] ] } },
{ "type": "Feature", "properties": { "grid_id": "AHM-0435" }, "geometry": { "type": "Polygon", "coordinates": [ [ [ 72.496852049640665, 23.128570681038607 ], [ 72.506609858393048, 23.128725347284352 ], [ 72.506442911370968, 23.137750048164754 ], [ 72.496684450936726, 23.137595314709337 ], [ 72.496852049640665, 23.128570681038607 ] ] ] } },
{ "type": "Feature", "properties": { "grid_id": "AHM-0436" }, "geometry": { "type": "Polygon", "coordinates": [ [ [ 72.496684450936726, 23.137595314709337 ], [ 72.506442911370968, 23.137750048164754 ], [ 72.506275880444292, 23.146774737579268 ], [ 72.496516768000987, 23.146619936905442 ], [ 72.496684450936726, 23.137595314709337 ] ] ] } },
{ "type": "Feature", "properties": { "grid_id": "AHM-0437" }, "geometry": { "type": "Polygon", "coordinates": [ [ [ 72.496516768000987, 23.146619936905442 ], [ 72.506275880444292, 23.146774737579268 ], [ 72.506108765588024, 23.155799415524136 ], [ 72.49634900080838, 23.15564454762319 ], [ 72.496516768000987, 23.146619936905442 ] ] ] } },
{ "type": "Feature", "properties": { "grid_id": "AHM-0438" }, "geometry": { "type": "Polygon", "coordinates": [ [ [ 72.49634900080838, 23.15564454762319 ], [ 72.506108765588024, 23.155799415524136 ], [ 72.505941566777153, 23.164824081995619 ], [ 72.496181149333808, 23.164669146858824 ], [ 72.49634900080838, 23.15564454762319 ] ] ] } },
{ "type": "Feature", "properties": { "grid_id": "AHM-0439" }, "geometry": { "type": "Polygon", "coordinates": [ [ [ 72.496181149333808, 23.164669146858824 ], [ 72.505941566777153, 23.164824081995619 ], [ 72.505774283986682, 23.173848736989985 ], [ 72.496013213552132, 23.173693734608609 ], [ 72.496181149333808, 23.164669146858824 ] ] ] } },
{ "type": "Feature", "properties": { "grid_id": "AHM-0440" }, "geometry": { "type": "Polygon", "coordinates": [ [ [ 72.496013213552132, 23.173693734608609 ], [ 72.505774283986682, 23.173848736989985 ], [ 72.505606917191557, 23.182873380503491 ], [ 72.495845193438214, 23.182718310868797 ], [ 72.496013213552132, 23.173693734608609 ] ] ] } },
{ "type": "Feature", "properties": { "grid_id": "AHM-0441" }, "geometry": { "type": "Polygon", "coordinates": [ [ [ 72.495845193438214, 23.182718310868797 ], [ 72.505606917191557, 23.182873380503491 ], [ 72.505439466366724, 23.191898012532395 ], [ 72.495677088966929, 23.191742875635633 ], [ 72.495845193438214, 23.182718310868797 ] ] ] } },
{ "type": "Feature", "properties": { "grid_id": "AHM-0442" }, "geometry": { "type": "Polygon", "coordinates": [ [ [ 72.495677088966929, 23.191742875635633 ], [ 72.505439466366724, 23.191898012532395 ], [ 72.505271931487101, 23.20092263307296 ], [ 72.495508900113094, 23.200767428905387 ], [ 72.495677088966929, 23.191742875635633 ] ] ] } },
{ "type": "Feature", "properties": { "grid_id": "AHM-0443" }, "geometry": { "type": "Polygon", "coordinates": [ [ [ 72.495508900113094, 23.200767428905387 ], [ 72.505271931487101, 23.20092263307296 ], [ 72.505104312527635, 23.209947242121448 ], [ 72.495340626851529, 23.209791970674313 ], [ 72.495508900113094, 23.200767428905387 ] ] ] } },
{ "type": "Feature", "properties": { "grid_id": "AHM-0444" }, "geometry": { "type": "Polygon", "coordinates": [ [ [ 72.495340626851529, 23.209791970674313 ], [ 72.505104312527635, 23.209947242121448 ], [ 72.504936609463186, 23.218971839674126 ], [ 72.495172269157024, 23.218816500938679 ], [ 72.495340626851529, 23.209791970674313 ] ] ] } },
{ "type": "Feature", "properties": { "grid_id": "AHM-0445" }, "geometry": { "type": "Polygon", "coordinates": [ [ [ 72.511085802910856, 22.885054103096454 ], [ 72.520826222789751, 22.885206362254536 ], [ 72.520662174714616, 22.894231438012394 ], [ 72.510921111927019, 22.894079112138993 ], [ 72.511085802910856, 22.885054103096454 ] ] ] } },
{ "type": "Feature", "properties": { "grid_id": "AHM-0446" }, "geometry": { "type": "Polygon", "coordinates": [ [ [ 72.510921111927019, 22.894079112138993 ], [ 72.520662174714616, 22.894231438012394 ], [ 72.520498043728011, 22.903256502414234 ], [ 72.510756337707107, 22.903104109816958 ], [ 72.510921111927019, 22.894079112138993 ] ] ] } },
{ "type": "Feature", "properties": { "grid_id": "AHM-0447" }, "geometry": { "type": "Polygon", "coordinates": [ [ [ 72.510756337707107, 22.903104109816958 ], [ 72.520498043728011, 22.903256502414234 ], [ 72.520333829805466, 22.912281555456275 ], [ 72.510591480226566, 22.912129096126566 ], [ 72.510756337707107, 22.903104109816958 ] ] ] } },
{ "type": "Feature", "properties": { "grid_id": "AHM-0448" }, "geometry": { "type": "Polygon", "coordinates": [ [ [ 72.510591480226566, 22.912129096126566 ], [ 72.520333829805466, 22.912281555456275 ], [ 72.520169532922552, 22.921306597134766 ], [ 72.510426539460809, 22.92115407106407 ], [ 72.510591480226566, 22.912129096126566 ] ] ] } },
{ "type": "Feature", "properties": { "grid_id": "AHM-0449" }, "geometry": { "type": "Polygon", "coordinates": [ [ [ 72.510426539460809, 22.92115407106407 ], [ 72.520169532922552, 22.921306597134766 ], [ 72.520005153054726, 22.930331627445952 ], [ 72.510261515385281, 22.930179034625702 ], [ 72.510426539460809, 22.92115407106407 ] ] ] } },
{ "type": "Feature", "properties": { "grid_id": "AHM-0450" }, "geometry": { "type": "Polygon", "coordinates": [ [ [ 72.510261515385281, 22.930179034625702 ], [ 72.520005153054726, 22.930331627445952 ], [ 72.519840690177531, 22.939356646386074 ], [ 72.510096407975382, 22.939203986807701 ], [ 72.510261515385281, 22.930179034625702 ] ] ] } },
{ "type": "Feature", "properties": { "grid_id": "AHM-0451" }, "geometry": { "type": "Polygon", "coordinates": [ [ [ 72.510096407975382, 22.939203986807701 ], [ 72.519840690177531, 22.939356646386074 ], [ 72.519676144266441, 22.94838165395138 ], [ 72.5099312172065, 22.948228927606312 ], [ 72.510096407975382, 22.939203986807701 ] ] ] } },
{ "type": "Feature", "properties": { "grid_id": "AHM-0452" }, "geometry": { "type": "Polygon", "coordinates": [ [ [ 72.5099312172065, 22.948228927606312 ], [ 72.519676144266441, 22.94838165395138 ], [ 72.519511515296927, 22.957406650138118 ], [ 72.509765943053992, 22.957253857017772 ], [ 72.5099312172065, 22.948228927606312 ] ] ] } },
{ "type": "Feature", "properties": { "grid_id": "AHM-0453" }, "geometry": { "type": "Polygon", "coordinates": [ [ [ 72.509765943053992, 22.957253857017772 ], [ 72.519511515296927, 22.957406650138118 ], [ 72.519346803244403, 22.966431634942541 ], [ 72.509600585493232, 22.966278775038337 ], [ 72.509765943053992, 22.957253857017772 ] ] ] } },
{ "type": "Feature", "properties": { "grid_id": "AHM-0454" }, "geometry": { "type": "Polygon", "coordinates": [ [ [ 72.509600585493232, 22.966278775038337 ], [ 72.519346803244403, 22.966431634942541 ], [ 72.519182008084343, 22.975456608360886 ], [ 72.509435144499548, 22.975303681664233 ], [ 72.509600585493232, 22.966278775038337 ] ] ] } },
{ "type": "Feature", "properties": { "grid_id": "AHM-0455" }, "geometry": { "type": "Polygon", "coordinates": [ [ [ 72.509435144499548, 22.975303681664233 ], [ 72.519182008084343, 22.975456608360886 ], [ 72.519017129792147, 22.984481570389406 ], [ 72.509269620048244, 22.984328576891706 ], [ 72.509435144499548, 22.975303681664233 ] ] ] } },
{ "type": "Feature", "properties": { "grid_id": "AHM-0456" }, "geometry": { "type": "Polygon", "coordinates": [ [ [ 72.509269620048244, 22.984328576891706 ], [ 72.519017129792147, 22.984481570389406 ], [ 72.51885216834323, 22.993506521024354 ], [ 72.509104012114662, 22.99335346071701 ], [ 72.509269620048244, 22.984328576891706 ] ] ] } },
{ "type": "Feature", "properties": { "grid_id": "AHM-0457" }, "geometry": { "type": "Polygon", "coordinates": [ [ [ 72.509104012114662, 22.99335346071701 ], [ 72.51885216834323, 22.993506521024354 ], [ 72.518687123712965, 23.002531460261977 ], [ 72.508938320674048, 23.002378333136388 ], [ 72.509104012114662, 22.99335346071701 ] ] ] } },
{ "type": "Feature", "properties": { "grid_id": "AHM-0458" }, "geometry": { "type": "Polygon", "coordinates": [ [ [ 72.508938320674048, 23.002378333136388 ], [ 72.518687123712965, 23.002531460261977 ], [ 72.518521995876711, 23.011556388098523 ], [ 72.508772545701717, 23.011403194146069 ], [ 72.508938320674048, 23.002378333136388 ] ] ] } },
{ "type": "Feature", "properties": { "grid_id": "AHM-0459" }, "geometry": { "type": "Polygon", "coordinates": [ [ [ 72.508772545701717, 23.011403194146069 ], [ 72.518521995876711, 23.011556388098523 ], [ 72.518356784809853, 23.02058130453025 ], [ 72.5086066871729, 23.020428043742335 ], [ 72.508772545701717, 23.011403194146069 ] ] ] } },
{ "type": "Feature", "properties": { "grid_id": "AHM-0460" }, "geometry": { "type": "Polygon", "coordinates": [ [ [ 72.5086066871729, 23.020428043742335 ], [ 72.518356784809853, 23.02058130453025 ], [ 72.518191490487695, 23.029606209553407 ], [ 72.508440745062856, 23.029452881921404 ], [ 72.5086066871729, 23.020428043742335 ] ] ] } },
{ "type": "Feature", "properties": { "grid_id": "AHM-0461" }, "geometry": { "type": "Polygon", "coordinates": [ [ [ 72.508440745062856, 23.029452881921404 ], [ 72.518191490487695, 23.029606209553407 ], [ 72.518026112885565, 23.038631103164246 ], [ 72.508274719346787, 23.03847770867953 ], [ 72.508440745062856, 23.029452881921404 ] ] ] } },
{ "type": "Feature", "properties": { "grid_id": "AHM-0462" }, "geometry": { "type": "Polygon", "coordinates": [ [ [ 72.508274719346787, 23.03847770867953 ], [ 72.518026112885565, 23.038631103164246 ], [ 72.517860651978793, 23.047655985359036 ], [ 72.508108609999908, 23.04750252401297 ], [ 72.508274719346787, 23.03847770867953 ] ] ] } },
{ "type": "Feature", "properties": { "grid_id": "AHM-0463" }, "geometry": { "type": "Polygon", "coordinates": [ [ [ 72.508108609999908, 23.04750252401297 ], [ 72.517860651978793, 23.047655985359036 ], [ 72.517695107742625, 23.056680856134008 ], [ 72.507942416997437, 23.056527327917969 ], [ 72.508108609999908, 23.04750252401297 ] ] ] } },
{ "type": "Feature", "properties": { "grid_id": "AHM-0464" }, "geometry": { "type": "Polygon", "coordinates": [ [ [ 72.507942416997437, 23.056527327917969 ], [ 72.517695107742625, 23.056680856134008 ], [ 72.517529480152362, 23.065705715485436 ], [ 72.507776140314505, 23.065552120390777 ], [ 72.507942416997437, 23.056527327917969 ] ] ] } },
{ "type": "Feature", "properties": { "grid_id": "AHM-0465" }, "geometry": { "type": "Polygon", "coordinates": [ [ [ 72.507776140314505, 23.065552120390777 ], [ 72.517529480152362, 23.065705715485436 ], [ 72.517363769183262, 23.074730563409563 ], [ 72.507609779926312, 23.074576901427651 ], [ 72.507776140314505, 23.065552120390777 ] ] ] } },
{ "type": "Feature", "properties": { "grid_id": "AHM-0466" }, "geometry": { "type": "Polygon", "coordinates": [ [ [ 72.507609779926312, 23.074576901427651 ], [ 72.517363769183262, 23.074730563409563 ], [ 72.517197974810543, 23.083755399902657 ], [ 72.507443335807977, 23.08360167102483 ], [ 72.507609779926312, 23.074576901427651 ] ] ] } },
{ "type": "Feature", "properties": { "grid_id": "AHM-0467" }, "geometry": { "type": "Polygon", "coordinates": [ [ [ 72.507443335807977, 23.08360167102483 ], [ 72.517197974810543, 23.083755399902657 ], [ 72.517032097009448, 23.092780224960972 ], [ 72.507276807934616, 23.092626429178583 ], [ 72.507443335807977, 23.08360167102483 ] ] ] } },
{ "type": "Feature", "properties": { "grid_id": "AHM-0468" }, "geometry": { "type": "Polygon", "coordinates": [ [ [ 72.507276807934616, 23.092626429178583 ], [ 72.517032097009448, 23.092780224960972 ], [ 72.516866135755166, 23.101805038580768 ], [ 72.507110196281374, 23.101651175885159 ], [ 72.507276807934616, 23.092626429178583 ] ] ] } },
{ "type": "Feature", "properties": { "grid_id": "AHM-0469" }, "geometry": { "type": "Polygon", "coordinates": [ [ [ 72.507110196281374, 23.101651175885159 ], [ 72.516866135755166, 23.101805038580768 ], [ 72.516700091022898, 23.110829840758299 ], [ 72.506943500823311, 23.11067591114081 ], [ 72.507110196281374, 23.101651175885159 ] ] ] } },
{ "type": "Feature", "properties": { "grid_id": "AHM-0470" }, "geometry": { "type": "Polygon", "coordinates": [ [ [ 72.506943500823311, 23.11067591114081 ], [ 72.516700091022898, 23.110829840758299 ], [ 72.516533962787818, 23.119854631489829 ], [ 72.506776721535516, 23.119700634941786 ], [ 72.506943500823311, 23.11067591114081 ] ] ] } },
{ "type": "Feature", "properties": { "grid_id": "AHM-0471" }, "geometry": { "type": "Polygon", "coordinates": [ [ [ 72.506776721535516, 23.119700634941786 ], [ 72.516533962787818, 23.119854631489829 ], [ 72.516367751025072, 23.128879410771621 ], [ 72.506609858393048, 23.128725347284352 ], [ 72.506776721535516, 23.119700634941786 ] ] ] } },
{ "type": "Feature", "properties": { "grid_id": "AHM-0472" }, "geometry": { "type": "Polygon", "coordinates": [ [ [ 72.506609858393048, 23.128725347284352 ], [ 72.516367751025072, 23.128879410771621 ], [ 72.516201455709819, 23.137904178599936 ], [ 72.506442911370968, 23.137750048164754 ], [ 72.506609858393048, 23.128725347284352 ] ] ] } },
{ "type": "Feature", "properties": { "grid_id": "AHM-0473" }, "geometry": { "type": "Polygon", "coordinates": [ [ [ 72.506442911370968, 23.137750048164754 ], [ 72.516201455709819, 23.137904178599936 ], [ 72.516035076817161, 23.146928934971037 ], [ 72.506275880444292, 23.146774737579268 ], [ 72.506442911370968, 23.137750048164754 ] ] ] } },
{ "type": "Feature", "properties": { "grid_id": "AHM-0474" }, "geometry": { "type": "Polygon", "coordinates": [ [ [ 72.506275880444292, 23.146774737579268 ], [ 72.516035076817161, 23.146928934971037 ], [ 72.51586861432223, 23.155953679881179 ], [ 72.506108765588024, 23.155799415524136 ], [ 72.506275880444292, 23.146774737579268 ] ] ] } },
{ "type": "Feature", "properties": { "grid_id": "AHM-0475" }, "geometry": { "type": "Polygon", "coordinates": [ [ [ 72.506108765588024, 23.155799415524136 ], [ 72.51586861432223, 23.155953679881179 ], [ 72.515702068200113, 23.16497841332664 ], [ 72.505941566777153, 23.164824081995619 ], [ 72.506108765588024, 23.155799415524136 ] ] ] } },
{ "type": "Feature", "properties": { "grid_id": "AHM-0476" }, "geometry": { "type": "Polygon", "coordinates": [ [ [ 72.505941566777153, 23.164824081995619 ], [ 72.515702068200113, 23.16497841332664 ], [ 72.515535438425871, 23.174003135303671 ], [ 72.505774283986682, 23.173848736989985 ], [ 72.505941566777153, 23.164824081995619 ] ] ] } },
{ "type": "Feature", "properties": { "grid_id": "AHM-0477" }, "geometry": { "type": "Polygon", "coordinates": [ [ [ 72.505774283986682, 23.173848736989985 ], [ 72.515535438425871, 23.174003135303671 ], [ 72.515368724974579, 23.183027845808553 ], [ 72.505606917191557, 23.182873380503491 ], [ 72.505774283986682, 23.173848736989985 ] ] ] } },
{ "type": "Feature", "properties": { "grid_id": "AHM-0478" }, "geometry": { "type": "Polygon", "coordinates": [ [ [ 72.505606917191557, 23.182873380503491 ], [ 72.515368724974579, 23.183027845808553 ], [ 72.515201927821266, 23.192052544837537 ], [ 72.505439466366724, 23.191898012532395 ], [ 72.505606917191557, 23.182873380503491 ] ] ] } },
{ "type": "Feature", "properties": { "grid_id": "AHM-0479" }, "geometry": { "type": "Polygon", "coordinates": [ [ [ 72.505439466366724, 23.191898012532395 ], [ 72.515201927821266, 23.192052544837537 ], [ 72.515035046940966, 23.20107723238689 ], [ 72.505271931487101, 23.20092263307296 ], [ 72.505439466366724, 23.191898012532395 ] ] ] } },
{ "type": "Feature", "properties": { "grid_id": "AHM-0480" }, "geometry": { "type": "Polygon", "coordinates": [ [ [ 72.505271931487101, 23.20092263307296 ], [ 72.515035046940966, 23.20107723238689 ], [ 72.514868082308709, 23.210101908452899 ], [ 72.505104312527635, 23.209947242121448 ], [ 72.505271931487101, 23.20092263307296 ] ] ] } },
{ "type": "Feature", "properties": { "grid_id": "AHM-0481" }, "geometry": { "type": "Polygon", "coordinates": [ [ [ 72.505104312527635, 23.209947242121448 ], [ 72.514868082308709, 23.210101908452899 ], [ 72.514701033899442, 23.219126573031819 ], [ 72.504936609463186, 23.218971839674126 ], [ 72.505104312527635, 23.209947242121448 ] ] ] } },
{ "type": "Feature", "properties": { "grid_id": "AHM-0482" }, "geometry": { "type": "Polygon", "coordinates": [ [ [ 72.520826222789751, 22.885206362254536 ], [ 72.530566725555687, 22.88535802568877 ], [ 72.530403320413683, 22.894383167901072 ], [ 72.520662174714616, 22.894231438012394 ], [ 72.520826222789751, 22.885206362254536 ] ] ] } },
{ "type": "Feature", "properties": { "grid_id": "AHM-0483" }, "geometry": { "type": "Polygon", "coordinates": [ [ [ 72.520662174714616, 22.894231438012394 ], [ 72.530403320413683, 22.894383167901072 ], [ 72.530239832684828, 22.903408298765868 ], [ 72.520498043728011, 22.903256502414234 ], [ 72.520662174714616, 22.894231438012394 ] ] ] } },
{ "type": "Feature", "properties": { "grid_id": "AHM-0484" }, "geometry": { "type": "Polygon", "coordinates": [ [ [ 72.520498043728011, 22.903256502414234 ], [ 72.530239832684828, 22.903408298765868 ], [ 72.530076262344778, 22.912433418279388 ], [ 72.520333829805466, 22.912281555456275 ], [ 72.520498043728011, 22.903256502414234 ] ] ] } },
{ "type": "Feature", "properties": { "grid_id": "AHM-0485" }, "geometry": { "type": "Polygon", "coordinates": [ [ [ 72.520333829805466, 22.912281555456275 ], [ 72.530076262344778, 22.912433418279388 ], [ 72.529912609369148, 22.921458526437885 ], [ 72.520169532922552, 22.921306597134766 ], [ 72.520333829805466, 22.912281555456275 ] ] ] } },
{ "type": "Feature", "properties": { "grid_id": "AHM-0486" }, "geometry": { "type": "Polygon", "coordinates": [ [ [ 72.520169532922552, 22.921306597134766 ], [ 72.529912609369148, 22.921458526437885 ], [ 72.529748873733567, 22.930483623237603 ], [ 72.520005153054726, 22.930331627445952 ], [ 72.520169532922552, 22.921306597134766 ] ] ] } },
{ "type": "Feature", "properties": { "grid_id": "AHM-0487" }, "geometry": { "type": "Polygon", "coordinates": [ [ [ 72.520005153054726, 22.930331627445952 ], [ 72.529748873733567, 22.930483623237603 ], [ 72.529585055413591, 22.939508708674804 ], [ 72.519840690177531, 22.939356646386074 ], [ 72.520005153054726, 22.930331627445952 ] ] ] } },
{ "type": "Feature", "properties": { "grid_id": "AHM-0488" }, "geometry": { "type": "Polygon", "coordinates": [ [ [ 72.519840690177531, 22.939356646386074 ], [ 72.529585055413591, 22.939508708674804 ], [ 72.529421154384821, 22.948533782745724 ], [ 72.519676144266441, 22.94838165395138 ], [ 72.519840690177531, 22.939356646386074 ] ] ] } },
{ "type": "Feature", "properties": { "grid_id": "AHM-0489" }, "geometry": { "type": "Polygon", "coordinates": [ [ [ 72.519676144266441, 22.94838165395138 ], [ 72.529421154384821, 22.948533782745724 ], [ 72.529257170622827, 22.95755884544662 ], [ 72.519511515296927, 22.957406650138118 ], [ 72.519676144266441, 22.94838165395138 ] ] ] } },
{ "type": "Feature", "properties": { "grid_id": "AHM-0490" }, "geometry": { "type": "Polygon", "coordinates": [ [ [ 72.519511515296927, 22.957406650138118 ], [ 72.529257170622827, 22.95755884544662 ], [ 72.52909310410314, 22.966583896773749 ], [ 72.519346803244403, 22.966431634942541 ], [ 72.519511515296927, 22.957406650138118 ] ] ] } },
{ "type": "Feature", "properties": { "grid_id": "AHM-0491" }, "geometry": { "type": "Polygon", "coordinates": [ [ [ 72.519346803244403, 22.966431634942541 ], [ 72.52909310410314, 22.966583896773749 ], [ 72.528928954801287, 22.975608936723365 ], [ 72.519182008084343, 22.975456608360886 ], [ 72.519346803244403, 22.966431634942541 ] ] ] } },
{ "type": "Feature", "properties": { "grid_id": "AHM-0492" }, "geometry": { "type": "Polygon", "coordinates": [ [ [ 72.519182008084343, 22.975456608360886 ], [ 72.528928954801287, 22.975608936723365 ], [ 72.528764722692785, 22.98463396529171 ], [ 72.519017129792147, 22.984481570389406 ], [ 72.519182008084343, 22.975456608360886 ] ] ] } },
{ "type": "Feature", "properties": { "grid_id": "AHM-0493" }, "geometry": { "type": "Polygon", "coordinates": [ [ [ 72.519017129792147, 22.984481570389406 ], [ 72.528764722692785, 22.98463396529171 ], [ 72.528600407753146, 22.993658982475058 ], [ 72.51885216834323, 22.993506521024354 ], [ 72.519017129792147, 22.984481570389406 ] ] ] } },
{ "type": "Feature", "properties": { "grid_id": "AHM-0494" }, "geometry": { "type": "Polygon", "coordinates": [ [ [ 72.51885216834323, 22.993506521024354 ], [ 72.528600407753146, 22.993658982475058 ], [ 72.528436009957844, 23.002683988269645 ], [ 72.518687123712965, 23.002531460261977 ], [ 72.51885216834323, 22.993506521024354 ] ] ] } },
{ "type": "Feature", "properties": { "grid_id": "AHM-0495" }, "geometry": { "type": "Polygon", "coordinates": [ [ [ 72.518687123712965, 23.002531460261977 ], [ 72.528436009957844, 23.002683988269645 ], [ 72.528271529282335, 23.011708982671728 ], [ 72.518521995876711, 23.011556388098523 ], [ 72.518687123712965, 23.002531460261977 ] ] ] } },
{ "type": "Feature", "properties": { "grid_id": "AHM-0496" }, "geometry": { "type": "Polygon", "coordinates": [ [ [ 72.518521995876711, 23.011556388098523 ], [ 72.528271529282335, 23.011708982671728 ], [ 72.528106965702065, 23.020733965677579 ], [ 72.518356784809853, 23.02058130453025 ], [ 72.518521995876711, 23.011556388098523 ] ] ] } },
{ "type": "Feature", "properties": { "grid_id": "AHM-0497" }, "geometry": { "type": "Polygon", "coordinates": [ [ [ 72.518356784809853, 23.02058130453025 ], [ 72.528106965702065, 23.020733965677579 ], [ 72.527942319192505, 23.029758937283439 ], [ 72.518191490487695, 23.029606209553407 ], [ 72.518356784809853, 23.02058130453025 ] ] ] } },
{ "type": "Feature", "properties": { "grid_id": "AHM-0498" }, "geometry": { "type": "Polygon", "coordinates": [ [ [ 72.518191490487695, 23.029606209553407 ], [ 72.527942319192505, 23.029758937283439 ], [ 72.527777589729013, 23.038783897485583 ], [ 72.518026112885565, 23.038631103164246 ], [ 72.518191490487695, 23.029606209553407 ] ] ] } },
{ "type": "Feature", "properties": { "grid_id": "AHM-0499" }, "geometry": { "type": "Polygon", "coordinates": [ [ [ 72.518026112885565, 23.038631103164246 ], [ 72.527777589729013, 23.038783897485583 ], [ 72.527612777287032, 23.047808846280258 ], [ 72.517860651978793, 23.047655985359036 ], [ 72.518026112885565, 23.038631103164246 ] ] ] } },
{ "type": "Feature", "properties": { "grid_id": "AHM-0500" }, "geometry": { "type": "Polygon", "coordinates": [ [ [ 72.517860651978793, 23.047655985359036 ], [ 72.527612777287032, 23.047808846280258 ], [ 72.527447881841923, 23.056833783663723 ], [ 72.517695107742625, 23.056680856134008 ], [ 72.517860651978793, 23.047655985359036 ] ] ] } },
{ "type": "Feature", "properties": { "grid_id": "AHM-0501" }, "geometry": { "type": "Polygon", "coordinates": [ [ [ 72.517695107742625, 23.056680856134008 ], [ 72.527447881841923, 23.056833783663723 ], [ 72.52728290336907, 23.065858709632241 ], [ 72.517529480152362, 23.065705715485436 ], [ 72.517695107742625, 23.056680856134008 ] ] ] } },
{ "type": "Feature", "properties": { "grid_id": "AHM-0502" }, "geometry": { "type": "Polygon", "coordinates": [ [ [ 72.517529480152362, 23.065705715485436 ], [ 72.52728290336907, 23.065858709632241 ], [ 72.527117841843818, 23.074883624182085 ], [ 72.517363769183262, 23.074730563409563 ], [ 72.517529480152362, 23.065705715485436 ] ] ] } },
{ "type": "Feature", "properties": { "grid_id": "AHM-0503" }, "geometry": { "type": "Polygon", "coordinates": [ [ [ 72.517363769183262, 23.074730563409563 ], [ 72.527117841843818, 23.074883624182085 ], [ 72.526952697241498, 23.083908527309497 ], [ 72.517197974810543, 23.083755399902657 ], [ 72.517363769183262, 23.074730563409563 ] ] ] } },
{ "type": "Feature", "properties": { "grid_id": "AHM-0504" }, "geometry": { "type": "Polygon", "coordinates": [ [ [ 72.517197974810543, 23.083755399902657 ], [ 72.526952697241498, 23.083908527309497 ], [ 72.526787469537453, 23.092933419010752 ], [ 72.517032097009448, 23.092780224960972 ], [ 72.517197974810543, 23.083755399902657 ] ] ] } },
{ "type": "Feature", "properties": { "grid_id": "AHM-0505" }, "geometry": { "type": "Polygon", "coordinates": [ [ [ 72.517032097009448, 23.092780224960972 ], [ 72.526787469537453, 23.092933419010752 ], [ 72.526622158706957, 23.101958299282117 ], [ 72.516866135755166, 23.101805038580768 ], [ 72.517032097009448, 23.092780224960972 ] ] ] } },
{ "type": "Feature", "properties": { "grid_id": "AHM-0506" }, "geometry": { "type": "Polygon", "coordinates": [ [ [ 72.516866135755166, 23.101805038580768 ], [ 72.526622158706957, 23.101958299282117 ], [ 72.526456764725296, 23.110983168119851 ], [ 72.516700091022898, 23.110829840758299 ], [ 72.516866135755166, 23.101805038580768 ] ] ] } },
{ "type": "Feature", "properties": { "grid_id": "AHM-0507" }, "geometry": { "type": "Polygon", "coordinates": [ [ [ 72.516700091022898, 23.110829840758299 ], [ 72.526456764725296, 23.110983168119851 ], [ 72.526291287567759, 23.120008025520214 ], [ 72.516533962787818, 23.119854631489829 ], [ 72.516700091022898, 23.110829840758299 ] ] ] } },
{ "type": "Feature", "properties": { "grid_id": "AHM-0508" }, "geometry": { "type": "Polygon", "coordinates": [ [ [ 72.516533962787818, 23.119854631489829 ], [ 72.526291287567759, 23.120008025520214 ], [ 72.526125727209603, 23.129032871479478 ], [ 72.516367751025072, 23.128879410771621 ], [ 72.516533962787818, 23.119854631489829 ] ] ] } },
{ "type": "Feature", "properties": { "grid_id": "AHM-0509" }, "geometry": { "type": "Polygon", "coordinates": [ [ [ 72.516367751025072, 23.128879410771621 ], [ 72.526125727209603, 23.129032871479478 ], [ 72.52596008362606, 23.138057705993912 ], [ 72.516201455709819, 23.137904178599936 ], [ 72.516367751025072, 23.128879410771621 ] ] ] } },
{ "type": "Feature", "properties": { "grid_id": "AHM-0510" }, "geometry": { "type": "Polygon", "coordinates": [ [ [ 72.516201455709819, 23.137904178599936 ], [ 72.52596008362606, 23.138057705993912 ], [ 72.525794356792318, 23.147082529059777 ], [ 72.516035076817161, 23.146928934971037 ], [ 72.516201455709819, 23.137904178599936 ] ] ] } },
{ "type": "Feature", "properties": { "grid_id": "AHM-0511" }, "geometry": { "type": "Polygon", "coordinates": [ [ [ 72.516035076817161, 23.146928934971037 ], [ 72.525794356792318, 23.147082529059777 ], [ 72.525628546683649, 23.156107340673351 ], [ 72.51586861432223, 23.155953679881179 ], [ 72.516035076817161, 23.146928934971037 ] ] ] } },
{ "type": "Feature", "properties": { "grid_id": "AHM-0512" }, "geometry": { "type": "Polygon", "coordinates": [ [ [ 72.51586861432223, 23.155953679881179 ], [ 72.525628546683649, 23.156107340673351 ], [ 72.525462653275184, 23.165132140830888 ], [ 72.515702068200113, 23.16497841332664 ], [ 72.51586861432223, 23.155953679881179 ] ] ] } },
{ "type": "Feature", "properties": { "grid_id": "AHM-0513" }, "geometry": { "type": "Polygon", "coordinates": [ [ [ 72.515702068200113, 23.16497841332664 ], [ 72.525462653275184, 23.165132140830888 ], [ 72.525296676542126, 23.174156929528671 ], [ 72.515535438425871, 23.174003135303671 ], [ 72.515702068200113, 23.16497841332664 ] ] ] } },
{ "type": "Feature", "properties": { "grid_id": "AHM-0514" }, "geometry": { "type": "Polygon", "coordinates": [ [ [ 72.515535438425871, 23.174003135303671 ], [ 72.525296676542126, 23.174156929528671 ], [ 72.52513061645962, 23.183181706762969 ], [ 72.515368724974579, 23.183027845808553 ], [ 72.515535438425871, 23.174003135303671 ] ] ] } },
{ "type": "Feature", "properties": { "grid_id": "AHM-0515" }, "geometry": { "type": "Polygon", "coordinates": [ [ [ 72.515368724974579, 23.183027845808553 ], [ 72.52513061645962, 23.183181706762969 ], [ 72.524964473002811, 23.192206472530042 ], [ 72.515201927821266, 23.192052544837537 ], [ 72.515368724974579, 23.183027845808553 ] ] ] } },
{ "type": "Feature", "properties": { "grid_id": "AHM-0516" }, "geometry": { "type": "Polygon", "coordinates": [ [ [ 72.515201927821266, 23.192052544837537 ], [ 72.524964473002811, 23.192206472530042 ], [ 72.524798246146815, 23.201231226826177 ], [ 72.515035046940966, 23.20107723238689 ], [ 72.515201927821266, 23.192052544837537 ] ] ] } },
{ "type": "Feature", "properties": { "grid_id": "AHM-0517" }, "geometry": { "type": "Polygon", "coordinates": [ [ [ 72.515035046940966, 23.20107723238689 ], [ 72.524798246146815, 23.201231226826177 ], [ 72.524631935866751, 23.210255969647633 ], [ 72.514868082308709, 23.210101908452899 ], [ 72.515035046940966, 23.20107723238689 ] ] ] } },
{ "type": "Feature", "properties": { "grid_id": "AHM-0518" }, "geometry": { "type": "Polygon", "coordinates": [ [ [ 72.514868082308709, 23.210101908452899 ], [ 72.524631935866751, 23.210255969647633 ], [ 72.52446554213769, 23.219280700990701 ], [ 72.514701033899442, 23.219126573031819 ], [ 72.514868082308709, 23.210101908452899 ] ] ] } },
{ "type": "Feature", "properties": { "grid_id": "AHM-0519" }, "geometry": { "type": "Polygon", "coordinates": [ [ [ 72.530566725555687, 22.88535802568877 ], [ 72.540307310884103, 22.885509093378587 ], [ 72.540144548699587, 22.894534301784439 ], [ 72.530403320413683, 22.894383167901072 ], [ 72.530566725555687, 22.88535802568877 ] ] ] } },
{ "type": "Feature", "properties": { "grid_id": "AHM-0520" }, "geometry": { "type": "Polygon", "coordinates": [ [ [ 72.530403320413683, 22.894383167901072 ], [ 72.540144548699587, 22.894534301784439 ], [ 72.539981704252867, 22.903559498851266 ], [ 72.530239832684828, 22.903408298765868 ], [ 72.530403320413683, 22.894383167901072 ] ] ] } },
{ "type": "Feature", "properties": { "grid_id": "AHM-0521" }, "geometry": { "type": "Polygon", "coordinates": [ [ [ 72.530239832684828, 22.903408298765868 ], [ 72.539981704252867, 22.903559498851266 ], [ 72.53981877751967, 22.9125846845753 ], [ 72.530076262344778, 22.912433418279388 ], [ 72.530239832684828, 22.903408298765868 ] ] ] } },
{ "type": "Feature", "properties": { "grid_id": "AHM-0522" }, "geometry": { "type": "Polygon", "coordinates": [ [ [ 72.530076262344778, 22.912433418279388 ], [ 72.53981877751967, 22.9125846845753 ], [ 72.539655768475725, 22.921609858952809 ], [ 72.529912609369148, 22.921458526437885 ], [ 72.530076262344778, 22.912433418279388 ] ] ] } },
{ "type": "Feature", "properties": { "grid_id": "AHM-0523" }, "geometry": { "type": "Polygon", "coordinates": [ [ [ 72.529912609369148, 22.921458526437885 ], [ 72.539655768475725, 22.921609858952809 ], [ 72.539492677096746, 22.930635021980045 ], [ 72.529748873733567, 22.930483623237603 ], [ 72.529912609369148, 22.921458526437885 ] ] ] } },
{ "type": "Feature", "properties": { "grid_id": "AHM-0524" }, "geometry": { "type": "Polygon", "coordinates": [ [ [ 72.529748873733567, 22.930483623237603 ], [ 72.539492677096746, 22.930635021980045 ], [ 72.539329503358417, 22.939660173653248 ], [ 72.529585055413591, 22.939508708674804 ], [ 72.529748873733567, 22.930483623237603 ] ] ] } },
{ "type": "Feature", "properties": { "grid_id": "AHM-0525" }, "geometry": { "type": "Polygon", "coordinates": [ [ [ 72.529585055413591, 22.939508708674804 ], [ 72.539329503358417, 22.939660173653248 ], [ 72.539166247236423, 22.948685313968696 ], [ 72.529421154384821, 22.948533782745724 ], [ 72.529585055413591, 22.939508708674804 ] ] ] } },
{ "type": "Feature", "properties": { "grid_id": "AHM-0526" }, "geometry": { "type": "Polygon", "coordinates": [ [ [ 72.529421154384821, 22.948533782745724 ], [ 72.539166247236423, 22.948685313968696 ], [ 72.539002908706408, 22.957710442922622 ], [ 72.529257170622827, 22.95755884544662 ], [ 72.529421154384821, 22.948533782745724 ] ] ] } },
{ "type": "Feature", "properties": { "grid_id": "AHM-0527" }, "geometry": { "type": "Polygon", "coordinates": [ [ [ 72.529257170622827, 22.95755884544662 ], [ 72.539002908706408, 22.957710442922622 ], [ 72.538839487744013, 22.966735560511307 ], [ 72.52909310410314, 22.966583896773749 ], [ 72.529257170622827, 22.95755884544662 ] ] ] } },
{ "type": "Feature", "properties": { "grid_id": "AHM-0528" }, "geometry": { "type": "Polygon", "coordinates": [ [ [ 72.52909310410314, 22.966583896773749 ], [ 72.538839487744013, 22.966735560511307 ], [ 72.538675984324868, 22.975760666730991 ], [ 72.528928954801287, 22.975608936723365 ], [ 72.52909310410314, 22.966583896773749 ] ] ] } },
{ "type": "Feature", "properties": { "grid_id": "AHM-0529" }, "geometry": { "type": "Polygon", "coordinates": [ [ [ 72.528928954801287, 22.975608936723365 ], [ 72.538675984324868, 22.975760666730991 ], [ 72.538512398424572, 22.984785761577943 ], [ 72.528764722692785, 22.98463396529171 ], [ 72.528928954801287, 22.975608936723365 ] ] ] } },
{ "type": "Feature", "properties": { "grid_id": "AHM-0530" }, "geometry": { "type": "Polygon", "coordinates": [ [ [ 72.528764722692785, 22.98463396529171 ], [ 72.538512398424572, 22.984785761577943 ], [ 72.53834873001874, 22.993810845048419 ], [ 72.528600407753146, 22.993658982475058 ], [ 72.528764722692785, 22.98463396529171 ] ] ] } },
{ "type": "Feature", "properties": { "grid_id": "AHM-0531" }, "geometry": { "type": "Polygon", "coordinates": [ [ [ 72.528600407753146, 22.993658982475058 ], [ 72.53834873001874, 22.993810845048419 ], [ 72.538184979082914, 23.002835917138672 ], [ 72.528436009957844, 23.002683988269645 ], [ 72.528600407753146, 22.993658982475058 ] ] ] } },
{ "type": "Feature", "properties": { "grid_id": "AHM-0532" }, "geometry": { "type": "Polygon", "coordinates": [ [ [ 72.528436009957844, 23.002683988269645 ], [ 72.538184979082914, 23.002835917138672 ], [ 72.538021145592708, 23.011860977844972 ], [ 72.528271529282335, 23.011708982671728 ], [ 72.528436009957844, 23.002683988269645 ] ] ] } },
{ "type": "Feature", "properties": { "grid_id": "AHM-0533" }, "geometry": { "type": "Polygon", "coordinates": [ [ [ 72.528271529282335, 23.011708982671728 ], [ 72.538021145592708, 23.011860977844972 ], [ 72.537857229523624, 23.020886027163581 ], [ 72.528106965702065, 23.020733965677579 ], [ 72.528271529282335, 23.011708982671728 ] ] ] } },
{ "type": "Feature", "properties": { "grid_id": "AHM-0534" }, "geometry": { "type": "Polygon", "coordinates": [ [ [ 72.528106965702065, 23.020733965677579 ], [ 72.537857229523624, 23.020886027163581 ], [ 72.537693230851204, 23.029911065090754 ], [ 72.527942319192505, 23.029758937283439 ], [ 72.528106965702065, 23.020733965677579 ] ] ] } },
{ "type": "Feature", "properties": { "grid_id": "AHM-0535" }, "geometry": { "type": "Polygon", "coordinates": [ [ [ 72.527942319192505, 23.029758937283439 ], [ 72.537693230851204, 23.029911065090754 ], [ 72.537529149550963, 23.038936091622762 ], [ 72.527777589729013, 23.038783897485583 ], [ 72.527942319192505, 23.029758937283439 ] ] ] } },
{ "type": "Feature", "properties": { "grid_id": "AHM-0536" }, "geometry": { "type": "Polygon", "coordinates": [ [ [ 72.527777589729013, 23.038783897485583 ], [ 72.537529149550963, 23.038936091622762 ], [ 72.537364985598387, 23.047961106755871 ], [ 72.527612777287032, 23.047808846280258 ], [ 72.527777589729013, 23.038783897485583 ] ] ] } },
{ "type": "Feature", "properties": { "grid_id": "AHM-0537" }, "geometry": { "type": "Polygon", "coordinates": [ [ [ 72.527612777287032, 23.047808846280258 ], [ 72.537364985598387, 23.047961106755871 ], [ 72.537200738968963, 23.056986110486331 ], [ 72.527447881841923, 23.056833783663723 ], [ 72.527612777287032, 23.047808846280258 ] ] ] } },
{ "type": "Feature", "properties": { "grid_id": "AHM-0538" }, "geometry": { "type": "Polygon", "coordinates": [ [ [ 72.527447881841923, 23.056833783663723 ], [ 72.537200738968963, 23.056986110486331 ], [ 72.537036409638162, 23.066011102810421 ], [ 72.52728290336907, 23.065858709632241 ], [ 72.527447881841923, 23.056833783663723 ] ] ] } },
{ "type": "Feature", "properties": { "grid_id": "AHM-0539" }, "geometry": { "type": "Polygon", "coordinates": [ [ [ 72.52728290336907, 23.065858709632241 ], [ 72.537036409638162, 23.066011102810421 ], [ 72.536871997581443, 23.075036083724406 ], [ 72.527117841843818, 23.074883624182085 ], [ 72.52728290336907, 23.065858709632241 ] ] ] } },
{ "type": "Feature", "properties": { "grid_id": "AHM-0540" }, "geometry": { "type": "Polygon", "coordinates": [ [ [ 72.527117841843818, 23.074883624182085 ], [ 72.536871997581443, 23.075036083724406 ], [ 72.536707502774206, 23.084061053224548 ], [ 72.526952697241498, 23.083908527309497 ], [ 72.527117841843818, 23.074883624182085 ] ] ] } },
{ "type": "Feature", "properties": { "grid_id": "AHM-0541" }, "geometry": { "type": "Polygon", "coordinates": [ [ [ 72.526952697241498, 23.083908527309497 ], [ 72.536707502774206, 23.084061053224548 ], [ 72.536542925191895, 23.093086011307115 ], [ 72.526787469537453, 23.092933419010752 ], [ 72.526952697241498, 23.083908527309497 ] ] ] } },
{ "type": "Feature", "properties": { "grid_id": "AHM-0542" }, "geometry": { "type": "Polygon", "coordinates": [ [ [ 72.526787469537453, 23.092933419010752 ], [ 72.536542925191895, 23.093086011307115 ], [ 72.536378264809883, 23.102110957968382 ], [ 72.526622158706957, 23.101958299282117 ], [ 72.526787469537453, 23.092933419010752 ] ] ] } },
{ "type": "Feature", "properties": { "grid_id": "AHM-0543" }, "geometry": { "type": "Polygon", "coordinates": [ [ [ 72.526622158706957, 23.101958299282117 ], [ 72.536378264809883, 23.102110957968382 ], [ 72.536213521603585, 23.111135893204619 ], [ 72.526456764725296, 23.110983168119851 ], [ 72.526622158706957, 23.101958299282117 ] ] ] } },
{ "type": "Feature", "properties": { "grid_id": "AHM-0544" }, "geometry": { "type": "Polygon", "coordinates": [ [ [ 72.526456764725296, 23.110983168119851 ], [ 72.536213521603585, 23.111135893204619 ], [ 72.536048695548345, 23.120160817012081 ], [ 72.526291287567759, 23.120008025520214 ], [ 72.526456764725296, 23.110983168119851 ] ] ] } },
{ "type": "Feature", "properties": { "grid_id": "AHM-0545" }, "geometry": { "type": "Polygon", "coordinates": [ [ [ 72.526291287567759, 23.120008025520214 ], [ 72.536048695548345, 23.120160817012081 ], [ 72.535883786619507, 23.129185729387057 ], [ 72.526125727209603, 23.129032871479478 ], [ 72.526291287567759, 23.120008025520214 ] ] ] } },
{ "type": "Feature", "properties": { "grid_id": "AHM-0546" }, "geometry": { "type": "Polygon", "coordinates": [ [ [ 72.526125727209603, 23.129032871479478 ], [ 72.535883786619507, 23.129185729387057 ], [ 72.535718794792459, 23.138210630325808 ], [ 72.52596008362606, 23.138057705993912 ], [ 72.526125727209603, 23.129032871479478 ] ] ] } },
{ "type": "Feature", "properties": { "grid_id": "AHM-0547" }, "geometry": { "type": "Polygon", "coordinates": [ [ [ 72.52596008362606, 23.138057705993912 ], [ 72.535718794792459, 23.138210630325808 ], [ 72.535553720042444, 23.147235519824616 ], [ 72.525794356792318, 23.147082529059777 ], [ 72.52596008362606, 23.138057705993912 ] ] ] } },
{ "type": "Feature", "properties": { "grid_id": "AHM-0548" }, "geometry": { "type": "Polygon", "coordinates": [ [ [ 72.525794356792318, 23.147082529059777 ], [ 72.535553720042444, 23.147235519824616 ], [ 72.535388562344821, 23.156260397879741 ], [ 72.525628546683649, 23.156107340673351 ], [ 72.525794356792318, 23.147082529059777 ] ] ] } },
{ "type": "Feature", "properties": { "grid_id": "AHM-0549" }, "geometry": { "type": "Polygon", "coordinates": [ [ [ 72.525628546683649, 23.156107340673351 ], [ 72.535388562344821, 23.156260397879741 ], [ 72.535223321674863, 23.165285264487469 ], [ 72.525462653275184, 23.165132140830888 ], [ 72.525628546683649, 23.156107340673351 ] ] ] } },
{ "type": "Feature", "properties": { "grid_id": "AHM-0550" }, "geometry": { "type": "Polygon", "coordinates": [ [ [ 72.525462653275184, 23.165132140830888 ], [ 72.535223321674863, 23.165285264487469 ], [ 72.535057998007815, 23.174310119644058 ], [ 72.525296676542126, 23.174156929528671 ], [ 72.525462653275184, 23.165132140830888 ] ] ] } },
{ "type": "Feature", "properties": { "grid_id": "AHM-0551" }, "geometry": { "type": "Polygon", "coordinates": [ [ [ 72.525296676542126, 23.174156929528671 ], [ 72.535057998007815, 23.174310119644058 ], [ 72.53489259131895, 23.183334963345811 ], [ 72.52513061645962, 23.183181706762969 ], [ 72.525296676542126, 23.174156929528671 ] ] ] } },
{ "type": "Feature", "properties": { "grid_id": "AHM-0552" }, "geometry": { "type": "Polygon", "coordinates": [ [ [ 72.52513061645962, 23.183181706762969 ], [ 72.53489259131895, 23.183334963345811 ], [ 72.534727101583528, 23.192359795588974 ], [ 72.524964473002811, 23.192206472530042 ], [ 72.52513061645962, 23.183181706762969 ] ] ] } },
{ "type": "Feature", "properties": { "grid_id": "AHM-0553" }, "geometry": { "type": "Polygon", "coordinates": [ [ [ 72.524964473002811, 23.192206472530042 ], [ 72.534727101583528, 23.192359795588974 ], [ 72.534561528776734, 23.201384616369843 ], [ 72.524798246146815, 23.201231226826177 ], [ 72.524964473002811, 23.192206472530042 ] ] ] } },
{ "type": "Feature", "properties": { "grid_id": "AHM-0554" }, "geometry": { "type": "Polygon", "coordinates": [ [ [ 72.524798246146815, 23.201231226826177 ], [ 72.534561528776734, 23.201384616369843 ], [ 72.534395872873787, 23.210409425684691 ], [ 72.524631935866751, 23.210255969647633 ], [ 72.524798246146815, 23.201231226826177 ] ] ] } },
{ "type": "Feature", "properties": { "grid_id": "AHM-0555" }, "geometry": { "type": "Polygon", "coordinates": [ [ [ 72.524631935866751, 23.210255969647633 ], [ 72.534395872873787, 23.210409425684691 ], [ 72.53423013384986, 23.219434223529802 ], [ 72.52446554213769, 23.219280700990701 ], [ 72.524631935866751, 23.210255969647633 ] ] ] } },
{ "type": "Feature", "properties": { "grid_id": "AHM-0556" }, "geometry": { "type": "Polygon", "coordinates": [ [ [ 72.540307310884103, 22.885509093378587 ], [ 72.550047978450479, 22.885659565303492 ], [ 72.549885859247695, 22.894684839641993 ], [ 72.540144548699587, 22.894534301784439 ], [ 72.540307310884103, 22.885509093378587 ] ] ] } },
{ "type": "Feature", "properties": { "grid_id": "AHM-0557" }, "geometry": { "type": "Polygon", "coordinates": [ [ [ 72.540144548699587, 22.894534301784439 ], [ 72.549885859247695, 22.894684839641993 ], [ 72.549723658107354, 22.90371010264991 ], [ 72.539981704252867, 22.903559498851266 ], [ 72.540144548699587, 22.894534301784439 ] ] ] } },
{ "type": "Feature", "properties": { "grid_id": "AHM-0558" }, "geometry": { "type": "Polygon", "coordinates": [ [ [ 72.539981704252867, 22.903559498851266 ], [ 72.549723658107354, 22.90371010264991 ], [ 72.549561375005297, 22.912735354323495 ], [ 72.53981877751967, 22.9125846845753 ], [ 72.539981704252867, 22.903559498851266 ] ] ] } },
{ "type": "Feature", "properties": { "grid_id": "AHM-0559" }, "geometry": { "type": "Polygon", "coordinates": [ [ [ 72.53981877751967, 22.9125846845753 ], [ 72.549561375005297, 22.912735354323495 ], [ 72.549399009917352, 22.921760594659013 ], [ 72.539655768475725, 22.921609858952809 ], [ 72.53981877751967, 22.9125846845753 ] ] ] } },
{ "type": "Feature", "properties": { "grid_id": "AHM-0560" }, "geometry": { "type": "Polygon", "coordinates": [ [ [ 72.539655768475725, 22.921609858952809 ], [ 72.549399009917352, 22.921760594659013 ], [ 72.549236562819303, 22.930785823652712 ], [ 72.539492677096746, 22.930635021980045 ], [ 72.539655768475725, 22.921609858952809 ] ] ] } },
{ "type": "Feature", "properties": { "grid_id": "AHM-0561" }, "geometry": { "type": "Polygon", "coordinates": [ [ [ 72.539492677096746, 22.930635021980045 ], [ 72.549236562819303, 22.930785823652712 ], [ 72.549074033686935, 22.93981104130086 ], [ 72.539329503358417, 22.939660173653248 ], [ 72.539492677096746, 22.930635021980045 ] ] ] } },
{ "type": "Feature", "properties": { "grid_id": "AHM-0562" }, "geometry": { "type": "Polygon", "coordinates": [ [ [ 72.539329503358417, 22.939660173653248 ], [ 72.549074033686935, 22.93981104130086 ], [ 72.548911422496047, 22.948836247599719 ], [ 72.539166247236423, 22.948685313968696 ], [ 72.539329503358417, 22.939660173653248 ] ] ] } },
{ "type": "Feature", "properties": { "grid_id": "AHM-0563" }, "geometry": { "type": "Polygon", "coordinates": [ [ [ 72.539166247236423, 22.948685313968696 ], [ 72.548911422496047, 22.948836247599719 ], [ 72.548748729222368, 22.95786144254555 ], [ 72.539002908706408, 22.957710442922622 ], [ 72.539166247236423, 22.948685313968696 ] ] ] } },
{ "type": "Feature", "properties": { "grid_id": "AHM-0564" }, "geometry": { "type": "Polygon", "coordinates": [ [ [ 72.539002908706408, 22.957710442922622 ], [ 72.548748729222368, 22.95786144254555 ], [ 72.548585953841638, 22.96688662613461 ], [ 72.538839487744013, 22.966735560511307 ], [ 72.539002908706408, 22.957710442922622 ] ] ] } },
{ "type": "Feature", "properties": { "grid_id": "AHM-0565" }, "geometry": { "type": "Polygon", "coordinates": [ [ [ 72.538839487744013, 22.966735560511307 ], [ 72.548585953841638, 22.96688662613461 ], [ 72.548423096329572, 22.975911798363164 ], [ 72.538675984324868, 22.975760666730991 ], [ 72.538839487744013, 22.966735560511307 ] ] ] } },
{ "type": "Feature", "properties": { "grid_id": "AHM-0566" }, "geometry": { "type": "Polygon", "coordinates": [ [ [ 72.538675984324868, 22.975760666730991 ], [ 72.548423096329572, 22.975911798363164 ], [ 72.548260156661911, 22.984936959227479 ], [ 72.538512398424572, 22.984785761577943 ], [ 72.538675984324868, 22.975760666730991 ] ] ] } },
{ "type": "Feature", "properties": { "grid_id": "AHM-0567" }, "geometry": { "type": "Polygon", "coordinates": [ [ [ 72.538512398424572, 22.984785761577943 ], [ 72.548260156661911, 22.984936959227479 ], [ 72.548097134814284, 22.993962108723814 ], [ 72.53834873001874, 22.993810845048419 ], [ 72.538512398424572, 22.984785761577943 ] ] ] } },
{ "type": "Feature", "properties": { "grid_id": "AHM-0568" }, "geometry": { "type": "Polygon", "coordinates": [ [ [ 72.53834873001874, 22.993810845048419 ], [ 72.548097134814284, 22.993962108723814 ], [ 72.54793403076242, 23.002987246848438 ], [ 72.538184979082914, 23.002835917138672 ], [ 72.53834873001874, 22.993810845048419 ] ] ] } },
{ "type": "Feature", "properties": { "grid_id": "AHM-0569" }, "geometry": { "type": "Polygon", "coordinates": [ [ [ 72.538184979082914, 23.002835917138672 ], [ 72.54793403076242, 23.002987246848438 ], [ 72.547770844481931, 23.012012373597607 ], [ 72.538021145592708, 23.011860977844972 ], [ 72.538184979082914, 23.002835917138672 ] ] ] } },
{ "type": "Feature", "properties": { "grid_id": "AHM-0570" }, "geometry": { "type": "Polygon", "coordinates": [ [ [ 72.538021145592708, 23.011860977844972 ], [ 72.547770844481931, 23.012012373597607 ], [ 72.547607575948504, 23.021037488967604 ], [ 72.537857229523624, 23.020886027163581 ], [ 72.538021145592708, 23.011860977844972 ] ] ] } },
{ "type": "Feature", "properties": { "grid_id": "AHM-0571" }, "geometry": { "type": "Polygon", "coordinates": [ [ [ 72.537857229523624, 23.020886027163581 ], [ 72.547607575948504, 23.021037488967604 ], [ 72.547444225137724, 23.030062592954689 ], [ 72.537693230851204, 23.029911065090754 ], [ 72.537857229523624, 23.020886027163581 ] ] ] } },
{ "type": "Feature", "properties": { "grid_id": "AHM-0572" }, "geometry": { "type": "Polygon", "coordinates": [ [ [ 72.537693230851204, 23.029911065090754 ], [ 72.547444225137724, 23.030062592954689 ], [ 72.547280792025219, 23.039087685555121 ], [ 72.537529149550963, 23.038936091622762 ], [ 72.537693230851204, 23.029911065090754 ] ] ] } },
{ "type": "Feature", "properties": { "grid_id": "AHM-0573" }, "geometry": { "type": "Polygon", "coordinates": [ [ [ 72.537529149550963, 23.038936091622762 ], [ 72.547280792025219, 23.039087685555121 ], [ 72.54711727658659, 23.04811276676519 ], [ 72.537364985598387, 23.047961106755871 ], [ 72.537529149550963, 23.038936091622762 ] ] ] } },
{ "type": "Feature", "properties": { "grid_id": "AHM-0574" }, "geometry": { "type": "Polygon", "coordinates": [ [ [ 72.537364985598387, 23.047961106755871 ], [ 72.54711727658659, 23.04811276676519 ], [ 72.546953678797394, 23.057137836581141 ], [ 72.537200738968963, 23.056986110486331 ], [ 72.537364985598387, 23.047961106755871 ] ] ] } },
{ "type": "Feature", "properties": { "grid_id": "AHM-0575" }, "geometry": { "type": "Polygon", "coordinates": [ [ [ 72.537200738968963, 23.056986110486331 ], [ 72.546953678797394, 23.057137836581141 ], [ 72.546789998633201, 23.066162894999255 ], [ 72.537036409638162, 23.066011102810421 ], [ 72.537200738968963, 23.056986110486331 ] ] ] } },
{ "type": "Feature", "properties": { "grid_id": "AHM-0576" }, "geometry": { "type": "Polygon", "coordinates": [ [ [ 72.537036409638162, 23.066011102810421 ], [ 72.546789998633201, 23.066162894999255 ], [ 72.546626236069557, 23.075187942015816 ], [ 72.536871997581443, 23.075036083724406 ], [ 72.537036409638162, 23.066011102810421 ] ] ] } },
{ "type": "Feature", "properties": { "grid_id": "AHM-0577" }, "geometry": { "type": "Polygon", "coordinates": [ [ [ 72.536871997581443, 23.075036083724406 ], [ 72.546626236069557, 23.075187942015816 ], [ 72.546462391081988, 23.084212977627082 ], [ 72.536707502774206, 23.084061053224548 ], [ 72.536871997581443, 23.075036083724406 ] ] ] } },
{ "type": "Feature", "properties": { "grid_id": "AHM-0578" }, "geometry": { "type": "Polygon", "coordinates": [ [ [ 72.536707502774206, 23.084061053224548 ], [ 72.546462391081988, 23.084212977627082 ], [ 72.546298463646011, 23.09323800182932 ], [ 72.536542925191895, 23.093086011307115 ], [ 72.536707502774206, 23.084061053224548 ] ] ] } },
{ "type": "Feature", "properties": { "grid_id": "AHM-0579" }, "geometry": { "type": "Polygon", "coordinates": [ [ [ 72.536542925191895, 23.093086011307115 ], [ 72.546298463646011, 23.09323800182932 ], [ 72.546134453737125, 23.102263014618821 ], [ 72.536378264809883, 23.102110957968382 ], [ 72.536542925191895, 23.093086011307115 ] ] ] } },
{ "type": "Feature", "properties": { "grid_id": "AHM-0580" }, "geometry": { "type": "Polygon", "coordinates": [ [ [ 72.536378264809883, 23.102110957968382 ], [ 72.546134453737125, 23.102263014618821 ], [ 72.545970361330788, 23.111288015991843 ], [ 72.536213521603585, 23.111135893204619 ], [ 72.536378264809883, 23.102110957968382 ] ] ] } },
{ "type": "Feature", "properties": { "grid_id": "AHM-0581" }, "geometry": { "type": "Polygon", "coordinates": [ [ [ 72.536213521603585, 23.111135893204619 ], [ 72.545970361330788, 23.111288015991843 ], [ 72.545806186402501, 23.120313005944677 ], [ 72.536048695548345, 23.120160817012081 ], [ 72.536213521603585, 23.111135893204619 ] ] ] } },
{ "type": "Feature", "properties": { "grid_id": "AHM-0582" }, "geometry": { "type": "Polygon", "coordinates": [ [ [ 72.536048695548345, 23.120160817012081 ], [ 72.545806186402501, 23.120313005944677 ], [ 72.545641928927679, 23.129337984473576 ], [ 72.535883786619507, 23.129185729387057 ], [ 72.536048695548345, 23.120160817012081 ] ] ] } },
{ "type": "Feature", "properties": { "grid_id": "AHM-0583" }, "geometry": { "type": "Polygon", "coordinates": [ [ [ 72.535883786619507, 23.129185729387057 ], [ 72.545641928927679, 23.129337984473576 ], [ 72.545477588881781, 23.138362951574841 ], [ 72.535718794792459, 23.138210630325808 ], [ 72.535883786619507, 23.129185729387057 ] ] ] } },
{ "type": "Feature", "properties": { "grid_id": "AHM-0584" }, "geometry": { "type": "Polygon", "coordinates": [ [ [ 72.535718794792459, 23.138210630325808 ], [ 72.545477588881781, 23.138362951574841 ], [ 72.545313166240192, 23.147387907244738 ], [ 72.535553720042444, 23.147235519824616 ], [ 72.535718794792459, 23.138210630325808 ] ] ] } },
{ "type": "Feature", "properties": { "grid_id": "AHM-0585" }, "geometry": { "type": "Polygon", "coordinates": [ [ [ 72.535553720042444, 23.147235519824616 ], [ 72.545313166240192, 23.147387907244738 ], [ 72.545148660978342, 23.156412851479544 ], [ 72.535388562344821, 23.156260397879741 ], [ 72.535553720042444, 23.147235519824616 ] ] ] } },
{ "type": "Feature", "properties": { "grid_id": "AHM-0586" }, "geometry": { "type": "Polygon", "coordinates": [ [ [ 72.535388562344821, 23.156260397879741 ], [ 72.545148660978342, 23.156412851479544 ], [ 72.544984073071589, 23.165437784275543 ], [ 72.535223321674863, 23.165285264487469 ], [ 72.535388562344821, 23.156260397879741 ] ] ] } },
{ "type": "Feature", "properties": { "grid_id": "AHM-0587" }, "geometry": { "type": "Polygon", "coordinates": [ [ [ 72.535223321674863, 23.165285264487469 ], [ 72.544984073071589, 23.165437784275543 ], [ 72.544819402495321, 23.174462705629015 ], [ 72.535057998007815, 23.174310119644058 ], [ 72.535223321674863, 23.165285264487469 ] ] ] } },
{ "type": "Feature", "properties": { "grid_id": "AHM-0588" }, "geometry": { "type": "Polygon", "coordinates": [ [ [ 72.535057998007815, 23.174310119644058 ], [ 72.544819402495321, 23.174462705629015 ], [ 72.544654649224881, 23.183487615536226 ], [ 72.53489259131895, 23.183334963345811 ], [ 72.535057998007815, 23.174310119644058 ] ] ] } },
{ "type": "Feature", "properties": { "grid_id": "AHM-0589" }, "geometry": { "type": "Polygon", "coordinates": [ [ [ 72.53489259131895, 23.183334963345811 ], [ 72.544654649224881, 23.183487615536226 ], [ 72.5444898132356, 23.192512513993474 ], [ 72.534727101583528, 23.192359795588974 ], [ 72.53489259131895, 23.183334963345811 ] ] ] } },
{ "type": "Feature", "properties": { "grid_id": "AHM-0590" }, "geometry": { "type": "Polygon", "coordinates": [ [ [ 72.534727101583528, 23.192359795588974 ], [ 72.5444898132356, 23.192512513993474 ], [ 72.544324894502793, 23.201537400997033 ], [ 72.534561528776734, 23.201384616369843 ], [ 72.534727101583528, 23.192359795588974 ] ] ] } },
{ "type": "Feature", "properties": { "grid_id": "AHM-0591" }, "geometry": { "type": "Polygon", "coordinates": [ [ [ 72.534561528776734, 23.201384616369843 ], [ 72.544324894502793, 23.201537400997033 ], [ 72.544159893001776, 23.210562276543197 ], [ 72.534395872873787, 23.210409425684691 ], [ 72.534561528776734, 23.201384616369843 ] ] ] } },
{ "type": "Feature", "properties": { "grid_id": "AHM-0592" }, "geometry": { "type": "Polygon", "coordinates": [ [ [ 72.534395872873787, 23.210409425684691 ], [ 72.544159893001776, 23.210562276543197 ], [ 72.543994808707822, 23.219587140628235 ], [ 72.53423013384986, 23.219434223529802 ], [ 72.534395872873787, 23.210409425684691 ] ] ] } },
{ "type": "Feature", "properties": { "grid_id": "AHM-0593" }, "geometry": { "type": "Polygon", "coordinates": [ [ [ 72.550047978450479, 22.885659565303492 ], [ 72.559788727930254, 22.88580944144309 ], [ 72.559627251733332, 22.894834781453305 ], [ 72.549885859247695, 22.894684839641993 ], [ 72.550047978450479, 22.885659565303492 ] ] ] } },
{ "type": "Feature", "properties": { "grid_id": "AHM-0594" }, "geometry": { "type": "Polygon", "coordinates": [ [ [ 72.549885859247695, 22.894684839641993 ], [ 72.559627251733332, 22.894834781453305 ], [ 72.559465693923542, 22.90386011014137 ], [ 72.549723658107354, 22.90371010264991 ], [ 72.549885859247695, 22.894684839641993 ] ] ] } },
{ "type": "Feature", "properties": { "grid_id": "AHM-0595" }, "geometry": { "type": "Polygon", "coordinates": [ [ [ 72.549723658107354, 22.90371010264991 ], [ 72.559465693923542, 22.90386011014137 ], [ 72.559304054476812, 22.912885427503518 ], [ 72.549561375005297, 22.912735354323495 ], [ 72.549723658107354, 22.90371010264991 ] ] ] } },
{ "type": "Feature", "properties": { "grid_id": "AHM-0596" }, "geometry": { "type": "Polygon", "coordinates": [ [ [ 72.549561375005297, 22.912735354323495 ], [ 72.559304054476812, 22.912885427503518 ], [ 72.559142333369039, 22.921910733536027 ], [ 72.549399009917352, 22.921760594659013 ], [ 72.549561375005297, 22.912735354323495 ] ] ] } },
{ "type": "Feature", "properties": { "grid_id": "AHM-0597" }, "geometry": { "type": "Polygon", "coordinates": [ [ [ 72.549399009917352, 22.921760594659013 ], [ 72.559142333369039, 22.921910733536027 ], [ 72.558980530576136, 22.930936028235156 ], [ 72.549236562819303, 22.930785823652712 ], [ 72.549399009917352, 22.921760594659013 ] ] ] } },
{ "type": "Feature", "properties": { "grid_id": "AHM-0598" }, "geometry": { "type": "Polygon", "coordinates": [ [ [ 72.549236562819303, 22.930785823652712 ], [ 72.558980530576136, 22.930936028235156 ], [ 72.558818646074002, 22.939961311597166 ], [ 72.549074033686935, 22.93981104130086 ], [ 72.549236562819303, 22.930785823652712 ] ] ] } },
{ "type": "Feature", "properties": { "grid_id": "AHM-0599" }, "geometry": { "type": "Polygon", "coordinates": [ [ [ 72.549074033686935, 22.93981104130086 ], [ 72.558818646074002, 22.939961311597166 ], [ 72.55865667983845, 22.948986583618325 ], [ 72.548911422496047, 22.948836247599719 ], [ 72.549074033686935, 22.93981104130086 ] ] ] } },
{ "type": "Feature", "properties": { "grid_id": "AHM-0600" }, "geometry": { "type": "Polygon", "coordinates": [ [ [ 72.548911422496047, 22.948836247599719 ], [ 72.55865667983845, 22.948986583618325 ], [ 72.558494631845363, 22.958011844294898 ], [ 72.548748729222368, 22.95786144254555 ], [ 72.548911422496047, 22.948836247599719 ] ] ] } },
{ "type": "Feature", "properties": { "grid_id": "AHM-0601" }, "geometry": { "type": "Polygon", "coordinates": [ [ [ 72.548748729222368, 22.95786144254555 ], [ 72.558494631845363, 22.958011844294898 ], [ 72.558332502070598, 22.967037093623158 ], [ 72.548585953841638, 22.96688662613461 ], [ 72.548748729222368, 22.95786144254555 ] ] ] } },
{ "type": "Feature", "properties": { "grid_id": "AHM-0602" }, "geometry": { "type": "Polygon", "coordinates": [ [ [ 72.548585953841638, 22.96688662613461 ], [ 72.558332502070598, 22.967037093623158 ], [ 72.558170290489926, 22.976062331599369 ], [ 72.548423096329572, 22.975911798363164 ], [ 72.548585953841638, 22.96688662613461 ] ] ] } },
{ "type": "Feature", "properties": { "grid_id": "AHM-0603" }, "geometry": { "type": "Polygon", "coordinates": [ [ [ 72.548423096329572, 22.975911798363164 ], [ 72.558170290489926, 22.976062331599369 ], [ 72.558007997079159, 22.985087558219792 ], [ 72.548260156661911, 22.984936959227479 ], [ 72.548423096329572, 22.975911798363164 ] ] ] } },
{ "type": "Feature", "properties": { "grid_id": "AHM-0604" }, "geometry": { "type": "Polygon", "coordinates": [ [ [ 72.548260156661911, 22.984936959227479 ], [ 72.558007997079159, 22.985087558219792 ], [ 72.557845621814096, 22.994112773480712 ], [ 72.548097134814284, 22.993962108723814 ], [ 72.548260156661911, 22.984936959227479 ] ] ] } },
{ "type": "Feature", "properties": { "grid_id": "AHM-0605" }, "geometry": { "type": "Polygon", "coordinates": [ [ [ 72.548097134814284, 22.993962108723814 ], [ 72.557845621814096, 22.994112773480712 ], [ 72.557683164670507, 23.00313797737838 ], [ 72.54793403076242, 23.002987246848438 ], [ 72.548097134814284, 22.993962108723814 ] ] ] } },
{ "type": "Feature", "properties": { "grid_id": "AHM-0606" }, "geometry": { "type": "Polygon", "coordinates": [ [ [ 72.54793403076242, 23.002987246848438 ], [ 72.557683164670507, 23.00313797737838 ], [ 72.557520625624136, 23.012163169909083 ], [ 72.547770844481931, 23.012012373597607 ], [ 72.54793403076242, 23.002987246848438 ] ] ] } },
{ "type": "Feature", "properties": { "grid_id": "AHM-0607" }, "geometry": { "type": "Polygon", "coordinates": [ [ [ 72.547770844481931, 23.012012373597607 ], [ 72.557520625624136, 23.012163169909083 ], [ 72.557358004650709, 23.021188351069082 ], [ 72.547607575948504, 23.021037488967604 ], [ 72.547770844481931, 23.012012373597607 ] ] ] } },
{ "type": "Feature", "properties": { "grid_id": "AHM-0608" }, "geometry": { "type": "Polygon", "coordinates": [ [ [ 72.547607575948504, 23.021037488967604 ], [ 72.557358004650709, 23.021188351069082 ], [ 72.557195301725969, 23.030213520854652 ], [ 72.547444225137724, 23.030062592954689 ], [ 72.547607575948504, 23.021037488967604 ] ] ] } },
{ "type": "Feature", "properties": { "grid_id": "AHM-0609" }, "geometry": { "type": "Polygon", "coordinates": [ [ [ 72.547444225137724, 23.030062592954689 ], [ 72.557195301725969, 23.030213520854652 ], [ 72.557032516825615, 23.03923867926207 ], [ 72.547280792025219, 23.039087685555121 ], [ 72.547444225137724, 23.030062592954689 ] ] ] } },
{ "type": "Feature", "properties": { "grid_id": "AHM-0610" }, "geometry": { "type": "Polygon", "coordinates": [ [ [ 72.547280792025219, 23.039087685555121 ], [ 72.557032516825615, 23.03923867926207 ], [ 72.556869649925346, 23.048263826287606 ], [ 72.54711727658659, 23.04811276676519 ], [ 72.547280792025219, 23.039087685555121 ] ] ] } },
{ "type": "Feature", "properties": { "grid_id": "AHM-0611" }, "geometry": { "type": "Polygon", "coordinates": [ [ [ 72.54711727658659, 23.04811276676519 ], [ 72.556869649925346, 23.048263826287606 ], [ 72.556706701000806, 23.057288961927537 ], [ 72.546953678797394, 23.057137836581141 ], [ 72.54711727658659, 23.04811276676519 ] ] ] } },
{ "type": "Feature", "properties": { "grid_id": "AHM-0612" }, "geometry": { "type": "Polygon", "coordinates": [ [ [ 72.546953678797394, 23.057137836581141 ], [ 72.556706701000806, 23.057288961927537 ], [ 72.556543670027679, 23.066314086178132 ], [ 72.546789998633201, 23.066162894999255 ], [ 72.546953678797394, 23.057137836581141 ] ] ] } },
{ "type": "Feature", "properties": { "grid_id": "AHM-0613" }, "geometry": { "type": "Polygon", "coordinates": [ [ [ 72.546789998633201, 23.066162894999255 ], [ 72.556543670027679, 23.066314086178132 ], [ 72.556380556981594, 23.075339199035678 ], [ 72.546626236069557, 23.075187942015816 ], [ 72.546789998633201, 23.066162894999255 ] ] ] } },
{ "type": "Feature", "properties": { "grid_id": "AHM-0614" }, "geometry": { "type": "Polygon", "coordinates": [ [ [ 72.546626236069557, 23.075187942015816 ], [ 72.556380556981594, 23.075339199035678 ], [ 72.556217361838179, 23.084364300496443 ], [ 72.546462391081988, 23.084212977627082 ], [ 72.546626236069557, 23.075187942015816 ] ] ] } },
{ "type": "Feature", "properties": { "grid_id": "AHM-0615" }, "geometry": { "type": "Polygon", "coordinates": [ [ [ 72.546462391081988, 23.084212977627082 ], [ 72.556217361838179, 23.084364300496443 ], [ 72.556054084573049, 23.093389390556705 ], [ 72.546298463646011, 23.09323800182932 ], [ 72.546462391081988, 23.084212977627082 ] ] ] } },
{ "type": "Feature", "properties": { "grid_id": "AHM-0616" }, "geometry": { "type": "Polygon", "coordinates": [ [ [ 72.546298463646011, 23.09323800182932 ], [ 72.556054084573049, 23.093389390556705 ], [ 72.555890725161788, 23.102414469212754 ], [ 72.546134453737125, 23.102263014618821 ], [ 72.546298463646011, 23.09323800182932 ] ] ] } },
{ "type": "Feature", "properties": { "grid_id": "AHM-0617" }, "geometry": { "type": "Polygon", "coordinates": [ [ [ 72.546134453737125, 23.102263014618821 ], [ 72.555890725161788, 23.102414469212754 ], [ 72.555727283579969, 23.111439536460846 ], [ 72.545970361330788, 23.111288015991843 ], [ 72.546134453737125, 23.102263014618821 ] ] ] } },
{ "type": "Feature", "properties": { "grid_id": "AHM-0618" }, "geometry": { "type": "Polygon", "coordinates": [ [ [ 72.545970361330788, 23.111288015991843 ], [ 72.555727283579969, 23.111439536460846 ], [ 72.555563759803178, 23.120464592297289 ], [ 72.545806186402501, 23.120313005944677 ], [ 72.545970361330788, 23.111288015991843 ] ] ] } },
{ "type": "Feature", "properties": { "grid_id": "AHM-0619" }, "geometry": { "type": "Polygon", "coordinates": [ [ [ 72.545806186402501, 23.120313005944677 ], [ 72.555563759803178, 23.120464592297289 ], [ 72.555400153806943, 23.12948963671834 ], [ 72.545641928927679, 23.129337984473576 ], [ 72.545806186402501, 23.120313005944677 ] ] ] } },
{ "type": "Feature", "properties": { "grid_id": "AHM-0620" }, "geometry": { "type": "Polygon", "coordinates": [ [ [ 72.545641928927679, 23.129337984473576 ], [ 72.555400153806943, 23.12948963671834 ], [ 72.555236465566779, 23.138514669720298 ], [ 72.545477588881781, 23.138362951574841 ], [ 72.545641928927679, 23.129337984473576 ] ] ] } },
{ "type": "Feature", "properties": { "grid_id": "AHM-0621" }, "geometry": { "type": "Polygon", "coordinates": [ [ [ 72.545477588881781, 23.138362951574841 ], [ 72.555236465566779, 23.138514669720298 ], [ 72.555072695058215, 23.147539691299428 ], [ 72.545313166240192, 23.147387907244738 ], [ 72.545477588881781, 23.138362951574841 ] ] ] } },
{ "type": "Feature", "properties": { "grid_id": "AHM-0622" }, "geometry": { "type": "Polygon", "coordinates": [ [ [ 72.545313166240192, 23.147387907244738 ], [ 72.555072695058215, 23.147539691299428 ], [ 72.554908842256751, 23.15656470145203 ], [ 72.545148660978342, 23.156412851479544 ], [ 72.545313166240192, 23.147387907244738 ] ] ] } },
{ "type": "Feature", "properties": { "grid_id": "AHM-0623" }, "geometry": { "type": "Polygon", "coordinates": [ [ [ 72.545148660978342, 23.156412851479544 ], [ 72.554908842256751, 23.15656470145203 ], [ 72.554744907137859, 23.16558970017438 ], [ 72.544984073071589, 23.165437784275543 ], [ 72.545148660978342, 23.156412851479544 ] ] ] } },
{ "type": "Feature", "properties": { "grid_id": "AHM-0624" }, "geometry": { "type": "Polygon", "coordinates": [ [ [ 72.544984073071589, 23.165437784275543 ], [ 72.554744907137859, 23.16558970017438 ], [ 72.554580889676998, 23.174614687462761 ], [ 72.544819402495321, 23.174462705629015 ], [ 72.544984073071589, 23.165437784275543 ] ] ] } },
{ "type": "Feature", "properties": { "grid_id": "AHM-0625" }, "geometry": { "type": "Polygon", "coordinates": [ [ [ 72.544819402495321, 23.174462705629015 ], [ 72.554580889676998, 23.174614687462761 ], [ 72.55441678984964, 23.183639663313464 ], [ 72.544654649224881, 23.183487615536226 ], [ 72.544819402495321, 23.174462705629015 ] ] ] } },
{ "type": "Feature", "properties": { "grid_id": "AHM-0626" }, "geometry": { "type": "Polygon", "coordinates": [ [ [ 72.544654649224881, 23.183487615536226 ], [ 72.55441678984964, 23.183639663313464 ], [ 72.554252607631184, 23.192664627722767 ], [ 72.5444898132356, 23.192512513993474 ], [ 72.544654649224881, 23.183487615536226 ] ] ] } },
{ "type": "Feature", "properties": { "grid_id": "AHM-0627" }, "geometry": { "type": "Polygon", "coordinates": [ [ [ 72.5444898132356, 23.192512513993474 ], [ 72.554252607631184, 23.192664627722767 ], [ 72.554088342997076, 23.201689580686971 ], [ 72.544324894502793, 23.201537400997033 ], [ 72.5444898132356, 23.192512513993474 ] ] ] } },
{ "type": "Feature", "properties": { "grid_id": "AHM-0628" }, "geometry": { "type": "Polygon", "coordinates": [ [ [ 72.544324894502793, 23.201537400997033 ], [ 72.554088342997076, 23.201689580686971 ], [ 72.553923995922688, 23.210714522202341 ], [ 72.544159893001776, 23.210562276543197 ], [ 72.544324894502793, 23.201537400997033 ] ] ] } },
{ "type": "Feature", "properties": { "grid_id": "AHM-0629" }, "geometry": { "type": "Polygon", "coordinates": [ [ [ 72.544159893001776, 23.210562276543197 ], [ 72.553923995922688, 23.210714522202341 ], [ 72.553759566383434, 23.219739452265188 ], [ 72.543994808707822, 23.219587140628235 ], [ 72.544159893001776, 23.210562276543197 ] ] ] } },
{ "type": "Feature", "properties": { "grid_id": "AHM-0630" }, "geometry": { "type": "Polygon", "coordinates": [ [ [ 72.559788727930254, 22.88580944144309 ], [ 72.569529558998852, 22.885958721777026 ], [ 72.569368725831865, 22.894984127198047 ], [ 72.559627251733332, 22.894834781453305 ], [ 72.559788727930254, 22.88580944144309 ] ] ] } },
{ "type": "Feature", "properties": { "grid_id": "AHM-0631" }, "geometry": { "type": "Polygon", "coordinates": [ [ [ 72.559627251733332, 22.894834781453305 ], [ 72.569368725831865, 22.894984127198047 ], [ 72.569207811376685, 22.904009521305294 ], [ 72.559465693923542, 22.90386011014137 ], [ 72.559627251733332, 22.894834781453305 ] ] ] } },
{ "type": "Feature", "properties": { "grid_id": "AHM-0632" }, "geometry": { "type": "Polygon", "coordinates": [ [ [ 72.559465693923542, 22.90386011014137 ], [ 72.569207811376685, 22.904009521305294 ], [ 72.569046815609354, 22.913034904095021 ], [ 72.559304054476812, 22.912885427503518 ], [ 72.559465693923542, 22.90386011014137 ] ] ] } },
{ "type": "Feature", "properties": { "grid_id": "AHM-0633" }, "geometry": { "type": "Polygon", "coordinates": [ [ [ 72.559304054476812, 22.912885427503518 ], [ 72.569046815609354, 22.913034904095021 ], [ 72.56888573850587, 22.922060275563496 ], [ 72.559142333369039, 22.921910733536027 ], [ 72.559304054476812, 22.912885427503518 ] ] ] } },
{ "type": "Feature", "properties": { "grid_id": "AHM-0634" }, "geometry": { "type": "Polygon", "coordinates": [ [ [ 72.559142333369039, 22.921910733536027 ], [ 72.56888573850587, 22.922060275563496 ], [ 72.568724580042243, 22.931085635706989 ], [ 72.558980530576136, 22.930936028235156 ], [ 72.559142333369039, 22.921910733536027 ] ] ] } },
{ "type": "Feature", "properties": { "grid_id": "AHM-0635" }, "geometry": { "type": "Polygon", "coordinates": [ [ [ 72.558980530576136, 22.930936028235156 ], [ 72.568724580042243, 22.931085635706989 ], [ 72.56856334019443, 22.940110984521763 ], [ 72.558818646074002, 22.939961311597166 ], [ 72.558980530576136, 22.930936028235156 ] ] ] } },
{ "type": "Feature", "properties": { "grid_id": "AHM-0636" }, "geometry": { "type": "Polygon", "coordinates": [ [ [ 72.558818646074002, 22.939961311597166 ], [ 72.56856334019443, 22.940110984521763 ], [ 72.568402018938386, 22.949136322004097 ], [ 72.55865667983845, 22.948986583618325 ], [ 72.558818646074002, 22.939961311597166 ] ] ] } },
{ "type": "Feature", "properties": { "grid_id": "AHM-0637" }, "geometry": { "type": "Polygon", "coordinates": [ [ [ 72.55865667983845, 22.948986583618325 ], [ 72.568402018938386, 22.949136322004097 ], [ 72.568240616250094, 22.958161648150256 ], [ 72.558494631845363, 22.958011844294898 ], [ 72.55865667983845, 22.948986583618325 ] ] ] } },
{ "type": "Feature", "properties": { "grid_id": "AHM-0638" }, "geometry": { "type": "Polygon", "coordinates": [ [ [ 72.558494631845363, 22.958011844294898 ], [ 72.568240616250094, 22.958161648150256 ], [ 72.568079132105439, 22.967186962956525 ], [ 72.558332502070598, 22.967037093623158 ], [ 72.558494631845363, 22.958011844294898 ] ] ] } },
{ "type": "Feature", "properties": { "grid_id": "AHM-0639" }, "geometry": { "type": "Polygon", "coordinates": [ [ [ 72.558332502070598, 22.967037093623158 ], [ 72.568079132105439, 22.967186962956525 ], [ 72.567917566480347, 22.976212266419161 ], [ 72.558170290489926, 22.976062331599369 ], [ 72.558332502070598, 22.967037093623158 ] ] ] } },
{ "type": "Feature", "properties": { "grid_id": "AHM-0640" }, "geometry": { "type": "Polygon", "coordinates": [ [ [ 72.558170290489926, 22.976062331599369 ], [ 72.567917566480347, 22.976212266419161 ], [ 72.567755919350716, 22.985237558534436 ], [ 72.558007997079159, 22.985087558219792 ], [ 72.558170290489926, 22.976062331599369 ] ] ] } },
{ "type": "Feature", "properties": { "grid_id": "AHM-0641" }, "geometry": { "type": "Polygon", "coordinates": [ [ [ 72.558007997079159, 22.985087558219792 ], [ 72.567755919350716, 22.985237558534436 ], [ 72.567594190692432, 22.994262839298649 ], [ 72.557845621814096, 22.994112773480712 ], [ 72.558007997079159, 22.985087558219792 ] ] ] } },
{ "type": "Feature", "properties": { "grid_id": "AHM-0642" }, "geometry": { "type": "Polygon", "coordinates": [ [ [ 72.557845621814096, 22.994112773480712 ], [ 72.567594190692432, 22.994262839298649 ], [ 72.567432380481378, 23.003288108708038 ], [ 72.557683164670507, 23.00313797737838 ], [ 72.557845621814096, 22.994112773480712 ] ] ] } },
{ "type": "Feature", "properties": { "grid_id": "AHM-0643" }, "geometry": { "type": "Polygon", "coordinates": [ [ [ 72.557683164670507, 23.00313797737838 ], [ 72.567432380481378, 23.003288108708038 ], [ 72.567270488693367, 23.012313366758903 ], [ 72.557520625624136, 23.012163169909083 ], [ 72.557683164670507, 23.00313797737838 ] ] ] } },
{ "type": "Feature", "properties": { "grid_id": "AHM-0644" }, "geometry": { "type": "Polygon", "coordinates": [ [ [ 72.557520625624136, 23.012163169909083 ], [ 72.567270488693367, 23.012313366758903 ], [ 72.567108515304255, 23.021338613447515 ], [ 72.557358004650709, 23.021188351069082 ], [ 72.557520625624136, 23.012163169909083 ] ] ] } },
{ "type": "Feature", "properties": { "grid_id": "AHM-0645" }, "geometry": { "type": "Polygon", "coordinates": [ [ [ 72.557358004650709, 23.021188351069082 ], [ 72.567108515304255, 23.021338613447515 ], [ 72.566946460289842, 23.030363848770154 ], [ 72.557195301725969, 23.030213520854652 ], [ 72.557358004650709, 23.021188351069082 ] ] ] } },
{ "type": "Feature", "properties": { "grid_id": "AHM-0646" }, "geometry": { "type": "Polygon", "coordinates": [ [ [ 72.557195301725969, 23.030213520854652 ], [ 72.566946460289842, 23.030363848770154 ], [ 72.566784323625939, 23.03938907272309 ], [ 72.557032516825615, 23.03923867926207 ], [ 72.557195301725969, 23.030213520854652 ] ] ] } },
{ "type": "Feature", "properties": { "grid_id": "AHM-0647" }, "geometry": { "type": "Polygon", "coordinates": [ [ [ 72.557032516825615, 23.03923867926207 ], [ 72.566784323625939, 23.03938907272309 ], [ 72.566622105288346, 23.048414285302609 ], [ 72.556869649925346, 23.048263826287606 ], [ 72.557032516825615, 23.03923867926207 ] ] ] } },
{ "type": "Feature", "properties": { "grid_id": "AHM-0648" }, "geometry": { "type": "Polygon", "coordinates": [ [ [ 72.556869649925346, 23.048263826287606 ], [ 72.566622105288346, 23.048414285302609 ], [ 72.566459805252819, 23.057439486504983 ], [ 72.556706701000806, 23.057288961927537 ], [ 72.556869649925346, 23.048263826287606 ] ] ] } },
{ "type": "Feature", "properties": { "grid_id": "AHM-0649" }, "geometry": { "type": "Polygon", "coordinates": [ [ [ 72.556706701000806, 23.057288961927537 ], [ 72.566459805252819, 23.057439486504983 ], [ 72.566297423495115, 23.0664646763265 ], [ 72.556543670027679, 23.066314086178132 ], [ 72.556706701000806, 23.057288961927537 ] ] ] } },
{ "type": "Feature", "properties": { "grid_id": "AHM-0650" }, "geometry": { "type": "Polygon", "coordinates": [ [ [ 72.556543670027679, 23.066314086178132 ], [ 72.566297423495115, 23.0664646763265 ], [ 72.566134959990961, 23.075489854763433 ], [ 72.556380556981594, 23.075339199035678 ], [ 72.556543670027679, 23.066314086178132 ] ] ] } },
{ "type": "Feature", "properties": { "grid_id": "AHM-0651" }, "geometry": { "type": "Polygon", "coordinates": [ [ [ 72.556380556981594, 23.075339199035678 ], [ 72.566134959990961, 23.075489854763433 ], [ 72.565972414716086, 23.084515021812077 ], [ 72.556217361838179, 23.084364300496443 ], [ 72.556380556981594, 23.075339199035678 ] ] ] } },
{ "type": "Feature", "properties": { "grid_id": "AHM-0652" }, "geometry": { "type": "Polygon", "coordinates": [ [ [ 72.556217361838179, 23.084364300496443 ], [ 72.565972414716086, 23.084515021812077 ], [ 72.565809787646202, 23.0935401774687 ], [ 72.556054084573049, 23.093389390556705 ], [ 72.556217361838179, 23.084364300496443 ] ] ] } },
{ "type": "Feature", "properties": { "grid_id": "AHM-0653" }, "geometry": { "type": "Polygon", "coordinates": [ [ [ 72.556054084573049, 23.093389390556705 ], [ 72.565809787646202, 23.0935401774687 ], [ 72.565647078756996, 23.102565321729596 ], [ 72.555890725161788, 23.102414469212754 ], [ 72.556054084573049, 23.093389390556705 ] ] ] } },
{ "type": "Feature", "properties": { "grid_id": "AHM-0654" }, "geometry": { "type": "Polygon", "coordinates": [ [ [ 72.555890725161788, 23.102414469212754 ], [ 72.565647078756996, 23.102565321729596 ], [ 72.565484288024138, 23.111590454591042 ], [ 72.555727283579969, 23.111439536460846 ], [ 72.555890725161788, 23.102414469212754 ] ] ] } },
{ "type": "Feature", "properties": { "grid_id": "AHM-0655" }, "geometry": { "type": "Polygon", "coordinates": [ [ [ 72.555727283579969, 23.111439536460846 ], [ 72.565484288024138, 23.111590454591042 ], [ 72.565321415423284, 23.120615576049321 ], [ 72.555563759803178, 23.120464592297289 ], [ 72.555727283579969, 23.111439536460846 ] ] ] } },
{ "type": "Feature", "properties": { "grid_id": "AHM-0656" }, "geometry": { "type": "Polygon", "coordinates": [ [ [ 72.555563759803178, 23.120464592297289 ], [ 72.565321415423284, 23.120615576049321 ], [ 72.565158460930093, 23.129640686100728 ], [ 72.555400153806943, 23.12948963671834 ], [ 72.555563759803178, 23.120464592297289 ] ] ] } },
{ "type": "Feature", "properties": { "grid_id": "AHM-0657" }, "geometry": { "type": "Polygon", "coordinates": [ [ [ 72.555400153806943, 23.12948963671834 ], [ 72.565158460930093, 23.129640686100728 ], [ 72.564995424520163, 23.138665784741541 ], [ 72.555236465566779, 23.138514669720298 ], [ 72.555400153806943, 23.12948963671834 ] ] ] } },
{ "type": "Feature", "properties": { "grid_id": "AHM-0658" }, "geometry": { "type": "Polygon", "coordinates": [ [ [ 72.555236465566779, 23.138514669720298 ], [ 72.564995424520163, 23.138665784741541 ], [ 72.564832306169137, 23.147690871968056 ], [ 72.555072695058215, 23.147539691299428 ], [ 72.555236465566779, 23.138514669720298 ] ] ] } },
{ "type": "Feature", "properties": { "grid_id": "AHM-0659" }, "geometry": { "type": "Polygon", "coordinates": [ [ [ 72.555072695058215, 23.147539691299428 ], [ 72.564832306169137, 23.147690871968056 ], [ 72.564669105852573, 23.156715947776551 ], [ 72.554908842256751, 23.15656470145203 ], [ 72.555072695058215, 23.147539691299428 ] ] ] } },
{ "type": "Feature", "properties": { "grid_id": "AHM-0660" }, "geometry": { "type": "Polygon", "coordinates": [ [ [ 72.554908842256751, 23.15656470145203 ], [ 72.564669105852573, 23.156715947776551 ], [ 72.564505823546071, 23.165741012163316 ], [ 72.554744907137859, 23.16558970017438 ], [ 72.554908842256751, 23.15656470145203 ] ] ] } },
{ "type": "Feature", "properties": { "grid_id": "AHM-0661" }, "geometry": { "type": "Polygon", "coordinates": [ [ [ 72.554744907137859, 23.16558970017438 ], [ 72.564505823546071, 23.165741012163316 ], [ 72.564342459225188, 23.174766065124651 ], [ 72.554580889676998, 23.174614687462761 ], [ 72.554744907137859, 23.16558970017438 ] ] ] } },
{ "type": "Feature", "properties": { "grid_id": "AHM-0662" }, "geometry": { "type": "Polygon", "coordinates": [ [ [ 72.554580889676998, 23.174614687462761 ], [ 72.564342459225188, 23.174766065124651 ], [ 72.564179012865466, 23.183791106656837 ], [ 72.55441678984964, 23.183639663313464 ], [ 72.554580889676998, 23.174614687462761 ] ] ] } },
{ "type": "Feature", "properties": { "grid_id": "AHM-0663" }, "geometry": { "type": "Polygon", "coordinates": [ [ [ 72.55441678984964, 23.183639663313464 ], [ 72.564179012865466, 23.183791106656837 ], [ 72.564015484442436, 23.192816136756161 ], [ 72.554252607631184, 23.192664627722767 ], [ 72.55441678984964, 23.183639663313464 ] ] ] } },
{ "type": "Feature", "properties": { "grid_id": "AHM-0664" }, "geometry": { "type": "Polygon", "coordinates": [ [ [ 72.554252607631184, 23.192664627722767 ], [ 72.564015484442436, 23.192816136756161 ], [ 72.563851873931625, 23.201841155418926 ], [ 72.554088342997076, 23.201689580686971 ], [ 72.554252607631184, 23.192664627722767 ] ] ] } },
{ "type": "Feature", "properties": { "grid_id": "AHM-0665" }, "geometry": { "type": "Polygon", "coordinates": [ [ [ 72.554088342997076, 23.201689580686971 ], [ 72.563851873931625, 23.201841155418926 ], [ 72.563688181308493, 23.210866162641416 ], [ 72.553923995922688, 23.210714522202341 ], [ 72.554088342997076, 23.201689580686971 ] ] ] } },
{ "type": "Feature", "properties": { "grid_id": "AHM-0666" }, "geometry": { "type": "Polygon", "coordinates": [ [ [ 72.553923995922688, 23.210714522202341 ], [ 72.563688181308493, 23.210866162641416 ], [ 72.563524406548552, 23.21989115841993 ], [ 72.553759566383434, 23.219739452265188 ], [ 72.553923995922688, 23.210714522202341 ] ] ] } },
{ "type": "Feature", "properties": { "grid_id": "AHM-0667" }, "geometry": { "type": "Polygon", "coordinates": [ [ [ 72.569529558998852, 22.885958721777026 ], [ 72.579270471331654, 22.886107406285063 ], [ 72.579110281218561, 22.895132876855946 ], [ 72.569368725831865, 22.894984127198047 ], [ 72.569529558998852, 22.885958721777026 ] ] ] } },
{ "type": "Feature", "properties": { "grid_id": "AHM-0668" }, "geometry": { "type": "Polygon", "coordinates": [ [ [ 72.569368725831865, 22.894984127198047 ], [ 72.579110281218561, 22.895132876855946 ], [ 72.578950010141966, 22.904158336121416 ], [ 72.569207811376685, 22.904009521305294 ], [ 72.569368725831865, 22.894984127198047 ] ] ] } },
{ "type": "Feature", "properties": { "grid_id": "AHM-0669" }, "geometry": { "type": "Polygon", "coordinates": [ [ [ 72.569207811376685, 22.904009521305294 ], [ 72.578950010141966, 22.904158336121416 ], [ 72.578789658078051, 22.913183784077706 ], [ 72.569046815609354, 22.913034904095021 ], [ 72.569207811376685, 22.904009521305294 ] ] ] } },
{ "type": "Feature", "properties": { "grid_id": "AHM-0670" }, "geometry": { "type": "Polygon", "coordinates": [ [ [ 72.569046815609354, 22.913034904095021 ], [ 72.578789658078051, 22.913183784077706 ], [ 72.578629225002857, 22.922209220721111 ], [ 72.56888573850587, 22.922060275563496 ], [ 72.569046815609354, 22.913034904095021 ] ] ] } },
{ "type": "Feature", "properties": { "grid_id": "AHM-0671" }, "geometry": { "type": "Polygon", "coordinates": [ [ [ 72.56888573850587, 22.922060275563496 ], [ 72.578629225002857, 22.922209220721111 ], [ 72.578468710892523, 22.931234646047901 ], [ 72.568724580042243, 22.931085635706989 ], [ 72.56888573850587, 22.922060275563496 ] ] ] } },
{ "type": "Feature", "properties": { "grid_id": "AHM-0672" }, "geometry": { "type": "Polygon", "coordinates": [ [ [ 72.568724580042243, 22.931085635706989 ], [ 72.578468710892523, 22.931234646047901 ], [ 72.57830811572309, 22.940260060054342 ], [ 72.56856334019443, 22.940110984521763 ], [ 72.568724580042243, 22.931085635706989 ] ] ] } },
{ "type": "Feature", "properties": { "grid_id": "AHM-0673" }, "geometry": { "type": "Polygon", "coordinates": [ [ [ 72.56856334019443, 22.940110984521763 ], [ 72.57830811572309, 22.940260060054342 ], [ 72.578147439470612, 22.949285462736718 ], [ 72.568402018938386, 22.949136322004097 ], [ 72.56856334019443, 22.940110984521763 ] ] ] } },
{ "type": "Feature", "properties": { "grid_id": "AHM-0674" }, "geometry": { "type": "Polygon", "coordinates": [ [ [ 72.568402018938386, 22.949136322004097 ], [ 72.578147439470612, 22.949285462736718 ], [ 72.577986682111131, 22.958310854091291 ], [ 72.568240616250094, 22.958161648150256 ], [ 72.568402018938386, 22.949136322004097 ] ] ] } },
{ "type": "Feature", "properties": { "grid_id": "AHM-0675" }, "geometry": { "type": "Polygon", "coordinates": [ [ [ 72.568240616250094, 22.958161648150256 ], [ 72.577986682111131, 22.958310854091291 ], [ 72.577825843620701, 22.967336234114359 ], [ 72.568079132105439, 22.967186962956525 ], [ 72.568240616250094, 22.958161648150256 ] ] ] } },
{ "type": "Feature", "properties": { "grid_id": "AHM-0676" }, "geometry": { "type": "Polygon", "coordinates": [ [ [ 72.568079132105439, 22.967186962956525 ], [ 72.577825843620701, 22.967336234114359 ], [ 72.577664923975291, 22.976361602802189 ], [ 72.567917566480347, 22.976212266419161 ], [ 72.568079132105439, 22.967186962956525 ] ] ] } },
{ "type": "Feature", "properties": { "grid_id": "AHM-0677" }, "geometry": { "type": "Polygon", "coordinates": [ [ [ 72.567917566480347, 22.976212266419161 ], [ 72.577664923975291, 22.976361602802189 ], [ 72.577503923150928, 22.985386960151057 ], [ 72.567755919350716, 22.985237558534436 ], [ 72.567917566480347, 22.976212266419161 ] ] ] } },
{ "type": "Feature", "properties": { "grid_id": "AHM-0678" }, "geometry": { "type": "Polygon", "coordinates": [ [ [ 72.567755919350716, 22.985237558534436 ], [ 72.577503923150928, 22.985386960151057 ], [ 72.577342841123581, 22.994412306157248 ], [ 72.567594190692432, 22.994262839298649 ], [ 72.567755919350716, 22.985237558534436 ] ] ] } },
{ "type": "Feature", "properties": { "grid_id": "AHM-0679" }, "geometry": { "type": "Polygon", "coordinates": [ [ [ 72.567594190692432, 22.994262839298649 ], [ 72.577342841123581, 22.994412306157248 ], [ 72.577181677869177, 23.003437640817022 ], [ 72.567432380481378, 23.003288108708038 ], [ 72.567594190692432, 22.994262839298649 ] ] ] } },
{ "type": "Feature", "properties": { "grid_id": "AHM-0680" }, "geometry": { "type": "Polygon", "coordinates": [ [ [ 72.567432380481378, 23.003288108708038 ], [ 72.577181677869177, 23.003437640817022 ], [ 72.5770204333637, 23.012462964126684 ], [ 72.567270488693367, 23.012313366758903 ], [ 72.567432380481378, 23.003288108708038 ] ] ] } },
{ "type": "Feature", "properties": { "grid_id": "AHM-0681" }, "geometry": { "type": "Polygon", "coordinates": [ [ [ 72.567270488693367, 23.012313366758903 ], [ 72.5770204333637, 23.012462964126684 ], [ 72.576859107583061, 23.021488276082501 ], [ 72.567108515304255, 23.021338613447515 ], [ 72.567270488693367, 23.012313366758903 ] ] ] } },
{ "type": "Feature", "properties": { "grid_id": "AHM-0682" }, "geometry": { "type": "Polygon", "coordinates": [ [ [ 72.567108515304255, 23.021338613447515 ], [ 72.576859107583061, 23.021488276082501 ], [ 72.576697700503189, 23.030513576680764 ], [ 72.566946460289842, 23.030363848770154 ], [ 72.567108515304255, 23.021338613447515 ] ] ] } },
{ "type": "Feature", "properties": { "grid_id": "AHM-0683" }, "geometry": { "type": "Polygon", "coordinates": [ [ [ 72.566946460289842, 23.030363848770154 ], [ 72.576697700503189, 23.030513576680764 ], [ 72.576536212099967, 23.039538865917748 ], [ 72.566784323625939, 23.03938907272309 ], [ 72.566946460289842, 23.030363848770154 ] ] ] } },
{ "type": "Feature", "properties": { "grid_id": "AHM-0684" }, "geometry": { "type": "Polygon", "coordinates": [ [ [ 72.566784323625939, 23.03938907272309 ], [ 72.576536212099967, 23.039538865917748 ], [ 72.576374642349279, 23.048564143789743 ], [ 72.566622105288346, 23.048414285302609 ], [ 72.566784323625939, 23.03938907272309 ] ] ] } },
{ "type": "Feature", "properties": { "grid_id": "AHM-0685" }, "geometry": { "type": "Polygon", "coordinates": [ [ [ 72.566622105288346, 23.048414285302609 ], [ 72.576374642349279, 23.048564143789743 ], [ 72.576212991226996, 23.05758941029303 ], [ 72.566459805252819, 23.057439486504983 ], [ 72.566622105288346, 23.048414285302609 ] ] ] } },
{ "type": "Feature", "properties": { "grid_id": "AHM-0686" }, "geometry": { "type": "Polygon", "coordinates": [ [ [ 72.566459805252819, 23.057439486504983 ], [ 72.576212991226996, 23.05758941029303 ], [ 72.576051258708972, 23.066614665423891 ], [ 72.566297423495115, 23.0664646763265 ], [ 72.566459805252819, 23.057439486504983 ] ] ] } },
{ "type": "Feature", "properties": { "grid_id": "AHM-0687" }, "geometry": { "type": "Polygon", "coordinates": [ [ [ 72.566297423495115, 23.0664646763265 ], [ 72.576051258708972, 23.066614665423891 ], [ 72.575889444771036, 23.075639909178619 ], [ 72.566134959990961, 23.075489854763433 ], [ 72.566297423495115, 23.0664646763265 ] ] ] } },
{ "type": "Feature", "properties": { "grid_id": "AHM-0688" }, "geometry": { "type": "Polygon", "coordinates": [ [ [ 72.566134959990961, 23.075489854763433 ], [ 72.575889444771036, 23.075639909178619 ], [ 72.575727549389001, 23.084665141553494 ], [ 72.565972414716086, 23.084515021812077 ], [ 72.566134959990961, 23.075489854763433 ] ] ] } },
{ "type": "Feature", "properties": { "grid_id": "AHM-0689" }, "geometry": { "type": "Polygon", "coordinates": [ [ [ 72.565972414716086, 23.084515021812077 ], [ 72.575727549389001, 23.084665141553494 ], [ 72.575565572538693, 23.093690362544805 ], [ 72.565809787646202, 23.0935401774687 ], [ 72.565972414716086, 23.084515021812077 ] ] ] } },
{ "type": "Feature", "properties": { "grid_id": "AHM-0690" }, "geometry": { "type": "Polygon", "coordinates": [ [ [ 72.565809787646202, 23.0935401774687 ], [ 72.575565572538693, 23.093690362544805 ], [ 72.57540351419587, 23.102715572148846 ], [ 72.565647078756996, 23.102565321729596 ], [ 72.565809787646202, 23.0935401774687 ] ] ] } },
{ "type": "Feature", "properties": { "grid_id": "AHM-0691" }, "geometry": { "type": "Polygon", "coordinates": [ [ [ 72.565647078756996, 23.102565321729596 ], [ 72.57540351419587, 23.102715572148846 ], [ 72.575241374336301, 23.111740770361894 ], [ 72.565484288024138, 23.111590454591042 ], [ 72.565647078756996, 23.102565321729596 ] ] ] } },
{ "type": "Feature", "properties": { "grid_id": "AHM-0692" }, "geometry": { "type": "Polygon", "coordinates": [ [ [ 72.565484288024138, 23.111590454591042 ], [ 72.575241374336301, 23.111740770361894 ], [ 72.575079152935757, 23.12076595718025 ], [ 72.565321415423284, 23.120615576049321 ], [ 72.565484288024138, 23.111590454591042 ] ] ] } },
{ "type": "Feature", "properties": { "grid_id": "AHM-0693" }, "geometry": { "type": "Polygon", "coordinates": [ [ [ 72.565321415423284, 23.120615576049321 ], [ 72.575079152935757, 23.12076595718025 ], [ 72.574916849969981, 23.1297911326002 ], [ 72.565158460930093, 23.129640686100728 ], [ 72.565321415423284, 23.120615576049321 ] ] ] } },
{ "type": "Feature", "properties": { "grid_id": "AHM-0694" }, "geometry": { "type": "Polygon", "coordinates": [ [ [ 72.565158460930093, 23.129640686100728 ], [ 72.574916849969981, 23.1297911326002 ], [ 72.574754465414685, 23.138816296618032 ], [ 72.564995424520163, 23.138665784741541 ], [ 72.565158460930093, 23.129640686100728 ] ] ] } },
{ "type": "Feature", "properties": { "grid_id": "AHM-0695" }, "geometry": { "type": "Polygon", "coordinates": [ [ [ 72.564995424520163, 23.138665784741541 ], [ 72.574754465414685, 23.138816296618032 ], [ 72.574591999245584, 23.147841449230043 ], [ 72.564832306169137, 23.147690871968056 ], [ 72.564995424520163, 23.138665784741541 ] ] ] } },
{ "type": "Feature", "properties": { "grid_id": "AHM-0696" }, "geometry": { "type": "Polygon", "coordinates": [ [ [ 72.564832306169137, 23.147690871968056 ], [ 72.574591999245584, 23.147841449230043 ], [ 72.574429451438348, 23.156866590432525 ], [ 72.564669105852573, 23.156715947776551 ], [ 72.564832306169137, 23.147690871968056 ] ] ] } },
{ "type": "Feature", "properties": { "grid_id": "AHM-0697" }, "geometry": { "type": "Polygon", "coordinates": [ [ [ 72.564669105852573, 23.156715947776551 ], [ 72.574429451438348, 23.156866590432525 ], [ 72.574266821968678, 23.165891720221772 ], [ 72.564505823546071, 23.165741012163316 ], [ 72.564669105852573, 23.156715947776551 ] ] ] } },
{ "type": "Feature", "properties": { "grid_id": "AHM-0698" }, "geometry": { "type": "Polygon", "coordinates": [ [ [ 72.564505823546071, 23.165741012163316 ], [ 72.574266821968678, 23.165891720221772 ], [ 72.574104110812215, 23.174916838594079 ], [ 72.564342459225188, 23.174766065124651 ], [ 72.564505823546071, 23.165741012163316 ] ] ] } },
{ "type": "Feature", "properties": { "grid_id": "AHM-0699" }, "geometry": { "type": "Polygon", "coordinates": [ [ [ 72.564342459225188, 23.174766065124651 ], [ 72.574104110812215, 23.174916838594079 ], [ 72.573941317944602, 23.18394194554574 ], [ 72.564179012865466, 23.183791106656837 ], [ 72.564342459225188, 23.174766065124651 ] ] ] } },
{ "type": "Feature", "properties": { "grid_id": "AHM-0700" }, "geometry": { "type": "Polygon", "coordinates": [ [ [ 72.564179012865466, 23.183791106656837 ], [ 72.573941317944602, 23.18394194554574 ], [ 72.573778443341482, 23.192967041073043 ], [ 72.564015484442436, 23.192816136756161 ], [ 72.564179012865466, 23.183791106656837 ] ] ] } },
{ "type": "Feature", "properties": { "grid_id": "AHM-0701" }, "geometry": { "type": "Polygon", "coordinates": [ [ [ 72.564015484442436, 23.192816136756161 ], [ 72.573778443341482, 23.192967041073043 ], [ 72.573615486978454, 23.2019921251723 ], [ 72.563851873931625, 23.201841155418926 ], [ 72.564015484442436, 23.192816136756161 ] ] ] } },
{ "type": "Feature", "properties": { "grid_id": "AHM-0702" }, "geometry": { "type": "Polygon", "coordinates": [ [ [ 72.563851873931625, 23.201841155418926 ], [ 72.573615486978454, 23.2019921251723 ], [ 72.573452448831105, 23.211017197839794 ], [ 72.563688181308493, 23.210866162641416 ], [ 72.563851873931625, 23.201841155418926 ] ] ] } },
{ "type": "Feature", "properties": { "grid_id": "AHM-0703" }, "geometry": { "type": "Polygon", "coordinates": [ [ [ 72.563688181308493, 23.210866162641416 ], [ 72.573452448831105, 23.211017197839794 ], [ 72.573289328875035, 23.220042259071832 ], [ 72.563524406548552, 23.21989115841993 ], [ 72.563688181308493, 23.210866162641416 ] ] ] } },
{ "type": "Feature", "properties": { "grid_id": "AHM-0704" }, "geometry": { "type": "Polygon", "coordinates": [ [ [ 72.579270471331654, 22.886107406285063 ], [ 72.58901146460407, 22.886255494947026 ], [ 72.588851917568718, 22.895281030406831 ], [ 72.579110281218561, 22.895132876855946 ], [ 72.579270471331654, 22.886107406285063 ] ] ] } },
{ "type": "Feature", "properties": { "grid_id": "AHM-0705" }, "geometry": { "type": "Polygon", "coordinates": [ [ [ 72.579110281218561, 22.895132876855946 ], [ 72.588851917568718, 22.895281030406831 ], [ 72.58869228989461, 22.90430655456953 ], [ 72.578950010141966, 22.904158336121416 ], [ 72.579110281218561, 22.895132876855946 ] ] ] } },
{ "type": "Feature", "properties": { "grid_id": "AHM-0706" }, "geometry": { "type": "Polygon", "coordinates": [ [ [ 72.578950010141966, 22.904158336121416 ], [ 72.58869228989461, 22.90430655456953 ], [ 72.588532581557985, 22.913332067431384 ], [ 72.578789658078051, 22.913183784077706 ], [ 72.578950010141966, 22.904158336121416 ] ] ] } },
{ "type": "Feature", "properties": { "grid_id": "AHM-0707" }, "geometry": { "type": "Polygon", "coordinates": [ [ [ 72.578789658078051, 22.913183784077706 ], [ 72.588532581557985, 22.913332067431384 ], [ 72.588372792535012, 22.922357568988669 ], [ 72.578629225002857, 22.922209220721111 ], [ 72.578789658078051, 22.913183784077706 ] ] ] } },
{ "type": "Feature", "properties": { "grid_id": "AHM-0708" }, "geometry": { "type": "Polygon", "coordinates": [ [ [ 72.578629225002857, 22.922209220721111 ], [ 72.588372792535012, 22.922357568988669 ], [ 72.588212922801873, 22.931383059237675 ], [ 72.578468710892523, 22.931234646047901 ], [ 72.578629225002857, 22.922209220721111 ] ] ] } },
{ "type": "Feature", "properties": { "grid_id": "AHM-0709" }, "geometry": { "type": "Polygon", "coordinates": [ [ [ 72.578468710892523, 22.931234646047901 ], [ 72.588212922801873, 22.931383059237675 ], [ 72.588052972334765, 22.940408538174665 ], [ 72.57830811572309, 22.940260060054342 ], [ 72.578468710892523, 22.931234646047901 ] ] ] } },
{ "type": "Feature", "properties": { "grid_id": "AHM-0710" }, "geometry": { "type": "Polygon", "coordinates": [ [ [ 72.57830811572309, 22.940260060054342 ], [ 72.588052972334765, 22.940408538174665 ], [ 72.587892941109814, 22.94943400579594 ], [ 72.578147439470612, 22.949285462736718 ], [ 72.57830811572309, 22.940260060054342 ] ] ] } },
{ "type": "Feature", "properties": { "grid_id": "AHM-0711" }, "geometry": { "type": "Polygon", "coordinates": [ [ [ 72.578147439470612, 22.949285462736718 ], [ 72.587892941109814, 22.94943400579594 ], [ 72.587732829103174, 22.958459462097746 ], [ 72.577986682111131, 22.958310854091291 ], [ 72.578147439470612, 22.949285462736718 ] ] ] } },
{ "type": "Feature", "properties": { "grid_id": "AHM-0712" }, "geometry": { "type": "Polygon", "coordinates": [ [ [ 72.577986682111131, 22.958310854091291 ], [ 72.587732829103174, 22.958459462097746 ], [ 72.587572636290943, 22.967484907076408 ], [ 72.577825843620701, 22.967336234114359 ], [ 72.577986682111131, 22.958310854091291 ] ] ] } },
{ "type": "Feature", "properties": { "grid_id": "AHM-0713" }, "geometry": { "type": "Polygon", "coordinates": [ [ [ 72.577825843620701, 22.967336234114359 ], [ 72.587572636290943, 22.967484907076408 ], [ 72.587412362649218, 22.976510340728179 ], [ 72.577664923975291, 22.976361602802189 ], [ 72.577825843620701, 22.967336234114359 ] ] ] } },
{ "type": "Feature", "properties": { "grid_id": "AHM-0714" }, "geometry": { "type": "Polygon", "coordinates": [ [ [ 72.577664923975291, 22.976361602802189 ], [ 72.587412362649218, 22.976510340728179 ], [ 72.587252008154124, 22.985535763049345 ], [ 72.577503923150928, 22.985386960151057 ], [ 72.577664923975291, 22.976361602802189 ] ] ] } },
{ "type": "Feature", "properties": { "grid_id": "AHM-0715" }, "geometry": { "type": "Polygon", "coordinates": [ [ [ 72.577503923150928, 22.985386960151057 ], [ 72.587252008154124, 22.985535763049345 ], [ 72.587091572781731, 22.994561174036207 ], [ 72.577342841123581, 22.994412306157248 ], [ 72.577503923150928, 22.985386960151057 ] ] ] } },
{ "type": "Feature", "properties": { "grid_id": "AHM-0716" }, "geometry": { "type": "Polygon", "coordinates": [ [ [ 72.577342841123581, 22.994412306157248 ], [ 72.587091572781731, 22.994561174036207 ], [ 72.586931056508064, 23.00358657368503 ], [ 72.577181677869177, 23.003437640817022 ], [ 72.577342841123581, 22.994412306157248 ] ] ] } },
{ "type": "Feature", "properties": { "grid_id": "AHM-0717" }, "geometry": { "type": "Polygon", "coordinates": [ [ [ 72.577181677869177, 23.003437640817022 ], [ 72.586931056508064, 23.00358657368503 ], [ 72.586770459309179, 23.0126119619921 ], [ 72.5770204333637, 23.012462964126684 ], [ 72.577181677869177, 23.003437640817022 ] ] ] } },
{ "type": "Feature", "properties": { "grid_id": "AHM-0718" }, "geometry": { "type": "Polygon", "coordinates": [ [ [ 72.5770204333637, 23.012462964126684 ], [ 72.586770459309179, 23.0126119619921 ], [ 72.58660978116113, 23.021637338953717 ], [ 72.576859107583061, 23.021488276082501 ], [ 72.5770204333637, 23.012462964126684 ] ] ] } },
{ "type": "Feature", "properties": { "grid_id": "AHM-0719" }, "geometry": { "type": "Polygon", "coordinates": [ [ [ 72.576859107583061, 23.021488276082501 ], [ 72.58660978116113, 23.021637338953717 ], [ 72.586449022039872, 23.030662704566158 ], [ 72.576697700503189, 23.030513576680764 ], [ 72.576859107583061, 23.021488276082501 ] ] ] } },
{ "type": "Feature", "properties": { "grid_id": "AHM-0720" }, "geometry": { "type": "Polygon", "coordinates": [ [ [ 72.576697700503189, 23.030513576680764 ], [ 72.586449022039872, 23.030662704566158 ], [ 72.586288181921446, 23.039688058825707 ], [ 72.576536212099967, 23.039538865917748 ], [ 72.576697700503189, 23.030513576680764 ] ] ] } },
{ "type": "Feature", "properties": { "grid_id": "AHM-0721" }, "geometry": { "type": "Polygon", "coordinates": [ [ [ 72.576536212099967, 23.039538865917748 ], [ 72.586288181921446, 23.039688058825707 ], [ 72.586127260781808, 23.048713401728669 ], [ 72.576374642349279, 23.048564143789743 ], [ 72.576536212099967, 23.039538865917748 ] ] ] } },
{ "type": "Feature", "properties": { "grid_id": "AHM-0722" }, "geometry": { "type": "Polygon", "coordinates": [ [ [ 72.576374642349279, 23.048564143789743 ], [ 72.586127260781808, 23.048713401728669 ], [ 72.58596625859694, 23.057738733271311 ], [ 72.576212991226996, 23.05758941029303 ], [ 72.576374642349279, 23.048564143789743 ] ] ] } },
{ "type": "Feature", "properties": { "grid_id": "AHM-0723" }, "geometry": { "type": "Polygon", "coordinates": [ [ [ 72.576212991226996, 23.05758941029303 ], [ 72.58596625859694, 23.057738733271311 ], [ 72.585805175342756, 23.066764053449937 ], [ 72.576051258708972, 23.066614665423891 ], [ 72.576212991226996, 23.05758941029303 ] ] ] } },
{ "type": "Feature", "properties": { "grid_id": "AHM-0724" }, "geometry": { "type": "Polygon", "coordinates": [ [ [ 72.576051258708972, 23.066614665423891 ], [ 72.585805175342756, 23.066764053449937 ], [ 72.58564401099521, 23.075789362260839 ], [ 72.575889444771036, 23.075639909178619 ], [ 72.576051258708972, 23.066614665423891 ] ] ] } },
{ "type": "Feature", "properties": { "grid_id": "AHM-0725" }, "geometry": { "type": "Polygon", "coordinates": [ [ [ 72.575889444771036, 23.075639909178619 ], [ 72.58564401099521, 23.075789362260839 ], [ 72.585482765530216, 23.084814659700292 ], [ 72.575727549389001, 23.084665141553494 ], [ 72.575889444771036, 23.075639909178619 ] ] ] } },
{ "type": "Feature", "properties": { "grid_id": "AHM-0726" }, "geometry": { "type": "Polygon", "coordinates": [ [ [ 72.575727549389001, 23.084665141553494 ], [ 72.585482765530216, 23.084814659700292 ], [ 72.585321438923671, 23.093839945764614 ], [ 72.575565572538693, 23.093690362544805 ], [ 72.575727549389001, 23.084665141553494 ] ] ] } },
{ "type": "Feature", "properties": { "grid_id": "AHM-0727" }, "geometry": { "type": "Polygon", "coordinates": [ [ [ 72.575565572538693, 23.093690362544805 ], [ 72.585321438923671, 23.093839945764614 ], [ 72.58516003115146, 23.102865220450077 ], [ 72.57540351419587, 23.102715572148846 ], [ 72.575565572538693, 23.093690362544805 ] ] ] } },
{ "type": "Feature", "properties": { "grid_id": "AHM-0728" }, "geometry": { "type": "Polygon", "coordinates": [ [ [ 72.57540351419587, 23.102715572148846 ], [ 72.58516003115146, 23.102865220450077 ], [ 72.584998542189425, 23.111890483752987 ], [ 72.575241374336301, 23.111740770361894 ], [ 72.57540351419587, 23.102715572148846 ] ] ] } },
{ "type": "Feature", "properties": { "grid_id": "AHM-0729" }, "geometry": { "type": "Polygon", "coordinates": [ [ [ 72.575241374336301, 23.111740770361894 ], [ 72.584998542189425, 23.111890483752987 ], [ 72.584836972013463, 23.12091573566963 ], [ 72.575079152935757, 23.12076595718025 ], [ 72.575241374336301, 23.111740770361894 ] ] ] } },
{ "type": "Feature", "properties": { "grid_id": "AHM-0730" }, "geometry": { "type": "Polygon", "coordinates": [ [ [ 72.575079152935757, 23.12076595718025 ], [ 72.584836972013463, 23.12091573566963 ], [ 72.584675320599374, 23.129940976196302 ], [ 72.574916849969981, 23.1297911326002 ], [ 72.575079152935757, 23.12076595718025 ] ] ] } },
{ "type": "Feature", "properties": { "grid_id": "AHM-0731" }, "geometry": { "type": "Polygon", "coordinates": [ [ [ 72.574916849969981, 23.1297911326002 ], [ 72.584675320599374, 23.129940976196302 ], [ 72.584513587922999, 23.138966205329304 ], [ 72.574754465414685, 23.138816296618032 ], [ 72.574916849969981, 23.1297911326002 ] ] ] } },
{ "type": "Feature", "properties": { "grid_id": "AHM-0732" }, "geometry": { "type": "Polygon", "coordinates": [ [ [ 72.574754465414685, 23.138816296618032 ], [ 72.584513587922999, 23.138966205329304 ], [ 72.584351773960123, 23.147991423064926 ], [ 72.574591999245584, 23.147841449230043 ], [ 72.574754465414685, 23.138816296618032 ] ] ] } },
{ "type": "Feature", "properties": { "grid_id": "AHM-0733" }, "geometry": { "type": "Polygon", "coordinates": [ [ [ 72.574591999245584, 23.147841449230043 ], [ 72.584351773960123, 23.147991423064926 ], [ 72.584189878686544, 23.157016629399482 ], [ 72.574429451438348, 23.156866590432525 ], [ 72.574591999245584, 23.147841449230043 ] ] ] } },
{ "type": "Feature", "properties": { "grid_id": "AHM-0734" }, "geometry": { "type": "Polygon", "coordinates": [ [ [ 72.574429451438348, 23.156866590432525 ], [ 72.584189878686544, 23.157016629399482 ], [ 72.584027902078049, 23.166041824329252 ], [ 72.574266821968678, 23.165891720221772 ], [ 72.574429451438348, 23.156866590432525 ] ] ] } },
{ "type": "Feature", "properties": { "grid_id": "AHM-0735" }, "geometry": { "type": "Polygon", "coordinates": [ [ [ 72.574266821968678, 23.165891720221772 ], [ 72.584027902078049, 23.166041824329252 ], [ 72.583865844110377, 23.17506700785054 ], [ 72.574104110812215, 23.174916838594079 ], [ 72.574266821968678, 23.165891720221772 ] ] ] } },
{ "type": "Feature", "properties": { "grid_id": "AHM-0736" }, "geometry": { "type": "Polygon", "coordinates": [ [ [ 72.574104110812215, 23.174916838594079 ], [ 72.583865844110377, 23.17506700785054 ], [ 72.583703704759259, 23.184092179959656 ], [ 72.573941317944602, 23.18394194554574 ], [ 72.574104110812215, 23.174916838594079 ] ] ] } },
{ "type": "Feature", "properties": { "grid_id": "AHM-0737" }, "geometry": { "type": "Polygon", "coordinates": [ [ [ 72.573941317944602, 23.18394194554574 ], [ 72.583703704759259, 23.184092179959656 ], [ 72.58354148400042, 23.193117340652879 ], [ 72.573778443341482, 23.192967041073043 ], [ 72.573941317944602, 23.18394194554574 ] ] ] } },
{ "type": "Feature", "properties": { "grid_id": "AHM-0738" }, "geometry": { "type": "Polygon", "coordinates": [ [ [ 72.573778443341482, 23.192967041073043 ], [ 72.58354148400042, 23.193117340652879 ], [ 72.58337918180959, 23.202142489926537 ], [ 72.573615486978454, 23.2019921251723 ], [ 72.573778443341482, 23.192967041073043 ] ] ] } },
{ "type": "Feature", "properties": { "grid_id": "AHM-0739" }, "geometry": { "type": "Polygon", "coordinates": [ [ [ 72.573615486978454, 23.2019921251723 ], [ 72.58337918180959, 23.202142489926537 ], [ 72.583216798162454, 23.211167627776916 ], [ 72.573452448831105, 23.211017197839794 ], [ 72.573615486978454, 23.2019921251723 ] ] ] } },
{ "type": "Feature", "properties": { "grid_id": "AHM-0740" }, "geometry": { "type": "Polygon", "coordinates": [ [ [ 72.573452448831105, 23.211017197839794 ], [ 72.583216798162454, 23.211167627776916 ], [ 72.583054333034681, 23.22019275420033 ], [ 72.573289328875035, 23.220042259071832 ], [ 72.573452448831105, 23.211017197839794 ] ] ] } },
{ "type": "Feature", "properties": { "grid_id": "AHM-0741" }, "geometry": { "type": "Polygon", "coordinates": [ [ [ 72.58901146460407, 22.886255494947026 ], [ 72.598752538491453, 22.886402987742827 ], [ 72.598593634557645, 22.895428587830597 ], [ 72.588851917568718, 22.895281030406831 ], [ 72.58901146460407, 22.886255494947026 ] ] ] } },
{ "type": "Feature", "properties": { "grid_id": "AHM-0742" }, "geometry": { "type": "Polygon", "coordinates": [ [ [ 72.588851917568718, 22.895281030406831 ], [ 72.598593634557645, 22.895428587830597 ], [ 72.598434650309798, 22.904454176629539 ], [ 72.58869228989461, 22.90430655456953 ], [ 72.588851917568718, 22.895281030406831 ] ] ] } },
{ "type": "Feature", "properties": { "grid_id": "AHM-0743" }, "geometry": { "type": "Polygon", "coordinates": [ [ [ 72.58869228989461, 22.90430655456953 ], [ 72.598434650309798, 22.904454176629539 ], [ 72.598275585724252, 22.913479754135924 ], [ 72.588532581557985, 22.913332067431384 ], [ 72.58869228989461, 22.90430655456953 ] ] ] } },
{ "type": "Feature", "properties": { "grid_id": "AHM-0744" }, "geometry": { "type": "Polygon", "coordinates": [ [ [ 72.588532581557985, 22.913332067431384 ], [ 72.598275585724252, 22.913479754135924 ], [ 72.598116440777318, 22.922505320346037 ], [ 72.588372792535012, 22.922357568988669 ], [ 72.588532581557985, 22.913332067431384 ] ] ] } },
{ "type": "Feature", "properties": { "grid_id": "AHM-0745" }, "geometry": { "type": "Polygon", "coordinates": [ [ [ 72.588372792535012, 22.922357568988669 ], [ 72.598116440777318, 22.922505320346037 ], [ 72.597957215445234, 22.931530875256165 ], [ 72.588212922801873, 22.931383059237675 ], [ 72.588372792535012, 22.922357568988669 ] ] ] } },
{ "type": "Feature", "properties": { "grid_id": "AHM-0746" }, "geometry": { "type": "Polygon", "coordinates": [ [ [ 72.588212922801873, 22.931383059237675 ], [ 72.597957215445234, 22.931530875256165 ], [ 72.597797909704283, 22.940556418862585 ], [ 72.588052972334765, 22.940408538174665 ], [ 72.588212922801873, 22.931383059237675 ] ] ] } },
{ "type": "Feature", "properties": { "grid_id": "AHM-0747" }, "geometry": { "type": "Polygon", "coordinates": [ [ [ 72.588052972334765, 22.940408538174665 ], [ 72.597797909704283, 22.940556418862585 ], [ 72.597638523530719, 22.949581951161591 ], [ 72.587892941109814, 22.94943400579594 ], [ 72.588052972334765, 22.940408538174665 ] ] ] } },
{ "type": "Feature", "properties": { "grid_id": "AHM-0748" }, "geometry": { "type": "Polygon", "coordinates": [ [ [ 72.587892941109814, 22.94943400579594 ], [ 72.597638523530719, 22.949581951161591 ], [ 72.597479056900767, 22.958607472149453 ], [ 72.587732829103174, 22.958459462097746 ], [ 72.587892941109814, 22.94943400579594 ] ] ] } },
{ "type": "Feature", "properties": { "grid_id": "AHM-0749" }, "geometry": { "type": "Polygon", "coordinates": [ [ [ 72.587732829103174, 22.958459462097746 ], [ 72.597479056900767, 22.958607472149453 ], [ 72.597319509790637, 22.967632981822472 ], [ 72.587572636290943, 22.967484907076408 ], [ 72.587732829103174, 22.958459462097746 ] ] ] } },
{ "type": "Feature", "properties": { "grid_id": "AHM-0750" }, "geometry": { "type": "Polygon", "coordinates": [ [ [ 72.587572636290943, 22.967484907076408 ], [ 72.597319509790637, 22.967632981822472 ], [ 72.597159882176541, 22.976658480176933 ], [ 72.587412362649218, 22.976510340728179 ], [ 72.587572636290943, 22.967484907076408 ] ] ] } },
{ "type": "Feature", "properties": { "grid_id": "AHM-0751" }, "geometry": { "type": "Polygon", "coordinates": [ [ [ 72.587412362649218, 22.976510340728179 ], [ 72.597159882176541, 22.976658480176933 ], [ 72.597000174034648, 22.98568396720912 ], [ 72.587252008154124, 22.985535763049345 ], [ 72.587412362649218, 22.976510340728179 ] ] ] } },
{ "type": "Feature", "properties": { "grid_id": "AHM-0752" }, "geometry": { "type": "Polygon", "coordinates": [ [ [ 72.587252008154124, 22.985535763049345 ], [ 72.597000174034648, 22.98568396720912 ], [ 72.596840385341139, 22.994709442915319 ], [ 72.587091572781731, 22.994561174036207 ], [ 72.587252008154124, 22.985535763049345 ] ] ] } },
{ "type": "Feature", "properties": { "grid_id": "AHM-0753" }, "geometry": { "type": "Polygon", "coordinates": [ [ [ 72.587091572781731, 22.994561174036207 ], [ 72.596840385341139, 22.994709442915319 ], [ 72.596680516072155, 23.003734907291829 ], [ 72.586931056508064, 23.00358657368503 ], [ 72.587091572781731, 22.994561174036207 ] ] ] } },
{ "type": "Feature", "properties": { "grid_id": "AHM-0754" }, "geometry": { "type": "Polygon", "coordinates": [ [ [ 72.586931056508064, 23.00358657368503 ], [ 72.596680516072155, 23.003734907291829 ], [ 72.596520566203864, 23.012760360334916 ], [ 72.586770459309179, 23.0126119619921 ], [ 72.586931056508064, 23.00358657368503 ] ] ] } },
{ "type": "Feature", "properties": { "grid_id": "AHM-0755" }, "geometry": { "type": "Polygon", "coordinates": [ [ [ 72.586770459309179, 23.0126119619921 ], [ 72.596520566203864, 23.012760360334916 ], [ 72.596360535712364, 23.021785802040906 ], [ 72.58660978116113, 23.021637338953717 ], [ 72.586770459309179, 23.0126119619921 ] ] ] } },
{ "type": "Feature", "properties": { "grid_id": "AHM-0756" }, "geometry": { "type": "Polygon", "coordinates": [ [ [ 72.58660978116113, 23.021637338953717 ], [ 72.596360535712364, 23.021785802040906 ], [ 72.596200424573752, 23.030811232406069 ], [ 72.586449022039872, 23.030662704566158 ], [ 72.58660978116113, 23.021637338953717 ] ] ] } },
{ "type": "Feature", "properties": { "grid_id": "AHM-0757" }, "geometry": { "type": "Polygon", "coordinates": [ [ [ 72.586449022039872, 23.030662704566158 ], [ 72.596200424573752, 23.030811232406069 ], [ 72.596040232764139, 23.039836651426697 ], [ 72.586288181921446, 23.039688058825707 ], [ 72.586449022039872, 23.030662704566158 ] ] ] } },
{ "type": "Feature", "properties": { "grid_id": "AHM-0758" }, "geometry": { "type": "Polygon", "coordinates": [ [ [ 72.586288181921446, 23.039688058825707 ], [ 72.596040232764139, 23.039836651426697 ], [ 72.59587996025958, 23.04886205909909 ], [ 72.586127260781808, 23.048713401728669 ], [ 72.586288181921446, 23.039688058825707 ] ] ] } },
{ "type": "Feature", "properties": { "grid_id": "AHM-0759" }, "geometry": { "type": "Polygon", "coordinates": [ [ [ 72.586127260781808, 23.048713401728669 ], [ 72.59587996025958, 23.04886205909909 ], [ 72.595719607036159, 23.057887455419532 ], [ 72.58596625859694, 23.057738733271311 ], [ 72.586127260781808, 23.048713401728669 ] ] ] } },
{ "type": "Feature", "properties": { "grid_id": "AHM-0760" }, "geometry": { "type": "Polygon", "coordinates": [ [ [ 72.58596625859694, 23.057738733271311 ], [ 72.595719607036159, 23.057887455419532 ], [ 72.595559173069887, 23.06691284038433 ], [ 72.585805175342756, 23.066764053449937 ], [ 72.58596625859694, 23.057738733271311 ] ] ] } },
{ "type": "Feature", "properties": { "grid_id": "AHM-0761" }, "geometry": { "type": "Polygon", "coordinates": [ [ [ 72.585805175342756, 23.066764053449937 ], [ 72.595559173069887, 23.06691284038433 ], [ 72.595398658336833, 23.075938213989776 ], [ 72.58564401099521, 23.075789362260839 ], [ 72.585805175342756, 23.066764053449937 ] ] ] } },
{ "type": "Feature", "properties": { "grid_id": "AHM-0762" }, "geometry": { "type": "Polygon", "coordinates": [ [ [ 72.58564401099521, 23.075789362260839 ], [ 72.595398658336833, 23.075938213989776 ], [ 72.595238062812982, 23.084963576232163 ], [ 72.585482765530216, 23.084814659700292 ], [ 72.58564401099521, 23.075789362260839 ] ] ] } },
{ "type": "Feature", "properties": { "grid_id": "AHM-0763" }, "geometry": { "type": "Polygon", "coordinates": [ [ [ 72.585482765530216, 23.084814659700292 ], [ 72.595238062812982, 23.084963576232163 ], [ 72.595077386474316, 23.093988927107791 ], [ 72.585321438923671, 23.093839945764614 ], [ 72.585482765530216, 23.084814659700292 ] ] ] } },
{ "type": "Feature", "properties": { "grid_id": "AHM-0764" }, "geometry": { "type": "Polygon", "coordinates": [ [ [ 72.585321438923671, 23.093839945764614 ], [ 72.595077386474316, 23.093988927107791 ], [ 72.594916629296833, 23.103014266612959 ], [ 72.58516003115146, 23.102865220450077 ], [ 72.585321438923671, 23.093839945764614 ] ] ] } },
{ "type": "Feature", "properties": { "grid_id": "AHM-0765" }, "geometry": { "type": "Polygon", "coordinates": [ [ [ 72.58516003115146, 23.102865220450077 ], [ 72.594916629296833, 23.103014266612959 ], [ 72.594755791256503, 23.112039594743951 ], [ 72.584998542189425, 23.111890483752987 ], [ 72.58516003115146, 23.102865220450077 ] ] ] } },
{ "type": "Feature", "properties": { "grid_id": "AHM-0766" }, "geometry": { "type": "Polygon", "coordinates": [ [ [ 72.584998542189425, 23.111890483752987 ], [ 72.594755791256503, 23.112039594743951 ], [ 72.594594872329282, 23.121064911497093 ], [ 72.584836972013463, 23.12091573566963 ], [ 72.584998542189425, 23.111890483752987 ] ] ] } },
{ "type": "Feature", "properties": { "grid_id": "AHM-0767" }, "geometry": { "type": "Polygon", "coordinates": [ [ [ 72.584836972013463, 23.12091573566963 ], [ 72.594594872329282, 23.121064911497093 ], [ 72.594433872491066, 23.130090216868663 ], [ 72.584675320599374, 23.129940976196302 ], [ 72.584836972013463, 23.12091573566963 ] ] ] } },
{ "type": "Feature", "properties": { "grid_id": "AHM-0768" }, "geometry": { "type": "Polygon", "coordinates": [ [ [ 72.584675320599374, 23.129940976196302 ], [ 72.594433872491066, 23.130090216868663 ], [ 72.594272791717799, 23.139115510854968 ], [ 72.584513587922999, 23.138966205329304 ], [ 72.584675320599374, 23.129940976196302 ] ] ] } },
{ "type": "Feature", "properties": { "grid_id": "AHM-0769" }, "geometry": { "type": "Polygon", "coordinates": [ [ [ 72.584513587922999, 23.138966205329304 ], [ 72.594272791717799, 23.139115510854968 ], [ 72.594111629985392, 23.148140793452313 ], [ 72.584351773960123, 23.147991423064926 ], [ 72.584513587922999, 23.138966205329304 ] ] ] } },
{ "type": "Feature", "properties": { "grid_id": "AHM-0770" }, "geometry": { "type": "Polygon", "coordinates": [ [ [ 72.584351773960123, 23.147991423064926 ], [ 72.594111629985392, 23.148140793452313 ], [ 72.5939503872697, 23.157166064657005 ], [ 72.584189878686544, 23.157016629399482 ], [ 72.584351773960123, 23.147991423064926 ] ] ] } },
{ "type": "Feature", "properties": { "grid_id": "AHM-0771" }, "geometry": { "type": "Polygon", "coordinates": [ [ [ 72.584189878686544, 23.157016629399482 ], [ 72.5939503872697, 23.157166064657005 ], [ 72.593789063546595, 23.166191324465331 ], [ 72.584027902078049, 23.166041824329252 ], [ 72.584189878686544, 23.157016629399482 ] ] ] } },
{ "type": "Feature", "properties": { "grid_id": "AHM-0772" }, "geometry": { "type": "Polygon", "coordinates": [ [ [ 72.584027902078049, 23.166041824329252 ], [ 72.593789063546595, 23.166191324465331 ], [ 72.593627658791974, 23.175216572873609 ], [ 72.583865844110377, 23.17506700785054 ], [ 72.584027902078049, 23.166041824329252 ] ] ] } },
{ "type": "Feature", "properties": { "grid_id": "AHM-0773" }, "geometry": { "type": "Polygon", "coordinates": [ [ [ 72.583865844110377, 23.17506700785054 ], [ 72.593627658791974, 23.175216572873609 ], [ 72.593466172981621, 23.184241809878149 ], [ 72.583703704759259, 23.184092179959656 ], [ 72.583865844110377, 23.17506700785054 ] ] ] } },
{ "type": "Feature", "properties": { "grid_id": "AHM-0774" }, "geometry": { "type": "Polygon", "coordinates": [ [ [ 72.583703704759259, 23.184092179959656 ], [ 72.593466172981621, 23.184241809878149 ], [ 72.593304606091365, 23.193267035475234 ], [ 72.58354148400042, 23.193117340652879 ], [ 72.583703704759259, 23.184092179959656 ] ] ] } },
{ "type": "Feature", "properties": { "grid_id": "AHM-0775" }, "geometry": { "type": "Polygon", "coordinates": [ [ [ 72.58354148400042, 23.193117340652879 ], [ 72.593304606091365, 23.193267035475234 ], [ 72.593142958097062, 23.202292249661191 ], [ 72.58337918180959, 23.202142489926537 ], [ 72.58354148400042, 23.193117340652879 ] ] ] } },
{ "type": "Feature", "properties": { "grid_id": "AHM-0776" }, "geometry": { "type": "Polygon", "coordinates": [ [ [ 72.58337918180959, 23.202142489926537 ], [ 72.593142958097062, 23.202292249661191 ], [ 72.592981228974438, 23.211317452432318 ], [ 72.583216798162454, 23.211167627776916 ], [ 72.58337918180959, 23.202142489926537 ] ] ] } },
{ "type": "Feature", "properties": { "grid_id": "AHM-0777" }, "geometry": { "type": "Polygon", "coordinates": [ [ [ 72.583216798162454, 23.211167627776916 ], [ 72.592981228974438, 23.211317452432318 ], [ 72.592819418699293, 23.220342643784932 ], [ 72.583054333034681, 23.22019275420033 ], [ 72.583216798162454, 23.211167627776916 ] ] ] } },
{ "type": "Feature", "properties": { "grid_id": "AHM-0778" }, "geometry": { "type": "Polygon", "coordinates": [ [ [ 72.598752538491453, 22.886402987742827 ], [ 72.608493692669185, 22.886549884652453 ], [ 72.608335431860553, 22.895575549107221 ], [ 72.598593634557645, 22.895428587830597 ], [ 72.598752538491453, 22.886402987742827 ] ] ] } },
{ "type": "Feature", "properties": { "grid_id": "AHM-0779" }, "geometry": { "type": "Polygon", "coordinates": [ [ [ 72.598593634557645, 22.895428587830597 ], [ 72.608335431860553, 22.895575549107221 ], [ 72.608177091062686, 22.904601202281405 ], [ 72.598434650309798, 22.904454176629539 ], [ 72.598593634557645, 22.895428587830597 ] ] ] } },
{ "type": "Feature", "properties": { "grid_id": "AHM-0780" }, "geometry": { "type": "Polygon", "coordinates": [ [ [ 72.598434650309798, 22.904454176629539 ], [ 72.608177091062686, 22.904601202281405 ], [ 72.608018670251937, 22.913626844171286 ], [ 72.598275585724252, 22.913479754135924 ], [ 72.598434650309798, 22.904454176629539 ] ] ] } },
{ "type": "Feature", "properties": { "grid_id": "AHM-0781" }, "geometry": { "type": "Polygon", "coordinates": [ [ [ 72.598275585724252, 22.913479754135924 ], [ 72.608018670251937, 22.913626844171286 ], [ 72.607860169404731, 22.922652474773162 ], [ 72.598116440777318, 22.922505320346037 ], [ 72.598275585724252, 22.913479754135924 ] ] ] } },
{ "type": "Feature", "properties": { "grid_id": "AHM-0782" }, "geometry": { "type": "Polygon", "coordinates": [ [ [ 72.598116440777318, 22.922505320346037 ], [ 72.607860169404731, 22.922652474773162 ], [ 72.607701588497449, 22.931678094083313 ], [ 72.597957215445234, 22.931530875256165 ], [ 72.598116440777318, 22.922505320346037 ] ] ] } },
{ "type": "Feature", "properties": { "grid_id": "AHM-0783" }, "geometry": { "type": "Polygon", "coordinates": [ [ [ 72.597957215445234, 22.931530875256165 ], [ 72.607701588497449, 22.931678094083313 ], [ 72.607542927506429, 22.94070370209803 ], [ 72.597797909704283, 22.940556418862585 ], [ 72.597957215445234, 22.931530875256165 ] ] ] } },
{ "type": "Feature", "properties": { "grid_id": "AHM-0784" }, "geometry": { "type": "Polygon", "coordinates": [ [ [ 72.597797909704283, 22.940556418862585 ], [ 72.607542927506429, 22.94070370209803 ], [ 72.607384186408012, 22.949729298813605 ], [ 72.597638523530719, 22.949581951161591 ], [ 72.597797909704283, 22.940556418862585 ] ] ] } },
{ "type": "Feature", "properties": { "grid_id": "AHM-0785" }, "geometry": { "type": "Polygon", "coordinates": [ [ [ 72.597638523530719, 22.949581951161591 ], [ 72.607384186408012, 22.949729298813605 ], [ 72.607225365178536, 22.958754884226309 ], [ 72.597479056900767, 22.958607472149453 ], [ 72.597638523530719, 22.949581951161591 ] ] ] } },
{ "type": "Feature", "properties": { "grid_id": "AHM-0786" }, "geometry": { "type": "Polygon", "coordinates": [ [ [ 72.597479056900767, 22.958607472149453 ], [ 72.607225365178536, 22.958754884226309 ], [ 72.607066463794311, 22.967780458332463 ], [ 72.597319509790637, 22.967632981822472 ], [ 72.597479056900767, 22.958607472149453 ] ] ] } },
{ "type": "Feature", "properties": { "grid_id": "AHM-0787" }, "geometry": { "type": "Polygon", "coordinates": [ [ [ 72.597319509790637, 22.967632981822472 ], [ 72.607066463794311, 22.967780458332463 ], [ 72.60690748223162, 22.976806021128343 ], [ 72.597159882176541, 22.976658480176933 ], [ 72.597319509790637, 22.967632981822472 ] ] ] } },
{ "type": "Feature", "properties": { "grid_id": "AHM-0788" }, "geometry": { "type": "Polygon", "coordinates": [ [ [ 72.597159882176541, 22.976658480176933 ], [ 72.60690748223162, 22.976806021128343 ], [ 72.606748420466772, 22.985831572610238 ], [ 72.597000174034648, 22.98568396720912 ], [ 72.597159882176541, 22.976658480176933 ] ] ] } },
{ "type": "Feature", "properties": { "grid_id": "AHM-0789" }, "geometry": { "type": "Polygon", "coordinates": [ [ [ 72.597000174034648, 22.98568396720912 ], [ 72.606748420466772, 22.985831572610238 ], [ 72.606589278476008, 22.994857112774451 ], [ 72.596840385341139, 22.994709442915319 ], [ 72.597000174034648, 22.98568396720912 ] ] ] } },
{ "type": "Feature", "properties": { "grid_id": "AHM-0790" }, "geometry": { "type": "Polygon", "coordinates": [ [ [ 72.596840385341139, 22.994709442915319 ], [ 72.606589278476008, 22.994857112774451 ], [ 72.606430056235581, 23.00388264161727 ], [ 72.596680516072155, 23.003734907291829 ], [ 72.596840385341139, 22.994709442915319 ] ] ] } },
{ "type": "Feature", "properties": { "grid_id": "AHM-0791" }, "geometry": { "type": "Polygon", "coordinates": [ [ [ 72.596680516072155, 23.003734907291829 ], [ 72.606430056235581, 23.00388264161727 ], [ 72.606270753721745, 23.012908159134984 ], [ 72.596520566203864, 23.012760360334916 ], [ 72.596680516072155, 23.003734907291829 ] ] ] } },
{ "type": "Feature", "properties": { "grid_id": "AHM-0792" }, "geometry": { "type": "Polygon", "coordinates": [ [ [ 72.596520566203864, 23.012760360334916 ], [ 72.606270753721745, 23.012908159134984 ], [ 72.606111370910696, 23.021933665323903 ], [ 72.596360535712364, 23.021785802040906 ], [ 72.596520566203864, 23.012760360334916 ] ] ] } },
{ "type": "Feature", "properties": { "grid_id": "AHM-0793" }, "geometry": { "type": "Polygon", "coordinates": [ [ [ 72.596360535712364, 23.021785802040906 ], [ 72.606111370910696, 23.021933665323903 ], [ 72.605951907778632, 23.030959160180316 ], [ 72.596200424573752, 23.030811232406069 ], [ 72.596360535712364, 23.021785802040906 ] ] ] } },
{ "type": "Feature", "properties": { "grid_id": "AHM-0794" }, "geometry": { "type": "Polygon", "coordinates": [ [ [ 72.596200424573752, 23.030811232406069 ], [ 72.605951907778632, 23.030959160180316 ], [ 72.605792364301749, 23.039984643700517 ], [ 72.596040232764139, 23.039836651426697 ], [ 72.596200424573752, 23.030811232406069 ] ] ] } },
{ "type": "Feature", "properties": { "grid_id": "AHM-0795" }, "geometry": { "type": "Polygon", "coordinates": [ [ [ 72.596040232764139, 23.039836651426697 ], [ 72.605792364301749, 23.039984643700517 ], [ 72.60563274045623, 23.049010115880812 ], [ 72.59587996025958, 23.04886205909909 ], [ 72.596040232764139, 23.039836651426697 ] ] ] } },
{ "type": "Feature", "properties": { "grid_id": "AHM-0796" }, "geometry": { "type": "Polygon", "coordinates": [ [ [ 72.59587996025958, 23.04886205909909 ], [ 72.60563274045623, 23.049010115880812 ], [ 72.605473036218214, 23.058035576717486 ], [ 72.595719607036159, 23.057887455419532 ], [ 72.59587996025958, 23.04886205909909 ] ] ] } },
{ "type": "Feature", "properties": { "grid_id": "AHM-0797" }, "geometry": { "type": "Polygon", "coordinates": [ [ [ 72.595719607036159, 23.057887455419532 ], [ 72.605473036218214, 23.058035576717486 ], [ 72.605313251563842, 23.067061026206858 ], [ 72.595559173069887, 23.06691284038433 ], [ 72.595719607036159, 23.057887455419532 ] ] ] } },
{ "type": "Feature", "properties": { "grid_id": "AHM-0798" }, "geometry": { "type": "Polygon", "coordinates": [ [ [ 72.595559173069887, 23.06691284038433 ], [ 72.605313251563842, 23.067061026206858 ], [ 72.60515338646924, 23.076086464345206 ], [ 72.595398658336833, 23.075938213989776 ], [ 72.595559173069887, 23.06691284038433 ] ] ] } },
{ "type": "Feature", "properties": { "grid_id": "AHM-0799" }, "geometry": { "type": "Polygon", "coordinates": [ [ [ 72.595398658336833, 23.075938213989776 ], [ 72.60515338646924, 23.076086464345206 ], [ 72.604993440910519, 23.085111891128854 ], [ 72.595238062812982, 23.084963576232163 ], [ 72.595398658336833, 23.075938213989776 ] ] ] } },
{ "type": "Feature", "properties": { "grid_id": "AHM-0800" }, "geometry": { "type": "Polygon", "coordinates": [ [ [ 72.595238062812982, 23.084963576232163 ], [ 72.604993440910519, 23.085111891128854 ], [ 72.604833414863776, 23.094137306554085 ], [ 72.595077386474316, 23.093988927107791 ], [ 72.595238062812982, 23.084963576232163 ] ] ] } },
{ "type": "Feature", "properties": { "grid_id": "AHM-0801" }, "geometry": { "type": "Polygon", "coordinates": [ [ [ 72.595077386474316, 23.093988927107791 ], [ 72.604833414863776, 23.094137306554085 ], [ 72.604673308305095, 23.103162710617209 ], [ 72.594916629296833, 23.103014266612959 ], [ 72.595077386474316, 23.093988927107791 ] ] ] } },
{ "type": "Feature", "properties": { "grid_id": "AHM-0802" }, "geometry": { "type": "Polygon", "coordinates": [ [ [ 72.594916629296833, 23.103014266612959 ], [ 72.604673308305095, 23.103162710617209 ], [ 72.604513121210502, 23.112188103314534 ], [ 72.594755791256503, 23.112039594743951 ], [ 72.594916629296833, 23.103014266612959 ] ] ] } },
{ "type": "Feature", "properties": { "grid_id": "AHM-0803" }, "geometry": { "type": "Polygon", "coordinates": [ [ [ 72.594755791256503, 23.112039594743951 ], [ 72.604513121210502, 23.112188103314534 ], [ 72.604352853556065, 23.121213484642361 ], [ 72.594594872329282, 23.121064911497093 ], [ 72.594755791256503, 23.112039594743951 ] ] ] } },
{ "type": "Feature", "properties": { "grid_id": "AHM-0804" }, "geometry": { "type": "Polygon", "coordinates": [ [ [ 72.594594872329282, 23.121064911497093 ], [ 72.604352853556065, 23.121213484642361 ], [ 72.604192505317812, 23.130238854596985 ], [ 72.594433872491066, 23.130090216868663 ], [ 72.594594872329282, 23.121064911497093 ] ] ] } },
{ "type": "Feature", "properties": { "grid_id": "AHM-0805" }, "geometry": { "type": "Polygon", "coordinates": [ [ [ 72.594433872491066, 23.130090216868663 ], [ 72.604192505317812, 23.130238854596985 ], [ 72.604032076471768, 23.13926421317473 ], [ 72.594272791717799, 23.139115510854968 ], [ 72.594433872491066, 23.130090216868663 ] ] ] } },
{ "type": "Feature", "properties": { "grid_id": "AHM-0806" }, "geometry": { "type": "Polygon", "coordinates": [ [ [ 72.594272791717799, 23.139115510854968 ], [ 72.604032076471768, 23.13926421317473 ], [ 72.603871566993917, 23.148289560371886 ], [ 72.594111629985392, 23.148140793452313 ], [ 72.594272791717799, 23.139115510854968 ] ] ] } },
{ "type": "Feature", "properties": { "grid_id": "AHM-0807" }, "geometry": { "type": "Polygon", "coordinates": [ [ [ 72.594111629985392, 23.148140793452313 ], [ 72.603871566993917, 23.148289560371886 ], [ 72.603710976860242, 23.157314896184772 ], [ 72.5939503872697, 23.157166064657005 ], [ 72.594111629985392, 23.148140793452313 ] ] ] } },
{ "type": "Feature", "properties": { "grid_id": "AHM-0808" }, "geometry": { "type": "Polygon", "coordinates": [ [ [ 72.5939503872697, 23.157166064657005 ], [ 72.603710976860242, 23.157314896184772 ], [ 72.603550306046699, 23.16634022060969 ], [ 72.593789063546595, 23.166191324465331 ], [ 72.5939503872697, 23.157166064657005 ] ] ] } },
{ "type": "Feature", "properties": { "grid_id": "AHM-0809" }, "geometry": { "type": "Polygon", "coordinates": [ [ [ 72.593789063546595, 23.166191324465331 ], [ 72.603550306046699, 23.16634022060969 ], [ 72.603389554529272, 23.175365533642946 ], [ 72.593627658791974, 23.175216572873609 ], [ 72.593789063546595, 23.166191324465331 ] ] ] } },
{ "type": "Feature", "properties": { "grid_id": "AHM-0810" }, "geometry": { "type": "Polygon", "coordinates": [ [ [ 72.593627658791974, 23.175216572873609 ], [ 72.603389554529272, 23.175365533642946 ], [ 72.603228722283859, 23.184390835280862 ], [ 72.593466172981621, 23.184241809878149 ], [ 72.593627658791974, 23.175216572873609 ] ] ] } },
{ "type": "Feature", "properties": { "grid_id": "AHM-0811" }, "geometry": { "type": "Polygon", "coordinates": [ [ [ 72.593466172981621, 23.184241809878149 ], [ 72.603228722283859, 23.184390835280862 ], [ 72.603067809286401, 23.193416125519732 ], [ 72.593304606091365, 23.193267035475234 ], [ 72.593466172981621, 23.184241809878149 ] ] ] } },
{ "type": "Feature", "properties": { "grid_id": "AHM-0812" }, "geometry": { "type": "Polygon", "coordinates": [ [ [ 72.593304606091365, 23.193267035475234 ], [ 72.603067809286401, 23.193416125519732 ], [ 72.602906815512796, 23.202441404355881 ], [ 72.593142958097062, 23.202292249661191 ], [ 72.593304606091365, 23.193267035475234 ] ] ] } },
{ "type": "Feature", "properties": { "grid_id": "AHM-0813" }, "geometry": { "type": "Polygon", "coordinates": [ [ [ 72.593142958097062, 23.202292249661191 ], [ 72.602906815512796, 23.202441404355881 ], [ 72.602745740938929, 23.211466671785615 ], [ 72.592981228974438, 23.211317452432318 ], [ 72.593142958097062, 23.202292249661191 ] ] ] } },
{ "type": "Feature", "properties": { "grid_id": "AHM-0814" }, "geometry": { "type": "Polygon", "coordinates": [ [ [ 72.592981228974438, 23.211317452432318 ], [ 72.602745740938929, 23.211466671785615 ], [ 72.602584585540669, 23.220491927805249 ], [ 72.592819418699293, 23.220342643784932 ], [ 72.592981228974438, 23.211317452432318 ] ] ] } },
{ "type": "Feature", "properties": { "grid_id": "AHM-0815" }, "geometry": { "type": "Polygon", "coordinates": [ [ [ 72.608493692669185, 22.886549884652453 ], [ 72.618234926812576, 22.886696185655993 ], [ 72.618077309152739, 22.895721914216765 ], [ 72.608335431860553, 22.895575549107221 ], [ 72.608493692669185, 22.886549884652453 ] ] ] } },
{ "type": "Feature", "properties": { "grid_id": "AHM-0816" }, "geometry": { "type": "Polygon", "coordinates": [ [ [ 72.608335431860553, 22.895575549107221 ], [ 72.618077309152739, 22.895721914216765 ], [ 72.617919611828412, 22.904747631505185 ], [ 72.608177091062686, 22.904601202281405 ], [ 72.608335431860553, 22.895575549107221 ] ] ] } },
{ "type": "Feature", "properties": { "grid_id": "AHM-0817" }, "geometry": { "type": "Polygon", "coordinates": [ [ [ 72.608177091062686, 22.904601202281405 ], [ 72.617919611828412, 22.904747631505185 ], [ 72.617761834816079, 22.913773337517522 ], [ 72.608018670251937, 22.913626844171286 ], [ 72.608177091062686, 22.904601202281405 ] ] ] } },
{ "type": "Feature", "properties": { "grid_id": "AHM-0818" }, "geometry": { "type": "Polygon", "coordinates": [ [ [ 72.608018670251937, 22.913626844171286 ], [ 72.617761834816079, 22.913773337517522 ], [ 72.617603978092248, 22.922799032250079 ], [ 72.607860169404731, 22.922652474773162 ], [ 72.608018670251937, 22.913626844171286 ] ] ] } },
{ "type": "Feature", "properties": { "grid_id": "AHM-0819" }, "geometry": { "type": "Polygon", "coordinates": [ [ [ 72.607860169404731, 22.922652474773162 ], [ 72.617603978092248, 22.922799032250079 ], [ 72.617446041633386, 22.931824715699143 ], [ 72.607701588497449, 22.931678094083313 ], [ 72.607860169404731, 22.922652474773162 ] ] ] } },
{ "type": "Feature", "properties": { "grid_id": "AHM-0820" }, "geometry": { "type": "Polygon", "coordinates": [ [ [ 72.607701588497449, 22.931678094083313 ], [ 72.617446041633386, 22.931824715699143 ], [ 72.617288025415945, 22.940850387861008 ], [ 72.607542927506429, 22.94070370209803 ], [ 72.607701588497449, 22.931678094083313 ] ] ] } },
{ "type": "Feature", "properties": { "grid_id": "AHM-0821" }, "geometry": { "type": "Polygon", "coordinates": [ [ [ 72.607542927506429, 22.94070370209803 ], [ 72.617288025415945, 22.940850387861008 ], [ 72.61712992941635, 22.949876048731962 ], [ 72.607384186408012, 22.949729298813605 ], [ 72.607542927506429, 22.94070370209803 ] ] ] } },
{ "type": "Feature", "properties": { "grid_id": "AHM-0822" }, "geometry": { "type": "Polygon", "coordinates": [ [ [ 72.607384186408012, 22.949729298813605 ], [ 72.61712992941635, 22.949876048731962 ], [ 72.616971753611054, 22.958901698308303 ], [ 72.607225365178536, 22.958754884226309 ], [ 72.607384186408012, 22.949729298813605 ] ] ] } },
{ "type": "Feature", "properties": { "grid_id": "AHM-0823" }, "geometry": { "type": "Polygon", "coordinates": [ [ [ 72.607225365178536, 22.958754884226309 ], [ 72.616971753611054, 22.958901698308303 ], [ 72.616813497976423, 22.967927336586346 ], [ 72.607066463794311, 22.967780458332463 ], [ 72.607225365178536, 22.958754884226309 ] ] ] } },
{ "type": "Feature", "properties": { "grid_id": "AHM-0824" }, "geometry": { "type": "Polygon", "coordinates": [ [ [ 72.607066463794311, 22.967780458332463 ], [ 72.616813497976423, 22.967927336586346 ], [ 72.616655162488897, 22.976952963562365 ], [ 72.60690748223162, 22.976806021128343 ], [ 72.607066463794311, 22.967780458332463 ] ] ] } },
{ "type": "Feature", "properties": { "grid_id": "AHM-0825" }, "geometry": { "type": "Polygon", "coordinates": [ [ [ 72.60690748223162, 22.976806021128343 ], [ 72.616655162488897, 22.976952963562365 ], [ 72.616496747124813, 22.985978579232665 ], [ 72.606748420466772, 22.985831572610238 ], [ 72.60690748223162, 22.976806021128343 ] ] ] } },
{ "type": "Feature", "properties": { "grid_id": "AHM-0826" }, "geometry": { "type": "Polygon", "coordinates": [ [ [ 72.606748420466772, 22.985831572610238 ], [ 72.616496747124813, 22.985978579232665 ], [ 72.61633825186054, 22.995004183593544 ], [ 72.606589278476008, 22.994857112774451 ], [ 72.606748420466772, 22.985831572610238 ] ] ] } },
{ "type": "Feature", "properties": { "grid_id": "AHM-0827" }, "geometry": { "type": "Polygon", "coordinates": [ [ [ 72.606589278476008, 22.994857112774451 ], [ 72.61633825186054, 22.995004183593544 ], [ 72.616179676672445, 23.004029776641293 ], [ 72.606430056235581, 23.00388264161727 ], [ 72.606589278476008, 22.994857112774451 ] ] ] } },
{ "type": "Feature", "properties": { "grid_id": "AHM-0828" }, "geometry": { "type": "Polygon", "coordinates": [ [ [ 72.606430056235581, 23.00388264161727 ], [ 72.616179676672445, 23.004029776641293 ], [ 72.616021021536824, 23.01305535837222 ], [ 72.606270753721745, 23.012908159134984 ], [ 72.606430056235581, 23.00388264161727 ] ] ] } },
{ "type": "Feature", "properties": { "grid_id": "AHM-0829" }, "geometry": { "type": "Polygon", "coordinates": [ [ [ 72.606270753721745, 23.012908159134984 ], [ 72.616021021536824, 23.01305535837222 ], [ 72.61586228643003, 23.022080928782625 ], [ 72.606111370910696, 23.021933665323903 ], [ 72.606270753721745, 23.012908159134984 ] ] ] } },
{ "type": "Feature", "properties": { "grid_id": "AHM-0830" }, "geometry": { "type": "Polygon", "coordinates": [ [ [ 72.606111370910696, 23.021933665323903 ], [ 72.61586228643003, 23.022080928782625 ], [ 72.615703471328331, 23.031106487868808 ], [ 72.605951907778632, 23.030959160180316 ], [ 72.606111370910696, 23.021933665323903 ] ] ] } },
{ "type": "Feature", "properties": { "grid_id": "AHM-0831" }, "geometry": { "type": "Polygon", "coordinates": [ [ [ 72.605951907778632, 23.030959160180316 ], [ 72.615703471328331, 23.031106487868808 ], [ 72.615544576208009, 23.040132035627074 ], [ 72.605792364301749, 23.039984643700517 ], [ 72.605951907778632, 23.030959160180316 ] ] ] } },
{ "type": "Feature", "properties": { "grid_id": "AHM-0832" }, "geometry": { "type": "Polygon", "coordinates": [ [ [ 72.605792364301749, 23.039984643700517 ], [ 72.615544576208009, 23.040132035627074 ], [ 72.615385601045361, 23.049157572053719 ], [ 72.60563274045623, 23.049010115880812 ], [ 72.605792364301749, 23.039984643700517 ] ] ] } },
{ "type": "Feature", "properties": { "grid_id": "AHM-0833" }, "geometry": { "type": "Polygon", "coordinates": [ [ [ 72.60563274045623, 23.049010115880812 ], [ 72.615385601045361, 23.049157572053719 ], [ 72.615226545816626, 23.058183097145051 ], [ 72.605473036218214, 23.058035576717486 ], [ 72.60563274045623, 23.049010115880812 ] ] ] } },
{ "type": "Feature", "properties": { "grid_id": "AHM-0834" }, "geometry": { "type": "Polygon", "coordinates": [ [ [ 72.605473036218214, 23.058035576717486 ], [ 72.615226545816626, 23.058183097145051 ], [ 72.615067410498014, 23.067208610897367 ], [ 72.605313251563842, 23.067061026206858 ], [ 72.605473036218214, 23.058035576717486 ] ] ] } },
{ "type": "Feature", "properties": { "grid_id": "AHM-0835" }, "geometry": { "type": "Polygon", "coordinates": [ [ [ 72.605313251563842, 23.067061026206858 ], [ 72.615067410498014, 23.067208610897367 ], [ 72.61490819506578, 23.076234113306988 ], [ 72.60515338646924, 23.076086464345206 ], [ 72.605313251563842, 23.067061026206858 ] ] ] } },
{ "type": "Feature", "properties": { "grid_id": "AHM-0836" }, "geometry": { "type": "Polygon", "coordinates": [ [ [ 72.60515338646924, 23.076086464345206 ], [ 72.61490819506578, 23.076234113306988 ], [ 72.614748899496107, 23.085259604370208 ], [ 72.604993440910519, 23.085111891128854 ], [ 72.60515338646924, 23.076086464345206 ] ] ] } },
{ "type": "Feature", "properties": { "grid_id": "AHM-0837" }, "geometry": { "type": "Polygon", "coordinates": [ [ [ 72.604993440910519, 23.085111891128854 ], [ 72.614748899496107, 23.085259604370208 ], [ 72.614589523765204, 23.094285084083332 ], [ 72.604833414863776, 23.094137306554085 ], [ 72.604993440910519, 23.085111891128854 ] ] ] } },
{ "type": "Feature", "properties": { "grid_id": "AHM-0838" }, "geometry": { "type": "Polygon", "coordinates": [ [ [ 72.604833414863776, 23.094137306554085 ], [ 72.614589523765204, 23.094285084083332 ], [ 72.614430067849213, 23.103310552442675 ], [ 72.604673308305095, 23.103162710617209 ], [ 72.604833414863776, 23.094137306554085 ] ] ] } },
{ "type": "Feature", "properties": { "grid_id": "AHM-0839" }, "geometry": { "type": "Polygon", "coordinates": [ [ [ 72.604673308305095, 23.103162710617209 ], [ 72.614430067849213, 23.103310552442675 ], [ 72.614270531724316, 23.112336009444537 ], [ 72.604513121210502, 23.112188103314534 ], [ 72.604673308305095, 23.103162710617209 ] ] ] } },
{ "type": "Feature", "properties": { "grid_id": "AHM-0840" }, "geometry": { "type": "Polygon", "coordinates": [ [ [ 72.604513121210502, 23.112188103314534 ], [ 72.614270531724316, 23.112336009444537 ], [ 72.614110915366666, 23.121361455085232 ], [ 72.604352853556065, 23.121213484642361 ], [ 72.604513121210502, 23.112188103314534 ] ] ] } },
{ "type": "Feature", "properties": { "grid_id": "AHM-0841" }, "geometry": { "type": "Polygon", "coordinates": [ [ [ 72.604352853556065, 23.121213484642361 ], [ 72.614110915366666, 23.121361455085232 ], [ 72.613951218752362, 23.13038688936107 ], [ 72.604192505317812, 23.130238854596985 ], [ 72.604352853556065, 23.121213484642361 ] ] ] } },
{ "type": "Feature", "properties": { "grid_id": "AHM-0842" }, "geometry": { "type": "Polygon", "coordinates": [ [ [ 72.604192505317812, 23.130238854596985 ], [ 72.613951218752362, 23.13038688936107 ], [ 72.613791441857529, 23.139412312268359 ], [ 72.604032076471768, 23.13926421317473 ], [ 72.604192505317812, 23.130238854596985 ] ] ] } },
{ "type": "Feature", "properties": { "grid_id": "AHM-0843" }, "geometry": { "type": "Polygon", "coordinates": [ [ [ 72.604032076471768, 23.13926421317473 ], [ 72.613791441857529, 23.139412312268359 ], [ 72.613631584658251, 23.148437723803411 ], [ 72.603871566993917, 23.148289560371886 ], [ 72.604032076471768, 23.13926421317473 ] ] ] } },
{ "type": "Feature", "properties": { "grid_id": "AHM-0844" }, "geometry": { "type": "Polygon", "coordinates": [ [ [ 72.603871566993917, 23.148289560371886 ], [ 72.613631584658251, 23.148437723803411 ], [ 72.613471647130623, 23.157463123962543 ], [ 72.603710976860242, 23.157314896184772 ], [ 72.603871566993917, 23.148289560371886 ] ] ] } },
{ "type": "Feature", "properties": { "grid_id": "AHM-0845" }, "geometry": { "type": "Polygon", "coordinates": [ [ [ 72.603710976860242, 23.157314896184772 ], [ 72.613471647130623, 23.157463123962543 ], [ 72.613311629250703, 23.166488512742063 ], [ 72.603550306046699, 23.16634022060969 ], [ 72.603710976860242, 23.157314896184772 ] ] ] } },
{ "type": "Feature", "properties": { "grid_id": "AHM-0846" }, "geometry": { "type": "Polygon", "coordinates": [ [ [ 72.603550306046699, 23.16634022060969 ], [ 72.613311629250703, 23.166488512742063 ], [ 72.613151530994543, 23.175513890138287 ], [ 72.603389554529272, 23.175365533642946 ], [ 72.603550306046699, 23.16634022060969 ] ] ] } },
{ "type": "Feature", "properties": { "grid_id": "AHM-0847" }, "geometry": { "type": "Polygon", "coordinates": [ [ [ 72.603389554529272, 23.175365533642946 ], [ 72.613151530994543, 23.175513890138287 ], [ 72.612991352338156, 23.184539256147531 ], [ 72.603228722283859, 23.184390835280862 ], [ 72.603389554529272, 23.175365533642946 ] ] ] } },
{ "type": "Feature", "properties": { "grid_id": "AHM-0848" }, "geometry": { "type": "Polygon", "coordinates": [ [ [ 72.603228722283859, 23.184390835280862 ], [ 72.612991352338156, 23.184539256147531 ], [ 72.612831093257583, 23.193564610766099 ], [ 72.603067809286401, 23.193416125519732 ], [ 72.603228722283859, 23.184390835280862 ] ] ] } },
{ "type": "Feature", "properties": { "grid_id": "AHM-0849" }, "geometry": { "type": "Polygon", "coordinates": [ [ [ 72.603067809286401, 23.193416125519732 ], [ 72.612831093257583, 23.193564610766099 ], [ 72.612670753728807, 23.202589953990316 ], [ 72.602906815512796, 23.202441404355881 ], [ 72.603067809286401, 23.193416125519732 ] ] ] } },
{ "type": "Feature", "properties": { "grid_id": "AHM-0850" }, "geometry": { "type": "Polygon", "coordinates": [ [ [ 72.602906815512796, 23.202441404355881 ], [ 72.612670753728807, 23.202589953990316 ], [ 72.612510333727812, 23.211615285816499 ], [ 72.602745740938929, 23.211466671785615 ], [ 72.602906815512796, 23.202441404355881 ] ] ] } },
{ "type": "Feature", "properties": { "grid_id": "AHM-0851" }, "geometry": { "type": "Polygon", "coordinates": [ [ [ 72.602745740938929, 23.211466671785615 ], [ 72.612510333727812, 23.211615285816499 ], [ 72.612349833230567, 23.22064060624097 ], [ 72.602584585540669, 23.220491927805249 ], [ 72.602745740938929, 23.211466671785615 ] ] ] } },
{ "type": "Feature", "properties": { "grid_id": "AHM-0852" }, "geometry": { "type": "Polygon", "coordinates": [ [ [ 72.618234926812576, 22.886696185655993 ], [ 72.627976240596993, 22.886841890733567 ], [ 72.627819266109412, 22.895867683139372 ], [ 72.618077309152739, 22.895721914216765 ], [ 72.618234926812576, 22.886696185655993 ] ] ] } },
{ "type": "Feature", "properties": { "grid_id": "AHM-0853" }, "geometry": { "type": "Polygon", "coordinates": [ [ [ 72.618077309152739, 22.895721914216765 ], [ 72.627819266109412, 22.895867683139372 ], [ 72.627662212282132, 22.904893464281006 ], [ 72.617919611828412, 22.904747631505185 ], [ 72.618077309152739, 22.895721914216765 ] ] ] } },
{ "type": "Feature", "properties": { "grid_id": "AHM-0854" }, "geometry": { "type": "Polygon", "coordinates": [ [ [ 72.617919611828412, 22.904747631505185 ], [ 72.627662212282132, 22.904893464281006 ], [ 72.627505079091719, 22.91391923415474 ], [ 72.617761834816079, 22.913773337517522 ], [ 72.617919611828412, 22.904747631505185 ] ] ] } },
{ "type": "Feature", "properties": { "grid_id": "AHM-0855" }, "geometry": { "type": "Polygon", "coordinates": [ [ [ 72.617761834816079, 22.913773337517522 ], [ 72.627505079091719, 22.91391923415474 ], [ 72.627347866514796, 22.922944992756889 ], [ 72.617603978092248, 22.922799032250079 ], [ 72.617761834816079, 22.913773337517522 ] ] ] } },
{ "type": "Feature", "properties": { "grid_id": "AHM-0856" }, "geometry": { "type": "Polygon", "coordinates": [ [ [ 72.617603978092248, 22.922799032250079 ], [ 72.627347866514796, 22.922944992756889 ], [ 72.627190574527916, 22.931970740083738 ], [ 72.617446041633386, 22.931824715699143 ], [ 72.617603978092248, 22.922799032250079 ] ] ] } },
{ "type": "Feature", "properties": { "grid_id": "AHM-0857" }, "geometry": { "type": "Polygon", "coordinates": [ [ [ 72.617446041633386, 22.931824715699143 ], [ 72.627190574527916, 22.931970740083738 ], [ 72.627033203107615, 22.940996476131602 ], [ 72.617288025415945, 22.940850387861008 ], [ 72.617446041633386, 22.931824715699143 ] ] ] } },
{ "type": "Feature", "properties": { "grid_id": "AHM-0858" }, "geometry": { "type": "Polygon", "coordinates": [ [ [ 72.617288025415945, 22.940850387861008 ], [ 72.627033203107615, 22.940996476131602 ], [ 72.626875752230433, 22.950022200896754 ], [ 72.61712992941635, 22.949876048731962 ], [ 72.617288025415945, 22.940850387861008 ] ] ] } },
{ "type": "Feature", "properties": { "grid_id": "AHM-0859" }, "geometry": { "type": "Polygon", "coordinates": [ [ [ 72.61712992941635, 22.949876048731962 ], [ 72.626875752230433, 22.950022200896754 ], [ 72.626718221872878, 22.959047914375521 ], [ 72.616971753611054, 22.958901698308303 ], [ 72.61712992941635, 22.949876048731962 ] ] ] } },
{ "type": "Feature", "properties": { "grid_id": "AHM-0860" }, "geometry": { "type": "Polygon", "coordinates": [ [ [ 72.616971753611054, 22.958901698308303 ], [ 72.626718221872878, 22.959047914375521 ], [ 72.626560612011474, 22.96807361656419 ], [ 72.616813497976423, 22.967927336586346 ], [ 72.616971753611054, 22.958901698308303 ] ] ] } },
{ "type": "Feature", "properties": { "grid_id": "AHM-0861" }, "geometry": { "type": "Polygon", "coordinates": [ [ [ 72.616813497976423, 22.967927336586346 ], [ 72.626560612011474, 22.96807361656419 ], [ 72.626402922622688, 22.97709930745906 ], [ 72.616655162488897, 22.976952963562365 ], [ 72.616813497976423, 22.967927336586346 ] ] ] } },
{ "type": "Feature", "properties": { "grid_id": "AHM-0862" }, "geometry": { "type": "Polygon", "coordinates": [ [ [ 72.616655162488897, 22.976952963562365 ], [ 72.626402922622688, 22.97709930745906 ], [ 72.62624515368303, 22.986124987056435 ], [ 72.616496747124813, 22.985978579232665 ], [ 72.616655162488897, 22.976952963562365 ] ] ] } },
{ "type": "Feature", "properties": { "grid_id": "AHM-0863" }, "geometry": { "type": "Polygon", "coordinates": [ [ [ 72.616496747124813, 22.985978579232665 ], [ 72.62624515368303, 22.986124987056435 ], [ 72.626087305168895, 22.995150655352628 ], [ 72.61633825186054, 22.995004183593544 ], [ 72.616496747124813, 22.985978579232665 ] ] ] } },
{ "type": "Feature", "properties": { "grid_id": "AHM-0864" }, "geometry": { "type": "Polygon", "coordinates": [ [ [ 72.61633825186054, 22.995004183593544 ], [ 72.626087305168895, 22.995150655352628 ], [ 72.625929377056792, 23.004176312343926 ], [ 72.616179676672445, 23.004029776641293 ], [ 72.61633825186054, 22.995004183593544 ] ] ] } },
{ "type": "Feature", "properties": { "grid_id": "AHM-0865" }, "geometry": { "type": "Polygon", "coordinates": [ [ [ 72.616179676672445, 23.004029776641293 ], [ 72.625929377056792, 23.004176312343926 ], [ 72.625771369323104, 23.013201958026634 ], [ 72.616021021536824, 23.01305535837222 ], [ 72.616179676672445, 23.004029776641293 ] ] ] } },
{ "type": "Feature", "properties": { "grid_id": "AHM-0866" }, "geometry": { "type": "Polygon", "coordinates": [ [ [ 72.616021021536824, 23.01305535837222 ], [ 72.625771369323104, 23.013201958026634 ], [ 72.62561328194424, 23.022227592397069 ], [ 72.61586228643003, 23.022080928782625 ], [ 72.616021021536824, 23.01305535837222 ] ] ] } },
{ "type": "Feature", "properties": { "grid_id": "AHM-0867" }, "geometry": { "type": "Polygon", "coordinates": [ [ [ 72.61586228643003, 23.022080928782625 ], [ 72.62561328194424, 23.022227592397069 ], [ 72.625455114896624, 23.031253215451542 ], [ 72.615703471328331, 23.031106487868808 ], [ 72.61586228643003, 23.022080928782625 ] ] ] } },
{ "type": "Feature", "properties": { "grid_id": "AHM-0868" }, "geometry": { "type": "Polygon", "coordinates": [ [ [ 72.615703471328331, 23.031106487868808 ], [ 72.625455114896624, 23.031253215451542 ], [ 72.625296868156624, 23.040278827186341 ], [ 72.615544576208009, 23.040132035627074 ], [ 72.615703471328331, 23.031106487868808 ] ] ] } },
{ "type": "Feature", "properties": { "grid_id": "AHM-0869" }, "geometry": { "type": "Polygon", "coordinates": [ [ [ 72.615544576208009, 23.040132035627074 ], [ 72.625296868156624, 23.040278827186341 ], [ 72.625138541700579, 23.049304427597782 ], [ 72.615385601045361, 23.049157572053719 ], [ 72.615544576208009, 23.040132035627074 ] ] ] } },
{ "type": "Feature", "properties": { "grid_id": "AHM-0870" }, "geometry": { "type": "Polygon", "coordinates": [ [ [ 72.615385601045361, 23.049157572053719 ], [ 72.625138541700579, 23.049304427597782 ], [ 72.62498013550487, 23.058330016682174 ], [ 72.615226545816626, 23.058183097145051 ], [ 72.615385601045361, 23.049157572053719 ] ] ] } },
{ "type": "Feature", "properties": { "grid_id": "AHM-0871" }, "geometry": { "type": "Polygon", "coordinates": [ [ [ 72.615226545816626, 23.058183097145051 ], [ 72.62498013550487, 23.058330016682174 ], [ 72.624821649545822, 23.067355594435828 ], [ 72.615067410498014, 23.067208610897367 ], [ 72.615226545816626, 23.058183097145051 ] ] ] } },
{ "type": "Feature", "properties": { "grid_id": "AHM-0872" }, "geometry": { "type": "Polygon", "coordinates": [ [ [ 72.615067410498014, 23.067208610897367 ], [ 72.624821649545822, 23.067355594435828 ], [ 72.624663083799732, 23.076381160855046 ], [ 72.61490819506578, 23.076234113306988 ], [ 72.615067410498014, 23.067208610897367 ] ] ] } },
{ "type": "Feature", "properties": { "grid_id": "AHM-0873" }, "geometry": { "type": "Polygon", "coordinates": [ [ [ 72.61490819506578, 23.076234113306988 ], [ 72.624663083799732, 23.076381160855046 ], [ 72.624504438242923, 23.085406715936148 ], [ 72.614748899496107, 23.085259604370208 ], [ 72.61490819506578, 23.076234113306988 ] ] ] } },
{ "type": "Feature", "properties": { "grid_id": "AHM-0874" }, "geometry": { "type": "Polygon", "coordinates": [ [ [ 72.614748899496107, 23.085259604370208 ], [ 72.624504438242923, 23.085406715936148 ], [ 72.624345712851664, 23.094432259675436 ], [ 72.614589523765204, 23.094285084083332 ], [ 72.614748899496107, 23.085259604370208 ] ] ] } },
{ "type": "Feature", "properties": { "grid_id": "AHM-0875" }, "geometry": { "type": "Polygon", "coordinates": [ [ [ 72.614589523765204, 23.094285084083332 ], [ 72.624345712851664, 23.094432259675436 ], [ 72.624186907602251, 23.103457792069236 ], [ 72.614430067849213, 23.103310552442675 ], [ 72.614589523765204, 23.094285084083332 ] ] ] } },
{ "type": "Feature", "properties": { "grid_id": "AHM-0876" }, "geometry": { "type": "Polygon", "coordinates": [ [ [ 72.614430067849213, 23.103310552442675 ], [ 72.624186907602251, 23.103457792069236 ], [ 72.62402802247091, 23.112483313113849 ], [ 72.614270531724316, 23.112336009444537 ], [ 72.614430067849213, 23.103310552442675 ] ] ] } },
{ "type": "Feature", "properties": { "grid_id": "AHM-0877" }, "geometry": { "type": "Polygon", "coordinates": [ [ [ 72.614270531724316, 23.112336009444537 ], [ 72.62402802247091, 23.112483313113849 ], [ 72.623869057433907, 23.121508822805588 ], [ 72.614110915366666, 23.121361455085232 ], [ 72.614270531724316, 23.112336009444537 ] ] ] } },
{ "type": "Feature", "properties": { "grid_id": "AHM-0878" }, "geometry": { "type": "Polygon", "coordinates": [ [ [ 72.614110915366666, 23.121361455085232 ], [ 72.623869057433907, 23.121508822805588 ], [ 72.623710012467427, 23.130534321140772 ], [ 72.613951218752362, 23.13038688936107 ], [ 72.614110915366666, 23.121361455085232 ] ] ] } },
{ "type": "Feature", "properties": { "grid_id": "AHM-0879" }, "geometry": { "type": "Polygon", "coordinates": [ [ [ 72.613951218752362, 23.13038688936107 ], [ 72.623710012467427, 23.130534321140772 ], [ 72.623550887547722, 23.139559808115724 ], [ 72.613791441857529, 23.139412312268359 ], [ 72.613951218752362, 23.13038688936107 ] ] ] } },
{ "type": "Feature", "properties": { "grid_id": "AHM-0880" }, "geometry": { "type": "Polygon", "coordinates": [ [ [ 72.613791441857529, 23.139412312268359 ], [ 72.623550887547722, 23.139559808115724 ], [ 72.623391682650961, 23.148585283726746 ], [ 72.613631584658251, 23.148437723803411 ], [ 72.613791441857529, 23.139412312268359 ] ] ] } },
{ "type": "Feature", "properties": { "grid_id": "AHM-0881" }, "geometry": { "type": "Polygon", "coordinates": [ [ [ 72.613631584658251, 23.148437723803411 ], [ 72.623391682650961, 23.148585283726746 ], [ 72.623232397753313, 23.157610747970161 ], [ 72.613471647130623, 23.157463123962543 ], [ 72.613631584658251, 23.148437723803411 ] ] ] } },
{ "type": "Feature", "properties": { "grid_id": "AHM-0882" }, "geometry": { "type": "Polygon", "coordinates": [ [ [ 72.613471647130623, 23.157463123962543 ], [ 72.623232397753313, 23.157610747970161 ], [ 72.623073032830959, 23.166636200842287 ], [ 72.613311629250703, 23.166488512742063 ], [ 72.613471647130623, 23.157463123962543 ] ] ] } },
{ "type": "Feature", "properties": { "grid_id": "AHM-0883" }, "geometry": { "type": "Polygon", "coordinates": [ [ [ 72.613311629250703, 23.166488512742063 ], [ 72.623073032830959, 23.166636200842287 ], [ 72.622913587860026, 23.175661642339442 ], [ 72.613151530994543, 23.175513890138287 ], [ 72.613311629250703, 23.166488512742063 ] ] ] } },
{ "type": "Feature", "properties": { "grid_id": "AHM-0884" }, "geometry": { "type": "Polygon", "coordinates": [ [ [ 72.613151530994543, 23.175513890138287 ], [ 72.622913587860026, 23.175661642339442 ], [ 72.622754062816654, 23.184687072457944 ], [ 72.612991352338156, 23.184539256147531 ], [ 72.613151530994543, 23.175513890138287 ] ] ] } },
{ "type": "Feature", "properties": { "grid_id": "AHM-0885" }, "geometry": { "type": "Polygon", "coordinates": [ [ [ 72.612991352338156, 23.184539256147531 ], [ 72.622754062816654, 23.184687072457944 ], [ 72.622594457676954, 23.193712491194116 ], [ 72.612831093257583, 23.193564610766099 ], [ 72.612991352338156, 23.184539256147531 ] ] ] } },
{ "type": "Feature", "properties": { "grid_id": "AHM-0886" }, "geometry": { "type": "Polygon", "coordinates": [ [ [ 72.612831093257583, 23.193564610766099 ], [ 72.622594457676954, 23.193712491194116 ], [ 72.622434772417009, 23.202737898544274 ], [ 72.612670753728807, 23.202589953990316 ], [ 72.612831093257583, 23.193564610766099 ] ] ] } },
{ "type": "Feature", "properties": { "grid_id": "AHM-0887" }, "geometry": { "type": "Polygon", "coordinates": [ [ [ 72.612670753728807, 23.202589953990316 ], [ 72.622434772417009, 23.202737898544274 ], [ 72.622275007012931, 23.211763294504749 ], [ 72.612510333727812, 23.211615285816499 ], [ 72.612670753728807, 23.202589953990316 ] ] ] } },
{ "type": "Feature", "properties": { "grid_id": "AHM-0888" }, "geometry": { "type": "Polygon", "coordinates": [ [ [ 72.612510333727812, 23.211615285816499 ], [ 72.622275007012931, 23.211763294504749 ], [ 72.62211516144076, 23.220788679071859 ], [ 72.612349833230567, 23.22064060624097 ], [ 72.612510333727812, 23.211615285816499 ] ] ] } },
{ "type": "Feature", "properties": { "grid_id": "AHM-0889" }, "geometry": { "type": "Polygon", "coordinates": [ [ [ 72.627976240596993, 22.886841890733567 ], [ 72.637717633697719, 22.886986999865439 ], [ 72.637561302405786, 22.896012855855265 ], [ 72.627819266109412, 22.895867683139372 ], [ 72.627976240596993, 22.886841890733567 ] ] ] } },
{ "type": "Feature", "properties": { "grid_id": "AHM-0890" }, "geometry": { "type": "Polygon", "coordinates": [ [ [ 72.627819266109412, 22.895867683139372 ], [ 72.637561302405786, 22.896012855855265 ], [ 72.637404892098942, 22.905038700589074 ], [ 72.627662212282132, 22.904893464281006 ], [ 72.627819266109412, 22.895867683139372 ] ] ] } },
{ "type": "Feature", "properties": { "grid_id": "AHM-0891" }, "geometry": { "type": "Polygon", "coordinates": [ [ [ 72.627662212282132, 22.904893464281006 ], [ 72.637404892098942, 22.905038700589074 ], [ 72.637248402753897, 22.914064534063147 ], [ 72.627505079091719, 22.91391923415474 ], [ 72.627662212282132, 22.904893464281006 ] ] ] } },
{ "type": "Feature", "properties": { "grid_id": "AHM-0892" }, "geometry": { "type": "Polygon", "coordinates": [ [ [ 72.627505079091719, 22.91391923415474 ], [ 72.637248402753897, 22.914064534063147 ], [ 72.637091834347316, 22.923090356273786 ], [ 72.627347866514796, 22.922944992756889 ], [ 72.627505079091719, 22.91391923415474 ] ] ] } },
{ "type": "Feature", "properties": { "grid_id": "AHM-0893" }, "geometry": { "type": "Polygon", "coordinates": [ [ [ 72.627347866514796, 22.922944992756889 ], [ 72.637091834347316, 22.923090356273786 ], [ 72.636935186855851, 22.932116167217302 ], [ 72.627190574527916, 22.931970740083738 ], [ 72.627347866514796, 22.922944992756889 ] ] ] } },
{ "type": "Feature", "properties": { "grid_id": "AHM-0894" }, "geometry": { "type": "Polygon", "coordinates": [ [ [ 72.627190574527916, 22.931970740083738 ], [ 72.636935186855851, 22.932116167217302 ], [ 72.636778460256153, 22.941141966889987 ], [ 72.627033203107615, 22.940996476131602 ], [ 72.627190574527916, 22.931970740083738 ] ] ] } },
{ "type": "Feature", "properties": { "grid_id": "AHM-0895" }, "geometry": { "type": "Polygon", "coordinates": [ [ [ 72.627033203107615, 22.940996476131602 ], [ 72.636778460256153, 22.941141966889987 ], [ 72.636621654524859, 22.950167755288152 ], [ 72.626875752230433, 22.950022200896754 ], [ 72.627033203107615, 22.940996476131602 ] ] ] } },
{ "type": "Feature", "properties": { "grid_id": "AHM-0896" }, "geometry": { "type": "Polygon", "coordinates": [ [ [ 72.626875752230433, 22.950022200896754 ], [ 72.636621654524859, 22.950167755288152 ], [ 72.636464769638565, 22.95919353240809 ], [ 72.626718221872878, 22.959047914375521 ], [ 72.626875752230433, 22.950022200896754 ] ] ] } },
{ "type": "Feature", "properties": { "grid_id": "AHM-0897" }, "geometry": { "type": "Polygon", "coordinates": [ [ [ 72.626718221872878, 22.959047914375521 ], [ 72.636464769638565, 22.95919353240809 ], [ 72.636307805573878, 22.968219298246126 ], [ 72.626560612011474, 22.96807361656419 ], [ 72.626718221872878, 22.959047914375521 ] ] ] } },
{ "type": "Feature", "properties": { "grid_id": "AHM-0898" }, "geometry": { "type": "Polygon", "coordinates": [ [ [ 72.626560612011474, 22.96807361656419 ], [ 72.636307805573878, 22.968219298246126 ], [ 72.636150762307395, 22.977245052798548 ], [ 72.626402922622688, 22.97709930745906 ], [ 72.626560612011474, 22.96807361656419 ] ] ] } },
{ "type": "Feature", "properties": { "grid_id": "AHM-0899" }, "geometry": { "type": "Polygon", "coordinates": [ [ [ 72.626402922622688, 22.97709930745906 ], [ 72.636150762307395, 22.977245052798548 ], [ 72.63599363981568, 22.986270796061667 ], [ 72.62624515368303, 22.986124987056435 ], [ 72.626402922622688, 22.97709930745906 ] ] ] } },
{ "type": "Feature", "properties": { "grid_id": "AHM-0900" }, "geometry": { "type": "Polygon", "coordinates": [ [ [ 72.62624515368303, 22.986124987056435 ], [ 72.63599363981568, 22.986270796061667 ], [ 72.635836438075273, 22.995296528031805 ], [ 72.626087305168895, 22.995150655352628 ], [ 72.62624515368303, 22.986124987056435 ] ] ] } },
{ "type": "Feature", "properties": { "grid_id": "AHM-0901" }, "geometry": { "type": "Polygon", "coordinates": [ [ [ 72.626087305168895, 22.995150655352628 ], [ 72.635836438075273, 22.995296528031805 ], [ 72.635679157062711, 23.00432224870525 ], [ 72.625929377056792, 23.004176312343926 ], [ 72.626087305168895, 22.995150655352628 ] ] ] } },
{ "type": "Feature", "properties": { "grid_id": "AHM-0902" }, "geometry": { "type": "Polygon", "coordinates": [ [ [ 72.625929377056792, 23.004176312343926 ], [ 72.635679157062711, 23.00432224870525 ], [ 72.635521796754546, 23.013347958078317 ], [ 72.625771369323104, 23.013201958026634 ], [ 72.625929377056792, 23.004176312343926 ] ] ] } },
{ "type": "Feature", "properties": { "grid_id": "AHM-0903" }, "geometry": { "type": "Polygon", "coordinates": [ [ [ 72.625771369323104, 23.013201958026634 ], [ 72.635521796754546, 23.013347958078317 ], [ 72.635364357127244, 23.022373656147323 ], [ 72.62561328194424, 23.022227592397069 ], [ 72.625771369323104, 23.013201958026634 ] ] ] } },
{ "type": "Feature", "properties": { "grid_id": "AHM-0904" }, "geometry": { "type": "Polygon", "coordinates": [ [ [ 72.62561328194424, 23.022227592397069 ], [ 72.635364357127244, 23.022373656147323 ], [ 72.63520683815733, 23.031399342908571 ], [ 72.625455114896624, 23.031253215451542 ], [ 72.62561328194424, 23.022227592397069 ] ] ] } },
{ "type": "Feature", "properties": { "grid_id": "AHM-0905" }, "geometry": { "type": "Polygon", "coordinates": [ [ [ 72.625455114896624, 23.031253215451542 ], [ 72.63520683815733, 23.031399342908571 ], [ 72.635049239821257, 23.04042501835837 ], [ 72.625296868156624, 23.040278827186341 ], [ 72.625455114896624, 23.031253215451542 ] ] ] } },
{ "type": "Feature", "properties": { "grid_id": "AHM-0906" }, "geometry": { "type": "Polygon", "coordinates": [ [ [ 72.625296868156624, 23.040278827186341 ], [ 72.635049239821257, 23.04042501835837 ], [ 72.63489156209549, 23.049450682493045 ], [ 72.625138541700579, 23.049304427597782 ], [ 72.625296868156624, 23.040278827186341 ] ] ] } },
{ "type": "Feature", "properties": { "grid_id": "AHM-0907" }, "geometry": { "type": "Polygon", "coordinates": [ [ [ 72.625138541700579, 23.049304427597782 ], [ 72.63489156209549, 23.049450682493045 ], [ 72.634733804956483, 23.058476335308896 ], [ 72.62498013550487, 23.058330016682174 ], [ 72.625138541700579, 23.049304427597782 ] ] ] } },
{ "type": "Feature", "properties": { "grid_id": "AHM-0908" }, "geometry": { "type": "Polygon", "coordinates": [ [ [ 72.62498013550487, 23.058330016682174 ], [ 72.634733804956483, 23.058476335308896 ], [ 72.634575968380645, 23.067501976802248 ], [ 72.624821649545822, 23.067355594435828 ], [ 72.62498013550487, 23.058330016682174 ] ] ] } },
{ "type": "Feature", "properties": { "grid_id": "AHM-0909" }, "geometry": { "type": "Polygon", "coordinates": [ [ [ 72.624821649545822, 23.067355594435828 ], [ 72.634575968380645, 23.067501976802248 ], [ 72.634418052344415, 23.076527606969403 ], [ 72.624663083799732, 23.076381160855046 ], [ 72.624821649545822, 23.067355594435828 ] ] ] } },
{ "type": "Feature", "properties": { "grid_id": "AHM-0910" }, "geometry": { "type": "Polygon", "coordinates": [ [ [ 72.624663083799732, 23.076381160855046 ], [ 72.634418052344415, 23.076527606969403 ], [ 72.634260056824189, 23.085553225806681 ], [ 72.624504438242923, 23.085406715936148 ], [ 72.624663083799732, 23.076381160855046 ] ] ] } },
{ "type": "Feature", "properties": { "grid_id": "AHM-0911" }, "geometry": { "type": "Polygon", "coordinates": [ [ [ 72.624504438242923, 23.085406715936148 ], [ 72.634260056824189, 23.085553225806681 ], [ 72.63410198179632, 23.094578833310408 ], [ 72.624345712851664, 23.094432259675436 ], [ 72.624504438242923, 23.085406715936148 ] ] ] } },
{ "type": "Feature", "properties": { "grid_id": "AHM-0912" }, "geometry": { "type": "Polygon", "coordinates": [ [ [ 72.624345712851664, 23.094432259675436 ], [ 72.63410198179632, 23.094578833310408 ], [ 72.633943827237204, 23.103604429476896 ], [ 72.624186907602251, 23.103457792069236 ], [ 72.624345712851664, 23.094432259675436 ] ] ] } },
{ "type": "Feature", "properties": { "grid_id": "AHM-0913" }, "geometry": { "type": "Polygon", "coordinates": [ [ [ 72.624186907602251, 23.103457792069236 ], [ 72.633943827237204, 23.103604429476896 ], [ 72.633785593123193, 23.112630014302443 ], [ 72.62402802247091, 23.112483313113849 ], [ 72.624186907602251, 23.103457792069236 ] ] ] } },
{ "type": "Feature", "properties": { "grid_id": "AHM-0914" }, "geometry": { "type": "Polygon", "coordinates": [ [ [ 72.62402802247091, 23.112483313113849 ], [ 72.633785593123193, 23.112630014302443 ], [ 72.633627279430598, 23.121655587783398 ], [ 72.623869057433907, 23.121508822805588 ], [ 72.62402802247091, 23.112483313113849 ] ] ] } },
{ "type": "Feature", "properties": { "grid_id": "AHM-0915" }, "geometry": { "type": "Polygon", "coordinates": [ [ [ 72.623869057433907, 23.121508822805588 ], [ 72.633627279430598, 23.121655587783398 ], [ 72.633468886135745, 23.130681149916064 ], [ 72.623710012467427, 23.130534321140772 ], [ 72.623869057433907, 23.121508822805588 ] ] ] } },
{ "type": "Feature", "properties": { "grid_id": "AHM-0916" }, "geometry": { "type": "Polygon", "coordinates": [ [ [ 72.623710012467427, 23.130534321140772 ], [ 72.633468886135745, 23.130681149916064 ], [ 72.633310413214971, 23.139706700696763 ], [ 72.623550887547722, 23.139559808115724 ], [ 72.623710012467427, 23.130534321140772 ] ] ] } },
{ "type": "Feature", "properties": { "grid_id": "AHM-0917" }, "geometry": { "type": "Polygon", "coordinates": [ [ [ 72.623550887547722, 23.139559808115724 ], [ 72.633310413214971, 23.139706700696763 ], [ 72.633151860644531, 23.148732240121817 ], [ 72.623391682650961, 23.148585283726746 ], [ 72.623550887547722, 23.139559808115724 ] ] ] } },
{ "type": "Feature", "properties": { "grid_id": "AHM-0918" }, "geometry": { "type": "Polygon", "coordinates": [ [ [ 72.623391682650961, 23.148585283726746 ], [ 72.633151860644531, 23.148732240121817 ], [ 72.632993228400707, 23.157757768187544 ], [ 72.623232397753313, 23.157610747970161 ], [ 72.623391682650961, 23.148585283726746 ] ] ] } },
{ "type": "Feature", "properties": { "grid_id": "AHM-0919" }, "geometry": { "type": "Polygon", "coordinates": [ [ [ 72.623232397753313, 23.157610747970161 ], [ 72.632993228400707, 23.157757768187544 ], [ 72.632834516459781, 23.166783284890268 ], [ 72.623073032830959, 23.166636200842287 ], [ 72.623232397753313, 23.157610747970161 ] ] ] } },
{ "type": "Feature", "properties": { "grid_id": "AHM-0920" }, "geometry": { "type": "Polygon", "coordinates": [ [ [ 72.623073032830959, 23.166636200842287 ], [ 72.632834516459781, 23.166783284890268 ], [ 72.632675724797949, 23.17580879022632 ], [ 72.622913587860026, 23.175661642339442 ], [ 72.623073032830959, 23.166636200842287 ] ] ] } },
{ "type": "Feature", "properties": { "grid_id": "AHM-0921" }, "geometry": { "type": "Polygon", "coordinates": [ [ [ 72.622913587860026, 23.175661642339442 ], [ 72.632675724797949, 23.17580879022632 ], [ 72.632516853391465, 23.184834284192018 ], [ 72.622754062816654, 23.184687072457944 ], [ 72.622913587860026, 23.175661642339442 ] ] ] } },
{ "type": "Feature", "properties": { "grid_id": "AHM-0922" }, "geometry": { "type": "Polygon", "coordinates": [ [ [ 72.622754062816654, 23.184687072457944 ], [ 72.632516853391465, 23.184834284192018 ], [ 72.63235790221654, 23.193859766783675 ], [ 72.622594457676954, 23.193712491194116 ], [ 72.622754062816654, 23.184687072457944 ] ] ] } },
{ "type": "Feature", "properties": { "grid_id": "AHM-0923" }, "geometry": { "type": "Polygon", "coordinates": [ [ [ 72.622594457676954, 23.193712491194116 ], [ 72.63235790221654, 23.193859766783675 ], [ 72.632198871249372, 23.202885237997638 ], [ 72.622434772417009, 23.202737898544274 ], [ 72.622594457676954, 23.193712491194116 ] ] ] } },
{ "type": "Feature", "properties": { "grid_id": "AHM-0924" }, "geometry": { "type": "Polygon", "coordinates": [ [ [ 72.622434772417009, 23.202737898544274 ], [ 72.632198871249372, 23.202885237997638 ], [ 72.632039760466142, 23.21191069783022 ], [ 72.622275007012931, 23.211763294504749 ], [ 72.622434772417009, 23.202737898544274 ] ] ] } },
{ "type": "Feature", "properties": { "grid_id": "AHM-0925" }, "geometry": { "type": "Polygon", "coordinates": [ [ [ 72.622275007012931, 23.211763294504749 ], [ 72.632039760466142, 23.21191069783022 ], [ 72.631880569842991, 23.220936146277761 ], [ 72.62211516144076, 23.220788679071859 ], [ 72.622275007012931, 23.211763294504749 ] ] ] } },
{ "type": "Feature", "properties": { "grid_id": "AHM-0926" }, "geometry": { "type": "Polygon", "coordinates": [ [ [ 72.637717633697719, 22.886986999865439 ], [ 72.647459105790048, 22.887131513031903 ], [ 72.647303417717069, 22.896157432344751 ], [ 72.637561302405786, 22.896012855855265 ], [ 72.637717633697719, 22.886986999865439 ] ] ] } },
{ "type": "Feature", "properties": { "grid_id": "AHM-0927" }, "geometry": { "type": "Polygon", "coordinates": [ [ [ 72.637561302405786, 22.896012855855265 ], [ 72.647303417717069, 22.896157432344751 ], [ 72.647147650953983, 22.905183340409696 ], [ 72.637404892098942, 22.905038700589074 ], [ 72.637561302405786, 22.896012855855265 ] ] ] } },
{ "type": "Feature", "properties": { "grid_id": "AHM-0928" }, "geometry": { "type": "Polygon", "coordinates": [ [ [ 72.637404892098942, 22.905038700589074 ], [ 72.647147650953983, 22.905183340409696 ], [ 72.646991805477612, 22.914209237223019 ], [ 72.637248402753897, 22.914064534063147 ], [ 72.637404892098942, 22.905038700589074 ] ] ] } },
{ "type": "Feature", "properties": { "grid_id": "AHM-0929" }, "geometry": { "type": "Polygon", "coordinates": [ [ [ 72.637248402753897, 22.914064534063147 ], [ 72.646991805477612, 22.914209237223019 ], [ 72.646835881264707, 22.923235122781055 ], [ 72.637091834347316, 22.923090356273786 ], [ 72.637248402753897, 22.914064534063147 ] ] ] } },
{ "type": "Feature", "properties": { "grid_id": "AHM-0930" }, "geometry": { "type": "Polygon", "coordinates": [ [ [ 72.637091834347316, 22.923090356273786 ], [ 72.646835881264707, 22.923235122781055 ], [ 72.646679878292019, 22.932260997080082 ], [ 72.636935186855851, 22.932116167217302 ], [ 72.637091834347316, 22.923090356273786 ] ] ] } },
{ "type": "Feature", "properties": { "grid_id": "AHM-0931" }, "geometry": { "type": "Polygon", "coordinates": [ [ [ 72.636935186855851, 22.932116167217302 ], [ 72.646679878292019, 22.932260997080082 ], [ 72.6465237965363, 22.941286860116421 ], [ 72.636778460256153, 22.941141966889987 ], [ 72.636935186855851, 22.932116167217302 ] ] ] } },
{ "type": "Feature", "properties": { "grid_id": "AHM-0932" }, "geometry": { "type": "Polygon", "coordinates": [ [ [ 72.636778460256153, 22.941141966889987 ], [ 72.6465237965363, 22.941286860116421 ], [ 72.646367635974258, 22.950312711886376 ], [ 72.636621654524859, 22.950167755288152 ], [ 72.636778460256153, 22.941141966889987 ] ] ] } },
{ "type": "Feature", "properties": { "grid_id": "AHM-0933" }, "geometry": { "type": "Polygon", "coordinates": [ [ [ 72.636621654524859, 22.950167755288152 ], [ 72.646367635974258, 22.950312711886376 ], [ 72.646211396582629, 22.959338552386257 ], [ 72.636464769638565, 22.95919353240809 ], [ 72.636621654524859, 22.950167755288152 ] ] ] } },
{ "type": "Feature", "properties": { "grid_id": "AHM-0934" }, "geometry": { "type": "Polygon", "coordinates": [ [ [ 72.636464769638565, 22.95919353240809 ], [ 72.646211396582629, 22.959338552386257 ], [ 72.646055078338094, 22.968364381612378 ], [ 72.636307805573878, 22.968219298246126 ], [ 72.636464769638565, 22.95919353240809 ] ] ] } },
{ "type": "Feature", "properties": { "grid_id": "AHM-0935" }, "geometry": { "type": "Polygon", "coordinates": [ [ [ 72.636307805573878, 22.968219298246126 ], [ 72.646055078338094, 22.968364381612378 ], [ 72.645898681217332, 22.977390199561047 ], [ 72.636150762307395, 22.977245052798548 ], [ 72.636307805573878, 22.968219298246126 ] ] ] } },
{ "type": "Feature", "properties": { "grid_id": "AHM-0936" }, "geometry": { "type": "Polygon", "coordinates": [ [ [ 72.636150762307395, 22.977245052798548 ], [ 72.645898681217332, 22.977390199561047 ], [ 72.645742205196996, 22.986416006228573 ], [ 72.63599363981568, 22.986270796061667 ], [ 72.636150762307395, 22.977245052798548 ] ] ] } },
{ "type": "Feature", "properties": { "grid_id": "AHM-0937" }, "geometry": { "type": "Polygon", "coordinates": [ [ [ 72.63599363981568, 22.986270796061667 ], [ 72.645742205196996, 22.986416006228573 ], [ 72.645585650253778, 22.995441801611271 ], [ 72.635836438075273, 22.995296528031805 ], [ 72.63599363981568, 22.986270796061667 ] ] ] } },
{ "type": "Feature", "properties": { "grid_id": "AHM-0938" }, "geometry": { "type": "Polygon", "coordinates": [ [ [ 72.635836438075273, 22.995296528031805 ], [ 72.645585650253778, 22.995441801611271 ], [ 72.645429016364261, 23.004467585705456 ], [ 72.635679157062711, 23.00432224870525 ], [ 72.635836438075273, 22.995296528031805 ] ] ] } },
{ "type": "Feature", "properties": { "grid_id": "AHM-0939" }, "geometry": { "type": "Polygon", "coordinates": [ [ [ 72.635679157062711, 23.00432224870525 ], [ 72.645429016364261, 23.004467585705456 ], [ 72.645272303505081, 23.013493358507429 ], [ 72.635521796754546, 23.013347958078317 ], [ 72.635679157062711, 23.00432224870525 ] ] ] } },
{ "type": "Feature", "properties": { "grid_id": "AHM-0940" }, "geometry": { "type": "Polygon", "coordinates": [ [ [ 72.635521796754546, 23.013347958078317 ], [ 72.645272303505081, 23.013493358507429 ], [ 72.645115511652861, 23.022519120013524 ], [ 72.635364357127244, 23.022373656147323 ], [ 72.635521796754546, 23.013347958078317 ] ] ] } },
{ "type": "Feature", "properties": { "grid_id": "AHM-0941" }, "geometry": { "type": "Polygon", "coordinates": [ [ [ 72.635364357127244, 23.022373656147323 ], [ 72.645115511652861, 23.022519120013524 ], [ 72.644958640784154, 23.031544870220042 ], [ 72.63520683815733, 23.031399342908571 ], [ 72.635364357127244, 23.022373656147323 ] ] ] } },
{ "type": "Feature", "properties": { "grid_id": "AHM-0942" }, "geometry": { "type": "Polygon", "coordinates": [ [ [ 72.63520683815733, 23.031399342908571 ], [ 72.644958640784154, 23.031544870220042 ], [ 72.644801690875568, 23.040570609123307 ], [ 72.635049239821257, 23.04042501835837 ], [ 72.63520683815733, 23.031399342908571 ] ] ] } },
{ "type": "Feature", "properties": { "grid_id": "AHM-0943" }, "geometry": { "type": "Polygon", "coordinates": [ [ [ 72.635049239821257, 23.04042501835837 ], [ 72.644801690875568, 23.040570609123307 ], [ 72.644644661903641, 23.049596336719638 ], [ 72.63489156209549, 23.049450682493045 ], [ 72.635049239821257, 23.04042501835837 ] ] ] } },
{ "type": "Feature", "properties": { "grid_id": "AHM-0944" }, "geometry": { "type": "Polygon", "coordinates": [ [ [ 72.63489156209549, 23.049450682493045 ], [ 72.644644661903641, 23.049596336719638 ], [ 72.644487553844883, 23.058622053005337 ], [ 72.634733804956483, 23.058476335308896 ], [ 72.63489156209549, 23.049450682493045 ] ] ] } },
{ "type": "Feature", "properties": { "grid_id": "AHM-0945" }, "geometry": { "type": "Polygon", "coordinates": [ [ [ 72.634733804956483, 23.058476335308896 ], [ 72.644487553844883, 23.058622053005337 ], [ 72.644330366675874, 23.067647757976737 ], [ 72.634575968380645, 23.067501976802248 ], [ 72.634733804956483, 23.058476335308896 ] ] ] } },
{ "type": "Feature", "properties": { "grid_id": "AHM-0946" }, "geometry": { "type": "Polygon", "coordinates": [ [ [ 72.634575968380645, 23.067501976802248 ], [ 72.644330366675874, 23.067647757976737 ], [ 72.644173100373095, 23.076673451630146 ], [ 72.634418052344415, 23.076527606969403 ], [ 72.634575968380645, 23.067501976802248 ] ] ] } },
{ "type": "Feature", "properties": { "grid_id": "AHM-0947" }, "geometry": { "type": "Polygon", "coordinates": [ [ [ 72.634418052344415, 23.076527606969403 ], [ 72.644173100373095, 23.076673451630146 ], [ 72.644015754913056, 23.085699133961903 ], [ 72.634260056824189, 23.085553225806681 ], [ 72.634418052344415, 23.076527606969403 ] ] ] } },
{ "type": "Feature", "properties": { "grid_id": "AHM-0948" }, "geometry": { "type": "Polygon", "coordinates": [ [ [ 72.634260056824189, 23.085553225806681 ], [ 72.644015754913056, 23.085699133961903 ], [ 72.643858330272224, 23.094724804968312 ], [ 72.63410198179632, 23.094578833310408 ], [ 72.634260056824189, 23.085553225806681 ] ] ] } },
{ "type": "Feature", "properties": { "grid_id": "AHM-0949" }, "geometry": { "type": "Polygon", "coordinates": [ [ [ 72.63410198179632, 23.094578833310408 ], [ 72.643858330272224, 23.094724804968312 ], [ 72.64370082642705, 23.103750464645699 ], [ 72.633943827237204, 23.103604429476896 ], [ 72.63410198179632, 23.094578833310408 ] ] ] } },
{ "type": "Feature", "properties": { "grid_id": "AHM-0950" }, "geometry": { "type": "Polygon", "coordinates": [ [ [ 72.633943827237204, 23.103604429476896 ], [ 72.64370082642705, 23.103750464645699 ], [ 72.643543243354003, 23.112776112990392 ], [ 72.633785593123193, 23.112630014302443 ], [ 72.633943827237204, 23.103604429476896 ] ] ] } },
{ "type": "Feature", "properties": { "grid_id": "AHM-0951" }, "geometry": { "type": "Polygon", "coordinates": [ [ [ 72.633785593123193, 23.112630014302443 ], [ 72.643543243354003, 23.112776112990392 ], [ 72.643385581029534, 23.121801749998706 ], [ 72.633627279430598, 23.121655587783398 ], [ 72.633785593123193, 23.112630014302443 ] ] ] } },
{ "type": "Feature", "properties": { "grid_id": "AHM-0952" }, "geometry": { "type": "Polygon", "coordinates": [ [ [ 72.633627279430598, 23.121655587783398 ], [ 72.643385581029534, 23.121801749998706 ], [ 72.643227839430011, 23.130827375666968 ], [ 72.633468886135745, 23.130681149916064 ], [ 72.633627279430598, 23.121655587783398 ] ] ] } },
{ "type": "Feature", "properties": { "grid_id": "AHM-0953" }, "geometry": { "type": "Polygon", "coordinates": [ [ [ 72.633468886135745, 23.130681149916064 ], [ 72.643227839430011, 23.130827375666968 ], [ 72.643070018531873, 23.1398529899915 ], [ 72.633310413214971, 23.139706700696763 ], [ 72.633468886135745, 23.130681149916064 ] ] ] } },
{ "type": "Feature", "properties": { "grid_id": "AHM-0954" }, "geometry": { "type": "Polygon", "coordinates": [ [ [ 72.633310413214971, 23.139706700696763 ], [ 72.643070018531873, 23.1398529899915 ], [ 72.642912118311486, 23.148878592968636 ], [ 72.633151860644531, 23.148732240121817 ], [ 72.633310413214971, 23.139706700696763 ] ] ] } },
{ "type": "Feature", "properties": { "grid_id": "AHM-0955" }, "geometry": { "type": "Polygon", "coordinates": [ [ [ 72.633151860644531, 23.148732240121817 ], [ 72.642912118311486, 23.148878592968636 ], [ 72.642754138745232, 23.157904184594695 ], [ 72.632993228400707, 23.157757768187544 ], [ 72.633151860644531, 23.148732240121817 ] ] ] } },
{ "type": "Feature", "properties": { "grid_id": "AHM-0956" }, "geometry": { "type": "Polygon", "coordinates": [ [ [ 72.632993228400707, 23.157757768187544 ], [ 72.642754138745232, 23.157904184594695 ], [ 72.642596079809465, 23.166929764866012 ], [ 72.632834516459781, 23.166783284890268 ], [ 72.632993228400707, 23.157757768187544 ] ] ] } },
{ "type": "Feature", "properties": { "grid_id": "AHM-0957" }, "geometry": { "type": "Polygon", "coordinates": [ [ [ 72.632834516459781, 23.166783284890268 ], [ 72.642596079809465, 23.166929764866012 ], [ 72.642437941480523, 23.175955333778898 ], [ 72.632675724797949, 23.17580879022632 ], [ 72.632834516459781, 23.166783284890268 ] ] ] } },
{ "type": "Feature", "properties": { "grid_id": "AHM-0958" }, "geometry": { "type": "Polygon", "coordinates": [ [ [ 72.632675724797949, 23.17580879022632 ], [ 72.642437941480523, 23.175955333778898 ], [ 72.642279723734717, 23.184980891329705 ], [ 72.632516853391465, 23.184834284192018 ], [ 72.632675724797949, 23.17580879022632 ] ] ] } },
{ "type": "Feature", "properties": { "grid_id": "AHM-0959" }, "geometry": { "type": "Polygon", "coordinates": [ [ [ 72.632516853391465, 23.184834284192018 ], [ 72.642279723734717, 23.184980891329705 ], [ 72.642121426548385, 23.194006437514741 ], [ 72.63235790221654, 23.193859766783675 ], [ 72.632516853391465, 23.184834284192018 ] ] ] } },
{ "type": "Feature", "properties": { "grid_id": "AHM-0960" }, "geometry": { "type": "Polygon", "coordinates": [ [ [ 72.63235790221654, 23.193859766783675 ], [ 72.642121426548385, 23.194006437514741 ], [ 72.641963049897797, 23.203031972330354 ], [ 72.632198871249372, 23.202885237997638 ], [ 72.63235790221654, 23.193859766783675 ] ] ] } },
{ "type": "Feature", "properties": { "grid_id": "AHM-0961" }, "geometry": { "type": "Polygon", "coordinates": [ [ [ 72.632198871249372, 23.202885237997638 ], [ 72.641963049897797, 23.203031972330354 ], [ 72.641804593759232, 23.212057495772857 ], [ 72.632039760466142, 23.21191069783022 ], [ 72.632198871249372, 23.202885237997638 ] ] ] } },
{ "type": "Feature", "properties": { "grid_id": "AHM-0962" }, "geometry": { "type": "Polygon", "coordinates": [ [ [ 72.632039760466142, 23.21191069783022 ], [ 72.641804593759232, 23.212057495772857 ], [ 72.641646058108975, 23.221083007838605 ], [ 72.631880569842991, 23.220936146277761 ], [ 72.632039760466142, 23.21191069783022 ] ] ] } },
{ "type": "Feature", "properties": { "grid_id": "AHM-0963" }, "geometry": { "type": "Polygon", "coordinates": [ [ [ 72.647459105790048, 22.887131513031903 ], [ 72.657200656549279, 22.887275430213361 ], [ 72.657045611718431, 22.896301412588208 ], [ 72.647303417717069, 22.896157432344751 ], [ 72.647459105790048, 22.887131513031903 ] ] ] } },
{ "type": "Feature", "properties": { "grid_id": "AHM-0964" }, "geometry": { "type": "Polygon", "coordinates": [ [ [ 72.647303417717069, 22.896157432344751 ], [ 72.657045611718431, 22.896301412588208 ], [ 72.656890488522336, 22.905327383723233 ], [ 72.647147650953983, 22.905183340409696 ], [ 72.647303417717069, 22.896157432344751 ] ] ] } },
{ "type": "Feature", "properties": { "grid_id": "AHM-0965" }, "geometry": { "type": "Polygon", "coordinates": [ [ [ 72.647147650953983, 22.905183340409696 ], [ 72.656890488522336, 22.905327383723233 ], [ 72.656735286937845, 22.914353343614739 ], [ 72.646991805477612, 22.914209237223019 ], [ 72.647147650953983, 22.905183340409696 ] ] ] } },
{ "type": "Feature", "properties": { "grid_id": "AHM-0966" }, "geometry": { "type": "Polygon", "coordinates": [ [ [ 72.646991805477612, 22.914209237223019 ], [ 72.656735286937845, 22.914353343614739 ], [ 72.656580006941866, 22.923379292259032 ], [ 72.646835881264707, 22.923235122781055 ], [ 72.646991805477612, 22.914209237223019 ] ] ] } },
{ "type": "Feature", "properties": { "grid_id": "AHM-0967" }, "geometry": { "type": "Polygon", "coordinates": [ [ [ 72.646835881264707, 22.923235122781055 ], [ 72.656580006941866, 22.923379292259032 ], [ 72.656424648511205, 22.932405229652424 ], [ 72.646679878292019, 22.932260997080082 ], [ 72.646835881264707, 22.923235122781055 ] ] ] } },
{ "type": "Feature", "properties": { "grid_id": "AHM-0968" }, "geometry": { "type": "Polygon", "coordinates": [ [ [ 72.646679878292019, 22.932260997080082 ], [ 72.656424648511205, 22.932405229652424 ], [ 72.656269211622742, 22.941431155791225 ], [ 72.6465237965363, 22.941286860116421 ], [ 72.646679878292019, 22.932260997080082 ] ] ] } },
{ "type": "Feature", "properties": { "grid_id": "AHM-0969" }, "geometry": { "type": "Polygon", "coordinates": [ [ [ 72.6465237965363, 22.941286860116421 ], [ 72.656269211622742, 22.941431155791225 ], [ 72.656113696253257, 22.950457070671757 ], [ 72.646367635974258, 22.950312711886376 ], [ 72.6465237965363, 22.941286860116421 ] ] ] } },
{ "type": "Feature", "properties": { "grid_id": "AHM-0970" }, "geometry": { "type": "Polygon", "coordinates": [ [ [ 72.646367635974258, 22.950312711886376 ], [ 72.656113696253257, 22.950457070671757 ], [ 72.6559581023796, 22.959482974290321 ], [ 72.646211396582629, 22.959338552386257 ], [ 72.646367635974258, 22.950312711886376 ] ] ] } },
{ "type": "Feature", "properties": { "grid_id": "AHM-0971" }, "geometry": { "type": "Polygon", "coordinates": [ [ [ 72.646211396582629, 22.959338552386257 ], [ 72.6559581023796, 22.959482974290321 ], [ 72.655802429978522, 22.968508866643248 ], [ 72.646055078338094, 22.968364381612378 ], [ 72.646211396582629, 22.959338552386257 ] ] ] } },
{ "type": "Feature", "properties": { "grid_id": "AHM-0972" }, "geometry": { "type": "Polygon", "coordinates": [ [ [ 72.646055078338094, 22.968364381612378 ], [ 72.655802429978522, 22.968508866643248 ], [ 72.655646679026816, 22.977534747726843 ], [ 72.645898681217332, 22.977390199561047 ], [ 72.646055078338094, 22.968364381612378 ] ] ] } },
{ "type": "Feature", "properties": { "grid_id": "AHM-0973" }, "geometry": { "type": "Polygon", "coordinates": [ [ [ 72.645898681217332, 22.977390199561047 ], [ 72.655646679026816, 22.977534747726843 ], [ 72.655490849501248, 22.986560617537414 ], [ 72.645742205196996, 22.986416006228573 ], [ 72.645898681217332, 22.977390199561047 ] ] ] } },
{ "type": "Feature", "properties": { "grid_id": "AHM-0974" }, "geometry": { "type": "Polygon", "coordinates": [ [ [ 72.645742205196996, 22.986416006228573 ], [ 72.655490849501248, 22.986560617537414 ], [ 72.655334941378541, 22.995586476071299 ], [ 72.645585650253778, 22.995441801611271 ], [ 72.645742205196996, 22.986416006228573 ] ] ] } },
{ "type": "Feature", "properties": { "grid_id": "AHM-0975" }, "geometry": { "type": "Polygon", "coordinates": [ [ [ 72.645585650253778, 22.995441801611271 ], [ 72.655334941378541, 22.995586476071299 ], [ 72.65517895463546, 23.004612323324796 ], [ 72.645429016364261, 23.004467585705456 ], [ 72.645585650253778, 22.995441801611271 ] ] ] } },
{ "type": "Feature", "properties": { "grid_id": "AHM-0976" }, "geometry": { "type": "Polygon", "coordinates": [ [ [ 72.645429016364261, 23.004467585705456 ], [ 72.65517895463546, 23.004612323324796 ], [ 72.655022889248698, 23.013638159294228 ], [ 72.645272303505081, 23.013493358507429 ], [ 72.645429016364261, 23.004467585705456 ] ] ] } },
{ "type": "Feature", "properties": { "grid_id": "AHM-0977" }, "geometry": { "type": "Polygon", "coordinates": [ [ [ 72.645272303505081, 23.013493358507429 ], [ 72.655022889248698, 23.013638159294228 ], [ 72.654866745194937, 23.022663983975924 ], [ 72.645115511652861, 23.022519120013524 ], [ 72.645272303505081, 23.013493358507429 ] ] ] } },
{ "type": "Feature", "properties": { "grid_id": "AHM-0978" }, "geometry": { "type": "Polygon", "coordinates": [ [ [ 72.645115511652861, 23.022519120013524 ], [ 72.654866745194937, 23.022663983975924 ], [ 72.654710522450898, 23.031689797366198 ], [ 72.644958640784154, 23.031544870220042 ], [ 72.645115511652861, 23.022519120013524 ] ] ] } },
{ "type": "Feature", "properties": { "grid_id": "AHM-0979" }, "geometry": { "type": "Polygon", "coordinates": [ [ [ 72.644958640784154, 23.031544870220042 ], [ 72.654710522450898, 23.031689797366198 ], [ 72.654554220993219, 23.040715599461368 ], [ 72.644801690875568, 23.040570609123307 ], [ 72.644958640784154, 23.031544870220042 ] ] ] } },
{ "type": "Feature", "properties": { "grid_id": "AHM-0980" }, "geometry": { "type": "Polygon", "coordinates": [ [ [ 72.644801690875568, 23.040570609123307 ], [ 72.654554220993219, 23.040715599461368 ], [ 72.654397840798566, 23.049741390257758 ], [ 72.644644661903641, 23.049596336719638 ], [ 72.644801690875568, 23.040570609123307 ] ] ] } },
{ "type": "Feature", "properties": { "grid_id": "AHM-0981" }, "geometry": { "type": "Polygon", "coordinates": [ [ [ 72.644644661903641, 23.049596336719638 ], [ 72.654397840798566, 23.049741390257758 ], [ 72.654241381843576, 23.058767169751686 ], [ 72.644487553844883, 23.058622053005337 ], [ 72.644644661903641, 23.049596336719638 ] ] ] } },
{ "type": "Feature", "properties": { "grid_id": "AHM-0982" }, "geometry": { "type": "Polygon", "coordinates": [ [ [ 72.644487553844883, 23.058622053005337 ], [ 72.654241381843576, 23.058767169751686 ], [ 72.654084844104872, 23.067792937939483 ], [ 72.644330366675874, 23.067647757976737 ], [ 72.644487553844883, 23.058622053005337 ] ] ] } },
{ "type": "Feature", "properties": { "grid_id": "AHM-0983" }, "geometry": { "type": "Polygon", "coordinates": [ [ [ 72.644330366675874, 23.067647757976737 ], [ 72.654084844104872, 23.067792937939483 ], [ 72.653928227559049, 23.076818694817469 ], [ 72.644173100373095, 23.076673451630146 ], [ 72.644330366675874, 23.067647757976737 ] ] ] } },
{ "type": "Feature", "properties": { "grid_id": "AHM-0984" }, "geometry": { "type": "Polygon", "coordinates": [ [ [ 72.644173100373095, 23.076673451630146 ], [ 72.653928227559049, 23.076818694817469 ], [ 72.653771532182716, 23.085844440381969 ], [ 72.644015754913056, 23.085699133961903 ], [ 72.644173100373095, 23.076673451630146 ] ] ] } },
{ "type": "Feature", "properties": { "grid_id": "AHM-0985" }, "geometry": { "type": "Polygon", "coordinates": [ [ [ 72.644015754913056, 23.085699133961903 ], [ 72.653771532182716, 23.085844440381969 ], [ 72.65361475795244, 23.094870174629303 ], [ 72.643858330272224, 23.094724804968312 ], [ 72.644015754913056, 23.085699133961903 ] ] ] } },
{ "type": "Feature", "properties": { "grid_id": "AHM-0986" }, "geometry": { "type": "Polygon", "coordinates": [ [ [ 72.643858330272224, 23.094724804968312 ], [ 72.65361475795244, 23.094870174629303 ], [ 72.653457904844785, 23.103895897555816 ], [ 72.64370082642705, 23.103750464645699 ], [ 72.643858330272224, 23.094724804968312 ] ] ] } },
{ "type": "Feature", "properties": { "grid_id": "AHM-0987" }, "geometry": { "type": "Polygon", "coordinates": [ [ [ 72.64370082642705, 23.103750464645699 ], [ 72.653457904844785, 23.103895897555816 ], [ 72.653300972836291, 23.112921609157812 ], [ 72.643543243354003, 23.112776112990392 ], [ 72.64370082642705, 23.103750464645699 ] ] ] } },
{ "type": "Feature", "properties": { "grid_id": "AHM-0988" }, "geometry": { "type": "Polygon", "coordinates": [ [ [ 72.643543243354003, 23.112776112990392 ], [ 72.653300972836291, 23.112921609157812 ], [ 72.653143961903496, 23.121947309431626 ], [ 72.643385581029534, 23.121801749998706 ], [ 72.643543243354003, 23.112776112990392 ] ] ] } },
{ "type": "Feature", "properties": { "grid_id": "AHM-0989" }, "geometry": { "type": "Polygon", "coordinates": [ [ [ 72.643385581029534, 23.121801749998706 ], [ 72.653143961903496, 23.121947309431626 ], [ 72.652986872022893, 23.130972998373597 ], [ 72.643227839430011, 23.130827375666968 ], [ 72.643385581029534, 23.121801749998706 ] ] ] } },
{ "type": "Feature", "properties": { "grid_id": "AHM-0990" }, "geometry": { "type": "Polygon", "coordinates": [ [ [ 72.643227839430011, 23.130827375666968 ], [ 72.652986872022893, 23.130972998373597 ], [ 72.652829703171008, 23.139998675980046 ], [ 72.643070018531873, 23.1398529899915 ], [ 72.643227839430011, 23.130827375666968 ] ] ] } },
{ "type": "Feature", "properties": { "grid_id": "AHM-0991" }, "geometry": { "type": "Polygon", "coordinates": [ [ [ 72.643070018531873, 23.1398529899915 ], [ 72.652829703171008, 23.139998675980046 ], [ 72.652672455324307, 23.149024342247309 ], [ 72.642912118311486, 23.148878592968636 ], [ 72.643070018531873, 23.1398529899915 ] ] ] } },
{ "type": "Feature", "properties": { "grid_id": "AHM-0992" }, "geometry": { "type": "Polygon", "coordinates": [ [ [ 72.642912118311486, 23.148878592968636 ], [ 72.652672455324307, 23.149024342247309 ], [ 72.652515128459257, 23.158049997171705 ], [ 72.642754138745232, 23.157904184594695 ], [ 72.642912118311486, 23.148878592968636 ] ] ] } },
{ "type": "Feature", "properties": { "grid_id": "AHM-0993" }, "geometry": { "type": "Polygon", "coordinates": [ [ [ 72.642754138745232, 23.157904184594695 ], [ 72.652515128459257, 23.158049997171705 ], [ 72.652357722552338, 23.167075640749573 ], [ 72.642596079809465, 23.166929764866012 ], [ 72.642754138745232, 23.157904184594695 ] ] ] } },
{ "type": "Feature", "properties": { "grid_id": "AHM-0994" }, "geometry": { "type": "Polygon", "coordinates": [ [ [ 72.642596079809465, 23.166929764866012 ], [ 72.652357722552338, 23.167075640749573 ], [ 72.652200237579947, 23.176101272977252 ], [ 72.642437941480523, 23.175955333778898 ], [ 72.642596079809465, 23.166929764866012 ] ] ] } },
{ "type": "Feature", "properties": { "grid_id": "AHM-0995" }, "geometry": { "type": "Polygon", "coordinates": [ [ [ 72.642437941480523, 23.175955333778898 ], [ 72.652200237579947, 23.176101272977252 ], [ 72.652042673518523, 23.18512689385107 ], [ 72.642279723734717, 23.184980891329705 ], [ 72.642437941480523, 23.175955333778898 ] ] ] } },
{ "type": "Feature", "properties": { "grid_id": "AHM-0996" }, "geometry": { "type": "Polygon", "coordinates": [ [ [ 72.642279723734717, 23.184980891329705 ], [ 72.652042673518523, 23.18512689385107 ], [ 72.651885030344488, 23.194152503367356 ], [ 72.642121426548385, 23.194006437514741 ], [ 72.642279723734717, 23.184980891329705 ] ] ] } },
{ "type": "Feature", "properties": { "grid_id": "AHM-0997" }, "geometry": { "type": "Polygon", "coordinates": [ [ [ 72.642121426548385, 23.194006437514741 ], [ 72.651885030344488, 23.194152503367356 ], [ 72.651727308034197, 23.20317810152245 ], [ 72.641963049897797, 23.203031972330354 ], [ 72.642121426548385, 23.194006437514741 ] ] ] } },
{ "type": "Feature", "properties": { "grid_id": "AHM-0998" }, "geometry": { "type": "Polygon", "coordinates": [ [ [ 72.641963049897797, 23.203031972330354 ], [ 72.651727308034197, 23.20317810152245 ], [ 72.651569506564059, 23.212203688312691 ], [ 72.641804593759232, 23.212057495772857 ], [ 72.641963049897797, 23.203031972330354 ] ] ] } },
{ "type": "Feature", "properties": { "grid_id": "AHM-0999" }, "geometry": { "type": "Polygon", "coordinates": [ [ [ 72.641804593759232, 23.212057495772857 ], [ 72.651569506564059, 23.212203688312691 ], [ 72.651411625910399, 23.221229263734415 ], [ 72.641646058108975, 23.221083007838605 ], [ 72.641804593759232, 23.212057495772857 ] ] ] } },
{ "type": "Feature", "properties": { "grid_id": "AHM-1000" }, "geometry": { "type": "Polygon", "coordinates": [ [ [ 72.657200656549279, 22.887275430213361 ], [ 72.666942285650663, 22.887418751390275 ], [ 72.666787884085053, 22.896444796566094 ], [ 72.657045611718431, 22.896301412588208 ], [ 72.657200656549279, 22.887275430213361 ] ] ] } },
{ "type": "Feature", "properties": { "grid_id": "AHM-1001" }, "geometry": { "type": "Polygon", "coordinates": [ [ [ 72.657045611718431, 22.896301412588208 ], [ 72.666787884085053, 22.896444796566094 ], [ 72.666633404479057, 22.90547083051014 ], [ 72.656890488522336, 22.905327383723233 ], [ 72.657045611718431, 22.896301412588208 ] ] ] } },
{ "type": "Feature", "properties": { "grid_id": "AHM-1002" }, "geometry": { "type": "Polygon", "coordinates": [ [ [ 72.656890488522336, 22.905327383723233 ], [ 72.666633404479057, 22.90547083051014 ], [ 72.666478846809611, 22.914496853218722 ], [ 72.656735286937845, 22.914353343614739 ], [ 72.656890488522336, 22.905327383723233 ] ] ] } },
{ "type": "Feature", "properties": { "grid_id": "AHM-1003" }, "geometry": { "type": "Polygon", "coordinates": [ [ [ 72.656735286937845, 22.914353343614739 ], [ 72.666478846809611, 22.914496853218722 ], [ 72.666324211053691, 22.923522864688149 ], [ 72.656580006941866, 22.923379292259032 ], [ 72.656735286937845, 22.914353343614739 ] ] ] } },
{ "type": "Feature", "properties": { "grid_id": "AHM-1004" }, "geometry": { "type": "Polygon", "coordinates": [ [ [ 72.656580006941866, 22.923379292259032 ], [ 72.666324211053691, 22.923522864688149 ], [ 72.666169497188235, 22.932548864914747 ], [ 72.656424648511205, 22.932405229652424 ], [ 72.656580006941866, 22.923379292259032 ] ] ] } },
{ "type": "Feature", "properties": { "grid_id": "AHM-1005" }, "geometry": { "type": "Polygon", "coordinates": [ [ [ 72.656424648511205, 22.932405229652424 ], [ 72.666169497188235, 22.932548864914747 ], [ 72.666014705190193, 22.941574853894821 ], [ 72.656269211622742, 22.941431155791225 ], [ 72.656424648511205, 22.932405229652424 ] ] ] } },
{ "type": "Feature", "properties": { "grid_id": "AHM-1006" }, "geometry": { "type": "Polygon", "coordinates": [ [ [ 72.656269211622742, 22.941431155791225 ], [ 72.666014705190193, 22.941574853894821 ], [ 72.665859835036471, 22.950600831624698 ], [ 72.656113696253257, 22.950457070671757 ], [ 72.656269211622742, 22.941431155791225 ] ] ] } },
{ "type": "Feature", "properties": { "grid_id": "AHM-1007" }, "geometry": { "type": "Polygon", "coordinates": [ [ [ 72.656113696253257, 22.950457070671757 ], [ 72.665859835036471, 22.950600831624698 ], [ 72.665704886703978, 22.959626798100679 ], [ 72.6559581023796, 22.959482974290321 ], [ 72.656113696253257, 22.950457070671757 ] ] ] } },
{ "type": "Feature", "properties": { "grid_id": "AHM-1008" }, "geometry": { "type": "Polygon", "coordinates": [ [ [ 72.6559581023796, 22.959482974290321 ], [ 72.665704886703978, 22.959626798100679 ], [ 72.665549860169577, 22.968652753319116 ], [ 72.655802429978522, 22.968508866643248 ], [ 72.6559581023796, 22.959482974290321 ] ] ] } },
{ "type": "Feature", "properties": { "grid_id": "AHM-1009" }, "geometry": { "type": "Polygon", "coordinates": [ [ [ 72.655802429978522, 22.968508866643248 ], [ 72.665549860169577, 22.968652753319116 ], [ 72.665394755410176, 22.977678697276303 ], [ 72.655646679026816, 22.977534747726843 ], [ 72.655802429978522, 22.968508866643248 ] ] ] } },
{ "type": "Feature", "properties": { "grid_id": "AHM-1010" }, "geometry": { "type": "Polygon", "coordinates": [ [ [ 72.655646679026816, 22.977534747726843 ], [ 72.665394755410176, 22.977678697276303 ], [ 72.665239572402612, 22.986704629968571 ], [ 72.655490849501248, 22.986560617537414 ], [ 72.655646679026816, 22.977534747726843 ] ] ] } },
{ "type": "Feature", "properties": { "grid_id": "AHM-1011" }, "geometry": { "type": "Polygon", "coordinates": [ [ [ 72.655490849501248, 22.986560617537414 ], [ 72.665239572402612, 22.986704629968571 ], [ 72.665084311123721, 22.995730551392235 ], [ 72.655334941378541, 22.995586476071299 ], [ 72.655490849501248, 22.986560617537414 ] ] ] } },
{ "type": "Feature", "properties": { "grid_id": "AHM-1012" }, "geometry": { "type": "Polygon", "coordinates": [ [ [ 72.655334941378541, 22.995586476071299 ], [ 72.665084311123721, 22.995730551392235 ], [ 72.664928971550339, 23.004756461543622 ], [ 72.65517895463546, 23.004612323324796 ], [ 72.655334941378541, 22.995586476071299 ] ] ] } },
{ "type": "Feature", "properties": { "grid_id": "AHM-1013" }, "geometry": { "type": "Polygon", "coordinates": [ [ [ 72.65517895463546, 23.004612323324796 ], [ 72.664928971550339, 23.004756461543622 ], [ 72.664773553659288, 23.013782360419043 ], [ 72.655022889248698, 23.013638159294228 ], [ 72.65517895463546, 23.004612323324796 ] ] ] } },
{ "type": "Feature", "properties": { "grid_id": "AHM-1014" }, "geometry": { "type": "Polygon", "coordinates": [ [ [ 72.655022889248698, 23.013638159294228 ], [ 72.664773553659288, 23.013782360419043 ], [ 72.664618057427319, 23.022808248014847 ], [ 72.654866745194937, 23.022663983975924 ], [ 72.655022889248698, 23.013638159294228 ] ] ] } },
{ "type": "Feature", "properties": { "grid_id": "AHM-1015" }, "geometry": { "type": "Polygon", "coordinates": [ [ [ 72.654866745194937, 23.022663983975924 ], [ 72.664618057427319, 23.022808248014847 ], [ 72.664462482831254, 23.031834124327339 ], [ 72.654710522450898, 23.031689797366198 ], [ 72.654866745194937, 23.022663983975924 ] ] ] } },
{ "type": "Feature", "properties": { "grid_id": "AHM-1016" }, "geometry": { "type": "Polygon", "coordinates": [ [ [ 72.654710522450898, 23.031689797366198 ], [ 72.664462482831254, 23.031834124327339 ], [ 72.664306829847845, 23.04085998935285 ], [ 72.654554220993219, 23.040715599461368 ], [ 72.654710522450898, 23.031689797366198 ] ] ] } },
{ "type": "Feature", "properties": { "grid_id": "AHM-1017" }, "geometry": { "type": "Polygon", "coordinates": [ [ [ 72.654554220993219, 23.040715599461368 ], [ 72.664306829847845, 23.04085998935285 ], [ 72.664151098453843, 23.049885843087708 ], [ 72.654397840798566, 23.049741390257758 ], [ 72.654554220993219, 23.040715599461368 ] ] ] } },
{ "type": "Feature", "properties": { "grid_id": "AHM-1018" }, "geometry": { "type": "Polygon", "coordinates": [ [ [ 72.654397840798566, 23.049741390257758 ], [ 72.664151098453843, 23.049885843087708 ], [ 72.663995288625983, 23.058911685528233 ], [ 72.654241381843576, 23.058767169751686 ], [ 72.654397840798566, 23.049741390257758 ] ] ] } },
{ "type": "Feature", "properties": { "grid_id": "AHM-1019" }, "geometry": { "type": "Polygon", "coordinates": [ [ [ 72.654241381843576, 23.058767169751686 ], [ 72.663995288625983, 23.058911685528233 ], [ 72.663839400340976, 23.067937516670764 ], [ 72.654084844104872, 23.067792937939483 ], [ 72.654241381843576, 23.058767169751686 ] ] ] } },
{ "type": "Feature", "properties": { "grid_id": "AHM-1020" }, "geometry": { "type": "Polygon", "coordinates": [ [ [ 72.654084844104872, 23.067792937939483 ], [ 72.663839400340976, 23.067937516670764 ], [ 72.663683433575528, 23.076963336511618 ], [ 72.653928227559049, 23.076818694817469 ], [ 72.654084844104872, 23.067792937939483 ] ] ] } },
{ "type": "Feature", "properties": { "grid_id": "AHM-1021" }, "geometry": { "type": "Polygon", "coordinates": [ [ [ 72.653928227559049, 23.076818694817469 ], [ 72.663683433575528, 23.076963336511618 ], [ 72.663527388306321, 23.085989145047133 ], [ 72.653771532182716, 23.085844440381969 ], [ 72.653928227559049, 23.076818694817469 ] ] ] } },
{ "type": "Feature", "properties": { "grid_id": "AHM-1022" }, "geometry": { "type": "Polygon", "coordinates": [ [ [ 72.653771532182716, 23.085844440381969 ], [ 72.663527388306321, 23.085989145047133 ], [ 72.663371264510047, 23.095014942273636 ], [ 72.65361475795244, 23.094870174629303 ], [ 72.653771532182716, 23.085844440381969 ] ] ] } },
{ "type": "Feature", "properties": { "grid_id": "AHM-1023" }, "geometry": { "type": "Polygon", "coordinates": [ [ [ 72.65361475795244, 23.094870174629303 ], [ 72.663371264510047, 23.095014942273636 ], [ 72.663215062163346, 23.10404072818746 ], [ 72.653457904844785, 23.103895897555816 ], [ 72.65361475795244, 23.094870174629303 ] ] ] } },
{ "type": "Feature", "properties": { "grid_id": "AHM-1024" }, "geometry": { "type": "Polygon", "coordinates": [ [ [ 72.653457904844785, 23.103895897555816 ], [ 72.663215062163346, 23.10404072818746 ], [ 72.663058781242867, 23.113066502784932 ], [ 72.653300972836291, 23.112921609157812 ], [ 72.653457904844785, 23.103895897555816 ] ] ] } },
{ "type": "Feature", "properties": { "grid_id": "AHM-1025" }, "geometry": { "type": "Polygon", "coordinates": [ [ [ 72.653300972836291, 23.112921609157812 ], [ 72.663058781242867, 23.113066502784932 ], [ 72.662902421725235, 23.122092266062388 ], [ 72.653143961903496, 23.121947309431626 ], [ 72.653300972836291, 23.112921609157812 ] ] ] } },
{ "type": "Feature", "properties": { "grid_id": "AHM-1026" }, "geometry": { "type": "Polygon", "coordinates": [ [ [ 72.653143961903496, 23.121947309431626 ], [ 72.662902421725235, 23.122092266062388 ], [ 72.662745983587072, 23.13111801801616 ], [ 72.652986872022893, 23.130972998373597 ], [ 72.653143961903496, 23.121947309431626 ] ] ] } },
{ "type": "Feature", "properties": { "grid_id": "AHM-1027" }, "geometry": { "type": "Polygon", "coordinates": [ [ [ 72.652986872022893, 23.130972998373597 ], [ 72.662745983587072, 23.13111801801616 ], [ 72.662589466804945, 23.140143758642587 ], [ 72.652829703171008, 23.139998675980046 ], [ 72.652986872022893, 23.130972998373597 ] ] ] } },
{ "type": "Feature", "properties": { "grid_id": "AHM-1028" }, "geometry": { "type": "Polygon", "coordinates": [ [ [ 72.652829703171008, 23.139998675980046 ], [ 72.662589466804945, 23.140143758642587 ], [ 72.662432871355463, 23.149169487938003 ], [ 72.652672455324307, 23.149024342247309 ], [ 72.652829703171008, 23.139998675980046 ] ] ] } },
{ "type": "Feature", "properties": { "grid_id": "AHM-1029" }, "geometry": { "type": "Polygon", "coordinates": [ [ [ 72.652672455324307, 23.149024342247309 ], [ 72.662432871355463, 23.149169487938003 ], [ 72.662276197215178, 23.158195205898739 ], [ 72.652515128459257, 23.158049997171705 ], [ 72.652672455324307, 23.149024342247309 ] ] ] } },
{ "type": "Feature", "properties": { "grid_id": "AHM-1030" }, "geometry": { "type": "Polygon", "coordinates": [ [ [ 72.652515128459257, 23.158049997171705 ], [ 72.662276197215178, 23.158195205898739 ], [ 72.662119444360656, 23.167220912521127 ], [ 72.652357722552338, 23.167075640749573 ], [ 72.652515128459257, 23.158049997171705 ] ] ] } },
{ "type": "Feature", "properties": { "grid_id": "AHM-1031" }, "geometry": { "type": "Polygon", "coordinates": [ [ [ 72.652357722552338, 23.167075640749573 ], [ 72.662119444360656, 23.167220912521127 ], [ 72.661962612768392, 23.176246607801517 ], [ 72.652200237579947, 23.176101272977252 ], [ 72.652357722552338, 23.167075640749573 ] ] ] } },
{ "type": "Feature", "properties": { "grid_id": "AHM-1032" }, "geometry": { "type": "Polygon", "coordinates": [ [ [ 72.652200237579947, 23.176101272977252 ], [ 72.661962612768392, 23.176246607801517 ], [ 72.661805702414952, 23.18527229173624 ], [ 72.652042673518523, 23.18512689385107 ], [ 72.652200237579947, 23.176101272977252 ] ] ] } },
{ "type": "Feature", "properties": { "grid_id": "AHM-1033" }, "geometry": { "type": "Polygon", "coordinates": [ [ [ 72.652042673518523, 23.18512689385107 ], [ 72.661805702414952, 23.18527229173624 ], [ 72.661648713276804, 23.194297964321638 ], [ 72.651885030344488, 23.194152503367356 ], [ 72.652042673518523, 23.18512689385107 ] ] ] } },
{ "type": "Feature", "properties": { "grid_id": "AHM-1034" }, "geometry": { "type": "Polygon", "coordinates": [ [ [ 72.651885030344488, 23.194152503367356 ], [ 72.661648713276804, 23.194297964321638 ], [ 72.661491645330443, 23.203323625554045 ], [ 72.651727308034197, 23.20317810152245 ], [ 72.651885030344488, 23.194152503367356 ] ] ] } },
{ "type": "Feature", "properties": { "grid_id": "AHM-1035" }, "geometry": { "type": "Polygon", "coordinates": [ [ [ 72.651727308034197, 23.20317810152245 ], [ 72.661491645330443, 23.203323625554045 ], [ 72.661334498552364, 23.212349275429816 ], [ 72.651569506564059, 23.212203688312691 ], [ 72.651727308034197, 23.20317810152245 ] ] ] } },
{ "type": "Feature", "properties": { "grid_id": "AHM-1036" }, "geometry": { "type": "Polygon", "coordinates": [ [ [ 72.651569506564059, 23.212203688312691 ], [ 72.661334498552364, 23.212349275429816 ], [ 72.661177272919005, 23.221374913945279 ], [ 72.651411625910399, 23.221229263734415 ], [ 72.651569506564059, 23.212203688312691 ] ] ] } },
{ "type": "Feature", "properties": { "grid_id": "AHM-1037" }, "geometry": { "type": "Polygon", "coordinates": [ [ [ 72.666942285650663, 22.887418751390275 ], [ 72.676683992769441, 22.887561476543212 ], [ 72.676530234492091, 22.896587584258963 ], [ 72.666787884085053, 22.896444796566094 ], [ 72.666942285650663, 22.887418751390275 ] ] ] } },
{ "type": "Feature", "properties": { "grid_id": "AHM-1038" }, "geometry": { "type": "Polygon", "coordinates": [ [ [ 72.666787884085053, 22.896444796566094 ], [ 72.676530234492091, 22.896587584258963 ], [ 72.676376398499201, 22.90561368075096 ], [ 72.666633404479057, 22.90547083051014 ], [ 72.666787884085053, 22.896444796566094 ] ] ] } },
{ "type": "Feature", "properties": { "grid_id": "AHM-1039" }, "geometry": { "type": "Polygon", "coordinates": [ [ [ 72.666633404479057, 22.90547083051014 ], [ 72.676376398499201, 22.90561368075096 ], [ 72.67622248476782, 22.914639766015512 ], [ 72.666478846809611, 22.914496853218722 ], [ 72.666633404479057, 22.90547083051014 ] ] ] } },
{ "type": "Feature", "properties": { "grid_id": "AHM-1040" }, "geometry": { "type": "Polygon", "coordinates": [ [ [ 72.666478846809611, 22.914496853218722 ], [ 72.67622248476782, 22.914639766015512 ], [ 72.676068493275025, 22.923665840048933 ], [ 72.666324211053691, 22.923522864688149 ], [ 72.666478846809611, 22.914496853218722 ] ] ] } },
{ "type": "Feature", "properties": { "grid_id": "AHM-1041" }, "geometry": { "type": "Polygon", "coordinates": [ [ [ 72.666324211053691, 22.923522864688149 ], [ 72.676068493275025, 22.923665840048933 ], [ 72.675914423997853, 22.932691902847559 ], [ 72.666169497188235, 22.932548864914747 ], [ 72.666324211053691, 22.923522864688149 ] ] ] } },
{ "type": "Feature", "properties": { "grid_id": "AHM-1042" }, "geometry": { "type": "Polygon", "coordinates": [ [ [ 72.666169497188235, 22.932548864914747 ], [ 72.675914423997853, 22.932691902847559 ], [ 72.675760276913309, 22.941717954407697 ], [ 72.666014705190193, 22.941574853894821 ], [ 72.666169497188235, 22.932548864914747 ] ] ] } },
{ "type": "Feature", "properties": { "grid_id": "AHM-1043" }, "geometry": { "type": "Polygon", "coordinates": [ [ [ 72.666014705190193, 22.941574853894821 ], [ 72.675760276913309, 22.941717954407697 ], [ 72.675606051998443, 22.950743994725677 ], [ 72.665859835036471, 22.950600831624698 ], [ 72.666014705190193, 22.941574853894821 ] ] ] } },
{ "type": "Feature", "properties": { "grid_id": "AHM-1044" }, "geometry": { "type": "Polygon", "coordinates": [ [ [ 72.665859835036471, 22.950600831624698 ], [ 72.675606051998443, 22.950743994725677 ], [ 72.67545174923022, 22.959770023797816 ], [ 72.665704886703978, 22.959626798100679 ], [ 72.665859835036471, 22.950600831624698 ] ] ] } },
{ "type": "Feature", "properties": { "grid_id": "AHM-1045" }, "geometry": { "type": "Polygon", "coordinates": [ [ [ 72.665704886703978, 22.959626798100679 ], [ 72.67545174923022, 22.959770023797816 ], [ 72.675297368585646, 22.96879604162045 ], [ 72.665549860169577, 22.968652753319116 ], [ 72.665704886703978, 22.959626798100679 ] ] ] } },
{ "type": "Feature", "properties": { "grid_id": "AHM-1046" }, "geometry": { "type": "Polygon", "coordinates": [ [ [ 72.665549860169577, 22.968652753319116 ], [ 72.675297368585646, 22.96879604162045 ], [ 72.675142910041686, 22.977822048189893 ], [ 72.665394755410176, 22.977678697276303 ], [ 72.665549860169577, 22.968652753319116 ] ] ] } },
{ "type": "Feature", "properties": { "grid_id": "AHM-1047" }, "geometry": { "type": "Polygon", "coordinates": [ [ [ 72.665394755410176, 22.977678697276303 ], [ 72.675142910041686, 22.977822048189893 ], [ 72.674988373575289, 22.986848043502469 ], [ 72.665239572402612, 22.986704629968571 ], [ 72.665394755410176, 22.977678697276303 ] ] ] } },
{ "type": "Feature", "properties": { "grid_id": "AHM-1048" }, "geometry": { "type": "Polygon", "coordinates": [ [ [ 72.665239572402612, 22.986704629968571 ], [ 72.674988373575289, 22.986848043502469 ], [ 72.674833759163391, 22.99587402755451 ], [ 72.665084311123721, 22.995730551392235 ], [ 72.665239572402612, 22.986704629968571 ] ] ] } },
{ "type": "Feature", "properties": { "grid_id": "AHM-1049" }, "geometry": { "type": "Polygon", "coordinates": [ [ [ 72.665084311123721, 22.995730551392235 ], [ 72.674833759163391, 22.99587402755451 ], [ 72.6746790667829, 23.004900000342346 ], [ 72.664928971550339, 23.004756461543622 ], [ 72.665084311123721, 22.995730551392235 ] ] ] } },
{ "type": "Feature", "properties": { "grid_id": "AHM-1050" }, "geometry": { "type": "Polygon", "coordinates": [ [ [ 72.664928971550339, 23.004756461543622 ], [ 72.6746790667829, 23.004900000342346 ], [ 72.674524296410752, 23.013925961862288 ], [ 72.664773553659288, 23.013782360419043 ], [ 72.664928971550339, 23.004756461543622 ] ] ] } },
{ "type": "Feature", "properties": { "grid_id": "AHM-1051" }, "geometry": { "type": "Polygon", "coordinates": [ [ [ 72.664773553659288, 23.013782360419043 ], [ 72.674524296410752, 23.013925961862288 ], [ 72.67436944802381, 23.022951912110685 ], [ 72.664618057427319, 23.022808248014847 ], [ 72.664773553659288, 23.013782360419043 ] ] ] } },
{ "type": "Feature", "properties": { "grid_id": "AHM-1052" }, "geometry": { "type": "Polygon", "coordinates": [ [ [ 72.664618057427319, 23.022808248014847 ], [ 72.67436944802381, 23.022951912110685 ], [ 72.674214521598969, 23.031977851083862 ], [ 72.664462482831254, 23.031834124327339 ], [ 72.664618057427319, 23.022808248014847 ] ] ] } },
{ "type": "Feature", "properties": { "grid_id": "AHM-1053" }, "geometry": { "type": "Polygon", "coordinates": [ [ [ 72.664462482831254, 23.031834124327339 ], [ 72.674214521598969, 23.031977851083862 ], [ 72.674059517113065, 23.041003778778137 ], [ 72.664306829847845, 23.04085998935285 ], [ 72.664462482831254, 23.031834124327339 ] ] ] } },
{ "type": "Feature", "properties": { "grid_id": "AHM-1054" }, "geometry": { "type": "Polygon", "coordinates": [ [ [ 72.664306829847845, 23.04085998935285 ], [ 72.674059517113065, 23.041003778778137 ], [ 72.673904434542976, 23.050029695189856 ], [ 72.664151098453843, 23.049885843087708 ], [ 72.664306829847845, 23.04085998935285 ] ] ] } },
{ "type": "Feature", "properties": { "grid_id": "AHM-1055" }, "geometry": { "type": "Polygon", "coordinates": [ [ [ 72.664151098453843, 23.049885843087708 ], [ 72.673904434542976, 23.050029695189856 ], [ 72.673749273865511, 23.059055600315332 ], [ 72.663995288625983, 23.058911685528233 ], [ 72.664151098453843, 23.049885843087708 ] ] ] } },
{ "type": "Feature", "properties": { "grid_id": "AHM-1056" }, "geometry": { "type": "Polygon", "coordinates": [ [ [ 72.663995288625983, 23.058911685528233 ], [ 72.673749273865511, 23.059055600315332 ], [ 72.673594035057505, 23.068081494150924 ], [ 72.663839400340976, 23.067937516670764 ], [ 72.663995288625983, 23.058911685528233 ] ] ] } },
{ "type": "Feature", "properties": { "grid_id": "AHM-1057" }, "geometry": { "type": "Polygon", "coordinates": [ [ [ 72.663839400340976, 23.067937516670764 ], [ 72.673594035057505, 23.068081494150924 ], [ 72.673438718095738, 23.077107376692936 ], [ 72.663683433575528, 23.076963336511618 ], [ 72.663839400340976, 23.067937516670764 ] ] ] } },
{ "type": "Feature", "properties": { "grid_id": "AHM-1058" }, "geometry": { "type": "Polygon", "coordinates": [ [ [ 72.663683433575528, 23.076963336511618 ], [ 72.673438718095738, 23.077107376692936 ], [ 72.673283322957005, 23.08613324793772 ], [ 72.663527388306321, 23.085989145047133 ], [ 72.663683433575528, 23.076963336511618 ] ] ] } },
{ "type": "Feature", "properties": { "grid_id": "AHM-1059" }, "geometry": { "type": "Polygon", "coordinates": [ [ [ 72.663527388306321, 23.085989145047133 ], [ 72.673283322957005, 23.08613324793772 ], [ 72.673127849618069, 23.095159107881614 ], [ 72.663371264510047, 23.095014942273636 ], [ 72.663527388306321, 23.085989145047133 ] ] ] } },
{ "type": "Feature", "properties": { "grid_id": "AHM-1060" }, "geometry": { "type": "Polygon", "coordinates": [ [ [ 72.663371264510047, 23.095014942273636 ], [ 72.673127849618069, 23.095159107881614 ], [ 72.672972298055683, 23.104184956520943 ], [ 72.663215062163346, 23.10404072818746 ], [ 72.663371264510047, 23.095014942273636 ] ] ] } },
{ "type": "Feature", "properties": { "grid_id": "AHM-1061" }, "geometry": { "type": "Polygon", "coordinates": [ [ [ 72.663215062163346, 23.10404072818746 ], [ 72.672972298055683, 23.104184956520943 ], [ 72.672816668246597, 23.113210793852044 ], [ 72.663058781242867, 23.113066502784932 ], [ 72.663215062163346, 23.10404072818746 ] ] ] } },
{ "type": "Feature", "properties": { "grid_id": "AHM-1062" }, "geometry": { "type": "Polygon", "coordinates": [ [ [ 72.663058781242867, 23.113066502784932 ], [ 72.672816668246597, 23.113210793852044 ], [ 72.672660960167534, 23.122236619871263 ], [ 72.662902421725235, 23.122092266062388 ], [ 72.663058781242867, 23.113066502784932 ] ] ] } },
{ "type": "Feature", "properties": { "grid_id": "AHM-1063" }, "geometry": { "type": "Polygon", "coordinates": [ [ [ 72.662902421725235, 23.122092266062388 ], [ 72.672660960167534, 23.122236619871263 ], [ 72.672505173795187, 23.131262434574932 ], [ 72.662745983587072, 23.13111801801616 ], [ 72.662902421725235, 23.122092266062388 ] ] ] } },
{ "type": "Feature", "properties": { "grid_id": "AHM-1064" }, "geometry": { "type": "Polygon", "coordinates": [ [ [ 72.662745983587072, 23.13111801801616 ], [ 72.672505173795187, 23.131262434574932 ], [ 72.672349309106266, 23.140288237959385 ], [ 72.662589466804945, 23.140143758642587 ], [ 72.662745983587072, 23.13111801801616 ] ] ] } },
{ "type": "Feature", "properties": { "grid_id": "AHM-1065" }, "geometry": { "type": "Polygon", "coordinates": [ [ [ 72.662589466804945, 23.140143758642587 ], [ 72.672349309106266, 23.140288237959385 ], [ 72.672193366077437, 23.149314030020975 ], [ 72.662432871355463, 23.149169487938003 ], [ 72.662589466804945, 23.140143758642587 ] ] ] } },
{ "type": "Feature", "properties": { "grid_id": "AHM-1066" }, "geometry": { "type": "Polygon", "coordinates": [ [ [ 72.662432871355463, 23.149169487938003 ], [ 72.672193366077437, 23.149314030020975 ], [ 72.67203734468535, 23.158339810756043 ], [ 72.662276197215178, 23.158195205898739 ], [ 72.662432871355463, 23.149169487938003 ] ] ] } },
{ "type": "Feature", "properties": { "grid_id": "AHM-1067" }, "geometry": { "type": "Polygon", "coordinates": [ [ [ 72.662276197215178, 23.158195205898739 ], [ 72.67203734468535, 23.158339810756043 ], [ 72.671881244906686, 23.167365580160904 ], [ 72.662119444360656, 23.167220912521127 ], [ 72.662276197215178, 23.158195205898739 ] ] ] } },
{ "type": "Feature", "properties": { "grid_id": "AHM-1068" }, "geometry": { "type": "Polygon", "coordinates": [ [ [ 72.662119444360656, 23.167220912521127 ], [ 72.671881244906686, 23.167365580160904 ], [ 72.671725066718054, 23.176391338231927 ], [ 72.661962612768392, 23.176246607801517 ], [ 72.662119444360656, 23.167220912521127 ] ] ] } },
{ "type": "Feature", "properties": { "grid_id": "AHM-1069" }, "geometry": { "type": "Polygon", "coordinates": [ [ [ 72.661962612768392, 23.176246607801517 ], [ 72.671725066718054, 23.176391338231927 ], [ 72.671568810096062, 23.185417084965447 ], [ 72.661805702414952, 23.18527229173624 ], [ 72.661962612768392, 23.176246607801517 ] ] ] } },
{ "type": "Feature", "properties": { "grid_id": "AHM-1070" }, "geometry": { "type": "Polygon", "coordinates": [ [ [ 72.661805702414952, 23.18527229173624 ], [ 72.671568810096062, 23.185417084965447 ], [ 72.671412475017334, 23.194442820357803 ], [ 72.661648713276804, 23.194297964321638 ], [ 72.661805702414952, 23.18527229173624 ] ] ] } },
{ "type": "Feature", "properties": { "grid_id": "AHM-1071" }, "geometry": { "type": "Polygon", "coordinates": [ [ [ 72.661648713276804, 23.194297964321638 ], [ 72.671412475017334, 23.194442820357803 ], [ 72.67125606145845, 23.203468544405347 ], [ 72.661491645330443, 23.203323625554045 ], [ 72.661648713276804, 23.194297964321638 ] ] ] } },
{ "type": "Feature", "properties": { "grid_id": "AHM-1072" }, "geometry": { "type": "Polygon", "coordinates": [ [ [ 72.661491645330443, 23.203323625554045 ], [ 72.67125606145845, 23.203468544405347 ], [ 72.671099569395949, 23.212494257104421 ], [ 72.661334498552364, 23.212349275429816 ], [ 72.661491645330443, 23.203323625554045 ] ] ] } },
{ "type": "Feature", "properties": { "grid_id": "AHM-1073" }, "geometry": { "type": "Polygon", "coordinates": [ [ [ 72.661334498552364, 23.212349275429816 ], [ 72.671099569395949, 23.212494257104421 ], [ 72.670942998806439, 23.221519958451371 ], [ 72.661177272919005, 23.221374913945279 ], [ 72.661334498552364, 23.212349275429816 ] ] ] } },
{ "type": "Feature", "properties": { "grid_id": "AHM-1074" }, "geometry": { "type": "Polygon", "coordinates": [ [ [ 72.676683992769441, 22.887561476543212 ], [ 72.686425777580865, 22.887703605652803 ], [ 72.686272662614684, 22.896729775647433 ], [ 72.676530234492091, 22.896587584258963 ], [ 72.676683992769441, 22.887561476543212 ] ] ] } },
{ "type": "Feature", "properties": { "grid_id": "AHM-1075" }, "geometry": { "type": "Polygon", "coordinates": [ [ [ 72.676530234492091, 22.896587584258963 ], [ 72.686272662614684, 22.896729775647433 ], [ 72.686119470257836, 22.905755934426299 ], [ 72.676376398499201, 22.90561368075096 ], [ 72.676530234492091, 22.896587584258963 ] ] ] } },
{ "type": "Feature", "properties": { "grid_id": "AHM-1076" }, "geometry": { "type": "Polygon", "coordinates": [ [ [ 72.676376398499201, 22.90561368075096 ], [ 72.686119470257836, 22.905755934426299 ], [ 72.685966200487471, 22.914782081985699 ], [ 72.67622248476782, 22.914639766015512 ], [ 72.676376398499201, 22.90561368075096 ] ] ] } },
{ "type": "Feature", "properties": { "grid_id": "AHM-1077" }, "geometry": { "type": "Polygon", "coordinates": [ [ [ 72.67622248476782, 22.914639766015512 ], [ 72.685966200487471, 22.914782081985699 ], [ 72.685812853280751, 22.923808218321973 ], [ 72.676068493275025, 22.923665840048933 ], [ 72.67622248476782, 22.914639766015512 ] ] ] } },
{ "type": "Feature", "properties": { "grid_id": "AHM-1078" }, "geometry": { "type": "Polygon", "coordinates": [ [ [ 72.676068493275025, 22.923665840048933 ], [ 72.685812853280751, 22.923808218321973 ], [ 72.685659428614812, 22.932834343431445 ], [ 72.675914423997853, 22.932691902847559 ], [ 72.676068493275025, 22.923665840048933 ] ] ] } },
{ "type": "Feature", "properties": { "grid_id": "AHM-1079" }, "geometry": { "type": "Polygon", "coordinates": [ [ [ 72.675914423997853, 22.932691902847559 ], [ 72.685659428614812, 22.932834343431445 ], [ 72.685505926466774, 22.94186045731043 ], [ 72.675760276913309, 22.941717954407697 ], [ 72.675914423997853, 22.932691902847559 ] ] ] } },
{ "type": "Feature", "properties": { "grid_id": "AHM-1080" }, "geometry": { "type": "Polygon", "coordinates": [ [ [ 72.675760276913309, 22.941717954407697 ], [ 72.685505926466774, 22.94186045731043 ], [ 72.685352346813758, 22.950886559955261 ], [ 72.675606051998443, 22.950743994725677 ], [ 72.675760276913309, 22.941717954407697 ] ] ] } },
{ "type": "Feature", "properties": { "grid_id": "AHM-1081" }, "geometry": { "type": "Polygon", "coordinates": [ [ [ 72.675606051998443, 22.950743994725677 ], [ 72.685352346813758, 22.950886559955261 ], [ 72.685198689632841, 22.959912651362266 ], [ 72.67545174923022, 22.959770023797816 ], [ 72.675606051998443, 22.950743994725677 ] ] ] } },
{ "type": "Feature", "properties": { "grid_id": "AHM-1082" }, "geometry": { "type": "Polygon", "coordinates": [ [ [ 72.67545174923022, 22.959770023797816 ], [ 72.685198689632841, 22.959912651362266 ], [ 72.685044954901116, 22.968938731527786 ], [ 72.675297368585646, 22.96879604162045 ], [ 72.67545174923022, 22.959770023797816 ] ] ] } },
{ "type": "Feature", "properties": { "grid_id": "AHM-1083" }, "geometry": { "type": "Polygon", "coordinates": [ [ [ 72.675297368585646, 22.96879604162045 ], [ 72.685044954901116, 22.968938731527786 ], [ 72.684891142595646, 22.977964800448131 ], [ 72.675142910041686, 22.977822048189893 ], [ 72.675297368585646, 22.96879604162045 ] ] ] } },
{ "type": "Feature", "properties": { "grid_id": "AHM-1084" }, "geometry": { "type": "Polygon", "coordinates": [ [ [ 72.675142910041686, 22.977822048189893 ], [ 72.684891142595646, 22.977964800448131 ], [ 72.684737252693481, 22.98699085811964 ], [ 72.674988373575289, 22.986848043502469 ], [ 72.675142910041686, 22.977822048189893 ] ] ] } },
{ "type": "Feature", "properties": { "grid_id": "AHM-1085" }, "geometry": { "type": "Polygon", "coordinates": [ [ [ 72.674988373575289, 22.986848043502469 ], [ 72.684737252693481, 22.98699085811964 ], [ 72.684583285171627, 22.996016904538646 ], [ 72.674833759163391, 22.99587402755451 ], [ 72.674988373575289, 22.986848043502469 ] ] ] } },
{ "type": "Feature", "properties": { "grid_id": "AHM-1086" }, "geometry": { "type": "Polygon", "coordinates": [ [ [ 72.674833759163391, 22.99587402755451 ], [ 72.684583285171627, 22.996016904538646 ], [ 72.684429240007134, 23.005042939701472 ], [ 72.6746790667829, 23.004900000342346 ], [ 72.674833759163391, 22.99587402755451 ] ] ] } },
{ "type": "Feature", "properties": { "grid_id": "AHM-1087" }, "geometry": { "type": "Polygon", "coordinates": [ [ [ 72.6746790667829, 23.004900000342346 ], [ 72.684429240007134, 23.005042939701472 ], [ 72.684275117176995, 23.014068963604455 ], [ 72.674524296410752, 23.013925961862288 ], [ 72.6746790667829, 23.004900000342346 ] ] ] } },
{ "type": "Feature", "properties": { "grid_id": "AHM-1088" }, "geometry": { "type": "Polygon", "coordinates": [ [ [ 72.674524296410752, 23.013925961862288 ], [ 72.684275117176995, 23.014068963604455 ], [ 72.684120916658202, 23.023094976243932 ], [ 72.67436944802381, 23.022951912110685 ], [ 72.674524296410752, 23.013925961862288 ] ] ] } },
{ "type": "Feature", "properties": { "grid_id": "AHM-1089" }, "geometry": { "type": "Polygon", "coordinates": [ [ [ 72.67436944802381, 23.022951912110685 ], [ 72.684120916658202, 23.023094976243932 ], [ 72.683966638427705, 23.032120977616234 ], [ 72.674214521598969, 23.031977851083862 ], [ 72.67436944802381, 23.022951912110685 ] ] ] } },
{ "type": "Feature", "properties": { "grid_id": "AHM-1090" }, "geometry": { "type": "Polygon", "coordinates": [ [ [ 72.674214521598969, 23.031977851083862 ], [ 72.683966638427705, 23.032120977616234 ], [ 72.683812282462483, 23.04114696771769 ], [ 72.674059517113065, 23.041003778778137 ], [ 72.674214521598969, 23.031977851083862 ] ] ] } },
{ "type": "Feature", "properties": { "grid_id": "AHM-1091" }, "geometry": { "type": "Polygon", "coordinates": [ [ [ 72.674059517113065, 23.041003778778137 ], [ 72.683812282462483, 23.04114696771769 ], [ 72.683657848739486, 23.050172946544649 ], [ 72.673904434542976, 23.050029695189856 ], [ 72.674059517113065, 23.041003778778137 ] ] ] } },
{ "type": "Feature", "properties": { "grid_id": "AHM-1092" }, "geometry": { "type": "Polygon", "coordinates": [ [ [ 72.673904434542976, 23.050029695189856 ], [ 72.683657848739486, 23.050172946544649 ], [ 72.683503337235607, 23.059198914093439 ], [ 72.673749273865511, 23.059055600315332 ], [ 72.673904434542976, 23.050029695189856 ] ] ] } },
{ "type": "Feature", "properties": { "grid_id": "AHM-1093" }, "geometry": { "type": "Polygon", "coordinates": [ [ [ 72.673749273865511, 23.059055600315332 ], [ 72.683503337235607, 23.059198914093439 ], [ 72.683348747927795, 23.068224870360389 ], [ 72.673594035057505, 23.068081494150924 ], [ 72.673749273865511, 23.059055600315332 ] ] ] } },
{ "type": "Feature", "properties": { "grid_id": "AHM-1094" }, "geometry": { "type": "Polygon", "coordinates": [ [ [ 72.673594035057505, 23.068081494150924 ], [ 72.683348747927795, 23.068224870360389 ], [ 72.68319408079293, 23.077250815341849 ], [ 72.673438718095738, 23.077107376692936 ], [ 72.673594035057505, 23.068081494150924 ] ] ] } },
{ "type": "Feature", "properties": { "grid_id": "AHM-1095" }, "geometry": { "type": "Polygon", "coordinates": [ [ [ 72.673438718095738, 23.077107376692936 ], [ 72.68319408079293, 23.077250815341849 ], [ 72.683039335807877, 23.086276749034155 ], [ 72.673283322957005, 23.08613324793772 ], [ 72.673438718095738, 23.077107376692936 ] ] ] } },
{ "type": "Feature", "properties": { "grid_id": "AHM-1096" }, "geometry": { "type": "Polygon", "coordinates": [ [ [ 72.673283322957005, 23.08613324793772 ], [ 72.683039335807877, 23.086276749034155 ], [ 72.682884512949528, 23.095302671433643 ], [ 72.673127849618069, 23.095159107881614 ], [ 72.673283322957005, 23.08613324793772 ] ] ] } },
{ "type": "Feature", "properties": { "grid_id": "AHM-1097" }, "geometry": { "type": "Polygon", "coordinates": [ [ [ 72.673127849618069, 23.095159107881614 ], [ 72.682884512949528, 23.095302671433643 ], [ 72.682729612194734, 23.104328582536663 ], [ 72.672972298055683, 23.104184956520943 ], [ 72.673127849618069, 23.095159107881614 ] ] ] } },
{ "type": "Feature", "properties": { "grid_id": "AHM-1098" }, "geometry": { "type": "Polygon", "coordinates": [ [ [ 72.672972298055683, 23.104184956520943 ], [ 72.682729612194734, 23.104328582536663 ], [ 72.682574633520304, 23.113354482339545 ], [ 72.672816668246597, 23.113210793852044 ], [ 72.672972298055683, 23.104184956520943 ] ] ] } },
{ "type": "Feature", "properties": { "grid_id": "AHM-1099" }, "geometry": { "type": "Polygon", "coordinates": [ [ [ 72.672816668246597, 23.113210793852044 ], [ 72.682574633520304, 23.113354482339545 ], [ 72.682419576903101, 23.122380370838634 ], [ 72.672660960167534, 23.122236619871263 ], [ 72.672816668246597, 23.113210793852044 ] ] ] } },
{ "type": "Feature", "properties": { "grid_id": "AHM-1100" }, "geometry": { "type": "Polygon", "coordinates": [ [ [ 72.672660960167534, 23.122236619871263 ], [ 72.682419576903101, 23.122380370838634 ], [ 72.682264442319877, 23.131406248030274 ], [ 72.672505173795187, 23.131262434574932 ], [ 72.672660960167534, 23.122236619871263 ] ] ] } },
{ "type": "Feature", "properties": { "grid_id": "AHM-1101" }, "geometry": { "type": "Polygon", "coordinates": [ [ [ 72.672505173795187, 23.131262434574932 ], [ 72.682264442319877, 23.131406248030274 ], [ 72.682109229747468, 23.140432113910808 ], [ 72.672349309106266, 23.140288237959385 ], [ 72.672505173795187, 23.131262434574932 ] ] ] } },
{ "type": "Feature", "properties": { "grid_id": "AHM-1102" }, "geometry": { "type": "Polygon", "coordinates": [ [ [ 72.672349309106266, 23.140288237959385 ], [ 72.682109229747468, 23.140432113910808 ], [ 72.681953939162625, 23.149457968476579 ], [ 72.672193366077437, 23.149314030020975 ], [ 72.672349309106266, 23.140288237959385 ] ] ] } },
{ "type": "Feature", "properties": { "grid_id": "AHM-1103" }, "geometry": { "type": "Polygon", "coordinates": [ [ [ 72.672193366077437, 23.149314030020975 ], [ 72.681953939162625, 23.149457968476579 ], [ 72.681798570542114, 23.15848381172394 ], [ 72.67203734468535, 23.158339810756043 ], [ 72.672193366077437, 23.149314030020975 ] ] ] } },
{ "type": "Feature", "properties": { "grid_id": "AHM-1104" }, "geometry": { "type": "Polygon", "coordinates": [ [ [ 72.67203734468535, 23.158339810756043 ], [ 72.681798570542114, 23.15848381172394 ], [ 72.681643123862671, 23.167509643649229 ], [ 72.671881244906686, 23.167365580160904 ], [ 72.67203734468535, 23.158339810756043 ] ] ] } },
{ "type": "Feature", "properties": { "grid_id": "AHM-1105" }, "geometry": { "type": "Polygon", "coordinates": [ [ [ 72.671881244906686, 23.167365580160904 ], [ 72.681643123862671, 23.167509643649229 ], [ 72.681487599101047, 23.176535464248794 ], [ 72.671725066718054, 23.176391338231927 ], [ 72.671881244906686, 23.167365580160904 ] ] ] } },
{ "type": "Feature", "properties": { "grid_id": "AHM-1106" }, "geometry": { "type": "Polygon", "coordinates": [ [ [ 72.671725066718054, 23.176391338231927 ], [ 72.681487599101047, 23.176535464248794 ], [ 72.681331996233922, 23.185561273518982 ], [ 72.671568810096062, 23.185417084965447 ], [ 72.671725066718054, 23.176391338231927 ] ] ] } },
{ "type": "Feature", "properties": { "grid_id": "AHM-1107" }, "geometry": { "type": "Polygon", "coordinates": [ [ [ 72.671568810096062, 23.185417084965447 ], [ 72.681331996233922, 23.185561273518982 ], [ 72.681176315238019, 23.194587071456137 ], [ 72.671412475017334, 23.194442820357803 ], [ 72.671568810096062, 23.185417084965447 ] ] ] } },
{ "type": "Feature", "properties": { "grid_id": "AHM-1108" }, "geometry": { "type": "Polygon", "coordinates": [ [ [ 72.671412475017334, 23.194442820357803 ], [ 72.681176315238019, 23.194587071456137 ], [ 72.681020556090019, 23.203612858056626 ], [ 72.67125606145845, 23.203468544405347 ], [ 72.671412475017334, 23.194442820357803 ] ] ] } },
{ "type": "Feature", "properties": { "grid_id": "AHM-1109" }, "geometry": { "type": "Polygon", "coordinates": [ [ [ 72.67125606145845, 23.203468544405347 ], [ 72.681020556090019, 23.203612858056626 ], [ 72.680864718766585, 23.212638633316779 ], [ 72.671099569395949, 23.212494257104421 ], [ 72.67125606145845, 23.203468544405347 ] ] ] } },
{ "type": "Feature", "properties": { "grid_id": "AHM-1110" }, "geometry": { "type": "Polygon", "coordinates": [ [ [ 72.671099569395949, 23.212494257104421 ], [ 72.680864718766585, 23.212638633316779 ], [ 72.680708803244357, 23.22166439723296 ], [ 72.670942998806439, 23.221519958451371 ], [ 72.671099569395949, 23.212494257104421 ] ] ] } },
{ "type": "Feature", "properties": { "grid_id": "AHM-1111" }, "geometry": { "type": "Polygon", "coordinates": [ [ [ 72.686425777580865, 22.887703605652803 ], [ 72.696167639760162, 22.887845138699767 ], [ 72.696015168127957, 22.896871370712216 ], [ 72.686272662614684, 22.896729775647433 ], [ 72.686425777580865, 22.887703605652803 ] ] ] } },
{ "type": "Feature", "properties": { "grid_id": "AHM-1112" }, "geometry": { "type": "Polygon", "coordinates": [ [ [ 72.686272662614684, 22.896729775647433 ], [ 72.696015168127957, 22.896871370712216 ], [ 72.695862619429974, 22.905897591516851 ], [ 72.686119470257836, 22.905755934426299 ], [ 72.686272662614684, 22.896729775647433 ] ] ] } },
{ "type": "Feature", "properties": { "grid_id": "AHM-1113" }, "geometry": { "type": "Polygon", "coordinates": [ [ [ 72.686119470257836, 22.905755934426299 ], [ 72.695862619429974, 22.905897591516851 ], [ 72.695709993643462, 22.914923801109982 ], [ 72.685966200487471, 22.914782081985699 ], [ 72.686119470257836, 22.905755934426299 ] ] ] } },
{ "type": "Feature", "properties": { "grid_id": "AHM-1114" }, "geometry": { "type": "Polygon", "coordinates": [ [ [ 72.685966200487471, 22.914782081985699 ], [ 72.695709993643462, 22.914923801109982 ], [ 72.695557290745683, 22.923949999487938 ], [ 72.685812853280751, 22.923808218321973 ], [ 72.685966200487471, 22.914782081985699 ] ] ] } },
{ "type": "Feature", "properties": { "grid_id": "AHM-1115" }, "geometry": { "type": "Polygon", "coordinates": [ [ [ 72.685812853280751, 22.923808218321973 ], [ 72.695557290745683, 22.923949999487938 ], [ 72.695404510713857, 22.932976186647061 ], [ 72.685659428614812, 22.932834343431445 ], [ 72.685812853280751, 22.923808218321973 ] ] ] } },
{ "type": "Feature", "properties": { "grid_id": "AHM-1116" }, "geometry": { "type": "Polygon", "coordinates": [ [ [ 72.685659428614812, 22.932834343431445 ], [ 72.695404510713857, 22.932976186647061 ], [ 72.695251653525219, 22.942002362583672 ], [ 72.685505926466774, 22.94186045731043 ], [ 72.685659428614812, 22.932834343431445 ] ] ] } },
{ "type": "Feature", "properties": { "grid_id": "AHM-1117" }, "geometry": { "type": "Polygon", "coordinates": [ [ [ 72.685505926466774, 22.94186045731043 ], [ 72.695251653525219, 22.942002362583672 ], [ 72.69509871915696, 22.951028527294103 ], [ 72.685352346813758, 22.950886559955261 ], [ 72.685505926466774, 22.94186045731043 ] ] ] } },
{ "type": "Feature", "properties": { "grid_id": "AHM-1118" }, "geometry": { "type": "Polygon", "coordinates": [ [ [ 72.685352346813758, 22.950886559955261 ], [ 72.69509871915696, 22.951028527294103 ], [ 72.694945707586271, 22.960054680774682 ], [ 72.685198689632841, 22.959912651362266 ], [ 72.685352346813758, 22.950886559955261 ] ] ] } },
{ "type": "Feature", "properties": { "grid_id": "AHM-1119" }, "geometry": { "type": "Polygon", "coordinates": [ [ [ 72.685198689632841, 22.959912651362266 ], [ 72.694945707586271, 22.960054680774682 ], [ 72.694792618790331, 22.969080823021752 ], [ 72.685044954901116, 22.968938731527786 ], [ 72.685198689632841, 22.959912651362266 ] ] ] } },
{ "type": "Feature", "properties": { "grid_id": "AHM-1120" }, "geometry": { "type": "Polygon", "coordinates": [ [ [ 72.685044954901116, 22.968938731527786 ], [ 72.694792618790331, 22.969080823021752 ], [ 72.694639452746301, 22.978106954031649 ], [ 72.684891142595646, 22.977964800448131 ], [ 72.685044954901116, 22.968938731527786 ] ] ] } },
{ "type": "Feature", "properties": { "grid_id": "AHM-1121" }, "geometry": { "type": "Polygon", "coordinates": [ [ [ 72.684891142595646, 22.977964800448131 ], [ 72.694639452746301, 22.978106954031649 ], [ 72.694486209431318, 22.987133073800692 ], [ 72.684737252693481, 22.98699085811964 ], [ 72.684891142595646, 22.977964800448131 ] ] ] } },
{ "type": "Feature", "properties": { "grid_id": "AHM-1122" }, "geometry": { "type": "Polygon", "coordinates": [ [ [ 72.684737252693481, 22.98699085811964 ], [ 72.694486209431318, 22.987133073800692 ], [ 72.694332888822515, 22.996159182325229 ], [ 72.684583285171627, 22.996016904538646 ], [ 72.684737252693481, 22.98699085811964 ] ] ] } },
{ "type": "Feature", "properties": { "grid_id": "AHM-1123" }, "geometry": { "type": "Polygon", "coordinates": [ [ [ 72.684583285171627, 22.996016904538646 ], [ 72.694332888822515, 22.996159182325229 ], [ 72.694179490897014, 23.005185279601594 ], [ 72.684429240007134, 23.005042939701472 ], [ 72.684583285171627, 22.996016904538646 ] ] ] } },
{ "type": "Feature", "properties": { "grid_id": "AHM-1124" }, "geometry": { "type": "Polygon", "coordinates": [ [ [ 72.684429240007134, 23.005042939701472 ], [ 72.694179490897014, 23.005185279601594 ], [ 72.694026015631906, 23.014211365626114 ], [ 72.684275117176995, 23.014068963604455 ], [ 72.684429240007134, 23.005042939701472 ] ] ] } },
{ "type": "Feature", "properties": { "grid_id": "AHM-1125" }, "geometry": { "type": "Polygon", "coordinates": [ [ [ 72.684275117176995, 23.014068963604455 ], [ 72.694026015631906, 23.014211365626114 ], [ 72.693872463004269, 23.023237440395146 ], [ 72.684120916658202, 23.023094976243932 ], [ 72.684275117176995, 23.014068963604455 ] ] ] } },
{ "type": "Feature", "properties": { "grid_id": "AHM-1126" }, "geometry": { "type": "Polygon", "coordinates": [ [ [ 72.684120916658202, 23.023094976243932 ], [ 72.693872463004269, 23.023237440395146 ], [ 72.693718832991181, 23.032263503905018 ], [ 72.683966638427705, 23.032120977616234 ], [ 72.684120916658202, 23.023094976243932 ] ] ] } },
{ "type": "Feature", "properties": { "grid_id": "AHM-1127" }, "geometry": { "type": "Polygon", "coordinates": [ [ [ 72.683966638427705, 23.032120977616234 ], [ 72.693718832991181, 23.032263503905018 ], [ 72.693565125569691, 23.041289556152062 ], [ 72.683812282462483, 23.04114696771769 ], [ 72.683966638427705, 23.032120977616234 ] ] ] } },
{ "type": "Feature", "properties": { "grid_id": "AHM-1128" }, "geometry": { "type": "Polygon", "coordinates": [ [ [ 72.683812282462483, 23.04114696771769 ], [ 72.693565125569691, 23.041289556152062 ], [ 72.693411340716835, 23.050315597132631 ], [ 72.683657848739486, 23.050172946544649 ], [ 72.683812282462483, 23.04114696771769 ] ] ] } },
{ "type": "Feature", "properties": { "grid_id": "AHM-1129" }, "geometry": { "type": "Polygon", "coordinates": [ [ [ 72.683657848739486, 23.050172946544649 ], [ 72.693411340716835, 23.050315597132631 ], [ 72.693257478409649, 23.059341626843057 ], [ 72.683503337235607, 23.059198914093439 ], [ 72.683657848739486, 23.050172946544649 ] ] ] } },
{ "type": "Feature", "properties": { "grid_id": "AHM-1130" }, "geometry": { "type": "Polygon", "coordinates": [ [ [ 72.683503337235607, 23.059198914093439 ], [ 72.693257478409649, 23.059341626843057 ], [ 72.693103538625124, 23.068367645279686 ], [ 72.683348747927795, 23.068224870360389 ], [ 72.683503337235607, 23.059198914093439 ] ] ] } },
{ "type": "Feature", "properties": { "grid_id": "AHM-1131" }, "geometry": { "type": "Polygon", "coordinates": [ [ [ 72.683348747927795, 23.068224870360389 ], [ 72.693103538625124, 23.068367645279686 ], [ 72.692949521340282, 23.077393652438861 ], [ 72.68319408079293, 23.077250815341849 ], [ 72.683348747927795, 23.068224870360389 ] ] ] } },
{ "type": "Feature", "properties": { "grid_id": "AHM-1132" }, "geometry": { "type": "Polygon", "coordinates": [ [ [ 72.68319408079293, 23.077250815341849 ], [ 72.692949521340282, 23.077393652438861 ], [ 72.692795426532058, 23.08641964831692 ], [ 72.683039335807877, 23.086276749034155 ], [ 72.68319408079293, 23.077250815341849 ] ] ] } },
{ "type": "Feature", "properties": { "grid_id": "AHM-1133" }, "geometry": { "type": "Polygon", "coordinates": [ [ [ 72.683039335807877, 23.086276749034155 ], [ 72.692795426532058, 23.08641964831692 ], [ 72.69264125417746, 23.095445632910213 ], [ 72.682884512949528, 23.095302671433643 ], [ 72.683039335807877, 23.086276749034155 ] ] ] } },
{ "type": "Feature", "properties": { "grid_id": "AHM-1134" }, "geometry": { "type": "Polygon", "coordinates": [ [ [ 72.682884512949528, 23.095302671433643 ], [ 72.69264125417746, 23.095445632910213 ], [ 72.692487004253394, 23.104471606215085 ], [ 72.682729612194734, 23.104328582536663 ], [ 72.682884512949528, 23.095302671433643 ] ] ] } },
{ "type": "Feature", "properties": { "grid_id": "AHM-1135" }, "geometry": { "type": "Polygon", "coordinates": [ [ [ 72.682729612194734, 23.104328582536663 ], [ 72.692487004253394, 23.104471606215085 ], [ 72.692332676736811, 23.113497568227878 ], [ 72.682574633520304, 23.113354482339545 ], [ 72.682729612194734, 23.104328582536663 ] ] ] } },
{ "type": "Feature", "properties": { "grid_id": "AHM-1136" }, "geometry": { "type": "Polygon", "coordinates": [ [ [ 72.682574633520304, 23.113354482339545 ], [ 72.692332676736811, 23.113497568227878 ], [ 72.692178271604647, 23.122523518944945 ], [ 72.682419576903101, 23.122380370838634 ], [ 72.682574633520304, 23.113354482339545 ] ] ] } },
{ "type": "Feature", "properties": { "grid_id": "AHM-1137" }, "geometry": { "type": "Polygon", "coordinates": [ [ [ 72.682419576903101, 23.122380370838634 ], [ 72.692178271604647, 23.122523518944945 ], [ 72.692023788833779, 23.131549458362628 ], [ 72.682264442319877, 23.131406248030274 ], [ 72.682419576903101, 23.122380370838634 ] ] ] } },
{ "type": "Feature", "properties": { "grid_id": "AHM-1138" }, "geometry": { "type": "Polygon", "coordinates": [ [ [ 72.682264442319877, 23.131406248030274 ], [ 72.692023788833779, 23.131549458362628 ], [ 72.691869228401103, 23.140575386477273 ], [ 72.682109229747468, 23.140432113910808 ], [ 72.682264442319877, 23.131406248030274 ] ] ] } },
{ "type": "Feature", "properties": { "grid_id": "AHM-1139" }, "geometry": { "type": "Polygon", "coordinates": [ [ [ 72.682109229747468, 23.140432113910808 ], [ 72.691869228401103, 23.140575386477273 ], [ 72.691714590283482, 23.14960130328523 ], [ 72.681953939162625, 23.149457968476579 ], [ 72.682109229747468, 23.140432113910808 ] ] ] } },
{ "type": "Feature", "properties": { "grid_id": "AHM-1140" }, "geometry": { "type": "Polygon", "coordinates": [ [ [ 72.681953939162625, 23.149457968476579 ], [ 72.691714590283482, 23.14960130328523 ], [ 72.691559874457795, 23.158627208782857 ], [ 72.681798570542114, 23.15848381172394 ], [ 72.681953939162625, 23.149457968476579 ] ] ] } },
{ "type": "Feature", "properties": { "grid_id": "AHM-1141" }, "geometry": { "type": "Polygon", "coordinates": [ [ [ 72.681798570542114, 23.15848381172394 ], [ 72.691559874457795, 23.158627208782857 ], [ 72.691405080900864, 23.167653102966497 ], [ 72.681643123862671, 23.167509643649229 ], [ 72.681798570542114, 23.15848381172394 ] ] ] } },
{ "type": "Feature", "properties": { "grid_id": "AHM-1142" }, "geometry": { "type": "Polygon", "coordinates": [ [ [ 72.681643123862671, 23.167509643649229 ], [ 72.691405080900864, 23.167653102966497 ], [ 72.691250209589526, 23.176678985832503 ], [ 72.681487599101047, 23.176535464248794 ], [ 72.681643123862671, 23.167509643649229 ] ] ] } },
{ "type": "Feature", "properties": { "grid_id": "AHM-1143" }, "geometry": { "type": "Polygon", "coordinates": [ [ [ 72.681487599101047, 23.176535464248794 ], [ 72.691250209589526, 23.176678985832503 ], [ 72.691095260500575, 23.185704857377228 ], [ 72.681331996233922, 23.185561273518982 ], [ 72.681487599101047, 23.176535464248794 ] ] ] } },
{ "type": "Feature", "properties": { "grid_id": "AHM-1144" }, "geometry": { "type": "Polygon", "coordinates": [ [ [ 72.681331996233922, 23.185561273518982 ], [ 72.691095260500575, 23.185704857377228 ], [ 72.690940233610803, 23.194730717597018 ], [ 72.681176315238019, 23.194587071456137 ], [ 72.681331996233922, 23.185561273518982 ] ] ] } },
{ "type": "Feature", "properties": { "grid_id": "AHM-1145" }, "geometry": { "type": "Polygon", "coordinates": [ [ [ 72.681176315238019, 23.194587071456137 ], [ 72.690940233610803, 23.194730717597018 ], [ 72.690785128897033, 23.203756566488245 ], [ 72.681020556090019, 23.203612858056626 ], [ 72.681176315238019, 23.194587071456137 ] ] ] } },
{ "type": "Feature", "properties": { "grid_id": "AHM-1146" }, "geometry": { "type": "Polygon", "coordinates": [ [ [ 72.681020556090019, 23.203612858056626 ], [ 72.690785128897033, 23.203756566488245 ], [ 72.690629946335989, 23.212782404047243 ], [ 72.680864718766585, 23.212638633316779 ], [ 72.681020556090019, 23.203612858056626 ] ] ] } },
{ "type": "Feature", "properties": { "grid_id": "AHM-1147" }, "geometry": { "type": "Polygon", "coordinates": [ [ [ 72.680864718766585, 23.212638633316779 ], [ 72.690629946335989, 23.212782404047243 ], [ 72.690474685904434, 23.221808230270373 ], [ 72.680708803244357, 23.22166439723296 ], [ 72.680864718766585, 23.212638633316779 ] ] ] } },
{ "type": "Feature", "properties": { "grid_id": "AHM-1148" }, "geometry": { "type": "Polygon", "coordinates": [ [ [ 72.696167639760162, 22.887845138699767 ], [ 72.705909578982514, 22.887986075664895 ], [ 72.705757750707022, 22.897012369434094 ], [ 72.696015168127957, 22.896871370712216 ], [ 72.696167639760162, 22.887845138699767 ] ] ] } },
{ "type": "Feature", "properties": { "grid_id": "AHM-1149" }, "geometry": { "type": "Polygon", "coordinates": [ [ [ 72.696015168127957, 22.896871370712216 ], [ 72.705757750707022, 22.897012369434094 ], [ 72.705605845690627, 22.906038652003399 ], [ 72.695862619429974, 22.905897591516851 ], [ 72.696015168127957, 22.896871370712216 ] ] ] } },
{ "type": "Feature", "properties": { "grid_id": "AHM-1150" }, "geometry": { "type": "Polygon", "coordinates": [ [ [ 72.695862619429974, 22.905897591516851 ], [ 72.705605845690627, 22.906038652003399 ], [ 72.705453863910734, 22.915064923369115 ], [ 72.695709993643462, 22.914923801109982 ], [ 72.695862619429974, 22.905897591516851 ] ] ] } },
{ "type": "Feature", "properties": { "grid_id": "AHM-1151" }, "geometry": { "type": "Polygon", "coordinates": [ [ [ 72.695709993643462, 22.914923801109982 ], [ 72.705453863910734, 22.915064923369115 ], [ 72.705301805344646, 22.924091183527601 ], [ 72.695557290745683, 22.923949999487938 ], [ 72.695709993643462, 22.914923801109982 ] ] ] } },
{ "type": "Feature", "properties": { "grid_id": "AHM-1152" }, "geometry": { "type": "Polygon", "coordinates": [ [ [ 72.695557290745683, 22.923949999487938 ], [ 72.705301805344646, 22.924091183527601 ], [ 72.705149669969728, 22.933117432475164 ], [ 72.695404510713857, 22.932976186647061 ], [ 72.695557290745683, 22.923949999487938 ] ] ] } },
{ "type": "Feature", "properties": { "grid_id": "AHM-1153" }, "geometry": { "type": "Polygon", "coordinates": [ [ [ 72.695404510713857, 22.932976186647061 ], [ 72.705149669969728, 22.933117432475164 ], [ 72.70499745776327, 22.942143670208164 ], [ 72.695251653525219, 22.942002362583672 ], [ 72.695404510713857, 22.932976186647061 ] ] ] } },
{ "type": "Feature", "properties": { "grid_id": "AHM-1154" }, "geometry": { "type": "Polygon", "coordinates": [ [ [ 72.695251653525219, 22.942002362583672 ], [ 72.70499745776327, 22.942143670208164 ], [ 72.704845168702576, 22.951169896722917 ], [ 72.69509871915696, 22.951028527294103 ], [ 72.695251653525219, 22.942002362583672 ] ] ] } },
{ "type": "Feature", "properties": { "grid_id": "AHM-1155" }, "geometry": { "type": "Polygon", "coordinates": [ [ [ 72.69509871915696, 22.951028527294103 ], [ 72.704845168702576, 22.951169896722917 ], [ 72.704692802764953, 22.960196112015765 ], [ 72.694945707586271, 22.960054680774682 ], [ 72.69509871915696, 22.951028527294103 ] ] ] } },
{ "type": "Feature", "properties": { "grid_id": "AHM-1156" }, "geometry": { "type": "Polygon", "coordinates": [ [ [ 72.694945707586271, 22.960054680774682 ], [ 72.704692802764953, 22.960196112015765 ], [ 72.704540359927634, 22.969222316083062 ], [ 72.694792618790331, 22.969080823021752 ], [ 72.694945707586271, 22.960054680774682 ] ] ] } },
{ "type": "Feature", "properties": { "grid_id": "AHM-1157" }, "geometry": { "type": "Polygon", "coordinates": [ [ [ 72.694792618790331, 22.969080823021752 ], [ 72.704540359927634, 22.969222316083062 ], [ 72.704387840167897, 22.978248508921126 ], [ 72.694639452746301, 22.978106954031649 ], [ 72.694792618790331, 22.969080823021752 ] ] ] } },
{ "type": "Feature", "properties": { "grid_id": "AHM-1158" }, "geometry": { "type": "Polygon", "coordinates": [ [ [ 72.694639452746301, 22.978106954031649 ], [ 72.704387840167897, 22.978248508921126 ], [ 72.704235243462989, 22.987274690526306 ], [ 72.694486209431318, 22.987133073800692 ], [ 72.694639452746301, 22.978106954031649 ] ] ] } },
{ "type": "Feature", "properties": { "grid_id": "AHM-1159" }, "geometry": { "type": "Polygon", "coordinates": [ [ [ 72.694486209431318, 22.987133073800692 ], [ 72.704235243462989, 22.987274690526306 ], [ 72.704082569790117, 22.996300860894941 ], [ 72.694332888822515, 22.996159182325229 ], [ 72.694486209431318, 22.987133073800692 ] ] ] } },
{ "type": "Feature", "properties": { "grid_id": "AHM-1160" }, "geometry": { "type": "Polygon", "coordinates": [ [ [ 72.694332888822515, 22.996159182325229 ], [ 72.704082569790117, 22.996300860894941 ], [ 72.7039298191265, 23.005327020023373 ], [ 72.694179490897014, 23.005185279601594 ], [ 72.694332888822515, 22.996159182325229 ] ] ] } },
{ "type": "Feature", "properties": { "grid_id": "AHM-1161" }, "geometry": { "type": "Polygon", "coordinates": [ [ [ 72.694179490897014, 23.005185279601594 ], [ 72.7039298191265, 23.005327020023373 ], [ 72.703776991449331, 23.014353167907935 ], [ 72.694026015631906, 23.014211365626114 ], [ 72.694179490897014, 23.005185279601594 ] ] ] } },
{ "type": "Feature", "properties": { "grid_id": "AHM-1162" }, "geometry": { "type": "Polygon", "coordinates": [ [ [ 72.694026015631906, 23.014211365626114 ], [ 72.703776991449331, 23.014353167907935 ], [ 72.7036240867358, 23.023379304544974 ], [ 72.693872463004269, 23.023237440395146 ], [ 72.694026015631906, 23.014211365626114 ] ] ] } },
{ "type": "Feature", "properties": { "grid_id": "AHM-1163" }, "geometry": { "type": "Polygon", "coordinates": [ [ [ 72.693872463004269, 23.023237440395146 ], [ 72.7036240867358, 23.023379304544974 ], [ 72.703471104963057, 23.03240542993084 ], [ 72.693718832991181, 23.032263503905018 ], [ 72.693872463004269, 23.023237440395146 ] ] ] } },
{ "type": "Feature", "properties": { "grid_id": "AHM-1164" }, "geometry": { "type": "Polygon", "coordinates": [ [ [ 72.693718832991181, 23.032263503905018 ], [ 72.703471104963057, 23.03240542993084 ], [ 72.703318046108251, 23.041431544061865 ], [ 72.693565125569691, 23.041289556152062 ], [ 72.693718832991181, 23.032263503905018 ] ] ] } },
{ "type": "Feature", "properties": { "grid_id": "AHM-1165" }, "geometry": { "type": "Polygon", "coordinates": [ [ [ 72.693565125569691, 23.041289556152062 ], [ 72.703318046108251, 23.041431544061865 ], [ 72.70316491014853, 23.050457646934408 ], [ 72.693411340716835, 23.050315597132631 ], [ 72.693565125569691, 23.041289556152062 ] ] ] } },
{ "type": "Feature", "properties": { "grid_id": "AHM-1166" }, "geometry": { "type": "Polygon", "coordinates": [ [ [ 72.693411340716835, 23.050315597132631 ], [ 72.70316491014853, 23.050457646934408 ], [ 72.703011697061015, 23.059483738544802 ], [ 72.693257478409649, 23.059341626843057 ], [ 72.693411340716835, 23.050315597132631 ] ] ] } },
{ "type": "Feature", "properties": { "grid_id": "AHM-1167" }, "geometry": { "type": "Polygon", "coordinates": [ [ [ 72.693257478409649, 23.059341626843057 ], [ 72.703011697061015, 23.059483738544802 ], [ 72.702858406822799, 23.068509818889403 ], [ 72.693103538625124, 23.068367645279686 ], [ 72.693257478409649, 23.059341626843057 ] ] ] } },
{ "type": "Feature", "properties": { "grid_id": "AHM-1168" }, "geometry": { "type": "Polygon", "coordinates": [ [ [ 72.693103538625124, 23.068367645279686 ], [ 72.702858406822799, 23.068509818889403 ], [ 72.702705039410986, 23.077535887964551 ], [ 72.692949521340282, 23.077393652438861 ], [ 72.693103538625124, 23.068367645279686 ] ] ] } },
{ "type": "Feature", "properties": { "grid_id": "AHM-1169" }, "geometry": { "type": "Polygon", "coordinates": [ [ [ 72.692949521340282, 23.077393652438861 ], [ 72.702705039410986, 23.077535887964551 ], [ 72.702551594802628, 23.08656194576659 ], [ 72.692795426532058, 23.08641964831692 ], [ 72.692949521340282, 23.077393652438861 ] ] ] } },
{ "type": "Feature", "properties": { "grid_id": "AHM-1170" }, "geometry": { "type": "Polygon", "coordinates": [ [ [ 72.692795426532058, 23.08641964831692 ], [ 72.702551594802628, 23.08656194576659 ], [ 72.702398072974816, 23.095587992291883 ], [ 72.69264125417746, 23.095445632910213 ], [ 72.692795426532058, 23.08641964831692 ] ] ] } },
{ "type": "Feature", "properties": { "grid_id": "AHM-1171" }, "geometry": { "type": "Polygon", "coordinates": [ [ [ 72.69264125417746, 23.095445632910213 ], [ 72.702398072974816, 23.095587992291883 ], [ 72.702244473904571, 23.104614027536773 ], [ 72.692487004253394, 23.104471606215085 ], [ 72.69264125417746, 23.095445632910213 ] ] ] } },
{ "type": "Feature", "properties": { "grid_id": "AHM-1172" }, "geometry": { "type": "Polygon", "coordinates": [ [ [ 72.692487004253394, 23.104471606215085 ], [ 72.702244473904571, 23.104614027536773 ], [ 72.702090797568914, 23.113640051497605 ], [ 72.692332676736811, 23.113497568227878 ], [ 72.692487004253394, 23.104471606215085 ] ] ] } },
{ "type": "Feature", "properties": { "grid_id": "AHM-1173" }, "geometry": { "type": "Polygon", "coordinates": [ [ [ 72.692332676736811, 23.113497568227878 ], [ 72.702090797568914, 23.113640051497605 ], [ 72.701937043944895, 23.122666064170733 ], [ 72.692178271604647, 23.122523518944945 ], [ 72.692332676736811, 23.113497568227878 ] ] ] } },
{ "type": "Feature", "properties": { "grid_id": "AHM-1174" }, "geometry": { "type": "Polygon", "coordinates": [ [ [ 72.692178271604647, 23.122523518944945 ], [ 72.701937043944895, 23.122666064170733 ], [ 72.701783213009477, 23.13169206555251 ], [ 72.692023788833779, 23.131549458362628 ], [ 72.692178271604647, 23.122523518944945 ] ] ] } },
{ "type": "Feature", "properties": { "grid_id": "AHM-1175" }, "geometry": { "type": "Polygon", "coordinates": [ [ [ 72.692023788833779, 23.131549458362628 ], [ 72.701783213009477, 23.13169206555251 ], [ 72.701629304739683, 23.140718055639297 ], [ 72.691869228401103, 23.140575386477273 ], [ 72.692023788833779, 23.131549458362628 ] ] ] } },
{ "type": "Feature", "properties": { "grid_id": "AHM-1176" }, "geometry": { "type": "Polygon", "coordinates": [ [ [ 72.691869228401103, 23.140575386477273 ], [ 72.701629304739683, 23.140718055639297 ], [ 72.701475319112433, 23.149744034427435 ], [ 72.691714590283482, 23.14960130328523 ], [ 72.691869228401103, 23.140575386477273 ] ] ] } },
{ "type": "Feature", "properties": { "grid_id": "AHM-1177" }, "geometry": { "type": "Polygon", "coordinates": [ [ [ 72.691714590283482, 23.14960130328523 ], [ 72.701475319112433, 23.149744034427435 ], [ 72.70132125610472, 23.15877000191329 ], [ 72.691559874457795, 23.158627208782857 ], [ 72.691714590283482, 23.14960130328523 ] ] ] } },
{ "type": "Feature", "properties": { "grid_id": "AHM-1178" }, "geometry": { "type": "Polygon", "coordinates": [ [ [ 72.691559874457795, 23.158627208782857 ], [ 72.70132125610472, 23.15877000191329 ], [ 72.701167115693465, 23.167795958093198 ], [ 72.691405080900864, 23.167653102966497 ], [ 72.691559874457795, 23.158627208782857 ] ] ] } },
{ "type": "Feature", "properties": { "grid_id": "AHM-1179" }, "geometry": { "type": "Polygon", "coordinates": [ [ [ 72.691405080900864, 23.167653102966497 ], [ 72.701167115693465, 23.167795958093198 ], [ 72.701012897855591, 23.176821902963535 ], [ 72.691250209589526, 23.176678985832503 ], [ 72.691405080900864, 23.167653102966497 ] ] ] } },
{ "type": "Feature", "properties": { "grid_id": "AHM-1180" }, "geometry": { "type": "Polygon", "coordinates": [ [ [ 72.691250209589526, 23.176678985832503 ], [ 72.701012897855591, 23.176821902963535 ], [ 72.700858602568019, 23.185847836520654 ], [ 72.691095260500575, 23.185704857377228 ], [ 72.691250209589526, 23.176678985832503 ] ] ] } },
{ "type": "Feature", "properties": { "grid_id": "AHM-1181" }, "geometry": { "type": "Polygon", "coordinates": [ [ [ 72.691095260500575, 23.185704857377228 ], [ 72.700858602568019, 23.185847836520654 ], [ 72.700704229807627, 23.194873758760899 ], [ 72.690940233610803, 23.194730717597018 ], [ 72.691095260500575, 23.185704857377228 ] ] ] } },
{ "type": "Feature", "properties": { "grid_id": "AHM-1182" }, "geometry": { "type": "Polygon", "coordinates": [ [ [ 72.690940233610803, 23.194730717597018 ], [ 72.700704229807627, 23.194873758760899 ], [ 72.700549779551309, 23.203899669680641 ], [ 72.690785128897033, 23.203756566488245 ], [ 72.690940233610803, 23.194730717597018 ] ] ] } },
{ "type": "Feature", "properties": { "grid_id": "AHM-1183" }, "geometry": { "type": "Polygon", "coordinates": [ [ [ 72.690785128897033, 23.203756566488245 ], [ 72.700549779551309, 23.203899669680641 ], [ 72.700395251775902, 23.212925569276237 ], [ 72.690629946335989, 23.212782404047243 ], [ 72.690785128897033, 23.203756566488245 ] ] ] } },
{ "type": "Feature", "properties": { "grid_id": "AHM-1184" }, "geometry": { "type": "Polygon", "coordinates": [ [ [ 72.690629946335989, 23.212782404047243 ], [ 72.700395251775902, 23.212925569276237 ], [ 72.700240646458269, 23.221951457544055 ], [ 72.690474685904434, 23.221808230270373 ], [ 72.690629946335989, 23.212782404047243 ] ] ] } },
{ "type": "Feature", "properties": { "grid_id": "AHM-1185" }, "geometry": { "type": "Polygon", "coordinates": [ [ [ 72.705909578982514, 22.887986075664895 ], [ 72.715651594923116, 22.888126416529055 ], [ 72.715500410026948, 22.897152771793934 ], [ 72.705757750707022, 22.897012369434094 ], [ 72.705909578982514, 22.887986075664895 ] ] ] } },
{ "type": "Feature", "properties": { "grid_id": "AHM-1186" }, "geometry": { "type": "Polygon", "coordinates": [ [ [ 72.705757750707022, 22.897012369434094 ], [ 72.715500410026948, 22.897152771793934 ], [ 72.715349148714807, 22.906179115866792 ], [ 72.705605845690627, 22.906038652003399 ], [ 72.705757750707022, 22.897012369434094 ] ] ] } },
{ "type": "Feature", "properties": { "grid_id": "AHM-1187" }, "geometry": { "type": "Polygon", "coordinates": [ [ [ 72.705605845690627, 22.906038652003399 ], [ 72.715349148714807, 22.906179115866792 ], [ 72.715197810964185, 22.915205448743961 ], [ 72.705453863910734, 22.915064923369115 ], [ 72.705605845690627, 22.906038652003399 ] ] ] } },
{ "type": "Feature", "properties": { "grid_id": "AHM-1188" }, "geometry": { "type": "Polygon", "coordinates": [ [ [ 72.705453863910734, 22.915064923369115 ], [ 72.715197810964185, 22.915205448743961 ], [ 72.71504639675247, 22.924231770421773 ], [ 72.705301805344646, 22.924091183527601 ], [ 72.705453863910734, 22.915064923369115 ] ] ] } },
{ "type": "Feature", "properties": { "grid_id": "AHM-1189" }, "geometry": { "type": "Polygon", "coordinates": [ [ [ 72.705301805344646, 22.924091183527601 ], [ 72.71504639675247, 22.924231770421773 ], [ 72.714894906057125, 22.933258080896586 ], [ 72.705149669969728, 22.933117432475164 ], [ 72.705301805344646, 22.924091183527601 ] ] ] } },
{ "type": "Feature", "properties": { "grid_id": "AHM-1190" }, "geometry": { "type": "Polygon", "coordinates": [ [ [ 72.705149669969728, 22.933117432475164 ], [ 72.714894906057125, 22.933258080896586 ], [ 72.714743338855556, 22.942284380164715 ], [ 72.70499745776327, 22.942143670208164 ], [ 72.705149669969728, 22.933117432475164 ] ] ] } },
{ "type": "Feature", "properties": { "grid_id": "AHM-1191" }, "geometry": { "type": "Polygon", "coordinates": [ [ [ 72.70499745776327, 22.942143670208164 ], [ 72.714743338855556, 22.942284380164715 ], [ 72.714591695125151, 22.951310668222519 ], [ 72.704845168702576, 22.951169896722917 ], [ 72.70499745776327, 22.942143670208164 ] ] ] } },
{ "type": "Feature", "properties": { "grid_id": "AHM-1192" }, "geometry": { "type": "Polygon", "coordinates": [ [ [ 72.704845168702576, 22.951169896722917 ], [ 72.714591695125151, 22.951310668222519 ], [ 72.714439974843287, 22.960336945066324 ], [ 72.704692802764953, 22.960196112015765 ], [ 72.704845168702576, 22.951169896722917 ] ] ] } },
{ "type": "Feature", "properties": { "grid_id": "AHM-1193" }, "geometry": { "type": "Polygon", "coordinates": [ [ [ 72.704692802764953, 22.960196112015765 ], [ 72.714439974843287, 22.960336945066324 ], [ 72.714288177987356, 22.969363210692496 ], [ 72.704540359927634, 22.969222316083062 ], [ 72.704692802764953, 22.960196112015765 ] ] ] } },
{ "type": "Feature", "properties": { "grid_id": "AHM-1194" }, "geometry": { "type": "Polygon", "coordinates": [ [ [ 72.704540359927634, 22.969222316083062 ], [ 72.714288177987356, 22.969363210692496 ], [ 72.714136304534676, 22.978389465097358 ], [ 72.704387840167897, 22.978248508921126 ], [ 72.704540359927634, 22.969222316083062 ] ] ] } },
{ "type": "Feature", "properties": { "grid_id": "AHM-1195" }, "geometry": { "type": "Polygon", "coordinates": [ [ [ 72.704387840167897, 22.978248508921126 ], [ 72.714136304534676, 22.978389465097358 ], [ 72.713984354462596, 22.987415708277258 ], [ 72.704235243462989, 22.987274690526306 ], [ 72.704387840167897, 22.978248508921126 ] ] ] } },
{ "type": "Feature", "properties": { "grid_id": "AHM-1196" }, "geometry": { "type": "Polygon", "coordinates": [ [ [ 72.704235243462989, 22.987274690526306 ], [ 72.713984354462596, 22.987415708277258 ], [ 72.713832327748463, 22.996441940228536 ], [ 72.704082569790117, 22.996300860894941 ], [ 72.704235243462989, 22.987274690526306 ] ] ] } },
{ "type": "Feature", "properties": { "grid_id": "AHM-1197" }, "geometry": { "type": "Polygon", "coordinates": [ [ [ 72.704082569790117, 22.996300860894941 ], [ 72.713832327748463, 22.996441940228536 ], [ 72.713680224369526, 23.005468160947547 ], [ 72.7039298191265, 23.005327020023373 ], [ 72.704082569790117, 22.996300860894941 ] ] ] } },
{ "type": "Feature", "properties": { "grid_id": "AHM-1198" }, "geometry": { "type": "Polygon", "coordinates": [ [ [ 72.7039298191265, 23.005327020023373 ], [ 72.713680224369526, 23.005468160947547 ], [ 72.713528044303132, 23.014494370430629 ], [ 72.703776991449331, 23.014353167907935 ], [ 72.7039298191265, 23.005327020023373 ] ] ] } },
{ "type": "Feature", "properties": { "grid_id": "AHM-1199" }, "geometry": { "type": "Polygon", "coordinates": [ [ [ 72.703776991449331, 23.014353167907935 ], [ 72.713528044303132, 23.014494370430629 ], [ 72.713375787526516, 23.02352056867414 ], [ 72.7036240867358, 23.023379304544974 ], [ 72.703776991449331, 23.014353167907935 ] ] ] } },
{ "type": "Feature", "properties": { "grid_id": "AHM-1200" }, "geometry": { "type": "Polygon", "coordinates": [ [ [ 72.7036240867358, 23.023379304544974 ], [ 72.713375787526516, 23.02352056867414 ], [ 72.713223454016969, 23.032546755674421 ], [ 72.703471104963057, 23.03240542993084 ], [ 72.7036240867358, 23.023379304544974 ] ] ] } },
{ "type": "Feature", "properties": { "grid_id": "AHM-1201" }, "geometry": { "type": "Polygon", "coordinates": [ [ [ 72.703471104963057, 23.03240542993084 ], [ 72.713223454016969, 23.032546755674421 ], [ 72.713071043751739, 23.041572931427819 ], [ 72.703318046108251, 23.041431544061865 ], [ 72.703471104963057, 23.03240542993084 ] ] ] } },
{ "type": "Feature", "properties": { "grid_id": "AHM-1202" }, "geometry": { "type": "Polygon", "coordinates": [ [ [ 72.703318046108251, 23.041431544061865 ], [ 72.713071043751739, 23.041572931427819 ], [ 72.712918556708019, 23.050599095930686 ], [ 72.70316491014853, 23.050457646934408 ], [ 72.703318046108251, 23.041431544061865 ] ] ] } },
{ "type": "Feature", "properties": { "grid_id": "AHM-1203" }, "geometry": { "type": "Polygon", "coordinates": [ [ [ 72.70316491014853, 23.050457646934408 ], [ 72.712918556708019, 23.050599095930686 ], [ 72.712765992863083, 23.059625249179366 ], [ 72.703011697061015, 23.059483738544802 ], [ 72.70316491014853, 23.050457646934408 ] ] ] } },
{ "type": "Feature", "properties": { "grid_id": "AHM-1204" }, "geometry": { "type": "Polygon", "coordinates": [ [ [ 72.703011697061015, 23.059483738544802 ], [ 72.712765992863083, 23.059625249179366 ], [ 72.712613352194069, 23.068651391170221 ], [ 72.702858406822799, 23.068509818889403 ], [ 72.703011697061015, 23.059483738544802 ] ] ] } },
{ "type": "Feature", "properties": { "grid_id": "AHM-1205" }, "geometry": { "type": "Polygon", "coordinates": [ [ [ 72.702858406822799, 23.068509818889403 ], [ 72.712613352194069, 23.068651391170221 ], [ 72.712460634678209, 23.077677521899588 ], [ 72.702705039410986, 23.077535887964551 ], [ 72.702858406822799, 23.068509818889403 ] ] ] } },
{ "type": "Feature", "properties": { "grid_id": "AHM-1206" }, "geometry": { "type": "Polygon", "coordinates": [ [ [ 72.702705039410986, 23.077535887964551 ], [ 72.712460634678209, 23.077677521899588 ], [ 72.712307840292667, 23.08670364136383 ], [ 72.702551594802628, 23.08656194576659 ], [ 72.702705039410986, 23.077535887964551 ] ] ] } },
{ "type": "Feature", "properties": { "grid_id": "AHM-1207" }, "geometry": { "type": "Polygon", "coordinates": [ [ [ 72.702551594802628, 23.08656194576659 ], [ 72.712307840292667, 23.08670364136383 ], [ 72.712154969014591, 23.095729749559307 ], [ 72.702398072974816, 23.095587992291883 ], [ 72.702551594802628, 23.08656194576659 ] ] ] } },
{ "type": "Feature", "properties": { "grid_id": "AHM-1208" }, "geometry": { "type": "Polygon", "coordinates": [ [ [ 72.702398072974816, 23.095587992291883 ], [ 72.712154969014591, 23.095729749559307 ], [ 72.712002020821132, 23.104755846482355 ], [ 72.702244473904571, 23.104614027536773 ], [ 72.702398072974816, 23.095587992291883 ] ] ] } },
{ "type": "Feature", "properties": { "grid_id": "AHM-1209" }, "geometry": { "type": "Polygon", "coordinates": [ [ [ 72.702244473904571, 23.104614027536773 ], [ 72.712002020821132, 23.104755846482355 ], [ 72.711848995689394, 23.113781932129346 ], [ 72.702090797568914, 23.113640051497605 ], [ 72.702244473904571, 23.104614027536773 ] ] ] } },
{ "type": "Feature", "properties": { "grid_id": "AHM-1210" }, "geometry": { "type": "Polygon", "coordinates": [ [ [ 72.702090797568914, 23.113640051497605 ], [ 72.711848995689394, 23.113781932129346 ], [ 72.711695893596527, 23.122808006496623 ], [ 72.701937043944895, 23.122666064170733 ], [ 72.702090797568914, 23.113640051497605 ] ] ] } },
{ "type": "Feature", "properties": { "grid_id": "AHM-1211" }, "geometry": { "type": "Polygon", "coordinates": [ [ [ 72.701937043944895, 23.122666064170733 ], [ 72.711695893596527, 23.122808006496623 ], [ 72.711542714519581, 23.131834069580552 ], [ 72.701783213009477, 23.13169206555251 ], [ 72.701937043944895, 23.122666064170733 ] ] ] } },
{ "type": "Feature", "properties": { "grid_id": "AHM-1212" }, "geometry": { "type": "Polygon", "coordinates": [ [ [ 72.701783213009477, 23.13169206555251 ], [ 72.711542714519581, 23.131834069580552 ], [ 72.711389458435676, 23.140860121377479 ], [ 72.701629304739683, 23.140718055639297 ], [ 72.701783213009477, 23.13169206555251 ] ] ] } },
{ "type": "Feature", "properties": { "grid_id": "AHM-1213" }, "geometry": { "type": "Polygon", "coordinates": [ [ [ 72.701629304739683, 23.140718055639297 ], [ 72.711389458435676, 23.140860121377479 ], [ 72.711236125321847, 23.149886161883778 ], [ 72.701475319112433, 23.149744034427435 ], [ 72.701629304739683, 23.140718055639297 ] ] ] } },
{ "type": "Feature", "properties": { "grid_id": "AHM-1214" }, "geometry": { "type": "Polygon", "coordinates": [ [ [ 72.701475319112433, 23.149744034427435 ], [ 72.711236125321847, 23.149886161883778 ], [ 72.711082715155172, 23.158912191095801 ], [ 72.70132125610472, 23.15877000191329 ], [ 72.701475319112433, 23.149744034427435 ] ] ] } },
{ "type": "Feature", "properties": { "grid_id": "AHM-1215" }, "geometry": { "type": "Polygon", "coordinates": [ [ [ 72.70132125610472, 23.15877000191329 ], [ 72.711082715155172, 23.158912191095801 ], [ 72.710929227912672, 23.1679382090099 ], [ 72.701167115693465, 23.167795958093198 ], [ 72.70132125610472, 23.15877000191329 ] ] ] } },
{ "type": "Feature", "properties": { "grid_id": "AHM-1216" }, "geometry": { "type": "Polygon", "coordinates": [ [ [ 72.701167115693465, 23.167795958093198 ], [ 72.710929227912672, 23.1679382090099 ], [ 72.710775663571368, 23.176964215622444 ], [ 72.701012897855591, 23.176821902963535 ], [ 72.701167115693465, 23.167795958093198 ] ] ] } },
{ "type": "Feature", "properties": { "grid_id": "AHM-1217" }, "geometry": { "type": "Polygon", "coordinates": [ [ [ 72.701012897855591, 23.176821902963535 ], [ 72.710775663571368, 23.176964215622444 ], [ 72.710622022108268, 23.185990210929798 ], [ 72.700858602568019, 23.185847836520654 ], [ 72.701012897855591, 23.176821902963535 ] ] ] } },
{ "type": "Feature", "properties": { "grid_id": "AHM-1218" }, "geometry": { "type": "Polygon", "coordinates": [ [ [ 72.700858602568019, 23.185847836520654 ], [ 72.710622022108268, 23.185990210929798 ], [ 72.710468303500377, 23.195016194928311 ], [ 72.700704229807627, 23.194873758760899 ], [ 72.700858602568019, 23.185847836520654 ] ] ] } },
{ "type": "Feature", "properties": { "grid_id": "AHM-1219" }, "geometry": { "type": "Polygon", "coordinates": [ [ [ 72.700704229807627, 23.194873758760899 ], [ 72.710468303500377, 23.195016194928311 ], [ 72.710314507724647, 23.20404216761435 ], [ 72.700549779551309, 23.203899669680641 ], [ 72.700704229807627, 23.194873758760899 ] ] ] } },
{ "type": "Feature", "properties": { "grid_id": "AHM-1220" }, "geometry": { "type": "Polygon", "coordinates": [ [ [ 72.700549779551309, 23.203899669680641 ], [ 72.710314507724647, 23.20404216761435 ], [ 72.71016063475804, 23.21306812898429 ], [ 72.700395251775902, 23.212925569276237 ], [ 72.700549779551309, 23.203899669680641 ] ] ] } },
{ "type": "Feature", "properties": { "grid_id": "AHM-1221" }, "geometry": { "type": "Polygon", "coordinates": [ [ [ 72.700395251775902, 23.212925569276237 ], [ 72.71016063475804, 23.21306812898429 ], [ 72.710006684577522, 23.222094079034488 ], [ 72.700240646458269, 23.221951457544055 ], [ 72.700395251775902, 23.212925569276237 ] ] ] } },
{ "type": "Feature", "properties": { "grid_id": "AHM-1222" }, "geometry": { "type": "Polygon", "coordinates": [ [ [ 72.715651594923116, 22.888126416529055 ], [ 72.725393687257153, 22.888266161273222 ], [ 72.725243145762832, 22.897292577772685 ], [ 72.715500410026948, 22.897152771793934 ], [ 72.715651594923116, 22.888126416529055 ] ] ] } },
{ "type": "Feature", "properties": { "grid_id": "AHM-1223" }, "geometry": { "type": "Polygon", "coordinates": [ [ [ 72.715500410026948, 22.897152771793934 ], [ 72.725243145762832, 22.897292577772685 ], [ 72.725092528177498, 22.906318983087974 ], [ 72.715349148714807, 22.906179115866792 ], [ 72.715500410026948, 22.897152771793934 ] ] ] } },
{ "type": "Feature", "properties": { "grid_id": "AHM-1224" }, "geometry": { "type": "Polygon", "coordinates": [ [ [ 72.715349148714807, 22.906179115866792 ], [ 72.725092528177498, 22.906318983087974 ], [ 72.724941834478685, 22.915345377215427 ], [ 72.715197810964185, 22.915205448743961 ], [ 72.715349148714807, 22.906179115866792 ] ] ] } },
{ "type": "Feature", "properties": { "grid_id": "AHM-1225" }, "geometry": { "type": "Polygon", "coordinates": [ [ [ 72.715197810964185, 22.915205448743961 ], [ 72.724941834478685, 22.915345377215427 ], [ 72.724791064643924, 22.924371760151395 ], [ 72.71504639675247, 22.924231770421773 ], [ 72.715197810964185, 22.915205448743961 ] ] ] } },
{ "type": "Feature", "properties": { "grid_id": "AHM-1226" }, "geometry": { "type": "Polygon", "coordinates": [ [ [ 72.71504639675247, 22.924231770421773 ], [ 72.724791064643924, 22.924371760151395 ], [ 72.724640218650748, 22.933398131892215 ], [ 72.714894906057125, 22.933258080896586 ], [ 72.71504639675247, 22.924231770421773 ] ] ] } },
{ "type": "Feature", "properties": { "grid_id": "AHM-1227" }, "geometry": { "type": "Polygon", "coordinates": [ [ [ 72.714894906057125, 22.933258080896586 ], [ 72.724640218650748, 22.933398131892215 ], [ 72.724489296476676, 22.942424492434231 ], [ 72.714743338855556, 22.942284380164715 ], [ 72.714894906057125, 22.933258080896586 ] ] ] } },
{ "type": "Feature", "properties": { "grid_id": "AHM-1228" }, "geometry": { "type": "Polygon", "coordinates": [ [ [ 72.714743338855556, 22.942284380164715 ], [ 72.724489296476676, 22.942424492434231 ], [ 72.72433829809917, 22.951450841773788 ], [ 72.714591695125151, 22.951310668222519 ], [ 72.714743338855556, 22.942284380164715 ] ] ] } },
{ "type": "Feature", "properties": { "grid_id": "AHM-1229" }, "geometry": { "type": "Polygon", "coordinates": [ [ [ 72.714591695125151, 22.951310668222519 ], [ 72.72433829809917, 22.951450841773788 ], [ 72.724187223495733, 22.96047717990723 ], [ 72.714439974843287, 22.960336945066324 ], [ 72.714591695125151, 22.951310668222519 ] ] ] } },
{ "type": "Feature", "properties": { "grid_id": "AHM-1230" }, "geometry": { "type": "Polygon", "coordinates": [ [ [ 72.714439974843287, 22.960336945066324 ], [ 72.724187223495733, 22.96047717990723 ], [ 72.724036072643798, 22.969503506830918 ], [ 72.714288177987356, 22.969363210692496 ], [ 72.714439974843287, 22.960336945066324 ] ] ] } },
{ "type": "Feature", "properties": { "grid_id": "AHM-1231" }, "geometry": { "type": "Polygon", "coordinates": [ [ [ 72.714288177987356, 22.969363210692496 ], [ 72.724036072643798, 22.969503506830918 ], [ 72.723884845520857, 22.97852982254118 ], [ 72.714136304534676, 22.978389465097358 ], [ 72.714288177987356, 22.969363210692496 ] ] ] } },
{ "type": "Feature", "properties": { "grid_id": "AHM-1232" }, "geometry": { "type": "Polygon", "coordinates": [ [ [ 72.714136304534676, 22.978389465097358 ], [ 72.723884845520857, 22.97852982254118 ], [ 72.723733542104299, 22.987556127034374 ], [ 72.713984354462596, 22.987415708277258 ], [ 72.714136304534676, 22.978389465097358 ] ] ] } },
{ "type": "Feature", "properties": { "grid_id": "AHM-1233" }, "geometry": { "type": "Polygon", "coordinates": [ [ [ 72.713984354462596, 22.987415708277258 ], [ 72.723733542104299, 22.987556127034374 ], [ 72.723582162371557, 22.996582420306858 ], [ 72.713832327748463, 22.996441940228536 ], [ 72.713984354462596, 22.987415708277258 ] ] ] } },
{ "type": "Feature", "properties": { "grid_id": "AHM-1234" }, "geometry": { "type": "Polygon", "coordinates": [ [ [ 72.713832327748463, 22.996441940228536 ], [ 72.723582162371557, 22.996582420306858 ], [ 72.723430706300036, 23.005608702354959 ], [ 72.713680224369526, 23.005468160947547 ], [ 72.713832327748463, 22.996441940228536 ] ] ] } },
{ "type": "Feature", "properties": { "grid_id": "AHM-1235" }, "geometry": { "type": "Polygon", "coordinates": [ [ [ 72.713680224369526, 23.005468160947547 ], [ 72.723430706300036, 23.005608702354959 ], [ 72.723279173867127, 23.014634973175038 ], [ 72.713528044303132, 23.014494370430629 ], [ 72.713680224369526, 23.005468160947547 ] ] ] } },
{ "type": "Feature", "properties": { "grid_id": "AHM-1236" }, "geometry": { "type": "Polygon", "coordinates": [ [ [ 72.713528044303132, 23.014494370430629 ], [ 72.723279173867127, 23.014634973175038 ], [ 72.723127565050191, 23.023661232763462 ], [ 72.713375787526516, 23.02352056867414 ], [ 72.713528044303132, 23.014494370430629 ] ] ] } },
{ "type": "Feature", "properties": { "grid_id": "AHM-1237" }, "geometry": { "type": "Polygon", "coordinates": [ [ [ 72.713375787526516, 23.02352056867414 ], [ 72.723127565050191, 23.023661232763462 ], [ 72.722975879826592, 23.032687481116561 ], [ 72.713223454016969, 23.032546755674421 ], [ 72.713375787526516, 23.02352056867414 ] ] ] } },
{ "type": "Feature", "properties": { "grid_id": "AHM-1238" }, "geometry": { "type": "Polygon", "coordinates": [ [ [ 72.713223454016969, 23.032546755674421 ], [ 72.722975879826592, 23.032687481116561 ], [ 72.722824118173676, 23.041713718230703 ], [ 72.713071043751739, 23.041572931427819 ], [ 72.713223454016969, 23.032546755674421 ] ] ] } },
{ "type": "Feature", "properties": { "grid_id": "AHM-1239" }, "geometry": { "type": "Polygon", "coordinates": [ [ [ 72.713071043751739, 23.041572931427819 ], [ 72.722824118173676, 23.041713718230703 ], [ 72.722672280068764, 23.05073994410224 ], [ 72.712918556708019, 23.050599095930686 ], [ 72.713071043751739, 23.041572931427819 ] ] ] } },
{ "type": "Feature", "properties": { "grid_id": "AHM-1240" }, "geometry": { "type": "Polygon", "coordinates": [ [ [ 72.712918556708019, 23.050599095930686 ], [ 72.722672280068764, 23.05073994410224 ], [ 72.722520365489174, 23.059766158727513 ], [ 72.712765992863083, 23.059625249179366 ], [ 72.712918556708019, 23.050599095930686 ] ] ] } },
{ "type": "Feature", "properties": { "grid_id": "AHM-1241" }, "geometry": { "type": "Polygon", "coordinates": [ [ [ 72.712765992863083, 23.059625249179366 ], [ 72.722520365489174, 23.059766158727513 ], [ 72.722368374412198, 23.068792362102894 ], [ 72.712613352194069, 23.068651391170221 ], [ 72.712765992863083, 23.059625249179366 ] ] ] } },
{ "type": "Feature", "properties": { "grid_id": "AHM-1242" }, "geometry": { "type": "Polygon", "coordinates": [ [ [ 72.712613352194069, 23.068651391170221 ], [ 72.722368374412198, 23.068792362102894 ], [ 72.722216306815142, 23.077818554224724 ], [ 72.712460634678209, 23.077677521899588 ], [ 72.712613352194069, 23.068651391170221 ] ] ] } },
{ "type": "Feature", "properties": { "grid_id": "AHM-1243" }, "geometry": { "type": "Polygon", "coordinates": [ [ [ 72.712460634678209, 23.077677521899588 ], [ 72.722216306815142, 23.077818554224724 ], [ 72.722064162675238, 23.086844735089379 ], [ 72.712307840292667, 23.08670364136383 ], [ 72.712460634678209, 23.077677521899588 ] ] ] } },
{ "type": "Feature", "properties": { "grid_id": "AHM-1244" }, "geometry": { "type": "Polygon", "coordinates": [ [ [ 72.712307840292667, 23.08670364136383 ], [ 72.722064162675238, 23.086844735089379 ], [ 72.721911941969765, 23.095870904693204 ], [ 72.712154969014591, 23.095729749559307 ], [ 72.712307840292667, 23.08670364136383 ] ] ] } },
{ "type": "Feature", "properties": { "grid_id": "AHM-1245" }, "geometry": { "type": "Polygon", "coordinates": [ [ [ 72.712154969014591, 23.095729749559307 ], [ 72.721911941969765, 23.095870904693204 ], [ 72.721759644675956, 23.10489706303256 ], [ 72.712002020821132, 23.104755846482355 ], [ 72.712154969014591, 23.095729749559307 ] ] ] } },
{ "type": "Feature", "properties": { "grid_id": "AHM-1246" }, "geometry": { "type": "Polygon", "coordinates": [ [ [ 72.712002020821132, 23.104755846482355 ], [ 72.721759644675956, 23.10489706303256 ], [ 72.721607270771045, 23.113923210103806 ], [ 72.711848995689394, 23.113781932129346 ], [ 72.712002020821132, 23.104755846482355 ] ] ] } },
{ "type": "Feature", "properties": { "grid_id": "AHM-1247" }, "geometry": { "type": "Polygon", "coordinates": [ [ [ 72.711848995689394, 23.113781932129346 ], [ 72.721607270771045, 23.113923210103806 ], [ 72.721454820232211, 23.122949345903308 ], [ 72.711695893596527, 23.122808006496623 ], [ 72.711848995689394, 23.113781932129346 ] ] ] } },
{ "type": "Feature", "properties": { "grid_id": "AHM-1248" }, "geometry": { "type": "Polygon", "coordinates": [ [ [ 72.711695893596527, 23.122808006496623 ], [ 72.721454820232211, 23.122949345903308 ], [ 72.721302293036658, 23.131975470427417 ], [ 72.711542714519581, 23.131834069580552 ], [ 72.711695893596527, 23.122808006496623 ] ] ] } },
{ "type": "Feature", "properties": { "grid_id": "AHM-1249" }, "geometry": { "type": "Polygon", "coordinates": [ [ [ 72.711542714519581, 23.131834069580552 ], [ 72.721302293036658, 23.131975470427417 ], [ 72.721149689161578, 23.141001583672505 ], [ 72.711389458435676, 23.140860121377479 ], [ 72.711542714519581, 23.131834069580552 ] ] ] } },
{ "type": "Feature", "properties": { "grid_id": "AHM-1250" }, "geometry": { "type": "Polygon", "coordinates": [ [ [ 72.711389458435676, 23.140860121377479 ], [ 72.721149689161578, 23.141001583672505 ], [ 72.720997008584135, 23.150027685634928 ], [ 72.711236125321847, 23.149886161883778 ], [ 72.711389458435676, 23.140860121377479 ] ] ] } },
{ "type": "Feature", "properties": { "grid_id": "AHM-1251" }, "geometry": { "type": "Polygon", "coordinates": [ [ [ 72.711236125321847, 23.149886161883778 ], [ 72.720997008584135, 23.150027685634928 ], [ 72.720844251281449, 23.159053776311055 ], [ 72.711082715155172, 23.158912191095801 ], [ 72.711236125321847, 23.149886161883778 ] ] ] } },
{ "type": "Feature", "properties": { "grid_id": "AHM-1252" }, "geometry": { "type": "Polygon", "coordinates": [ [ [ 72.711082715155172, 23.158912191095801 ], [ 72.720844251281449, 23.159053776311055 ], [ 72.720691417230682, 23.168079855697247 ], [ 72.710929227912672, 23.1679382090099 ], [ 72.711082715155172, 23.158912191095801 ] ] ] } },
{ "type": "Feature", "properties": { "grid_id": "AHM-1253" }, "geometry": { "type": "Polygon", "coordinates": [ [ [ 72.710929227912672, 23.1679382090099 ], [ 72.720691417230682, 23.168079855697247 ], [ 72.720538506408943, 23.177105923789867 ], [ 72.710775663571368, 23.176964215622444 ], [ 72.710929227912672, 23.1679382090099 ] ] ] } },
{ "type": "Feature", "properties": { "grid_id": "AHM-1254" }, "geometry": { "type": "Polygon", "coordinates": [ [ [ 72.710775663571368, 23.176964215622444 ], [ 72.720538506408943, 23.177105923789867 ], [ 72.720385518793336, 23.186131980585291 ], [ 72.710622022108268, 23.185990210929798 ], [ 72.710775663571368, 23.176964215622444 ] ] ] } },
{ "type": "Feature", "properties": { "grid_id": "AHM-1255" }, "geometry": { "type": "Polygon", "coordinates": [ [ [ 72.710622022108268, 23.185990210929798 ], [ 72.720385518793336, 23.186131980585291 ], [ 72.720232454360939, 23.195158026079866 ], [ 72.710468303500377, 23.195016194928311 ], [ 72.710622022108268, 23.185990210929798 ] ] ] } },
{ "type": "Feature", "properties": { "grid_id": "AHM-1256" }, "geometry": { "type": "Polygon", "coordinates": [ [ [ 72.710468303500377, 23.195016194928311 ], [ 72.720232454360939, 23.195158026079866 ], [ 72.72007931308886, 23.204184060269981 ], [ 72.710314507724647, 23.20404216761435 ], [ 72.710468303500377, 23.195016194928311 ] ] ] } },
{ "type": "Feature", "properties": { "grid_id": "AHM-1257" }, "geometry": { "type": "Polygon", "coordinates": [ [ [ 72.710314507724647, 23.20404216761435 ], [ 72.72007931308886, 23.204184060269981 ], [ 72.719926094954104, 23.213210083151996 ], [ 72.71016063475804, 23.21306812898429 ], [ 72.710314507724647, 23.20404216761435 ] ] ] } },
{ "type": "Feature", "properties": { "grid_id": "AHM-1258" }, "geometry": { "type": "Polygon", "coordinates": [ [ [ 72.71016063475804, 23.21306812898429 ], [ 72.719926094954104, 23.213210083151996 ], [ 72.71977279993375, 23.222236094722277 ], [ 72.710006684577522, 23.222094079034488 ], [ 72.71016063475804, 23.21306812898429 ] ] ] } },
{ "type": "Feature", "properties": { "grid_id": "AHM-1259" }, "geometry": { "type": "Polygon", "coordinates": [ [ [ 72.725393687257153, 22.888266161273222 ], [ 72.735135855659777, 22.888405309878426 ], [ 72.734985957589757, 22.897431787351362 ], [ 72.725243145762832, 22.897292577772685 ], [ 72.725393687257153, 22.888266161273222 ] ] ] } },
{ "type": "Feature", "properties": { "grid_id": "AHM-1260" }, "geometry": { "type": "Polygon", "coordinates": [ [ [ 72.725243145762832, 22.897292577772685 ], [ 72.734985957589757, 22.897431787351362 ], [ 72.734835983753655, 22.906458253647955 ], [ 72.725092528177498, 22.906318983087974 ], [ 72.725243145762832, 22.897292577772685 ] ] ] } },
{ "type": "Feature", "properties": { "grid_id": "AHM-1261" }, "geometry": { "type": "Polygon", "coordinates": [ [ [ 72.725092528177498, 22.906318983087974 ], [ 72.734835983753655, 22.906458253647955 ], [ 72.734685934129118, 22.915484708764541 ], [ 72.724941834478685, 22.915345377215427 ], [ 72.725092528177498, 22.906318983087974 ] ] ] } },
{ "type": "Feature", "properties": { "grid_id": "AHM-1262" }, "geometry": { "type": "Polygon", "coordinates": [ [ [ 72.724941834478685, 22.915345377215427 ], [ 72.734685934129118, 22.915484708764541 ], [ 72.734535808693792, 22.924511152697448 ], [ 72.724791064643924, 22.924371760151395 ], [ 72.724941834478685, 22.915345377215427 ] ] ] } },
{ "type": "Feature", "properties": { "grid_id": "AHM-1263" }, "geometry": { "type": "Polygon", "coordinates": [ [ [ 72.724791064643924, 22.924371760151395 ], [ 72.734535808693792, 22.924511152697448 ], [ 72.734385607425281, 22.933537585443052 ], [ 72.724640218650748, 22.933398131892215 ], [ 72.724791064643924, 22.924371760151395 ] ] ] } },
{ "type": "Feature", "properties": { "grid_id": "AHM-1264" }, "geometry": { "type": "Polygon", "coordinates": [ [ [ 72.724640218650748, 22.933398131892215 ], [ 72.734385607425281, 22.933537585443052 ], [ 72.734235330301203, 22.942564006997685 ], [ 72.724489296476676, 22.942424492434231 ], [ 72.724640218650748, 22.933398131892215 ] ] ] } },
{ "type": "Feature", "properties": { "grid_id": "AHM-1265" }, "geometry": { "type": "Polygon", "coordinates": [ [ [ 72.724489296476676, 22.942424492434231 ], [ 72.734235330301203, 22.942564006997685 ], [ 72.734084977299133, 22.9515904173577 ], [ 72.72433829809917, 22.951450841773788 ], [ 72.724489296476676, 22.942424492434231 ] ] ] } },
{ "type": "Feature", "properties": { "grid_id": "AHM-1266" }, "geometry": { "type": "Polygon", "coordinates": [ [ [ 72.72433829809917, 22.951450841773788 ], [ 72.734084977299133, 22.9515904173577 ], [ 72.733934548396647, 22.960616816519444 ], [ 72.724187223495733, 22.96047717990723 ], [ 72.72433829809917, 22.951450841773788 ] ] ] } },
{ "type": "Feature", "properties": { "grid_id": "AHM-1267" }, "geometry": { "type": "Polygon", "coordinates": [ [ [ 72.724187223495733, 22.96047717990723 ], [ 72.733934548396647, 22.960616816519444 ], [ 72.733784043571291, 22.969643204479279 ], [ 72.724036072643798, 22.969503506830918 ], [ 72.724187223495733, 22.96047717990723 ] ] ] } },
{ "type": "Feature", "properties": { "grid_id": "AHM-1268" }, "geometry": { "type": "Polygon", "coordinates": [ [ [ 72.724036072643798, 22.969503506830918 ], [ 72.733784043571291, 22.969643204479279 ], [ 72.733633462800626, 22.97866958123355 ], [ 72.723884845520857, 22.97852982254118 ], [ 72.724036072643798, 22.969503506830918 ] ] ] } },
{ "type": "Feature", "properties": { "grid_id": "AHM-1269" }, "geometry": { "type": "Polygon", "coordinates": [ [ [ 72.723884845520857, 22.97852982254118 ], [ 72.733633462800626, 22.97866958123355 ], [ 72.73348280606217, 22.987695946778604 ], [ 72.723733542104299, 22.987556127034374 ], [ 72.723884845520857, 22.97852982254118 ] ] ] } },
{ "type": "Feature", "properties": { "grid_id": "AHM-1270" }, "geometry": { "type": "Polygon", "coordinates": [ [ [ 72.723733542104299, 22.987556127034374 ], [ 72.73348280606217, 22.987695946778604 ], [ 72.733332073333443, 22.996722301110811 ], [ 72.723582162371557, 22.996582420306858 ], [ 72.723733542104299, 22.987556127034374 ] ] ] } },
{ "type": "Feature", "properties": { "grid_id": "AHM-1271" }, "geometry": { "type": "Polygon", "coordinates": [ [ [ 72.723582162371557, 22.996582420306858 ], [ 72.733332073333443, 22.996722301110811 ], [ 72.733181264591934, 23.005748644226514 ], [ 72.723430706300036, 23.005608702354959 ], [ 72.723582162371557, 22.996582420306858 ] ] ] } },
{ "type": "Feature", "properties": { "grid_id": "AHM-1272" }, "geometry": { "type": "Polygon", "coordinates": [ [ [ 72.723430706300036, 23.005608702354959 ], [ 72.733181264591934, 23.005748644226514 ], [ 72.733030379815133, 23.014774976122055 ], [ 72.723279173867127, 23.014634973175038 ], [ 72.723430706300036, 23.005608702354959 ] ] ] } },
{ "type": "Feature", "properties": { "grid_id": "AHM-1273" }, "geometry": { "type": "Polygon", "coordinates": [ [ [ 72.723279173867127, 23.014634973175038 ], [ 72.733030379815133, 23.014774976122055 ], [ 72.732879418980517, 23.023801296793813 ], [ 72.723127565050191, 23.023661232763462 ], [ 72.723279173867127, 23.014634973175038 ] ] ] } },
{ "type": "Feature", "properties": { "grid_id": "AHM-1274" }, "geometry": { "type": "Polygon", "coordinates": [ [ [ 72.723127565050191, 23.023661232763462 ], [ 72.732879418980517, 23.023801296793813 ], [ 72.732728382065517, 23.03282760623814 ], [ 72.722975879826592, 23.032687481116561 ], [ 72.723127565050191, 23.023661232763462 ] ] ] } },
{ "type": "Feature", "properties": { "grid_id": "AHM-1275" }, "geometry": { "type": "Polygon", "coordinates": [ [ [ 72.722975879826592, 23.032687481116561 ], [ 72.732728382065517, 23.03282760623814 ], [ 72.732577269047596, 23.04185390445139 ], [ 72.722824118173676, 23.041713718230703 ], [ 72.722975879826592, 23.032687481116561 ] ] ] } },
{ "type": "Feature", "properties": { "grid_id": "AHM-1276" }, "geometry": { "type": "Polygon", "coordinates": [ [ [ 72.722824118173676, 23.041713718230703 ], [ 72.732577269047596, 23.04185390445139 ], [ 72.732426079904172, 23.050880191429922 ], [ 72.722672280068764, 23.05073994410224 ], [ 72.722824118173676, 23.041713718230703 ] ] ] } },
{ "type": "Feature", "properties": { "grid_id": "AHM-1277" }, "geometry": { "type": "Polygon", "coordinates": [ [ [ 72.722672280068764, 23.05073994410224 ], [ 72.732426079904172, 23.050880191429922 ], [ 72.732274814612651, 23.059906467170091 ], [ 72.722520365489174, 23.059766158727513 ], [ 72.722672280068764, 23.05073994410224 ] ] ] } },
{ "type": "Feature", "properties": { "grid_id": "AHM-1278" }, "geometry": { "type": "Polygon", "coordinates": [ [ [ 72.722520365489174, 23.059766158727513 ], [ 72.732274814612651, 23.059906467170091 ], [ 72.732123473150438, 23.068932731668262 ], [ 72.722368374412198, 23.068792362102894 ], [ 72.722520365489174, 23.059766158727513 ] ] ] } },
{ "type": "Feature", "properties": { "grid_id": "AHM-1279" }, "geometry": { "type": "Polygon", "coordinates": [ [ [ 72.722368374412198, 23.068792362102894 ], [ 72.732123473150438, 23.068932731668262 ], [ 72.731972055494879, 23.077958984920791 ], [ 72.722216306815142, 23.077818554224724 ], [ 72.722368374412198, 23.068792362102894 ] ] ] } },
{ "type": "Feature", "properties": { "grid_id": "AHM-1280" }, "geometry": { "type": "Polygon", "coordinates": [ [ [ 72.722216306815142, 23.077818554224724 ], [ 72.731972055494879, 23.077958984920791 ], [ 72.731820561623394, 23.086985226924039 ], [ 72.722064162675238, 23.086844735089379 ], [ 72.722216306815142, 23.077818554224724 ] ] ] } },
{ "type": "Feature", "properties": { "grid_id": "AHM-1281" }, "geometry": { "type": "Polygon", "coordinates": [ [ [ 72.722064162675238, 23.086844735089379 ], [ 72.731820561623394, 23.086985226924039 ], [ 72.731668991513274, 23.096011457674383 ], [ 72.721911941969765, 23.095870904693204 ], [ 72.722064162675238, 23.086844735089379 ] ] ] } },
{ "type": "Feature", "properties": { "grid_id": "AHM-1282" }, "geometry": { "type": "Polygon", "coordinates": [ [ [ 72.721911941969765, 23.095870904693204 ], [ 72.731668991513274, 23.096011457674383 ], [ 72.731517345141896, 23.10503767716818 ], [ 72.721759644675956, 23.10489706303256 ], [ 72.721911941969765, 23.095870904693204 ] ] ] } },
{ "type": "Feature", "properties": { "grid_id": "AHM-1283" }, "geometry": { "type": "Polygon", "coordinates": [ [ [ 72.721759644675956, 23.10489706303256 ], [ 72.731517345141896, 23.10503767716818 ], [ 72.731365622486564, 23.11406388540178 ], [ 72.721607270771045, 23.113923210103806 ], [ 72.721759644675956, 23.10489706303256 ] ] ] } },
{ "type": "Feature", "properties": { "grid_id": "AHM-1284" }, "geometry": { "type": "Polygon", "coordinates": [ [ [ 72.721607270771045, 23.113923210103806 ], [ 72.731365622486564, 23.11406388540178 ], [ 72.731213823524598, 23.123090082371565 ], [ 72.721454820232211, 23.122949345903308 ], [ 72.721607270771045, 23.113923210103806 ] ] ] } },
{ "type": "Feature", "properties": { "grid_id": "AHM-1285" }, "geometry": { "type": "Polygon", "coordinates": [ [ [ 72.721454820232211, 23.122949345903308 ], [ 72.731213823524598, 23.123090082371565 ], [ 72.731061948233261, 23.132116268073883 ], [ 72.721302293036658, 23.131975470427417 ], [ 72.721454820232211, 23.122949345903308 ] ] ] } },
{ "type": "Feature", "properties": { "grid_id": "AHM-1286" }, "geometry": { "type": "Polygon", "coordinates": [ [ [ 72.721302293036658, 23.131975470427417 ], [ 72.731061948233261, 23.132116268073883 ], [ 72.730909996589844, 23.141142442505117 ], [ 72.721149689161578, 23.141001583672505 ], [ 72.721302293036658, 23.131975470427417 ] ] ] } },
{ "type": "Feature", "properties": { "grid_id": "AHM-1287" }, "geometry": { "type": "Polygon", "coordinates": [ [ [ 72.721149689161578, 23.141001583672505 ], [ 72.730909996589844, 23.141142442505117 ], [ 72.730757968571609, 23.150168605661637 ], [ 72.720997008584135, 23.150027685634928 ], [ 72.721149689161578, 23.141001583672505 ] ] ] } },
{ "type": "Feature", "properties": { "grid_id": "AHM-1288" }, "geometry": { "type": "Polygon", "coordinates": [ [ [ 72.720997008584135, 23.150027685634928 ], [ 72.730757968571609, 23.150168605661637 ], [ 72.730605864155805, 23.15919475753979 ], [ 72.720844251281449, 23.159053776311055 ], [ 72.720997008584135, 23.150027685634928 ] ] ] } },
{ "type": "Feature", "properties": { "grid_id": "AHM-1289" }, "geometry": { "type": "Polygon", "coordinates": [ [ [ 72.720844251281449, 23.159053776311055 ], [ 72.730605864155805, 23.15919475753979 ], [ 72.730453683319652, 23.168220898135967 ], [ 72.720691417230682, 23.168079855697247 ], [ 72.720844251281449, 23.159053776311055 ] ] ] } },
{ "type": "Feature", "properties": { "grid_id": "AHM-1290" }, "geometry": { "type": "Polygon", "coordinates": [ [ [ 72.720691417230682, 23.168079855697247 ], [ 72.730453683319652, 23.168220898135967 ], [ 72.730301426040384, 23.177247027446523 ], [ 72.720538506408943, 23.177105923789867 ], [ 72.720691417230682, 23.168079855697247 ] ] ] } },
{ "type": "Feature", "properties": { "grid_id": "AHM-1291" }, "geometry": { "type": "Polygon", "coordinates": [ [ [ 72.720538506408943, 23.177105923789867 ], [ 72.730301426040384, 23.177247027446523 ], [ 72.730149092295179, 23.18627314546784 ], [ 72.720385518793336, 23.186131980585291 ], [ 72.720538506408943, 23.177105923789867 ] ] ] } },
{ "type": "Feature", "properties": { "grid_id": "AHM-1292" }, "geometry": { "type": "Polygon", "coordinates": [ [ [ 72.720385518793336, 23.186131980585291 ], [ 72.730149092295179, 23.18627314546784 ], [ 72.729996682061227, 23.195299252196278 ], [ 72.720232454360939, 23.195158026079866 ], [ 72.720385518793336, 23.186131980585291 ] ] ] } },
{ "type": "Feature", "properties": { "grid_id": "AHM-1293" }, "geometry": { "type": "Polygon", "coordinates": [ [ [ 72.720232454360939, 23.195158026079866 ], [ 72.729996682061227, 23.195299252196278 ], [ 72.729844195315692, 23.20432534762822 ], [ 72.72007931308886, 23.204184060269981 ], [ 72.720232454360939, 23.195158026079866 ] ] ] } },
{ "type": "Feature", "properties": { "grid_id": "AHM-1294" }, "geometry": { "type": "Polygon", "coordinates": [ [ [ 72.72007931308886, 23.204184060269981 ], [ 72.729844195315692, 23.20432534762822 ], [ 72.729691632035767, 23.213351431760028 ], [ 72.719926094954104, 23.213210083151996 ], [ 72.72007931308886, 23.204184060269981 ] ] ] } },
{ "type": "Feature", "properties": { "grid_id": "AHM-1295" }, "geometry": { "type": "Polygon", "coordinates": [ [ [ 72.719926094954104, 23.213210083151996 ], [ 72.729691632035767, 23.213351431760028 ], [ 72.729538992198542, 23.222377504588088 ], [ 72.71977279993375, 23.222236094722277 ], [ 72.719926094954104, 23.213210083151996 ] ] ] } },
{ "type": "Feature", "properties": { "grid_id": "AHM-1296" }, "geometry": { "type": "Polygon", "coordinates": [ [ [ 72.735135855659777, 22.888405309878426 ], [ 72.744878099806144, 22.888543862325783 ], [ 72.744728845182735, 22.897570400511096 ], [ 72.734985957589757, 22.897431787351362 ], [ 72.735135855659777, 22.888405309878426 ] ] ] } },
{ "type": "Feature", "properties": { "grid_id": "AHM-1297" }, "geometry": { "type": "Polygon", "coordinates": [ [ [ 72.734985957589757, 22.897431787351362 ], [ 72.744728845182735, 22.897570400511096 ], [ 72.744579515118232, 22.906596927527843 ], [ 72.734835983753655, 22.906458253647955 ], [ 72.734985957589757, 22.897431787351362 ] ] ] } },
{ "type": "Feature", "properties": { "grid_id": "AHM-1298" }, "geometry": { "type": "Polygon", "coordinates": [ [ [ 72.734835983753655, 22.906458253647955 ], [ 72.744579515118232, 22.906596927527843 ], [ 72.744430109590354, 22.915623443372375 ], [ 72.734685934129118, 22.915484708764541 ], [ 72.734835983753655, 22.906458253647955 ] ] ] } },
{ "type": "Feature", "properties": { "grid_id": "AHM-1299" }, "geometry": { "type": "Polygon", "coordinates": [ [ [ 72.734685934129118, 22.915484708764541 ], [ 72.744430109590354, 22.915623443372375 ], [ 72.744280628576846, 22.924649948041026 ], [ 72.734535808693792, 22.924511152697448 ], [ 72.734685934129118, 22.915484708764541 ] ] ] } },
{ "type": "Feature", "properties": { "grid_id": "AHM-1300" }, "geometry": { "type": "Polygon", "coordinates": [ [ [ 72.734535808693792, 22.924511152697448 ], [ 72.744280628576846, 22.924649948041026 ], [ 72.744131072055396, 22.933676441530164 ], [ 72.734385607425281, 22.933537585443052 ], [ 72.734535808693792, 22.924511152697448 ] ] ] } },
{ "type": "Feature", "properties": { "grid_id": "AHM-1301" }, "geometry": { "type": "Polygon", "coordinates": [ [ [ 72.734385607425281, 22.933537585443052 ], [ 72.744131072055396, 22.933676441530164 ], [ 72.743981440003722, 22.942702923836144 ], [ 72.734235330301203, 22.942564006997685 ], [ 72.734385607425281, 22.933537585443052 ] ] ] } },
{ "type": "Feature", "properties": { "grid_id": "AHM-1302" }, "geometry": { "type": "Polygon", "coordinates": [ [ [ 72.734235330301203, 22.942564006997685 ], [ 72.743981440003722, 22.942702923836144 ], [ 72.743831732399514, 22.951729394955301 ], [ 72.734084977299133, 22.9515904173577 ], [ 72.734235330301203, 22.942564006997685 ] ] ] } },
{ "type": "Feature", "properties": { "grid_id": "AHM-1303" }, "geometry": { "type": "Polygon", "coordinates": [ [ [ 72.734084977299133, 22.9515904173577 ], [ 72.743831732399514, 22.951729394955301 ], [ 72.743681949220402, 22.960755854884006 ], [ 72.733934548396647, 22.960616816519444 ], [ 72.734084977299133, 22.9515904173577 ] ] ] } },
{ "type": "Feature", "properties": { "grid_id": "AHM-1304" }, "geometry": { "type": "Polygon", "coordinates": [ [ [ 72.733934548396647, 22.960616816519444 ], [ 72.743681949220402, 22.960755854884006 ], [ 72.743532090444091, 22.969782303618612 ], [ 72.733784043571291, 22.969643204479279 ], [ 72.733934548396647, 22.960616816519444 ] ] ] } },
{ "type": "Feature", "properties": { "grid_id": "AHM-1305" }, "geometry": { "type": "Polygon", "coordinates": [ [ [ 72.733784043571291, 22.969643204479279 ], [ 72.743532090444091, 22.969782303618612 ], [ 72.743382156048185, 22.978808741155479 ], [ 72.733633462800626, 22.97866958123355 ], [ 72.733784043571291, 22.969643204479279 ] ] ] } },
{ "type": "Feature", "properties": { "grid_id": "AHM-1306" }, "geometry": { "type": "Polygon", "coordinates": [ [ [ 72.733633462800626, 22.97866958123355 ], [ 72.743382156048185, 22.978808741155479 ], [ 72.743232146010314, 22.987835167490953 ], [ 72.73348280606217, 22.987695946778604 ], [ 72.733633462800626, 22.97866958123355 ] ] ] } },
{ "type": "Feature", "properties": { "grid_id": "AHM-1307" }, "geometry": { "type": "Polygon", "coordinates": [ [ [ 72.73348280606217, 22.987695946778604 ], [ 72.743232146010314, 22.987835167490953 ], [ 72.743082060308097, 22.996861582621403 ], [ 72.733332073333443, 22.996722301110811 ], [ 72.73348280606217, 22.987695946778604 ] ] ] } },
{ "type": "Feature", "properties": { "grid_id": "AHM-1308" }, "geometry": { "type": "Polygon", "coordinates": [ [ [ 72.733332073333443, 22.996722301110811 ], [ 72.743082060308097, 22.996861582621403 ], [ 72.742931898919124, 23.005887986543186 ], [ 72.733181264591934, 23.005748644226514 ], [ 72.733332073333443, 22.996722301110811 ] ] ] } },
{ "type": "Feature", "properties": { "grid_id": "AHM-1309" }, "geometry": { "type": "Polygon", "coordinates": [ [ [ 72.733181264591934, 23.005748644226514 ], [ 72.742931898919124, 23.005887986543186 ], [ 72.74278166182097, 23.014914379252655 ], [ 72.733030379815133, 23.014774976122055 ], [ 72.733181264591934, 23.005748644226514 ] ] ] } },
{ "type": "Feature", "properties": { "grid_id": "AHM-1310" }, "geometry": { "type": "Polygon", "coordinates": [ [ [ 72.733030379815133, 23.014774976122055 ], [ 72.74278166182097, 23.014914379252655 ], [ 72.74263134899121, 23.023940760746186 ], [ 72.732879418980517, 23.023801296793813 ], [ 72.733030379815133, 23.014774976122055 ] ] ] } },
{ "type": "Feature", "properties": { "grid_id": "AHM-1311" }, "geometry": { "type": "Polygon", "coordinates": [ [ [ 72.732879418980517, 23.023801296793813 ], [ 72.74263134899121, 23.023940760746186 ], [ 72.742480960407377, 23.032967131020115 ], [ 72.732728382065517, 23.03282760623814 ], [ 72.732879418980517, 23.023801296793813 ] ] ] } },
{ "type": "Feature", "properties": { "grid_id": "AHM-1312" }, "geometry": { "type": "Polygon", "coordinates": [ [ [ 72.732728382065517, 23.03282760623814 ], [ 72.742480960407377, 23.032967131020115 ], [ 72.742330496047032, 23.04199349007083 ], [ 72.732577269047596, 23.04185390445139 ], [ 72.732728382065517, 23.03282760623814 ] ] ] } },
{ "type": "Feature", "properties": { "grid_id": "AHM-1313" }, "geometry": { "type": "Polygon", "coordinates": [ [ [ 72.732577269047596, 23.04185390445139 ], [ 72.742330496047032, 23.04199349007083 ], [ 72.742179955887678, 23.051019837894675 ], [ 72.732426079904172, 23.050880191429922 ], [ 72.732577269047596, 23.04185390445139 ] ] ] } },
{ "type": "Feature", "properties": { "grid_id": "AHM-1314" }, "geometry": { "type": "Polygon", "coordinates": [ [ [ 72.732426079904172, 23.050880191429922 ], [ 72.742179955887678, 23.051019837894675 ], [ 72.742029339906836, 23.060046174488033 ], [ 72.732274814612651, 23.059906467170091 ], [ 72.732426079904172, 23.050880191429922 ] ] ] } },
{ "type": "Feature", "properties": { "grid_id": "AHM-1315" }, "geometry": { "type": "Polygon", "coordinates": [ [ [ 72.732274814612651, 23.059906467170091 ], [ 72.742029339906836, 23.060046174488033 ], [ 72.741878648081979, 23.069072499847238 ], [ 72.732123473150438, 23.068932731668262 ], [ 72.732274814612651, 23.059906467170091 ] ] ] } },
{ "type": "Feature", "properties": { "grid_id": "AHM-1316" }, "geometry": { "type": "Polygon", "coordinates": [ [ [ 72.732123473150438, 23.068932731668262 ], [ 72.741878648081979, 23.069072499847238 ], [ 72.741727880390584, 23.078098813968698 ], [ 72.731972055494879, 23.077958984920791 ], [ 72.732123473150438, 23.068932731668262 ] ] ] } },
{ "type": "Feature", "properties": { "grid_id": "AHM-1317" }, "geometry": { "type": "Polygon", "coordinates": [ [ [ 72.731972055494879, 23.077958984920791 ], [ 72.741727880390584, 23.078098813968698 ], [ 72.741577036810128, 23.087125116848735 ], [ 72.731820561623394, 23.086985226924039 ], [ 72.731972055494879, 23.077958984920791 ] ] ] } },
{ "type": "Feature", "properties": { "grid_id": "AHM-1318" }, "geometry": { "type": "Polygon", "coordinates": [ [ [ 72.731820561623394, 23.086985226924039 ], [ 72.741577036810128, 23.087125116848735 ], [ 72.741426117318056, 23.096151408483745 ], [ 72.731668991513274, 23.096011457674383 ], [ 72.731820561623394, 23.086985226924039 ] ] ] } },
{ "type": "Feature", "properties": { "grid_id": "AHM-1319" }, "geometry": { "type": "Polygon", "coordinates": [ [ [ 72.731668991513274, 23.096011457674383 ], [ 72.741426117318056, 23.096151408483745 ], [ 72.741275121891789, 23.105177688870096 ], [ 72.731517345141896, 23.10503767716818 ], [ 72.731668991513274, 23.096011457674383 ] ] ] } },
{ "type": "Feature", "properties": { "grid_id": "AHM-1320" }, "geometry": { "type": "Polygon", "coordinates": [ [ [ 72.731517345141896, 23.10503767716818 ], [ 72.741275121891789, 23.105177688870096 ], [ 72.741124050508745, 23.114203958004133 ], [ 72.731365622486564, 23.11406388540178 ], [ 72.731517345141896, 23.10503767716818 ] ] ] } },
{ "type": "Feature", "properties": { "grid_id": "AHM-1321" }, "geometry": { "type": "Polygon", "coordinates": [ [ [ 72.731365622486564, 23.11406388540178 ], [ 72.741124050508745, 23.114203958004133 ], [ 72.740972903146343, 23.123230215882248 ], [ 72.731213823524598, 23.123090082371565 ], [ 72.731365622486564, 23.11406388540178 ] ] ] } },
{ "type": "Feature", "properties": { "grid_id": "AHM-1322" }, "geometry": { "type": "Polygon", "coordinates": [ [ [ 72.731213823524598, 23.123090082371565 ], [ 72.740972903146343, 23.123230215882248 ], [ 72.740821679781945, 23.132256462500809 ], [ 72.731061948233261, 23.132116268073883 ], [ 72.731213823524598, 23.123090082371565 ] ] ] } },
{ "type": "Feature", "properties": { "grid_id": "AHM-1323" }, "geometry": { "type": "Polygon", "coordinates": [ [ [ 72.731061948233261, 23.132116268073883 ], [ 72.740821679781945, 23.132256462500809 ], [ 72.740670380392942, 23.141282697856173 ], [ 72.730909996589844, 23.141142442505117 ], [ 72.731061948233261, 23.132116268073883 ] ] ] } },
{ "type": "Feature", "properties": { "grid_id": "AHM-1324" }, "geometry": { "type": "Polygon", "coordinates": [ [ [ 72.730909996589844, 23.141142442505117 ], [ 72.740670380392942, 23.141282697856173 ], [ 72.740519004956681, 23.150308921944728 ], [ 72.730757968571609, 23.150168605661637 ], [ 72.730909996589844, 23.141142442505117 ] ] ] } },
{ "type": "Feature", "properties": { "grid_id": "AHM-1325" }, "geometry": { "type": "Polygon", "coordinates": [ [ [ 72.730757968571609, 23.150168605661637 ], [ 72.740519004956681, 23.150308921944728 ], [ 72.740367553450511, 23.159335134762838 ], [ 72.730605864155805, 23.15919475753979 ], [ 72.730757968571609, 23.150168605661637 ] ] ] } },
{ "type": "Feature", "properties": { "grid_id": "AHM-1326" }, "geometry": { "type": "Polygon", "coordinates": [ [ [ 72.730605864155805, 23.15919475753979 ], [ 72.740367553450511, 23.159335134762838 ], [ 72.740216025851765, 23.16836133630688 ], [ 72.730453683319652, 23.168220898135967 ], [ 72.730605864155805, 23.15919475753979 ] ] ] } },
{ "type": "Feature", "properties": { "grid_id": "AHM-1327" }, "geometry": { "type": "Polygon", "coordinates": [ [ [ 72.730453683319652, 23.168220898135967 ], [ 72.740216025851765, 23.16836133630688 ], [ 72.740064422137749, 23.17738752657322 ], [ 72.730301426040384, 23.177247027446523 ], [ 72.730453683319652, 23.168220898135967 ] ] ] } },
{ "type": "Feature", "properties": { "grid_id": "AHM-1328" }, "geometry": { "type": "Polygon", "coordinates": [ [ [ 72.730301426040384, 23.177247027446523 ], [ 72.740064422137749, 23.17738752657322 ], [ 72.739912742285753, 23.186413705558245 ], [ 72.730149092295179, 23.18627314546784 ], [ 72.730301426040384, 23.177247027446523 ] ] ] } },
{ "type": "Feature", "properties": { "grid_id": "AHM-1329" }, "geometry": { "type": "Polygon", "coordinates": [ [ [ 72.730149092295179, 23.18627314546784 ], [ 72.739912742285753, 23.186413705558245 ], [ 72.739760986273069, 23.195439873258323 ], [ 72.729996682061227, 23.195299252196278 ], [ 72.730149092295179, 23.18627314546784 ] ] ] } },
{ "type": "Feature", "properties": { "grid_id": "AHM-1330" }, "geometry": { "type": "Polygon", "coordinates": [ [ [ 72.729996682061227, 23.195299252196278 ], [ 72.739760986273069, 23.195439873258323 ], [ 72.739609154076973, 23.204466029669835 ], [ 72.729844195315692, 23.20432534762822 ], [ 72.729996682061227, 23.195299252196278 ] ] ] } },
{ "type": "Feature", "properties": { "grid_id": "AHM-1331" }, "geometry": { "type": "Polygon", "coordinates": [ [ [ 72.729844195315692, 23.20432534762822 ], [ 72.739609154076973, 23.204466029669835 ], [ 72.7394572456747, 23.213492174789156 ], [ 72.729691632035767, 23.213351431760028 ], [ 72.729844195315692, 23.20432534762822 ] ] ] } },
{ "type": "Feature", "properties": { "grid_id": "AHM-1332" }, "geometry": { "type": "Polygon", "coordinates": [ [ [ 72.729691632035767, 23.213351431760028 ], [ 72.7394572456747, 23.213492174789156 ], [ 72.739305261043512, 23.222518308612667 ], [ 72.729538992198542, 23.222377504588088 ], [ 72.729691632035767, 23.213351431760028 ] ] ] } },
{ "type": "Feature", "properties": { "grid_id": "AHM-1333" }, "geometry": { "type": "Polygon", "coordinates": [ [ [ 72.744878099806144, 22.888543862325783 ], [ 72.754620419371349, 22.888681818596492 ], [ 72.754471808216834, 22.897708417233062 ], [ 72.744728845182735, 22.897570400511096 ], [ 72.744878099806144, 22.888543862325783 ] ] ] } },
{ "type": "Feature", "properties": { "grid_id": "AHM-1334" }, "geometry": { "type": "Polygon", "coordinates": [ [ [ 72.744728845182735, 22.897570400511096 ], [ 72.754471808216834, 22.897708417233062 ], [ 72.754323121946186, 22.906735004708821 ], [ 72.744579515118232, 22.906596927527843 ], [ 72.744728845182735, 22.897570400511096 ] ] ] } },
{ "type": "Feature", "properties": { "grid_id": "AHM-1335" }, "geometry": { "type": "Polygon", "coordinates": [ [ [ 72.744579515118232, 22.906596927527843 ], [ 72.754323121946186, 22.906735004708821 ], [ 72.754174360537235, 22.915761581020107 ], [ 72.744430109590354, 22.915623443372375 ], [ 72.744579515118232, 22.906596927527843 ] ] ] } },
{ "type": "Feature", "properties": { "grid_id": "AHM-1336" }, "geometry": { "type": "Polygon", "coordinates": [ [ [ 72.744430109590354, 22.915623443372375 ], [ 72.754174360537235, 22.915761581020107 ], [ 72.754025523967812, 22.924788146163277 ], [ 72.744280628576846, 22.924649948041026 ], [ 72.744430109590354, 22.915623443372375 ] ] ] } },
{ "type": "Feature", "properties": { "grid_id": "AHM-1337" }, "geometry": { "type": "Polygon", "coordinates": [ [ [ 72.744280628576846, 22.924649948041026 ], [ 72.754025523967812, 22.924788146163277 ], [ 72.753876612215734, 22.933814700134704 ], [ 72.744131072055396, 22.933676441530164 ], [ 72.744280628576846, 22.924649948041026 ] ] ] } },
{ "type": "Feature", "properties": { "grid_id": "AHM-1338" }, "geometry": { "type": "Polygon", "coordinates": [ [ [ 72.744131072055396, 22.933676441530164 ], [ 72.753876612215734, 22.933814700134704 ], [ 72.75372762525879, 22.942841242930733 ], [ 72.743981440003722, 22.942702923836144 ], [ 72.744131072055396, 22.933676441530164 ] ] ] } },
{ "type": "Feature", "properties": { "grid_id": "AHM-1339" }, "geometry": { "type": "Polygon", "coordinates": [ [ [ 72.743981440003722, 22.942702923836144 ], [ 72.75372762525879, 22.942841242930733 ], [ 72.753578563074754, 22.951867774547722 ], [ 72.743831732399514, 22.951729394955301 ], [ 72.743981440003722, 22.942702923836144 ] ] ] } },
{ "type": "Feature", "properties": { "grid_id": "AHM-1340" }, "geometry": { "type": "Polygon", "coordinates": [ [ [ 72.743831732399514, 22.951729394955301 ], [ 72.753578563074754, 22.951867774547722 ], [ 72.7534294256414, 22.96089429498203 ], [ 72.743681949220402, 22.960755854884006 ], [ 72.743831732399514, 22.951729394955301 ] ] ] } },
{ "type": "Feature", "properties": { "grid_id": "AHM-1341" }, "geometry": { "type": "Polygon", "coordinates": [ [ [ 72.743681949220402, 22.960755854884006 ], [ 72.7534294256414, 22.96089429498203 ], [ 72.75328021293646, 22.969920804230025 ], [ 72.743532090444091, 22.969782303618612 ], [ 72.743681949220402, 22.960755854884006 ] ] ] } },
{ "type": "Feature", "properties": { "grid_id": "AHM-1342" }, "geometry": { "type": "Polygon", "coordinates": [ [ [ 72.743532090444091, 22.969782303618612 ], [ 72.75328021293646, 22.969920804230025 ], [ 72.753130924937693, 22.978947302288066 ], [ 72.743382156048185, 22.978808741155479 ], [ 72.743532090444091, 22.969782303618612 ] ] ] } },
{ "type": "Feature", "properties": { "grid_id": "AHM-1343" }, "geometry": { "type": "Polygon", "coordinates": [ [ [ 72.743382156048185, 22.978808741155479 ], [ 72.753130924937693, 22.978947302288066 ], [ 72.752981561622818, 22.987973789152516 ], [ 72.743232146010314, 22.987835167490953 ], [ 72.743382156048185, 22.978808741155479 ] ] ] } },
{ "type": "Feature", "properties": { "grid_id": "AHM-1344" }, "geometry": { "type": "Polygon", "coordinates": [ [ [ 72.743232146010314, 22.987835167490953 ], [ 72.752981561622818, 22.987973789152516 ], [ 72.752832122969508, 22.997000264819725 ], [ 72.743082060308097, 22.996861582621403 ], [ 72.743232146010314, 22.987835167490953 ] ] ] } },
{ "type": "Feature", "properties": { "grid_id": "AHM-1345" }, "geometry": { "type": "Polygon", "coordinates": [ [ [ 72.743082060308097, 22.996861582621403 ], [ 72.752832122969508, 22.997000264819725 ], [ 72.752682608955482, 23.006026729286074 ], [ 72.742931898919124, 23.005887986543186 ], [ 72.743082060308097, 22.996861582621403 ] ] ] } },
{ "type": "Feature", "properties": { "grid_id": "AHM-1346" }, "geometry": { "type": "Polygon", "coordinates": [ [ [ 72.742931898919124, 23.005887986543186 ], [ 72.752682608955482, 23.006026729286074 ], [ 72.752533019558413, 23.015053182547899 ], [ 72.74278166182097, 23.014914379252655 ], [ 72.742931898919124, 23.005887986543186 ] ] ] } },
{ "type": "Feature", "properties": { "grid_id": "AHM-1347" }, "geometry": { "type": "Polygon", "coordinates": [ [ [ 72.74278166182097, 23.014914379252655 ], [ 72.752533019558413, 23.015053182547899 ], [ 72.752383354755963, 23.024079624601605 ], [ 72.74263134899121, 23.023940760746186 ], [ 72.74278166182097, 23.014914379252655 ] ] ] } },
{ "type": "Feature", "properties": { "grid_id": "AHM-1348" }, "geometry": { "type": "Polygon", "coordinates": [ [ [ 72.74263134899121, 23.023940760746186 ], [ 72.752383354755963, 23.024079624601605 ], [ 72.752233614525764, 23.033106055443533 ], [ 72.742480960407377, 23.032967131020115 ], [ 72.74263134899121, 23.023940760746186 ] ] ] } },
{ "type": "Feature", "properties": { "grid_id": "AHM-1349" }, "geometry": { "type": "Polygon", "coordinates": [ [ [ 72.742480960407377, 23.032967131020115 ], [ 72.752233614525764, 23.033106055443533 ], [ 72.752083798845476, 23.042132475070051 ], [ 72.742330496047032, 23.04199349007083 ], [ 72.742480960407377, 23.032967131020115 ] ] ] } },
{ "type": "Feature", "properties": { "grid_id": "AHM-1350" }, "geometry": { "type": "Polygon", "coordinates": [ [ [ 72.742330496047032, 23.04199349007083 ], [ 72.752083798845476, 23.042132475070051 ], [ 72.751933907692688, 23.051158883477534 ], [ 72.742179955887678, 23.051019837894675 ], [ 72.742330496047032, 23.04199349007083 ] ] ] } },
{ "type": "Feature", "properties": { "grid_id": "AHM-1351" }, "geometry": { "type": "Polygon", "coordinates": [ [ [ 72.742179955887678, 23.051019837894675 ], [ 72.751933907692688, 23.051158883477534 ], [ 72.751783941045019, 23.060185280662346 ], [ 72.742029339906836, 23.060046174488033 ], [ 72.742179955887678, 23.051019837894675 ] ] ] } },
{ "type": "Feature", "properties": { "grid_id": "AHM-1352" }, "geometry": { "type": "Polygon", "coordinates": [ [ [ 72.742029339906836, 23.060046174488033 ], [ 72.751783941045019, 23.060185280662346 ], [ 72.751633898880058, 23.069211666620848 ], [ 72.741878648081979, 23.069072499847238 ], [ 72.742029339906836, 23.060046174488033 ] ] ] } },
{ "type": "Feature", "properties": { "grid_id": "AHM-1353" }, "geometry": { "type": "Polygon", "coordinates": [ [ [ 72.741878648081979, 23.069072499847238 ], [ 72.751633898880058, 23.069211666620848 ], [ 72.751483781175367, 23.078238041349426 ], [ 72.741727880390584, 23.078098813968698 ], [ 72.741878648081979, 23.069072499847238 ] ] ] } },
{ "type": "Feature", "properties": { "grid_id": "AHM-1354" }, "geometry": { "type": "Polygon", "coordinates": [ [ [ 72.741727880390584, 23.078098813968698 ], [ 72.751483781175367, 23.078238041349426 ], [ 72.751333587908505, 23.087264404844433 ], [ 72.741577036810128, 23.087125116848735 ], [ 72.741727880390584, 23.078098813968698 ] ] ] } },
{ "type": "Feature", "properties": { "grid_id": "AHM-1355" }, "geometry": { "type": "Polygon", "coordinates": [ [ [ 72.741577036810128, 23.087125116848735 ], [ 72.751333587908505, 23.087264404844433 ], [ 72.75118331905702, 23.09629075710226 ], [ 72.741426117318056, 23.096151408483745 ], [ 72.741577036810128, 23.087125116848735 ] ] ] } },
{ "type": "Feature", "properties": { "grid_id": "AHM-1356" }, "geometry": { "type": "Polygon", "coordinates": [ [ [ 72.741426117318056, 23.096151408483745 ], [ 72.75118331905702, 23.09629075710226 ], [ 72.751032974598459, 23.105317098119265 ], [ 72.741275121891789, 23.105177688870096 ], [ 72.741426117318056, 23.096151408483745 ] ] ] } },
{ "type": "Feature", "properties": { "grid_id": "AHM-1357" }, "geometry": { "type": "Polygon", "coordinates": [ [ [ 72.741275121891789, 23.105177688870096 ], [ 72.751032974598459, 23.105317098119265 ], [ 72.750882554510298, 23.114343427891828 ], [ 72.741124050508745, 23.114203958004133 ], [ 72.741275121891789, 23.105177688870096 ] ] ] } },
{ "type": "Feature", "properties": { "grid_id": "AHM-1358" }, "geometry": { "type": "Polygon", "coordinates": [ [ [ 72.741124050508745, 23.114203958004133 ], [ 72.750882554510298, 23.114343427891828 ], [ 72.750732058770055, 23.123369746416323 ], [ 72.740972903146343, 23.123230215882248 ], [ 72.741124050508745, 23.114203958004133 ] ] ] } },
{ "type": "Feature", "properties": { "grid_id": "AHM-1359" }, "geometry": { "type": "Polygon", "coordinates": [ [ [ 72.740972903146343, 23.123230215882248 ], [ 72.750732058770055, 23.123369746416323 ], [ 72.750581487355234, 23.132396053689114 ], [ 72.740821679781945, 23.132256462500809 ], [ 72.740972903146343, 23.123230215882248 ] ] ] } },
{ "type": "Feature", "properties": { "grid_id": "AHM-1360" }, "geometry": { "type": "Polygon", "coordinates": [ [ [ 72.740821679781945, 23.132256462500809 ], [ 72.750581487355234, 23.132396053689114 ], [ 72.750430840243283, 23.141422349706588 ], [ 72.740670380392942, 23.141282697856173 ], [ 72.740821679781945, 23.132256462500809 ] ] ] } },
{ "type": "Feature", "properties": { "grid_id": "AHM-1361" }, "geometry": { "type": "Polygon", "coordinates": [ [ [ 72.740670380392942, 23.141282697856173 ], [ 72.750430840243283, 23.141422349706588 ], [ 72.750280117411663, 23.150448634465121 ], [ 72.740519004956681, 23.150308921944728 ], [ 72.740670380392942, 23.141282697856173 ] ] ] } },
{ "type": "Feature", "properties": { "grid_id": "AHM-1362" }, "geometry": { "type": "Polygon", "coordinates": [ [ [ 72.740519004956681, 23.150308921944728 ], [ 72.750280117411663, 23.150448634465121 ], [ 72.750129318837807, 23.159474907961091 ], [ 72.740367553450511, 23.159335134762838 ], [ 72.740519004956681, 23.150308921944728 ] ] ] } },
{ "type": "Feature", "properties": { "grid_id": "AHM-1363" }, "geometry": { "type": "Polygon", "coordinates": [ [ [ 72.740367553450511, 23.159335134762838 ], [ 72.750129318837807, 23.159474907961091 ], [ 72.749978444499135, 23.168501170190872 ], [ 72.740216025851765, 23.16836133630688 ], [ 72.740367553450511, 23.159335134762838 ] ] ] } },
{ "type": "Feature", "properties": { "grid_id": "AHM-1364" }, "geometry": { "type": "Polygon", "coordinates": [ [ [ 72.740216025851765, 23.16836133630688 ], [ 72.749978444499135, 23.168501170190872 ], [ 72.749827494373079, 23.177527421150838 ], [ 72.740064422137749, 23.17738752657322 ], [ 72.740216025851765, 23.16836133630688 ] ] ] } },
{ "type": "Feature", "properties": { "grid_id": "AHM-1365" }, "geometry": { "type": "Polygon", "coordinates": [ [ [ 72.740064422137749, 23.17738752657322 ], [ 72.749827494373079, 23.177527421150838 ], [ 72.749676468437031, 23.186553660837372 ], [ 72.739912742285753, 23.186413705558245 ], [ 72.740064422137749, 23.17738752657322 ] ] ] } },
{ "type": "Feature", "properties": { "grid_id": "AHM-1366" }, "geometry": { "type": "Polygon", "coordinates": [ [ [ 72.739912742285753, 23.186413705558245 ], [ 72.749676468437031, 23.186553660837372 ], [ 72.749525366668351, 23.195579889246861 ], [ 72.739760986273069, 23.195439873258323 ], [ 72.739912742285753, 23.186413705558245 ] ] ] } },
{ "type": "Feature", "properties": { "grid_id": "AHM-1367" }, "geometry": { "type": "Polygon", "coordinates": [ [ [ 72.739760986273069, 23.195439873258323 ], [ 72.749525366668351, 23.195579889246861 ], [ 72.749374189044403, 23.204606106375685 ], [ 72.739609154076973, 23.204466029669835 ], [ 72.739760986273069, 23.195439873258323 ] ] ] } },
{ "type": "Feature", "properties": { "grid_id": "AHM-1368" }, "geometry": { "type": "Polygon", "coordinates": [ [ [ 72.739609154076973, 23.204466029669835 ], [ 72.749374189044403, 23.204606106375685 ], [ 72.749222935542576, 23.21363231222022 ], [ 72.7394572456747, 23.213492174789156 ], [ 72.739609154076973, 23.204466029669835 ] ] ] } },
{ "type": "Feature", "properties": { "grid_id": "AHM-1369" }, "geometry": { "type": "Polygon", "coordinates": [ [ [ 72.7394572456747, 23.213492174789156 ], [ 72.749222935542576, 23.21363231222022 ], [ 72.749071606140163, 23.222658506776856 ], [ 72.739305261043512, 23.222518308612667 ], [ 72.7394572456747, 23.213492174789156 ] ] ] } },
{ "type": "Feature", "properties": { "grid_id": "AHM-1370" }, "geometry": { "type": "Polygon", "coordinates": [ [ [ 72.754620419371349, 22.888681818596492 ], [ 72.764362814030548, 22.888819178671834 ], [ 72.764214846367054, 22.897845837498533 ], [ 72.754471808216834, 22.897708417233062 ], [ 72.754620419371349, 22.888681818596492 ] ] ] } },
{ "type": "Feature", "properties": { "grid_id": "AHM-1371" }, "geometry": { "type": "Polygon", "coordinates": [ [ [ 72.754471808216834, 22.897708417233062 ], [ 72.764214846367054, 22.897845837498533 ], [ 72.764066803912414, 22.906872485172133 ], [ 72.754323121946186, 22.906735004708821 ], [ 72.754471808216834, 22.897708417233062 ] ] ] } },
{ "type": "Feature", "properties": { "grid_id": "AHM-1372" }, "geometry": { "type": "Polygon", "coordinates": [ [ [ 72.754323121946186, 22.906735004708821 ], [ 72.764066803912414, 22.906872485172133 ], [ 72.763918686644573, 22.91589912168898 ], [ 72.754174360537235, 22.915761581020107 ], [ 72.754323121946186, 22.906735004708821 ] ] ] } },
{ "type": "Feature", "properties": { "grid_id": "AHM-1373" }, "geometry": { "type": "Polygon", "coordinates": [ [ [ 72.754174360537235, 22.915761581020107 ], [ 72.763918686644573, 22.91589912168898 ], [ 72.763770494541447, 22.924925747045446 ], [ 72.754025523967812, 22.924788146163277 ], [ 72.754174360537235, 22.915761581020107 ] ] ] } },
{ "type": "Feature", "properties": { "grid_id": "AHM-1374" }, "geometry": { "type": "Polygon", "coordinates": [ [ [ 72.754025523967812, 22.924788146163277 ], [ 72.763770494541447, 22.924925747045446 ], [ 72.763622227580939, 22.9339523612379 ], [ 72.753876612215734, 22.933814700134704 ], [ 72.754025523967812, 22.924788146163277 ] ] ] } },
{ "type": "Feature", "properties": { "grid_id": "AHM-1375" }, "geometry": { "type": "Polygon", "coordinates": [ [ [ 72.753876612215734, 22.933814700134704 ], [ 72.763622227580939, 22.9339523612379 ], [ 72.763473885740936, 22.942978964262679 ], [ 72.75372762525879, 22.942841242930733 ], [ 72.753876612215734, 22.933814700134704 ] ] ] } },
{ "type": "Feature", "properties": { "grid_id": "AHM-1376" }, "geometry": { "type": "Polygon", "coordinates": [ [ [ 72.75372762525879, 22.942841242930733 ], [ 72.763473885740936, 22.942978964262679 ], [ 72.763325468999327, 22.952005556116173 ], [ 72.753578563074754, 22.951867774547722 ], [ 72.75372762525879, 22.942841242930733 ] ] ] } },
{ "type": "Feature", "properties": { "grid_id": "AHM-1377" }, "geometry": { "type": "Polygon", "coordinates": [ [ [ 72.753578563074754, 22.951867774547722 ], [ 72.763325468999327, 22.952005556116173 ], [ 72.76317697733397, 22.961032136794728 ], [ 72.7534294256414, 22.96089429498203 ], [ 72.753578563074754, 22.951867774547722 ] ] ] } },
{ "type": "Feature", "properties": { "grid_id": "AHM-1378" }, "geometry": { "type": "Polygon", "coordinates": [ [ [ 72.7534294256414, 22.96089429498203 ], [ 72.76317697733397, 22.961032136794728 ], [ 72.763028410722683, 22.970058706294715 ], [ 72.75328021293646, 22.969920804230025 ], [ 72.7534294256414, 22.96089429498203 ] ] ] } },
{ "type": "Feature", "properties": { "grid_id": "AHM-1379" }, "geometry": { "type": "Polygon", "coordinates": [ [ [ 72.75328021293646, 22.969920804230025 ], [ 72.763028410722683, 22.970058706294715 ], [ 72.762879769143339, 22.9790852646125 ], [ 72.753130924937693, 22.978947302288066 ], [ 72.75328021293646, 22.969920804230025 ] ] ] } },
{ "type": "Feature", "properties": { "grid_id": "AHM-1380" }, "geometry": { "type": "Polygon", "coordinates": [ [ [ 72.753130924937693, 22.978947302288066 ], [ 72.762879769143339, 22.9790852646125 ], [ 72.762731052573713, 22.988111811744446 ], [ 72.752981561622818, 22.987973789152516 ], [ 72.753130924937693, 22.978947302288066 ] ] ] } },
{ "type": "Feature", "properties": { "grid_id": "AHM-1381" }, "geometry": { "type": "Polygon", "coordinates": [ [ [ 72.752981561622818, 22.987973789152516 ], [ 72.762731052573713, 22.988111811744446 ], [ 72.762582260991636, 22.997138347686928 ], [ 72.752832122969508, 22.997000264819725 ], [ 72.752981561622818, 22.987973789152516 ] ] ] } },
{ "type": "Feature", "properties": { "grid_id": "AHM-1382" }, "geometry": { "type": "Polygon", "coordinates": [ [ [ 72.752832122969508, 22.997000264819725 ], [ 72.762582260991636, 22.997138347686928 ], [ 72.762433394374895, 23.006164872436301 ], [ 72.752682608955482, 23.006026729286074 ], [ 72.752832122969508, 22.997000264819725 ] ] ] } },
{ "type": "Feature", "properties": { "grid_id": "AHM-1383" }, "geometry": { "type": "Polygon", "coordinates": [ [ [ 72.752682608955482, 23.006026729286074 ], [ 72.762433394374895, 23.006164872436301 ], [ 72.762284452701238, 23.015191385988942 ], [ 72.752533019558413, 23.015053182547899 ], [ 72.752682608955482, 23.006026729286074 ] ] ] } },
{ "type": "Feature", "properties": { "grid_id": "AHM-1384" }, "geometry": { "type": "Polygon", "coordinates": [ [ [ 72.752533019558413, 23.015053182547899 ], [ 72.762284452701238, 23.015191385988942 ], [ 72.762135435948451, 23.024217888341227 ], [ 72.752383354755963, 23.024079624601605 ], [ 72.752533019558413, 23.015053182547899 ] ] ] } },
{ "type": "Feature", "properties": { "grid_id": "AHM-1385" }, "geometry": { "type": "Polygon", "coordinates": [ [ [ 72.752383354755963, 23.024079624601605 ], [ 72.762135435948451, 23.024217888341227 ], [ 72.761986344094254, 23.03324437948951 ], [ 72.752233614525764, 23.033106055443533 ], [ 72.752383354755963, 23.024079624601605 ] ] ] } },
{ "type": "Feature", "properties": { "grid_id": "AHM-1386" }, "geometry": { "type": "Polygon", "coordinates": [ [ [ 72.752233614525764, 23.033106055443533 ], [ 72.761986344094254, 23.03324437948951 ], [ 72.761837177116391, 23.042270859430168 ], [ 72.752083798845476, 23.042132475070051 ], [ 72.752233614525764, 23.033106055443533 ] ] ] } },
{ "type": "Feature", "properties": { "grid_id": "AHM-1387" }, "geometry": { "type": "Polygon", "coordinates": [ [ [ 72.752083798845476, 23.042132475070051 ], [ 72.761837177116391, 23.042270859430168 ], [ 72.76168793499258, 23.051297328159588 ], [ 72.751933907692688, 23.051158883477534 ], [ 72.752083798845476, 23.042132475070051 ] ] ] } },
{ "type": "Feature", "properties": { "grid_id": "AHM-1388" }, "geometry": { "type": "Polygon", "coordinates": [ [ [ 72.751933907692688, 23.051158883477534 ], [ 72.76168793499258, 23.051297328159588 ], [ 72.761538617700495, 23.060323785674122 ], [ 72.751783941045019, 23.060185280662346 ], [ 72.751933907692688, 23.051158883477534 ] ] ] } },
{ "type": "Feature", "properties": { "grid_id": "AHM-1389" }, "geometry": { "type": "Polygon", "coordinates": [ [ [ 72.751783941045019, 23.060185280662346 ], [ 72.761538617700495, 23.060323785674122 ], [ 72.76138922521784, 23.069350231970155 ], [ 72.751633898880058, 23.069211666620848 ], [ 72.751783941045019, 23.060185280662346 ] ] ] } },
{ "type": "Feature", "properties": { "grid_id": "AHM-1390" }, "geometry": { "type": "Polygon", "coordinates": [ [ [ 72.751633898880058, 23.069211666620848 ], [ 72.76138922521784, 23.069350231970155 ], [ 72.76123975752229, 23.078376667044058 ], [ 72.751483781175367, 23.078238041349426 ], [ 72.751633898880058, 23.069211666620848 ] ] ] } },
{ "type": "Feature", "properties": { "grid_id": "AHM-1391" }, "geometry": { "type": "Polygon", "coordinates": [ [ [ 72.751483781175367, 23.078238041349426 ], [ 72.76123975752229, 23.078376667044058 ], [ 72.761090214591491, 23.087403090892206 ], [ 72.751333587908505, 23.087264404844433 ], [ 72.751483781175367, 23.078238041349426 ] ] ] } },
{ "type": "Feature", "properties": { "grid_id": "AHM-1392" }, "geometry": { "type": "Polygon", "coordinates": [ [ [ 72.751333587908505, 23.087264404844433 ], [ 72.761090214591491, 23.087403090892206 ], [ 72.760940596403074, 23.096429503510976 ], [ 72.75118331905702, 23.09629075710226 ], [ 72.751333587908505, 23.087264404844433 ] ] ] } },
{ "type": "Feature", "properties": { "grid_id": "AHM-1393" }, "geometry": { "type": "Polygon", "coordinates": [ [ [ 72.75118331905702, 23.09629075710226 ], [ 72.760940596403074, 23.096429503510976 ], [ 72.760790902934687, 23.105455904896743 ], [ 72.751032974598459, 23.105317098119265 ], [ 72.75118331905702, 23.09629075710226 ] ] ] } },
{ "type": "Feature", "properties": { "grid_id": "AHM-1394" }, "geometry": { "type": "Polygon", "coordinates": [ [ [ 72.751032974598459, 23.105317098119265 ], [ 72.760790902934687, 23.105455904896743 ], [ 72.760641134163919, 23.114482295045892 ], [ 72.750882554510298, 23.114343427891828 ], [ 72.751032974598459, 23.105317098119265 ] ] ] } },
{ "type": "Feature", "properties": { "grid_id": "AHM-1395" }, "geometry": { "type": "Polygon", "coordinates": [ [ [ 72.750882554510298, 23.114343427891828 ], [ 72.760641134163919, 23.114482295045892 ], [ 72.760491290068373, 23.123508673954792 ], [ 72.750732058770055, 23.123369746416323 ], [ 72.750882554510298, 23.114343427891828 ] ] ] } },
{ "type": "Feature", "properties": { "grid_id": "AHM-1396" }, "geometry": { "type": "Polygon", "coordinates": [ [ [ 72.750732058770055, 23.123369746416323 ], [ 72.760491290068373, 23.123508673954792 ], [ 72.760341370625653, 23.132535041619821 ], [ 72.750581487355234, 23.132396053689114 ], [ 72.750732058770055, 23.123369746416323 ] ] ] } },
{ "type": "Feature", "properties": { "grid_id": "AHM-1397" }, "geometry": { "type": "Polygon", "coordinates": [ [ [ 72.750581487355234, 23.132396053689114 ], [ 72.760341370625653, 23.132535041619821 ], [ 72.760191375813292, 23.141561398037371 ], [ 72.750430840243283, 23.141422349706588 ], [ 72.750581487355234, 23.132396053689114 ] ] ] } },
{ "type": "Feature", "properties": { "grid_id": "AHM-1398" }, "geometry": { "type": "Polygon", "coordinates": [ [ [ 72.750430840243283, 23.141422349706588 ], [ 72.760191375813292, 23.141561398037371 ], [ 72.760041305608866, 23.150587743203815 ], [ 72.750280117411663, 23.150448634465121 ], [ 72.750430840243283, 23.141422349706588 ] ] ] } },
{ "type": "Feature", "properties": { "grid_id": "AHM-1399" }, "geometry": { "type": "Polygon", "coordinates": [ [ [ 72.750280117411663, 23.150448634465121 ], [ 72.760041305608866, 23.150587743203815 ], [ 72.759891159989891, 23.159614077115535 ], [ 72.750129318837807, 23.159474907961091 ], [ 72.750280117411663, 23.150448634465121 ] ] ] } },
{ "type": "Feature", "properties": { "grid_id": "AHM-1400" }, "geometry": { "type": "Polygon", "coordinates": [ [ [ 72.750129318837807, 23.159474907961091 ], [ 72.759891159989891, 23.159614077115535 ], [ 72.759740938933902, 23.168640399768915 ], [ 72.749978444499135, 23.168501170190872 ], [ 72.750129318837807, 23.159474907961091 ] ] ] } },
{ "type": "Feature", "properties": { "grid_id": "AHM-1401" }, "geometry": { "type": "Polygon", "coordinates": [ [ [ 72.749978444499135, 23.168501170190872 ], [ 72.759740938933902, 23.168640399768915 ], [ 72.759590642418402, 23.177666711160338 ], [ 72.749827494373079, 23.177527421150838 ], [ 72.749978444499135, 23.168501170190872 ] ] ] } },
{ "type": "Feature", "properties": { "grid_id": "AHM-1402" }, "geometry": { "type": "Polygon", "coordinates": [ [ [ 72.749827494373079, 23.177527421150838 ], [ 72.759590642418402, 23.177666711160338 ], [ 72.759440270420896, 23.186693011286188 ], [ 72.749676468437031, 23.186553660837372 ], [ 72.749827494373079, 23.177527421150838 ] ] ] } },
{ "type": "Feature", "properties": { "grid_id": "AHM-1403" }, "geometry": { "type": "Polygon", "coordinates": [ [ [ 72.749676468437031, 23.186553660837372 ], [ 72.759440270420896, 23.186693011286188 ], [ 72.759289822918859, 23.195719300142844 ], [ 72.749525366668351, 23.195579889246861 ], [ 72.749676468437031, 23.186553660837372 ] ] ] } },
{ "type": "Feature", "properties": { "grid_id": "AHM-1404" }, "geometry": { "type": "Polygon", "coordinates": [ [ [ 72.749525366668351, 23.195579889246861 ], [ 72.759289822918859, 23.195719300142844 ], [ 72.759139299889739, 23.204745577726705 ], [ 72.749374189044403, 23.204606106375685 ], [ 72.749525366668351, 23.195579889246861 ] ] ] } },
{ "type": "Feature", "properties": { "grid_id": "AHM-1405" }, "geometry": { "type": "Polygon", "coordinates": [ [ [ 72.749374189044403, 23.204606106375685 ], [ 72.759139299889739, 23.204745577726705 ], [ 72.758988701311011, 23.213771844034145 ], [ 72.749222935542576, 23.21363231222022 ], [ 72.749374189044403, 23.204606106375685 ] ] ] } },
{ "type": "Feature", "properties": { "grid_id": "AHM-1406" }, "geometry": { "type": "Polygon", "coordinates": [ [ [ 72.749222935542576, 23.21363231222022 ], [ 72.758988701311011, 23.213771844034145 ], [ 72.758838027160067, 23.222798099061567 ], [ 72.749071606140163, 23.222658506776856 ], [ 72.749222935542576, 23.21363231222022 ] ] ] } },
{ "type": "Feature", "properties": { "grid_id": "AHM-1407" }, "geometry": { "type": "Polygon", "coordinates": [ [ [ 72.764362814030548, 22.888819178671834 ], [ 72.774105283458837, 22.888955942533173 ], [ 72.773957959308404, 22.897982661288854 ], [ 72.764214846367054, 22.897845837498533 ], [ 72.764362814030548, 22.888819178671834 ] ] ] } },
{ "type": "Feature", "properties": { "grid_id": "AHM-1408" }, "geometry": { "type": "Polygon", "coordinates": [ [ [ 72.764214846367054, 22.897845837498533 ], [ 72.773957959308404, 22.897982661288854 ], [ 72.773810560691842, 22.907009368899129 ], [ 72.764066803912414, 22.906872485172133 ], [ 72.764214846367054, 22.897845837498533 ] ] ] } },
{ "type": "Feature", "properties": { "grid_id": "AHM-1409" }, "geometry": { "type": "Polygon", "coordinates": [ [ [ 72.764066803912414, 22.906872485172133 ], [ 72.773810560691842, 22.907009368899129 ], [ 72.773663087587195, 22.916036065360338 ], [ 72.763918686644573, 22.91589912168898 ], [ 72.764066803912414, 22.906872485172133 ] ] ] } },
{ "type": "Feature", "properties": { "grid_id": "AHM-1410" }, "geometry": { "type": "Polygon", "coordinates": [ [ [ 72.763918686644573, 22.91589912168898 ], [ 72.773663087587195, 22.916036065360338 ], [ 72.77351553997245, 22.925062750668857 ], [ 72.763770494541447, 22.924925747045446 ], [ 72.763918686644573, 22.91589912168898 ] ] ] } },
{ "type": "Feature", "properties": { "grid_id": "AHM-1411" }, "geometry": { "type": "Polygon", "coordinates": [ [ [ 72.763770494541447, 22.924925747045446 ], [ 72.77351553997245, 22.925062750668857 ], [ 72.773367917825624, 22.93408942482106 ], [ 72.763622227580939, 22.9339523612379 ], [ 72.763770494541447, 22.924925747045446 ] ] ] } },
{ "type": "Feature", "properties": { "grid_id": "AHM-1412" }, "geometry": { "type": "Polygon", "coordinates": [ [ [ 72.763622227580939, 22.9339523612379 ], [ 72.773367917825624, 22.93408942482106 ], [ 72.773220221124703, 22.943116087813298 ], [ 72.763473885740936, 22.942978964262679 ], [ 72.763622227580939, 22.9339523612379 ] ] ] } },
{ "type": "Feature", "properties": { "grid_id": "AHM-1413" }, "geometry": { "type": "Polygon", "coordinates": [ [ [ 72.763473885740936, 22.942978964262679 ], [ 72.773220221124703, 22.943116087813298 ], [ 72.77307244984766, 22.95214273964195 ], [ 72.763325468999327, 22.952005556116173 ], [ 72.763473885740936, 22.942978964262679 ] ] ] } },
{ "type": "Feature", "properties": { "grid_id": "AHM-1414" }, "geometry": { "type": "Polygon", "coordinates": [ [ [ 72.763325468999327, 22.952005556116173 ], [ 72.77307244984766, 22.95214273964195 ], [ 72.772924603972427, 22.961169380303367 ], [ 72.76317697733397, 22.961032136794728 ], [ 72.763325468999327, 22.952005556116173 ] ] ] } },
{ "type": "Feature", "properties": { "grid_id": "AHM-1415" }, "geometry": { "type": "Polygon", "coordinates": [ [ [ 72.76317697733397, 22.961032136794728 ], [ 72.772924603972427, 22.961169380303367 ], [ 72.772776683476977, 22.970196009793952 ], [ 72.763028410722683, 22.970058706294715 ], [ 72.76317697733397, 22.961032136794728 ] ] ] } },
{ "type": "Feature", "properties": { "grid_id": "AHM-1416" }, "geometry": { "type": "Polygon", "coordinates": [ [ [ 72.763028410722683, 22.970058706294715 ], [ 72.772776683476977, 22.970196009793952 ], [ 72.772628688339225, 22.97922262811004 ], [ 72.762879769143339, 22.9790852646125 ], [ 72.763028410722683, 22.970058706294715 ] ] ] } },
{ "type": "Feature", "properties": { "grid_id": "AHM-1417" }, "geometry": { "type": "Polygon", "coordinates": [ [ [ 72.762879769143339, 22.9790852646125 ], [ 72.772628688339225, 22.97922262811004 ], [ 72.772480618537074, 22.988249235248013 ], [ 72.762731052573713, 22.988111811744446 ], [ 72.762879769143339, 22.9790852646125 ] ] ] } },
{ "type": "Feature", "properties": { "grid_id": "AHM-1418" }, "geometry": { "type": "Polygon", "coordinates": [ [ [ 72.762731052573713, 22.988111811744446 ], [ 72.772480618537074, 22.988249235248013 ], [ 72.77233247404844, 22.997275831204252 ], [ 72.762582260991636, 22.997138347686928 ], [ 72.762731052573713, 22.988111811744446 ] ] ] } },
{ "type": "Feature", "properties": { "grid_id": "AHM-1419" }, "geometry": { "type": "Polygon", "coordinates": [ [ [ 72.762582260991636, 22.997138347686928 ], [ 72.77233247404844, 22.997275831204252 ], [ 72.772184254851197, 23.006302415975121 ], [ 72.762433394374895, 23.006164872436301 ], [ 72.762582260991636, 22.997138347686928 ] ] ] } },
{ "type": "Feature", "properties": { "grid_id": "AHM-1420" }, "geometry": { "type": "Polygon", "coordinates": [ [ [ 72.762433394374895, 23.006164872436301 ], [ 72.772184254851197, 23.006302415975121 ], [ 72.772035960923205, 23.015328989556991 ], [ 72.762284452701238, 23.015191385988942 ], [ 72.762433394374895, 23.006164872436301 ] ] ] } },
{ "type": "Feature", "properties": { "grid_id": "AHM-1421" }, "geometry": { "type": "Polygon", "coordinates": [ [ [ 72.762284452701238, 23.015191385988942 ], [ 72.772035960923205, 23.015328989556991 ], [ 72.771887592242336, 23.024355551946247 ], [ 72.762135435948451, 23.024217888341227 ], [ 72.762284452701238, 23.015191385988942 ] ] ] } },
{ "type": "Feature", "properties": { "grid_id": "AHM-1422" }, "geometry": { "type": "Polygon", "coordinates": [ [ [ 72.762135435948451, 23.024217888341227 ], [ 72.771887592242336, 23.024355551946247 ], [ 72.771739148786409, 23.03338210313925 ], [ 72.761986344094254, 23.03324437948951 ], [ 72.762135435948451, 23.024217888341227 ] ] ] } },
{ "type": "Feature", "properties": { "grid_id": "AHM-1423" }, "geometry": { "type": "Polygon", "coordinates": [ [ [ 72.761986344094254, 23.03324437948951 ], [ 72.771739148786409, 23.03338210313925 ], [ 72.771590630533268, 23.042408643132386 ], [ 72.761837177116391, 23.042270859430168 ], [ 72.761986344094254, 23.03324437948951 ] ] ] } },
{ "type": "Feature", "properties": { "grid_id": "AHM-1424" }, "geometry": { "type": "Polygon", "coordinates": [ [ [ 72.761837177116391, 23.042270859430168 ], [ 72.771590630533268, 23.042408643132386 ], [ 72.771442037460716, 23.051435171922023 ], [ 72.76168793499258, 23.051297328159588 ], [ 72.761837177116391, 23.042270859430168 ] ] ] } },
{ "type": "Feature", "properties": { "grid_id": "AHM-1425" }, "geometry": { "type": "Polygon", "coordinates": [ [ [ 72.76168793499258, 23.051297328159588 ], [ 72.771442037460716, 23.051435171922023 ], [ 72.771293369546541, 23.06046168950455 ], [ 72.761538617700495, 23.060323785674122 ], [ 72.76168793499258, 23.051297328159588 ] ] ] } },
{ "type": "Feature", "properties": { "grid_id": "AHM-1426" }, "geometry": { "type": "Polygon", "coordinates": [ [ [ 72.761538617700495, 23.060323785674122 ], [ 72.771293369546541, 23.06046168950455 ], [ 72.771144626768532, 23.069488195876332 ], [ 72.76138922521784, 23.069350231970155 ], [ 72.761538617700495, 23.060323785674122 ] ] ] } },
{ "type": "Feature", "properties": { "grid_id": "AHM-1427" }, "geometry": { "type": "Polygon", "coordinates": [ [ [ 72.76138922521784, 23.069350231970155 ], [ 72.771144626768532, 23.069488195876332 ], [ 72.770995809104463, 23.078514691033753 ], [ 72.76123975752229, 23.078376667044058 ], [ 72.76138922521784, 23.069350231970155 ] ] ] } },
{ "type": "Feature", "properties": { "grid_id": "AHM-1428" }, "geometry": { "type": "Polygon", "coordinates": [ [ [ 72.76123975752229, 23.078376667044058 ], [ 72.770995809104463, 23.078514691033753 ], [ 72.770846916532079, 23.08754117497319 ], [ 72.761090214591491, 23.087403090892206 ], [ 72.76123975752229, 23.078376667044058 ] ] ] } },
{ "type": "Feature", "properties": { "grid_id": "AHM-1429" }, "geometry": { "type": "Polygon", "coordinates": [ [ [ 72.761090214591491, 23.087403090892206 ], [ 72.770846916532079, 23.08754117497319 ], [ 72.770697949029113, 23.096567647691028 ], [ 72.760940596403074, 23.096429503510976 ], [ 72.761090214591491, 23.087403090892206 ] ] ] } },
{ "type": "Feature", "properties": { "grid_id": "AHM-1430" }, "geometry": { "type": "Polygon", "coordinates": [ [ [ 72.760940596403074, 23.096429503510976 ], [ 72.770697949029113, 23.096567647691028 ], [ 72.770548906573296, 23.105594109183656 ], [ 72.760790902934687, 23.105455904896743 ], [ 72.760940596403074, 23.096429503510976 ] ] ] } },
{ "type": "Feature", "properties": { "grid_id": "AHM-1431" }, "geometry": { "type": "Polygon", "coordinates": [ [ [ 72.760790902934687, 23.105455904896743 ], [ 72.770548906573296, 23.105594109183656 ], [ 72.770399789142317, 23.114620559447438 ], [ 72.760641134163919, 23.114482295045892 ], [ 72.760790902934687, 23.105455904896743 ] ] ] } },
{ "type": "Feature", "properties": { "grid_id": "AHM-1432" }, "geometry": { "type": "Polygon", "coordinates": [ [ [ 72.760641134163919, 23.114482295045892 ], [ 72.770399789142317, 23.114620559447438 ], [ 72.770250596713893, 23.123646998478772 ], [ 72.760491290068373, 23.123508673954792 ], [ 72.760641134163919, 23.114482295045892 ] ] ] } },
{ "type": "Feature", "properties": { "grid_id": "AHM-1433" }, "geometry": { "type": "Polygon", "coordinates": [ [ [ 72.760491290068373, 23.123508673954792 ], [ 72.770250596713893, 23.123646998478772 ], [ 72.7701013292657, 23.132673426274028 ], [ 72.760341370625653, 23.132535041619821 ], [ 72.760491290068373, 23.123508673954792 ] ] ] } },
{ "type": "Feature", "properties": { "grid_id": "AHM-1434" }, "geometry": { "type": "Polygon", "coordinates": [ [ [ 72.760341370625653, 23.132535041619821 ], [ 72.7701013292657, 23.132673426274028 ], [ 72.769951986775368, 23.141699842829606 ], [ 72.760191375813292, 23.141561398037371 ], [ 72.760341370625653, 23.132535041619821 ] ] ] } },
{ "type": "Feature", "properties": { "grid_id": "AHM-1435" }, "geometry": { "type": "Polygon", "coordinates": [ [ [ 72.760191375813292, 23.141561398037371 ], [ 72.769951986775368, 23.141699842829606 ], [ 72.769802569220602, 23.150726248141879 ], [ 72.760041305608866, 23.150587743203815 ], [ 72.760191375813292, 23.141561398037371 ] ] ] } },
{ "type": "Feature", "properties": { "grid_id": "AHM-1436" }, "geometry": { "type": "Polygon", "coordinates": [ [ [ 72.760041305608866, 23.150587743203815 ], [ 72.769802569220602, 23.150726248141879 ], [ 72.76965307657899, 23.159752642207241 ], [ 72.759891159989891, 23.159614077115535 ], [ 72.760041305608866, 23.150587743203815 ] ] ] } },
{ "type": "Feature", "properties": { "grid_id": "AHM-1437" }, "geometry": { "type": "Polygon", "coordinates": [ [ [ 72.759891159989891, 23.159614077115535 ], [ 72.76965307657899, 23.159752642207241 ], [ 72.76950350882818, 23.168779025022076 ], [ 72.759740938933902, 23.168640399768915 ], [ 72.759891159989891, 23.159614077115535 ] ] ] } },
{ "type": "Feature", "properties": { "grid_id": "AHM-1438" }, "geometry": { "type": "Polygon", "coordinates": [ [ [ 72.759740938933902, 23.168640399768915 ], [ 72.76950350882818, 23.168779025022076 ], [ 72.76935386594576, 23.177805396582773 ], [ 72.759590642418402, 23.177666711160338 ], [ 72.759740938933902, 23.168640399768915 ] ] ] } },
{ "type": "Feature", "properties": { "grid_id": "AHM-1439" }, "geometry": { "type": "Polygon", "coordinates": [ [ [ 72.759590642418402, 23.177666711160338 ], [ 72.76935386594576, 23.177805396582773 ], [ 72.769204147909321, 23.18683175688572 ], [ 72.759440270420896, 23.186693011286188 ], [ 72.759590642418402, 23.177666711160338 ] ] ] } },
{ "type": "Feature", "properties": { "grid_id": "AHM-1440" }, "geometry": { "type": "Polygon", "coordinates": [ [ [ 72.759440270420896, 23.186693011286188 ], [ 72.769204147909321, 23.18683175688572 ], [ 72.769054354696451, 23.1958581059273 ], [ 72.759289822918859, 23.195719300142844 ], [ 72.759440270420896, 23.186693011286188 ] ] ] } },
{ "type": "Feature", "properties": { "grid_id": "AHM-1441" }, "geometry": { "type": "Polygon", "coordinates": [ [ [ 72.759289822918859, 23.195719300142844 ], [ 72.769054354696451, 23.1958581059273 ], [ 72.768904486284711, 23.204884443703911 ], [ 72.759139299889739, 23.204745577726705 ], [ 72.759289822918859, 23.195719300142844 ] ] ] } },
{ "type": "Feature", "properties": { "grid_id": "AHM-1442" }, "geometry": { "type": "Polygon", "coordinates": [ [ [ 72.759139299889739, 23.204745577726705 ], [ 72.768904486284711, 23.204884443703911 ], [ 72.768754542651621, 23.213910770211942 ], [ 72.758988701311011, 23.213771844034145 ], [ 72.759139299889739, 23.204745577726705 ] ] ] } },
{ "type": "Feature", "properties": { "grid_id": "AHM-1443" }, "geometry": { "type": "Polygon", "coordinates": [ [ [ 72.758988701311011, 23.213771844034145 ], [ 72.768754542651621, 23.213910770211942 ], [ 72.768604523774741, 23.222937085447796 ], [ 72.758838027160067, 23.222798099061567 ], [ 72.758988701311011, 23.213771844034145 ] ] ] } }
]
}
