{"type":"FeatureCollection","name":"ahmedabad_1km_grid","crs":{"type":"name","properties":{"name":"urn:ogc:def:crs:OGC:1.3:CRS84"}},"features":[{"type":"Feature","properties":{"grid_id":"AHM-0001","row":0,"col":6,"coverage":0.365,"area_km2":0.365,"centroid_lon":72.50997,"centroid_lat":22.919431},"geometry":{"type":"Polygon","coordinates":[[[72.513727,22.92163],[72.513793,22.918026],[72.511774,22.917381],[72.510732,22.917106],[72.509753,22.916903],[72.508014,22.916543],[72.507566,22.916472],[72.507347,22.917194],[72.507293,22.917409],[72.50669,22.919081],[72.505914,22.92069],[72.505415,22.921499],[72.513727,22.92163]]]}},{"type":"Feature","properties":{"grid_id":"AHM-0002","row":0,"col":7,"coverage":0.234,"area_km2":0.234,"centroid_lon":72.517441,"centroid_lat":22.920444},"geometry":{"type":"Polygon","coordinates":[[[72.513727,22.92163],[72.523471,22.921782],[72.52348,22.921269],[72.522227,22.920846],[72.519997,22.919974],[72.519225,22.919709],[72.51703,22.919057],[72.516627,22.918932],[72.513793,22.918026],[72.513727,22.92163]]]}},{"type":"Feature","properties":{"grid_id":"AHM-0003","row":0,"col":9,"coverage":0.126,"area_km2":0.126,"centroid_lon":72.539446,"centroid_lat":22.921288},"geometry":{"type":"Polygon","coordinates":[[[72.542957,22.922085],[72.542981,22.920748],[72.542361,22.920654],[72.540471,22.920185],[72.540202,22.920105],[72.540012,22.920137],[72.538706,22.920313],[72.538638,22.920326],[72.537953,22.9206],[72.537532,22.920792],[72.53569,22.921429],[72.533789,22.92189],[72.533457,22.921938],[72.542957,22.922085]]]}},{"type":"Feature","properties":{"grid_id":"AHM-0004","row":0,"col":10,"coverage":0.15,"area_km2":0.15,"centroid_lon":72.548328,"centroid_lat":22.921458},"geometry":{"type":"Polygon","coordinates":[[[72.542957,22.922085],[72.5527,22.922236],[72.552739,22.920069],[72.552035,22.920301],[72.550135,22.920732],[72.548198,22.920984],[72.546244,22.921056],[72.544291,22.920945],[72.542981,22.920748],[72.542957,22.922085]]]}},{"type":"Feature","properties":{"grid_id":"AHM-0005","row":0,"col":11,"coverage":0.515,"area_km2":0.515,"centroid_lon":72.558573,"centroid_lat":22.919728},"geometry":{"type":"Polygon","coordinates":[[[72.5527,22.922236],[72.562444,22.922385],[72.562564,22.915645],[72.562269,22.915673],[72.560472,22.915683],[72.560344,22.915689],[72.559948,22.916004],[72.55889,22.916903],[72.557323,22.917988],[72.555647,22.918921],[72.553878,22.919695],[72.552739,22.920069],[72.5527,22.922236]]]}},{"type":"Feature","properties":{"grid_id":"AHM-0006","row":0,"col":12,"coverage":0.814,"area_km2":0.814,"centroid_lon":72.56746,"centroid_lat":22.918783},"geometry":{"type":"Polygon","coordinates":[[[72.562444,22.922385],[72.572187,22.922535],[72.572306,22.915862],[72.571993,22.915364],[72.571975,22.915338],[72.571822,22.915283],[72.571233,22.915113],[72.570316,22.91482],[72.569411,22.914791],[72.568301,22.91479],[72.567491,22.91474],[72.567313,22.91478],[72.565924,22.915166],[72.564109,22.9155],[72.562564,22.915645],[72.562444,22.922385]]]}},{"type":"Feature","properties":{"grid_id":"AHM-0007","row":0,"col":13,"coverage":0.205,"area_km2":0.205,"centroid_lon":72.574133,"centroid_lat":22.920457},"geometry":{"type":"Polygon","coordinates":[[[72.572187,22.922535],[72.578346,22.922629],[72.577187,22.921733],[72.575891,22.920521],[72.574724,22.919201],[72.573883,22.918043],[72.573557,22.91764],[72.572698,22.916486],[72.572306,22.915862],[72.572187,22.922535]]]}},{"type":"Feature","properties":{"grid_id":"AHM-0008","row":0,"col":17,"coverage":0.276,"area_km2":0.276,"centroid_lon":72.617308,"centroid_lat":22.921712},"geometry":{"type":"Polygon","coordinates":[[[72.611162,22.923126],[72.620906,22.923273],[72.620968,22.919683],[72.620558,22.919614],[72.620355,22.919584],[72.619314,22.919484],[72.619282,22.919483],[72.618806,22.919483],[72.617923,22.919824],[72.617917,22.919809],[72.617472,22.92],[72.615243,22.920668],[72.615171,22.920686],[72.615017,22.920737],[72.61442,22.921137],[72.614222,22.921282],[72.612752,22.922178],[72.6112,22.922947],[72.611165,22.922963],[72.611162,22.923126]]]}},{"type":"Feature","properties":{"grid_id":"AHM-0009","row":0,"col":18,"coverage":0.153,"area_km2":0.153,"centroid_lon":72.623147,"centroid_lat":22.92195},"geometry":{"type":"Polygon","coordinates":[[[72.620906,22.923273],[72.627576,22.923372],[72.627142,22.923142],[72.625755,22.922329],[72.624446,22.921412],[72.623225,22.920395],[72.622895,22.920096],[72.622422,22.919977],[72.62215,22.919921],[72.621819,22.919849],[72.621604,22.919805],[72.621028,22.919694],[72.620968,22.919683],[72.620906,22.923273]]]}},{"type":"Feature","properties":{"grid_id":"AHM-0010","row":1,"col":5,"coverage":0.315,"area_km2":0.315,"centroid_lon":72.501001,"centroid_lat":22.928293},"geometry":{"type":"Polygon","coordinates":[[[72.503819,22.930502],[72.503946,22.923563],[72.503872,22.92366],[72.502627,22.924992],[72.501248,22.926206],[72.499747,22.92729],[72.498139,22.928232],[72.49644,22.929025],[72.496403,22.929041],[72.49629,22.929236],[72.496164,22.929521],[72.496079,22.929796],[72.496018,22.930088],[72.495942,22.930378],[72.503819,22.930502]]]}},{"type":"Feature","properties":{"grid_id":"AHM-0011","row":1,"col":6,"coverage":0.982,"area_km2":0.982,"centroid_lon":72.508851,"centroid_lat":22.926136},"geometry":{"type":"Polygon","coordinates":[[[72.503819,22.930502],[72.513563,22.930655],[72.513727,22.92163],[72.505415,22.921499],[72.504971,22.922221],[72.503946,22.923563],[72.503819,22.930502]]]}},{"type":"Feature","properties":{"grid_id":"AHM-0012","row":1,"col":7,"coverage":1.0,"area_km2":1.0,"centroid_lon":72.518517,"centroid_lat":22.926219},"geometry":{"type":"Polygon","coordinates":[[[72.513563,22.930655],[72.523306,22.930807],[72.523471,22.921782],[72.513727,22.92163],[72.513563,22.930655]]]}},{"type":"Feature","properties":{"grid_id":"AHM-0013","row":1,"col":8,"coverage":0.977,"area_km2":0.977,"centroid_lon":72.528232,"centroid_lat":22.926471},"geometry":{"type":"Polygon","coordinates":[[[72.523471,22.921782],[72.523306,22.930807],[72.53305,22.930959],[72.533213,22.921973],[72.531848,22.922171],[72.529885,22.92227],[72.527922,22.922185],[72.525978,22.921917],[72.525541,22.921814],[72.523471,22.921782]]]}},{"type":"Feature","properties":{"grid_id":"AHM-0014","row":1,"col":9,"coverage":1.0,"area_km2":1.0,"centroid_lon":72.538004,"centroid_lat":22.926522},"geometry":{"type":"Polygon","coordinates":[[[72.53305,22.930959],[72.542794,22.93111],[72.542957,22.922085],[72.533457,22.921938],[72.533213,22.921973],[72.53305,22.930959]]]}},{"type":"Feature","properties":{"grid_id":"AHM-0015","row":1,"col":10,"coverage":1.0,"area_km2":1.0,"centroid_lon":72.547747,"centroid_lat":22.926673},"geometry":{"type":"Polygon","coordinates":[[[72.542794,22.93111],[72.552538,22.931261],[72.5527,22.922236],[72.542957,22.922085],[72.542794,22.93111]]]}},{"type":"Feature","properties":{"grid_id":"AHM-0016","row":1,"col":11,"coverage":1.0,"area_km2":1.0,"centroid_lon":72.557491,"centroid_lat":22.926823},"geometry":{"type":"Polygon","coordinates":[[[72.552538,22.931261],[72.562282,22.931411],[72.562444,22.922385],[72.5527,22.922236],[72.552538,22.931261]]]}},{"type":"Feature","properties":{"grid_id":"AHM-0017","row":1,"col":12,"coverage":1.0,"area_km2":1.0,"centroid_lon":72.567235,"centroid_lat":22.926973},"geometry":{"type":"Polygon","coordinates":[[[72.562282,22.931411],[72.572026,22.93156],[72.572187,22.922535],[72.562444,22.922385],[72.562282,22.931411]]]}},{"type":"Feature","properties":{"grid_id":"AHM-0018","row":1,"col":13,"coverage":0.956,"area_km2":0.956,"centroid_lon":72.576808,"centroid_lat":22.927295},"geometry":{"type":"Polygon","coordinates":[[[72.572187,22.922535],[72.572026,22.93156],[72.58177,22.931709],[72.581895,22.924686],[72.580493,22.924004],[72.58012,22.923791],[72.578601,22.922826],[72.578346,22.922629],[72.572187,22.922535]]]}},{"type":"Feature","properties":{"grid_id":"AHM-0019","row":1,"col":14,"coverage":0.548,"area_km2":0.548,"centroid_lon":72.586054,"centroid_lat":22.929176},"geometry":{"type":"Polygon","coordinates":[[[72.58177,22.931709],[72.591515,22.931857],[72.591572,22.928608],[72.591486,22.928592],[72.589623,22.928073],[72.587826,22.927385],[72.586924,22.92699],[72.585972,22.926635],[72.584519,22.925957],[72.583474,22.925418],[72.583384,22.925376],[72.583311,22.925342],[72.582909,22.925179],[72.581895,22.924686],[72.58177,22.931709]]]}},{"type":"Feature","properties":{"grid_id":"AHM-0020","row":1,"col":15,"coverage":0.334,"area_km2":0.334,"centroid_lon":72.596489,"centroid_lat":22.930417},"geometry":{"type":"Polygon","coordinates":[[[72.591515,22.931857],[72.601259,22.932005],[72.601321,22.928465],[72.601114,22.928526],[72.599211,22.928897],[72.597277,22.929089],[72.595332,22.929103],[72.593395,22.928937],[72.591572,22.928608],[72.591515,22.931857]]]}},{"type":"Feature","properties":{"grid_id":"AHM-0021","row":1,"col":16,"coverage":0.651,"area_km2":0.651,"centroid_lon":72.606985,"centroid_lat":22.928909},"geometry":{"type":"Polygon","coordinates":[[[72.601259,22.932005],[72.611003,22.932152],[72.611162,22.923126],[72.610808,22.923121],[72.610714,22.923163],[72.610595,22.923245],[72.609963,22.923783],[72.609533,22.924199],[72.608053,22.925368],[72.606455,22.926395],[72.604755,22.927269],[72.602968,22.927982],[72.601321,22.928465],[72.601259,22.932005]]]}},{"type":"Feature","properties":{"grid_id":"AHM-0022","row":1,"col":17,"coverage":1.0,"area_km2":1.0,"centroid_lon":72.615955,"centroid_lat":22.927712},"geometry":{"type":"Polygon","coordinates":[[[72.611003,22.932152],[72.620748,22.932298],[72.620906,22.923273],[72.611162,22.923126],[72.611003,22.932152]]]}},{"type":"Feature","properties":{"grid_id":"AHM-0023","row":1,"col":18,"coverage":0.972,"area_km2":0.972,"centroid_lon":72.625587,"centroid_lat":22.927972},"geometry":{"type":"Polygon","coordinates":[[[72.620906,22.923273],[72.620748,22.932298],[72.630492,22.932444],[72.630623,22.924939],[72.630598,22.92493],[72.628831,22.924101],[72.62787,22.923529],[72.627576,22.923372],[72.620906,22.923273]]]}},{"type":"Feature","properties":{"grid_id":"AHM-0024","row":1,"col":19,"coverage":0.716,"area_km2":0.716,"centroid_lon":72.635257,"centroid_lat":22.929269},"geometry":{"type":"Polygon","coordinates":[[[72.630492,22.932444],[72.640237,22.932589],[72.640344,22.926402],[72.640265,22.926413],[72.638287,22.926485],[72.63631,22.92637],[72.634356,22.926071],[72.632446,22.925589],[72.630623,22.924939],[72.630492,22.932444]]]}},{"type":"Feature","properties":{"grid_id":"AHM-0025","row":1,"col":20,"coverage":0.827,"area_km2":0.827,"centroid_lon":72.645524,"centroid_lat":22.928876},"geometry":{"type":"Polygon","coordinates":[[[72.640237,22.932589],[72.649982,22.932734],[72.650138,22.923708],[72.649786,22.923703],[72.649686,22.923732],[72.649654,22.923743],[72.648503,22.924025],[72.648156,22.924126],[72.647799,22.924305],[72.646012,22.925096],[72.644148,22.925715],[72.642226,22.926155],[72.640344,22.926402],[72.640237,22.932589]]]}},{"type":"Feature","properties":{"grid_id":"AHM-0026","row":1,"col":21,"coverage":0.878,"area_km2":0.878,"centroid_lon":72.654636,"centroid_lat":22.928798},"geometry":{"type":"Polygon","coordinates":[[[72.650138,22.923708],[72.649982,22.932734],[72.659727,22.932878],[72.659838,22.926374],[72.659777,22.926357],[72.658054,22.925802],[72.657923,22.925766],[72.657327,22.925586],[72.656722,22.925416],[72.656564,22.925373],[72.65554,22.925093],[72.653189,22.924297],[72.651806,22.923733],[72.650138,22.923708]]]}},{"type":"Feature","properties":{"grid_id":"AHM-0027","row":1,"col":22,"coverage":0.521,"area_km2":0.521,"centroid_lon":72.663952,"centroid_lat":22.930444},"geometry":{"type":"Polygon","coordinates":[[[72.659727,22.932878],[72.669472,22.933021],[72.669521,22.930146],[72.668385,22.929855],[72.668363,22.929848],[72.666166,22.92901],[72.664095,22.927931],[72.663275,22.92744],[72.662831,22.92728],[72.662029,22.927031],[72.661839,22.926977],[72.661342,22.92683],[72.660165,22.926465],[72.660165,22.926465],[72.659838,22.926374],[72.659727,22.932878]]]}},{"type":"Feature","properties":{"grid_id":"AHM-0028","row":1,"col":23,"coverage":0.205,"area_km2":0.205,"centroid_lon":72.673509,"centroid_lat":22.932069},"geometry":{"type":"Polygon","coordinates":[[[72.669472,22.933021],[72.679217,22.933164],[72.679236,22.932025],[72.677838,22.931966],[72.67596,22.931715],[72.674117,22.931296],[72.672327,22.930714],[72.672281,22.930696],[72.671368,22.930533],[72.670611,22.930426],[72.669521,22.930146],[72.669472,22.933021]]]}},{"type":"Feature","properties":{"grid_id":"AHM-0029","row":2,"col":4,"coverage":0.065,"area_km2":0.065,"centroid_lon":72.49294,"centroid_lat":22.938072},"geometry":{"type":"Polygon","coordinates":[[[72.493909,22.939373],[72.493984,22.935326],[72.493088,22.936714],[72.49193,22.938161],[72.490788,22.939324],[72.493909,22.939373]]]}},{"type":"Feature","properties":{"grid_id":"AHM-0030","row":2,"col":5,"coverage":0.939,"area_km2":0.939,"centroid_lon":72.499133,"centroid_lat":22.935119},"geometry":{"type":"Polygon","coordinates":[[[72.493909,22.939373],[72.503653,22.939527],[72.503819,22.930502],[72.495942,22.930378],[72.495558,22.931838],[72.494912,22.933537],[72.494086,22.935168],[72.493984,22.935326],[72.493909,22.939373]]]}},{"type":"Feature","properties":{"grid_id":"AHM-0031","row":2,"col":6,"coverage":1.0,"area_km2":1.0,"centroid_lon":72.508608,"centroid_lat":22.935091},"geometry":{"type":"Polygon","coordinates":[[[72.503653,22.939527],[72.513398,22.93968],[72.513563,22.930655],[72.503819,22.930502],[72.503653,22.939527]]]}},{"type":"Feature","properties":{"grid_id":"AHM-0032","row":2,"col":7,"coverage":1.0,"area_km2":1.0,"centroid_lon":72.518352,"centroid_lat":22.935244},"geometry":{"type":"Polygon","coordinates":[[[72.513398,22.93968],[72.523142,22.939832],[72.523306,22.930807],[72.513563,22.930655],[72.513398,22.93968]]]}},{"type":"Feature","properties":{"grid_id":"AHM-0033","row":2,"col":8,"coverage":1.0,"area_km2":1.0,"centroid_lon":72.528096,"centroid_lat":22.935396},"geometry":{"type":"Polygon","coordinates":[[[72.523142,22.939832],[72.532887,22.939984],[72.53305,22.930959],[72.523306,22.930807],[72.523142,22.939832]]]}},{"type":"Feature","properties":{"grid_id":"AHM-0034","row":2,"col":9,"coverage":1.0,"area_km2":1.0,"centroid_lon":72.53784,"centroid_lat":22.935547},"geometry":{"type":"Polygon","coordinates":[[[72.532887,22.939984],[72.542631,22.940135],[72.542794,22.93111],[72.53305,22.930959],[72.532887,22.939984]]]}},{"type":"Feature","properties":{"grid_id":"AHM-0035","row":2,"col":10,"coverage":1.0,"area_km2":1.0,"centroid_lon":72.547585,"centroid_lat":22.935698},"geometry":{"type":"Polygon","coordinates":[[[72.542631,22.940135],[72.552376,22.940286],[72.552538,22.931261],[72.542794,22.93111],[72.542631,22.940135]]]}},{"type":"Feature","properties":{"grid_id":"AHM-0036","row":2,"col":11,"coverage":1.0,"area_km2":1.0,"centroid_lon":72.557329,"centroid_lat":22.935849},"geometry":{"type":"Polygon","coordinates":[[[72.552376,22.940286],[72.56212,22.940436],[72.562282,22.931411],[72.552538,22.931261],[72.552376,22.940286]]]}},{"type":"Feature","properties":{"grid_id":"AHM-0037","row":2,"col":12,"coverage":1.0,"area_km2":1.0,"centroid_lon":72.567073,"centroid_lat":22.935998},"geometry":{"type":"Polygon","coordinates":[[[72.56212,22.940436],[72.571865,22.940586],[72.572026,22.93156],[72.562282,22.931411],[72.56212,22.940436]]]}},{"type":"Feature","properties":{"grid_id":"AHM-0038","row":2,"col":13,"coverage":1.0,"area_km2":1.0,"centroid_lon":72.576818,"centroid_lat":22.936147},"geometry":{"type":"Polygon","coordinates":[[[72.571865,22.940586],[72.58161,22.940734],[72.58177,22.931709],[72.572026,22.93156],[72.571865,22.940586]]]}},{"type":"Feature","properties":{"grid_id":"AHM-0039","row":2,"col":14,"coverage":1.0,"area_km2":1.0,"centroid_lon":72.586562,"centroid_lat":22.936296},"geometry":{"type":"Polygon","coordinates":[[[72.58161,22.940734],[72.591355,22.940883],[72.591515,22.931857],[72.58177,22.931709],[72.58161,22.940734]]]}},{"type":"Feature","properties":{"grid_id":"AHM-0040","row":2,"col":15,"coverage":1.0,"area_km2":1.0,"centroid_lon":72.596307,"centroid_lat":22.936444},"geometry":{"type":"Polygon","coordinates":[[[72.591355,22.940883],[72.6011,22.94103],[72.601259,22.932005],[72.591515,22.931857],[72.591355,22.940883]]]}},{"type":"Feature","properties":{"grid_id":"AHM-0041","row":2,"col":16,"coverage":1.0,"area_km2":1.0,"centroid_lon":72.606052,"centroid_lat":22.936591},"geometry":{"type":"Polygon","coordinates":[[[72.6011,22.94103],[72.610845,22.941177],[72.611003,22.932152],[72.601259,22.932005],[72.6011,22.94103]]]}},{"type":"Feature","properties":{"grid_id":"AHM-0042","row":2,"col":17,"coverage":1.0,"area_km2":1.0,"centroid_lon":72.615796,"centroid_lat":22.936738},"geometry":{"type":"Polygon","coordinates":[[[72.610845,22.941177],[72.62059,22.941324],[72.620748,22.932298],[72.611003,22.932152],[72.610845,22.941177]]]}},{"type":"Feature","properties":{"grid_id":"AHM-0043","row":2,"col":18,"coverage":1.0,"area_km2":1.0,"centroid_lon":72.625541,"centroid_lat":22.936884},"geometry":{"type":"Polygon","coordinates":[[[72.62059,22.941324],[72.630335,22.94147],[72.630492,22.932444],[72.620748,22.932298],[72.62059,22.941324]]]}},{"type":"Feature","properties":{"grid_id":"AHM-0044","row":2,"col":19,"coverage":1.0,"area_km2":1.0,"centroid_lon":72.635286,"centroid_lat":22.93703},"geometry":{"type":"Polygon","coordinates":[[[72.630335,22.94147],[72.640081,22.941615],[72.640237,22.932589],[72.630492,22.932444],[72.630335,22.94147]]]}},{"type":"Feature","properties":{"grid_id":"AHM-0045","row":2,"col":20,"coverage":1.0,"area_km2":1.0,"centroid_lon":72.645031,"centroid_lat":22.937175},"geometry":{"type":"Polygon","coordinates":[[[72.640081,22.941615],[72.649826,22.94176],[72.649982,22.932734],[72.640237,22.932589],[72.640081,22.941615]]]}},{"type":"Feature","properties":{"grid_id":"AHM-0046","row":2,"col":21,"coverage":1.0,"area_km2":1.0,"centroid_lon":72.654776,"centroid_lat":22.937319},"geometry":{"type":"Polygon","coordinates":[[[72.649826,22.94176],[72.659571,22.941904],[72.659727,22.932878],[72.649982,22.932734],[72.649826,22.94176]]]}},{"type":"Feature","properties":{"grid_id":"AHM-0047","row":2,"col":22,"coverage":1.0,"area_km2":1.0,"centroid_lon":72.664522,"centroid_lat":22.937463},"geometry":{"type":"Polygon","coordinates":[[[72.659571,22.941904],[72.669317,22.942047],[72.669472,22.933021],[72.659727,22.932878],[72.659571,22.941904]]]}},{"type":"Feature","properties":{"grid_id":"AHM-0048","row":2,"col":23,"coverage":1.0,"area_km2":1.0,"centroid_lon":72.674267,"centroid_lat":22.937606},"geometry":{"type":"Polygon","coordinates":[[[72.669317,22.942047],[72.679063,22.94219],[72.679217,22.933164],[72.669472,22.933021],[72.669317,22.942047]]]}},{"type":"Feature","properties":{"grid_id":"AHM-0049","row":2,"col":24,"coverage":0.146,"area_km2":0.146,"centroid_lon":72.679985,"centroid_lat":22.936704},"geometry":{"type":"Polygon","coordinates":[[[72.679217,22.933164],[72.679063,22.94219],[72.679534,22.942197],[72.679574,22.941766],[72.679889,22.940143],[72.680362,22.938553],[72.680989,22.937009],[72.681292,22.936357],[72.681292,22.936256],[72.68125,22.935932],[72.681125,22.934326],[72.681145,22.933192],[72.679217,22.933164]]]}},{"type":"Feature","properties":{"grid_id":"AHM-0050","row":3,"col":4,"coverage":0.739,"area_km2":0.739,"centroid_lon":72.489957,"centroid_lat":22.944506},"geometry":{"type":"Polygon","coordinates":[[[72.483998,22.948244],[72.493743,22.948398],[72.493909,22.939373],[72.490788,22.939324],[72.490621,22.939493],[72.489176,22.940698],[72.488334,22.94127],[72.487974,22.941539],[72.487674,22.941872],[72.487262,22.94229],[72.48684,22.942758],[72.486683,22.942968],[72.486307,22.943758],[72.486292,22.943752],[72.48599,22.944396],[72.485195,22.945758],[72.484277,22.947052],[72.484014,22.94739],[72.483998,22.948244]]]}},{"type":"Feature","properties":{"grid_id":"AHM-0051","row":3,"col":5,"coverage":1.0,"area_km2":1.0,"centroid_lon":72.498698,"centroid_lat":22.943962},"geometry":{"type":"Polygon","coordinates":[[[72.493743,22.948398],[72.503488,22.948552],[72.503653,22.939527],[72.493909,22.939373],[72.493743,22.948398]]]}},{"type":"Feature","properties":{"grid_id":"AHM-0052","row":3,"col":6,"coverage":1.0,"area_km2":1.0,"centroid_lon":72.508443,"centroid_lat":22.944116},"geometry":{"type":"Polygon","coordinates":[[[72.503488,22.948552],[72.513233,22.948705],[72.513398,22.93968],[72.503653,22.939527],[72.503488,22.948552]]]}},{"type":"Feature","properties":{"grid_id":"AHM-0053","row":3,"col":7,"coverage":1.0,"area_km2":1.0,"centroid_lon":72.518188,"centroid_lat":22.944269},"geometry":{"type":"Polygon","coordinates":[[[72.513233,22.948705],[72.522978,22.948857],[72.523142,22.939832],[72.513398,22.93968],[72.513233,22.948705]]]}},{"type":"Feature","properties":{"grid_id":"AHM-0054","row":3,"col":8,"coverage":1.0,"area_km2":1.0,"centroid_lon":72.527932,"centroid_lat":22.944421},"geometry":{"type":"Polygon","coordinates":[[[72.522978,22.948857],[72.532723,22.949009],[72.532887,22.939984],[72.523142,22.939832],[72.522978,22.948857]]]}},{"type":"Feature","properties":{"grid_id":"AHM-0055","row":3,"col":9,"coverage":1.0,"area_km2":1.0,"centroid_lon":72.537677,"centroid_lat":22.944572},"geometry":{"type":"Polygon","coordinates":[[[72.532723,22.949009],[72.542468,22.949161],[72.542631,22.940135],[72.532887,22.939984],[72.532723,22.949009]]]}},{"type":"Feature","properties":{"grid_id":"AHM-0056","row":3,"col":10,"coverage":1.0,"area_km2":1.0,"centroid_lon":72.547422,"centroid_lat":22.944723},"geometry":{"type":"Polygon","coordinates":[[[72.542468,22.949161],[72.552213,22.949311],[72.552376,22.940286],[72.542631,22.940135],[72.542468,22.949161]]]}},{"type":"Feature","properties":{"grid_id":"AHM-0057","row":3,"col":11,"coverage":1.0,"area_km2":1.0,"centroid_lon":72.557167,"centroid_lat":22.944874},"geometry":{"type":"Polygon","coordinates":[[[72.552213,22.949311],[72.561959,22.949461],[72.56212,22.940436],[72.552376,22.940286],[72.552213,22.949311]]]}},{"type":"Feature","properties":{"grid_id":"AHM-0058","row":3,"col":12,"coverage":1.0,"area_km2":1.0,"centroid_lon":72.566912,"centroid_lat":22.945024},"geometry":{"type":"Polygon","coordinates":[[[72.561959,22.949461],[72.571704,22.949611],[72.571865,22.940586],[72.56212,22.940436],[72.561959,22.949461]]]}},{"type":"Feature","properties":{"grid_id":"AHM-0059","row":3,"col":13,"coverage":1.0,"area_km2":1.0,"centroid_lon":72.576657,"centroid_lat":22.945173},"geometry":{"type":"Polygon","coordinates":[[[72.571704,22.949611],[72.581449,22.94976],[72.58161,22.940734],[72.571865,22.940586],[72.571704,22.949611]]]}},{"type":"Feature","properties":{"grid_id":"AHM-0060","row":3,"col":14,"coverage":1.0,"area_km2":1.0,"centroid_lon":72.586402,"centroid_lat":22.945321},"geometry":{"type":"Polygon","coordinates":[[[72.581449,22.94976],[72.591195,22.949908],[72.591355,22.940883],[72.58161,22.940734],[72.581449,22.94976]]]}},{"type":"Feature","properties":{"grid_id":"AHM-0061","row":3,"col":15,"coverage":1.0,"area_km2":1.0,"centroid_lon":72.596148,"centroid_lat":22.945469},"geometry":{"type":"Polygon","coordinates":[[[72.591195,22.949908],[72.600941,22.950056],[72.6011,22.94103],[72.591355,22.940883],[72.591195,22.949908]]]}},{"type":"Feature","properties":{"grid_id":"AHM-0062","row":3,"col":16,"coverage":1.0,"area_km2":1.0,"centroid_lon":72.605893,"centroid_lat":22.945617},"geometry":{"type":"Polygon","coordinates":[[[72.600941,22.950056],[72.610686,22.950203],[72.610845,22.941177],[72.6011,22.94103],[72.600941,22.950056]]]}},{"type":"Feature","properties":{"grid_id":"AHM-0063","row":3,"col":17,"coverage":1.0,"area_km2":1.0,"centroid_lon":72.615638,"centroid_lat":22.945764},"geometry":{"type":"Polygon","coordinates":[[[72.610686,22.950203],[72.620432,22.95035],[72.62059,22.941324],[72.610845,22.941177],[72.610686,22.950203]]]}},{"type":"Feature","properties":{"grid_id":"AHM-0064","row":3,"col":18,"coverage":1.0,"area_km2":1.0,"centroid_lon":72.625384,"centroid_lat":22.94591},"geometry":{"type":"Polygon","coordinates":[[[72.620432,22.95035],[72.630178,22.950496],[72.630335,22.94147],[72.62059,22.941324],[72.620432,22.95035]]]}},{"type":"Feature","properties":{"grid_id":"AHM-0065","row":3,"col":19,"coverage":1.0,"area_km2":1.0,"centroid_lon":72.635129,"centroid_lat":22.946055},"geometry":{"type":"Polygon","coordinates":[[[72.630178,22.950496],[72.639924,22.950641],[72.640081,22.941615],[72.630335,22.94147],[72.630178,22.950496]]]}},{"type":"Feature","properties":{"grid_id":"AHM-0066","row":3,"col":20,"coverage":1.0,"area_km2":1.0,"centroid_lon":72.644875,"centroid_lat":22.946201},"geometry":{"type":"Polygon","coordinates":[[[72.639924,22.950641],[72.64967,22.950786],[72.649826,22.94176],[72.640081,22.941615],[72.639924,22.950641]]]}},{"type":"Feature","properties":{"grid_id":"AHM-0067","row":3,"col":21,"coverage":1.0,"area_km2":1.0,"centroid_lon":72.654621,"centroid_lat":22.946345},"geometry":{"type":"Polygon","coordinates":[[[72.64967,22.950786],[72.659416,22.95093],[72.659571,22.941904],[72.649826,22.94176],[72.64967,22.950786]]]}},{"type":"Feature","properties":{"grid_id":"AHM-0068","row":3,"col":22,"coverage":1.0,"area_km2":1.0,"centroid_lon":72.664367,"centroid_lat":22.946489},"geometry":{"type":"Polygon","coordinates":[[[72.659416,22.95093],[72.669162,22.951073],[72.669317,22.942047],[72.659571,22.941904],[72.659416,22.95093]]]}},{"type":"Feature","properties":{"grid_id":"AHM-0069","row":3,"col":23,"coverage":1.0,"area_km2":1.0,"centroid_lon":72.674113,"centroid_lat":22.946632},"geometry":{"type":"Polygon","coordinates":[[[72.669162,22.951073],[72.678909,22.951216],[72.679063,22.94219],[72.669317,22.942047],[72.669162,22.951073]]]}},{"type":"Feature","properties":{"grid_id":"AHM-0070","row":3,"col":24,"coverage":0.086,"area_km2":0.086,"centroid_lon":72.679517,"centroid_lat":22.948098},"geometry":{"type":"Polygon","coordinates":[[[72.679063,22.94219],[72.678909,22.951216],[72.680918,22.951246],[72.680462,22.950109],[72.680033,22.948698],[72.679936,22.94832],[72.679603,22.9467],[72.679431,22.945059],[72.679421,22.943409],[72.679534,22.942197],[72.679063,22.94219]]]}},{"type":"Feature","properties":{"grid_id":"AHM-0071","row":4,"col":3,"coverage":0.18,"area_km2":0.18,"centroid_lon":72.483002,"centroid_lat":22.953065},"geometry":{"type":"Polygon","coordinates":[[[72.483831,22.957268],[72.483998,22.948244],[72.483436,22.948235],[72.483138,22.94867],[72.482563,22.949442],[72.48233,22.949837],[72.482132,22.950219],[72.48194,22.950644],[72.481948,22.951104],[72.482058,22.952606],[72.482097,22.954263],[72.481972,22.955916],[72.481739,22.957235],[72.483831,22.957268]]]}},{"type":"Feature","properties":{"grid_id":"AHM-0072","row":4,"col":4,"coverage":1.0,"area_km2":1.0,"centroid_lon":72.488787,"centroid_lat":22.952833},"geometry":{"type":"Polygon","coordinates":[[[72.483831,22.957268],[72.493577,22.957423],[72.493743,22.948398],[72.483998,22.948244],[72.483831,22.957268]]]}},{"type":"Feature","properties":{"grid_id":"AHM-0073","row":4,"col":5,"coverage":1.0,"area_km2":1.0,"centroid_lon":72.498532,"centroid_lat":22.952987},"geometry":{"type":"Polygon","coordinates":[[[72.493577,22.957423],[72.503322,22.957577],[72.503488,22.948552],[72.493743,22.948398],[72.493577,22.957423]]]}},{"type":"Feature","properties":{"grid_id":"AHM-0074","row":4,"col":6,"coverage":1.0,"area_km2":1.0,"centroid_lon":72.508278,"centroid_lat":22.953141},"geometry":{"type":"Polygon","coordinates":[[[72.503322,22.957577],[72.513068,22.95773],[72.513233,22.948705],[72.503488,22.948552],[72.503322,22.957577]]]}},{"type":"Feature","properties":{"grid_id":"AHM-0075","row":4,"col":7,"coverage":1.0,"area_km2":1.0,"centroid_lon":72.518023,"centroid_lat":22.953294},"geometry":{"type":"Polygon","coordinates":[[[72.513068,22.95773],[72.522813,22.957882],[72.522978,22.948857],[72.513233,22.948705],[72.513068,22.95773]]]}},{"type":"Feature","properties":{"grid_id":"AHM-0076","row":4,"col":8,"coverage":1.0,"area_km2":1.0,"centroid_lon":72.527768,"centroid_lat":22.953446},"geometry":{"type":"Polygon","coordinates":[[[72.522813,22.957882],[72.532559,22.958034],[72.532723,22.949009],[72.522978,22.948857],[72.522813,22.957882]]]}},{"type":"Feature","properties":{"grid_id":"AHM-0077","row":4,"col":9,"coverage":1.0,"area_km2":1.0,"centroid_lon":72.537514,"centroid_lat":22.953598},"geometry":{"type":"Polygon","coordinates":[[[72.532559,22.958034],[72.542305,22.958186],[72.542468,22.949161],[72.532723,22.949009],[72.532559,22.958034]]]}},{"type":"Feature","properties":{"grid_id":"AHM-0078","row":4,"col":10,"coverage":1.0,"area_km2":1.0,"centroid_lon":72.547259,"centroid_lat":22.953749},"geometry":{"type":"Polygon","coordinates":[[[72.542305,22.958186],[72.552051,22.958336],[72.552213,22.949311],[72.542468,22.949161],[72.542305,22.958186]]]}},{"type":"Feature","properties":{"grid_id":"AHM-0079","row":4,"col":11,"coverage":1.0,"area_km2":1.0,"centroid_lon":72.557005,"centroid_lat":22.953899},"geometry":{"type":"Polygon","coordinates":[[[72.552051,22.958336],[72.561797,22.958487],[72.561959,22.949461],[72.552213,22.949311],[72.552051,22.958336]]]}},{"type":"Feature","properties":{"grid_id":"AHM-0080","row":4,"col":12,"coverage":1.0,"area_km2":1.0,"centroid_lon":72.56675,"centroid_lat":22.954049},"geometry":{"type":"Polygon","coordinates":[[[72.561797,22.958487],[72.571543,22.958636],[72.571704,22.949611],[72.561959,22.949461],[72.561797,22.958487]]]}},{"type":"Feature","properties":{"grid_id":"AHM-0081","row":4,"col":13,"coverage":1.0,"area_km2":1.0,"centroid_lon":72.576496,"centroid_lat":22.954198},"geometry":{"type":"Polygon","coordinates":[[[72.571543,22.958636],[72.581289,22.958785],[72.581449,22.94976],[72.571704,22.949611],[72.571543,22.958636]]]}},{"type":"Feature","properties":{"grid_id":"AHM-0082","row":4,"col":14,"coverage":1.0,"area_km2":1.0,"centroid_lon":72.586242,"centroid_lat":22.954347},"geometry":{"type":"Polygon","coordinates":[[[72.581289,22.958785],[72.591035,22.958934],[72.591195,22.949908],[72.581449,22.94976],[72.581289,22.958785]]]}},{"type":"Feature","properties":{"grid_id":"AHM-0083","row":4,"col":15,"coverage":1.0,"area_km2":1.0,"centroid_lon":72.595988,"centroid_lat":22.954495},"geometry":{"type":"Polygon","coordinates":[[[72.591035,22.958934],[72.600781,22.959082],[72.600941,22.950056],[72.591195,22.949908],[72.591035,22.958934]]]}},{"type":"Feature","properties":{"grid_id":"AHM-0084","row":4,"col":16,"coverage":1.0,"area_km2":1.0,"centroid_lon":72.605734,"centroid_lat":22.954642},"geometry":{"type":"Polygon","coordinates":[[[72.600781,22.959082],[72.610528,22.959229],[72.610686,22.950203],[72.600941,22.950056],[72.600781,22.959082]]]}},{"type":"Feature","properties":{"grid_id":"AHM-0085","row":4,"col":17,"coverage":1.0,"area_km2":1.0,"centroid_lon":72.61548,"centroid_lat":22.954789},"geometry":{"type":"Polygon","coordinates":[[[72.610528,22.959229],[72.620274,22.959375],[72.620432,22.95035],[72.610686,22.950203],[72.610528,22.959229]]]}},{"type":"Feature","properties":{"grid_id":"AHM-0086","row":4,"col":18,"coverage":1.0,"area_km2":1.0,"centroid_lon":72.625226,"centroid_lat":22.954936},"geometry":{"type":"Polygon","coordinates":[[[72.620274,22.959375],[72.630021,22.959521],[72.630178,22.950496],[72.620432,22.95035],[72.620274,22.959375]]]}},{"type":"Feature","properties":{"grid_id":"AHM-0087","row":4,"col":19,"coverage":1.0,"area_km2":1.0,"centroid_lon":72.634972,"centroid_lat":22.955081},"geometry":{"type":"Polygon","coordinates":[[[72.630021,22.959521],[72.639767,22.959667],[72.639924,22.950641],[72.630178,22.950496],[72.630021,22.959521]]]}},{"type":"Feature","properties":{"grid_id":"AHM-0088","row":4,"col":20,"coverage":1.0,"area_km2":1.0,"centroid_lon":72.644719,"centroid_lat":22.955226},"geometry":{"type":"Polygon","coordinates":[[[72.639767,22.959667],[72.649514,22.959812],[72.64967,22.950786],[72.639924,22.950641],[72.639767,22.959667]]]}},{"type":"Feature","properties":{"grid_id":"AHM-0089","row":4,"col":21,"coverage":1.0,"area_km2":1.0,"centroid_lon":72.654465,"centroid_lat":22.955371},"geometry":{"type":"Polygon","coordinates":[[[72.649514,22.959812],[72.659261,22.959956],[72.659416,22.95093],[72.64967,22.950786],[72.649514,22.959812]]]}},{"type":"Feature","properties":{"grid_id":"AHM-0090","row":4,"col":22,"coverage":1.0,"area_km2":1.0,"centroid_lon":72.664212,"centroid_lat":22.955515},"geometry":{"type":"Polygon","coordinates":[[[72.659261,22.959956],[72.669008,22.960099],[72.669162,22.951073],[72.659416,22.95093],[72.659261,22.959956]]]}},{"type":"Feature","properties":{"grid_id":"AHM-0091","row":4,"col":23,"coverage":0.916,"area_km2":0.916,"centroid_lon":72.673617,"centroid_lat":22.955377},"geometry":{"type":"Polygon","coordinates":[[[72.678909,22.951216],[72.669162,22.951073],[72.669008,22.960099],[72.675644,22.960197],[72.675867,22.959757],[72.676873,22.958205],[72.678041,22.956755],[72.678828,22.955958],[72.678909,22.951216]]]}},{"type":"Feature","properties":{"grid_id":"AHM-0092","row":4,"col":24,"coverage":0.1,"area_km2":0.1,"centroid_lon":72.679984,"centroid_lat":22.953131},"geometry":{"type":"Polygon","coordinates":[[[72.678909,22.951216],[72.678828,22.955958],[72.67936,22.95542],[72.680816,22.954214],[72.681453,22.953737],[72.681513,22.953437],[72.681543,22.953083],[72.681349,22.952375],[72.681328,22.95231],[72.681299,22.952208],[72.681168,22.951827],[72.681012,22.951482],[72.680918,22.951246],[72.678909,22.951216]]]}},{"type":"Feature","properties":{"grid_id":"AHM-0093","row":5,"col":3,"coverage":0.383,"area_km2":0.383,"centroid_lon":72.48169,"centroid_lat":22.96255},"geometry":{"type":"Polygon","coordinates":[[[72.483664,22.966293],[72.483831,22.957268],[72.481739,22.957235],[72.481684,22.957552],[72.481234,22.959156],[72.480628,22.960715],[72.480048,22.962016],[72.479197,22.963679],[72.478619,22.964674],[72.477647,22.966169],[72.477624,22.966197],[72.483664,22.966293]]]}},{"type":"Feature","properties":{"grid_id":"AHM-0094","row":5,"col":4,"coverage":1.0,"area_km2":1.0,"centroid_lon":72.488621,"centroid_lat":22.961858},"geometry":{"type":"Polygon","coordinates":[[[72.483664,22.966293],[72.49341,22.966448],[72.493577,22.957423],[72.483831,22.957268],[72.483664,22.966293]]]}},{"type":"Feature","properties":{"grid_id":"AHM-0095","row":5,"col":5,"coverage":1.0,"area_km2":1.0,"centroid_lon":72.498366,"centroid_lat":22.962012},"geometry":{"type":"Polygon","coordinates":[[[72.49341,22.966448],[72.503156,22.966601],[72.503322,22.957577],[72.493577,22.957423],[72.49341,22.966448]]]}},{"type":"Feature","properties":{"grid_id":"AHM-0096","row":5,"col":6,"coverage":1.0,"area_km2":1.0,"centroid_lon":72.508112,"centroid_lat":22.962166},"geometry":{"type":"Polygon","coordinates":[[[72.503156,22.966601],[72.512903,22.966755],[72.513068,22.95773],[72.503322,22.957577],[72.503156,22.966601]]]}},{"type":"Feature","properties":{"grid_id":"AHM-0097","row":5,"col":7,"coverage":1.0,"area_km2":1.0,"centroid_lon":72.517858,"centroid_lat":22.962319},"geometry":{"type":"Polygon","coordinates":[[[72.512903,22.966755],[72.522649,22.966907],[72.522813,22.957882],[72.513068,22.95773],[72.512903,22.966755]]]}},{"type":"Feature","properties":{"grid_id":"AHM-0098","row":5,"col":8,"coverage":1.0,"area_km2":1.0,"centroid_lon":72.527604,"centroid_lat":22.962471},"geometry":{"type":"Polygon","coordinates":[[[72.522649,22.966907],[72.532395,22.967059],[72.532559,22.958034],[72.522813,22.957882],[72.522649,22.966907]]]}},{"type":"Feature","properties":{"grid_id":"AHM-0099","row":5,"col":9,"coverage":1.0,"area_km2":1.0,"centroid_lon":72.53735,"centroid_lat":22.962623},"geometry":{"type":"Polygon","coordinates":[[[72.532395,22.967059],[72.542142,22.967211],[72.542305,22.958186],[72.532559,22.958034],[72.532395,22.967059]]]}},{"type":"Feature","properties":{"grid_id":"AHM-0100","row":5,"col":10,"coverage":1.0,"area_km2":1.0,"centroid_lon":72.547096,"centroid_lat":22.962774},"geometry":{"type":"Polygon","coordinates":[[[72.542142,22.967211],[72.551888,22.967362],[72.552051,22.958336],[72.542305,22.958186],[72.542142,22.967211]]]}},{"type":"Feature","properties":{"grid_id":"AHM-0101","row":5,"col":11,"coverage":1.0,"area_km2":1.0,"centroid_lon":72.556843,"centroid_lat":22.962924},"geometry":{"type":"Polygon","coordinates":[[[72.551888,22.967362],[72.561635,22.967512],[72.561797,22.958487],[72.552051,22.958336],[72.551888,22.967362]]]}},{"type":"Feature","properties":{"grid_id":"AHM-0102","row":5,"col":12,"coverage":1.0,"area_km2":1.0,"centroid_lon":72.566589,"centroid_lat":22.963074},"geometry":{"type":"Polygon","coordinates":[[[72.561635,22.967512],[72.571381,22.967662],[72.571543,22.958636],[72.561797,22.958487],[72.561635,22.967512]]]}},{"type":"Feature","properties":{"grid_id":"AHM-0103","row":5,"col":13,"coverage":1.0,"area_km2":1.0,"centroid_lon":72.576335,"centroid_lat":22.963224},"geometry":{"type":"Polygon","coordinates":[[[72.571381,22.967662],[72.581128,22.967811],[72.581289,22.958785],[72.571543,22.958636],[72.571381,22.967662]]]}},{"type":"Feature","properties":{"grid_id":"AHM-0104","row":5,"col":14,"coverage":1.0,"area_km2":1.0,"centroid_lon":72.586082,"centroid_lat":22.963372},"geometry":{"type":"Polygon","coordinates":[[[72.581128,22.967811],[72.590875,22.967959],[72.591035,22.958934],[72.581289,22.958785],[72.581128,22.967811]]]}},{"type":"Feature","properties":{"grid_id":"AHM-0105","row":5,"col":15,"coverage":1.0,"area_km2":1.0,"centroid_lon":72.595828,"centroid_lat":22.96352},"geometry":{"type":"Polygon","coordinates":[[[72.590875,22.967959],[72.600622,22.968107],[72.600781,22.959082],[72.591035,22.958934],[72.590875,22.967959]]]}},{"type":"Feature","properties":{"grid_id":"AHM-0106","row":5,"col":16,"coverage":1.0,"area_km2":1.0,"centroid_lon":72.605575,"centroid_lat":22.963668},"geometry":{"type":"Polygon","coordinates":[[[72.600622,22.968107],[72.610369,22.968254],[72.610528,22.959229],[72.600781,22.959082],[72.600622,22.968107]]]}},{"type":"Feature","properties":{"grid_id":"AHM-0107","row":5,"col":17,"coverage":1.0,"area_km2":1.0,"centroid_lon":72.615322,"centroid_lat":22.963815},"geometry":{"type":"Polygon","coordinates":[[[72.610369,22.968254],[72.620116,22.968401],[72.620274,22.959375],[72.610528,22.959229],[72.610369,22.968254]]]}},{"type":"Feature","properties":{"grid_id":"AHM-0108","row":5,"col":18,"coverage":1.0,"area_km2":1.0,"centroid_lon":72.625069,"centroid_lat":22.963961},"geometry":{"type":"Polygon","coordinates":[[[72.620116,22.968401],[72.629863,22.968547],[72.630021,22.959521],[72.620274,22.959375],[72.620116,22.968401]]]}},{"type":"Feature","properties":{"grid_id":"AHM-0109","row":5,"col":19,"coverage":1.0,"area_km2":1.0,"centroid_lon":72.634815,"centroid_lat":22.964107},"geometry":{"type":"Polygon","coordinates":[[[72.629863,22.968547],[72.639611,22.968693],[72.639767,22.959667],[72.630021,22.959521],[72.629863,22.968547]]]}},{"type":"Feature","properties":{"grid_id":"AHM-0110","row":5,"col":20,"coverage":1.0,"area_km2":1.0,"centroid_lon":72.644562,"centroid_lat":22.964252},"geometry":{"type":"Polygon","coordinates":[[[72.639611,22.968693],[72.649358,22.968837],[72.649514,22.959812],[72.639767,22.959667],[72.639611,22.968693]]]}},{"type":"Feature","properties":{"grid_id":"AHM-0111","row":5,"col":21,"coverage":1.0,"area_km2":1.0,"centroid_lon":72.654309,"centroid_lat":22.964397},"geometry":{"type":"Polygon","coordinates":[[[72.649358,22.968837],[72.659105,22.968982],[72.659261,22.959956],[72.649514,22.959812],[72.649358,22.968837]]]}},{"type":"Feature","properties":{"grid_id":"AHM-0112","row":5,"col":22,"coverage":1.0,"area_km2":1.0,"centroid_lon":72.664057,"centroid_lat":22.964541},"geometry":{"type":"Polygon","coordinates":[[[72.659105,22.968982],[72.668853,22.969125],[72.669008,22.960099],[72.659261,22.959956],[72.659105,22.968982]]]}},{"type":"Feature","properties":{"grid_id":"AHM-0113","row":5,"col":23,"coverage":0.54,"area_km2":0.54,"centroid_lon":72.671595,"centroid_lat":22.964387},"geometry":{"type":"Polygon","coordinates":[[[72.669008,22.960099],[72.668853,22.969125],[72.67362,22.969195],[72.673571,22.968458],[72.673648,22.96665],[72.673919,22.964858],[72.674383,22.9631],[72.675035,22.961394],[72.675644,22.960197],[72.669008,22.960099]]]}},{"type":"Feature","properties":{"grid_id":"AHM-0114","row":6,"col":2,"coverage":0.085,"area_km2":0.085,"centroid_lon":72.472923,"centroid_lat":22.973204},"geometry":{"type":"Polygon","coordinates":[[[72.47375,22.975163],[72.473846,22.970053],[72.473489,22.9703],[72.47297,22.9707],[72.472706,22.971562],[72.472699,22.97156],[72.47262,22.971869],[72.47187,22.973793],[72.47116,22.975121],[72.47375,22.975163]]]}},{"type":"Feature","properties":{"grid_id":"AHM-0115","row":6,"col":3,"coverage":0.91,"area_km2":0.91,"centroid_lon":72.479055,"centroid_lat":22.971044},"geometry":{"type":"Polygon","coordinates":[[[72.47375,22.975163],[72.483497,22.975318],[72.483664,22.966293],[72.477624,22.966197],[72.476524,22.96757],[72.47526,22.968864],[72.473866,22.970039],[72.473846,22.970053],[72.47375,22.975163]]]}},{"type":"Feature","properties":{"grid_id":"AHM-0116","row":6,"col":4,"coverage":1.0,"area_km2":1.0,"centroid_lon":72.488454,"centroid_lat":22.970883},"geometry":{"type":"Polygon","coordinates":[[[72.483497,22.975318],[72.493244,22.975472],[72.49341,22.966448],[72.483664,22.966293],[72.483497,22.975318]]]}},{"type":"Feature","properties":{"grid_id":"AHM-0117","row":6,"col":5,"coverage":1.0,"area_km2":1.0,"centroid_lon":72.4982,"centroid_lat":22.971037},"geometry":{"type":"Polygon","coordinates":[[[72.493244,22.975472],[72.502991,22.975626],[72.503156,22.966601],[72.49341,22.966448],[72.493244,22.975472]]]}},{"type":"Feature","properties":{"grid_id":"AHM-0118","row":6,"col":6,"coverage":1.0,"area_km2":1.0,"centroid_lon":72.507947,"centroid_lat":22.971191},"geometry":{"type":"Polygon","coordinates":[[[72.502991,22.975626],[72.512737,22.97578],[72.512903,22.966755],[72.503156,22.966601],[72.502991,22.975626]]]}},{"type":"Feature","properties":{"grid_id":"AHM-0119","row":6,"col":7,"coverage":1.0,"area_km2":1.0,"centroid_lon":72.517693,"centroid_lat":22.971344},"geometry":{"type":"Polygon","coordinates":[[[72.512737,22.97578],[72.522484,22.975932],[72.522649,22.966907],[72.512903,22.966755],[72.512737,22.97578]]]}},{"type":"Feature","properties":{"grid_id":"AHM-0120","row":6,"col":8,"coverage":1.0,"area_km2":1.0,"centroid_lon":72.52744,"centroid_lat":22.971496},"geometry":{"type":"Polygon","coordinates":[[[72.522484,22.975932],[72.532231,22.976084],[72.532395,22.967059],[72.522649,22.966907],[72.522484,22.975932]]]}},{"type":"Feature","properties":{"grid_id":"AHM-0121","row":6,"col":9,"coverage":1.0,"area_km2":1.0,"centroid_lon":72.537187,"centroid_lat":22.971648},"geometry":{"type":"Polygon","coordinates":[[[72.532231,22.976084],[72.541978,22.976236],[72.542142,22.967211],[72.532395,22.967059],[72.532231,22.976084]]]}},{"type":"Feature","properties":{"grid_id":"AHM-0122","row":6,"col":10,"coverage":1.0,"area_km2":1.0,"centroid_lon":72.546933,"centroid_lat":22.971799},"geometry":{"type":"Polygon","coordinates":[[[72.541978,22.976236],[72.551726,22.976387],[72.551888,22.967362],[72.542142,22.967211],[72.541978,22.976236]]]}},{"type":"Feature","properties":{"grid_id":"AHM-0123","row":6,"col":11,"coverage":1.0,"area_km2":1.0,"centroid_lon":72.55668,"centroid_lat":22.97195},"geometry":{"type":"Polygon","coordinates":[[[72.551726,22.976387],[72.561473,22.976537],[72.561635,22.967512],[72.551888,22.967362],[72.551726,22.976387]]]}},{"type":"Feature","properties":{"grid_id":"AHM-0124","row":6,"col":12,"coverage":1.0,"area_km2":1.0,"centroid_lon":72.566427,"centroid_lat":22.9721},"geometry":{"type":"Polygon","coordinates":[[[72.561473,22.976537],[72.57122,22.976687],[72.571381,22.967662],[72.561635,22.967512],[72.561473,22.976537]]]}},{"type":"Feature","properties":{"grid_id":"AHM-0125","row":6,"col":13,"coverage":1.0,"area_km2":1.0,"centroid_lon":72.576174,"centroid_lat":22.972249},"geometry":{"type":"Polygon","coordinates":[[[72.57122,22.976687],[72.580968,22.976836],[72.581128,22.967811],[72.571381,22.967662],[72.57122,22.976687]]]}},{"type":"Feature","properties":{"grid_id":"AHM-0126","row":6,"col":14,"coverage":1.0,"area_km2":1.0,"centroid_lon":72.585921,"centroid_lat":22.972398},"geometry":{"type":"Polygon","coordinates":[[[72.580968,22.976836],[72.590715,22.976985],[72.590875,22.967959],[72.581128,22.967811],[72.580968,22.976836]]]}},{"type":"Feature","properties":{"grid_id":"AHM-0127","row":6,"col":15,"coverage":1.0,"area_km2":1.0,"centroid_lon":72.595669,"centroid_lat":22.972546},"geometry":{"type":"Polygon","coordinates":[[[72.590715,22.976985],[72.600463,22.977133],[72.600622,22.968107],[72.590875,22.967959],[72.590715,22.976985]]]}},{"type":"Feature","properties":{"grid_id":"AHM-0128","row":6,"col":16,"coverage":1.0,"area_km2":1.0,"centroid_lon":72.605416,"centroid_lat":22.972694},"geometry":{"type":"Polygon","coordinates":[[[72.600463,22.977133],[72.61021,22.97728],[72.610369,22.968254],[72.600622,22.968107],[72.600463,22.977133]]]}},{"type":"Feature","properties":{"grid_id":"AHM-0129","row":6,"col":17,"coverage":1.0,"area_km2":1.0,"centroid_lon":72.615163,"centroid_lat":22.972841},"geometry":{"type":"Polygon","coordinates":[[[72.61021,22.97728],[72.619958,22.977427],[72.620116,22.968401],[72.610369,22.968254],[72.61021,22.97728]]]}},{"type":"Feature","properties":{"grid_id":"AHM-0130","row":6,"col":18,"coverage":1.0,"area_km2":1.0,"centroid_lon":72.624911,"centroid_lat":22.972987},"geometry":{"type":"Polygon","coordinates":[[[72.619958,22.977427],[72.629706,22.977573],[72.629863,22.968547],[72.620116,22.968401],[72.619958,22.977427]]]}},{"type":"Feature","properties":{"grid_id":"AHM-0131","row":6,"col":19,"coverage":1.0,"area_km2":1.0,"centroid_lon":72.634658,"centroid_lat":22.973133},"geometry":{"type":"Polygon","coordinates":[[[72.629706,22.977573],[72.639454,22.977718],[72.639611,22.968693],[72.629863,22.968547],[72.629706,22.977573]]]}},{"type":"Feature","properties":{"grid_id":"AHM-0132","row":6,"col":20,"coverage":1.0,"area_km2":1.0,"centroid_lon":72.644406,"centroid_lat":22.973278},"geometry":{"type":"Polygon","coordinates":[[[72.639454,22.977718],[72.649202,22.977863],[72.649358,22.968837],[72.639611,22.968693],[72.639454,22.977718]]]}},{"type":"Feature","properties":{"grid_id":"AHM-0133","row":6,"col":21,"coverage":1.0,"area_km2":1.0,"centroid_lon":72.654154,"centroid_lat":22.973423},"geometry":{"type":"Polygon","coordinates":[[[72.649202,22.977863],[72.65895,22.978008],[72.659105,22.968982],[72.649358,22.968837],[72.649202,22.977863]]]}},{"type":"Feature","properties":{"grid_id":"AHM-0134","row":6,"col":22,"coverage":1.0,"area_km2":1.0,"centroid_lon":72.663901,"centroid_lat":22.973567},"geometry":{"type":"Polygon","coordinates":[[[72.65895,22.978008],[72.668698,22.978151],[72.668853,22.969125],[72.659105,22.968982],[72.65895,22.978008]]]}},{"type":"Feature","properties":{"grid_id":"AHM-0135","row":6,"col":23,"coverage":0.59,"area_km2":0.59,"centroid_lon":72.671683,"centroid_lat":22.973983},"geometry":{"type":"Polygon","coordinates":[[[72.668853,22.969125],[72.668698,22.978151],[72.675485,22.978251],[72.675216,22.976801],[72.67512,22.975508],[72.675087,22.975245],[72.674996,22.974987],[72.67451,22.973797],[72.674005,22.97205],[72.673691,22.970264],[72.67362,22.969195],[72.668853,22.969125]]]}},{"type":"Feature","properties":{"grid_id":"AHM-0136","row":7,"col":2,"coverage":0.356,"area_km2":0.356,"centroid_lon":72.471921,"centroid_lat":22.979758},"geometry":{"type":"Polygon","coordinates":[[[72.473583,22.984187],[72.47375,22.975163],[72.47116,22.975121],[72.470891,22.975625],[72.470402,22.976423],[72.470275,22.97679],[72.470193,22.977148],[72.47014,22.97759],[72.470052,22.978913],[72.470046,22.979901],[72.470097,22.98089],[72.47009,22.982777],[72.469931,22.984129],[72.473583,22.984187]]]}},{"type":"Feature","properties":{"grid_id":"AHM-0137","row":7,"col":3,"coverage":1.0,"area_km2":1.0,"centroid_lon":72.47854,"centroid_lat":22.979753},"geometry":{"type":"Polygon","coordinates":[[[72.473583,22.984187],[72.48333,22.984343],[72.483497,22.975318],[72.47375,22.975163],[72.473583,22.984187]]]}},{"type":"Feature","properties":{"grid_id":"AHM-0138","row":7,"col":4,"coverage":1.0,"area_km2":1.0,"centroid_lon":72.488287,"centroid_lat":22.979908},"geometry":{"type":"Polygon","coordinates":[[[72.48333,22.984343],[72.493077,22.984497],[72.493244,22.975472],[72.483497,22.975318],[72.48333,22.984343]]]}},{"type":"Feature","properties":{"grid_id":"AHM-0139","row":7,"col":5,"coverage":1.0,"area_km2":1.0,"centroid_lon":72.498034,"centroid_lat":22.980062},"geometry":{"type":"Polygon","coordinates":[[[72.493077,22.984497],[72.502825,22.984651],[72.502991,22.975626],[72.493244,22.975472],[72.493077,22.984497]]]}},{"type":"Feature","properties":{"grid_id":"AHM-0140","row":7,"col":6,"coverage":1.0,"area_km2":1.0,"centroid_lon":72.507781,"centroid_lat":22.980215},"geometry":{"type":"Polygon","coordinates":[[[72.502825,22.984651],[72.512572,22.984804],[72.512737,22.97578],[72.502991,22.975626],[72.502825,22.984651]]]}},{"type":"Feature","properties":{"grid_id":"AHM-0141","row":7,"col":7,"coverage":1.0,"area_km2":1.0,"centroid_lon":72.517528,"centroid_lat":22.980368},"geometry":{"type":"Polygon","coordinates":[[[72.512572,22.984804],[72.52232,22.984957],[72.522484,22.975932],[72.512737,22.97578],[72.512572,22.984804]]]}},{"type":"Feature","properties":{"grid_id":"AHM-0142","row":7,"col":8,"coverage":1.0,"area_km2":1.0,"centroid_lon":72.527276,"centroid_lat":22.980521},"geometry":{"type":"Polygon","coordinates":[[[72.52232,22.984957],[72.532067,22.985109],[72.532231,22.976084],[72.522484,22.975932],[72.52232,22.984957]]]}},{"type":"Feature","properties":{"grid_id":"AHM-0143","row":7,"col":9,"coverage":1.0,"area_km2":1.0,"centroid_lon":72.537023,"centroid_lat":22.980673},"geometry":{"type":"Polygon","coordinates":[[[72.532067,22.985109],[72.541815,22.985261],[72.541978,22.976236],[72.532231,22.976084],[72.532067,22.985109]]]}},{"type":"Feature","properties":{"grid_id":"AHM-0144","row":7,"col":10,"coverage":1.0,"area_km2":1.0,"centroid_lon":72.54677,"centroid_lat":22.980824},"geometry":{"type":"Polygon","coordinates":[[[72.541815,22.985261],[72.551563,22.985412],[72.551726,22.976387],[72.541978,22.976236],[72.541815,22.985261]]]}},{"type":"Feature","properties":{"grid_id":"AHM-0145","row":7,"col":11,"coverage":1.0,"area_km2":1.0,"centroid_lon":72.556518,"centroid_lat":22.980975},"geometry":{"type":"Polygon","coordinates":[[[72.551563,22.985412],[72.561311,22.985562],[72.561473,22.976537],[72.551726,22.976387],[72.551563,22.985412]]]}},{"type":"Feature","properties":{"grid_id":"AHM-0146","row":7,"col":12,"coverage":1.0,"area_km2":1.0,"centroid_lon":72.566266,"centroid_lat":22.981125},"geometry":{"type":"Polygon","coordinates":[[[72.561311,22.985562],[72.571059,22.985712],[72.57122,22.976687],[72.561473,22.976537],[72.561311,22.985562]]]}},{"type":"Feature","properties":{"grid_id":"AHM-0147","row":7,"col":13,"coverage":1.0,"area_km2":1.0,"centroid_lon":72.576013,"centroid_lat":22.981274},"geometry":{"type":"Polygon","coordinates":[[[72.571059,22.985712],[72.580807,22.985861],[72.580968,22.976836],[72.57122,22.976687],[72.571059,22.985712]]]}},{"type":"Feature","properties":{"grid_id":"AHM-0148","row":7,"col":14,"coverage":1.0,"area_km2":1.0,"centroid_lon":72.585761,"centroid_lat":22.981423},"geometry":{"type":"Polygon","coordinates":[[[72.580807,22.985861],[72.590555,22.98601],[72.590715,22.976985],[72.580968,22.976836],[72.580807,22.985861]]]}},{"type":"Feature","properties":{"grid_id":"AHM-0149","row":7,"col":15,"coverage":1.0,"area_km2":1.0,"centroid_lon":72.595509,"centroid_lat":22.981571},"geometry":{"type":"Polygon","coordinates":[[[72.590555,22.98601],[72.600303,22.986158],[72.600463,22.977133],[72.590715,22.976985],[72.590555,22.98601]]]}},{"type":"Feature","properties":{"grid_id":"AHM-0150","row":7,"col":16,"coverage":1.0,"area_km2":1.0,"centroid_lon":72.605257,"centroid_lat":22.981719},"geometry":{"type":"Polygon","coordinates":[[[72.600303,22.986158],[72.610051,22.986305],[72.61021,22.97728],[72.600463,22.977133],[72.600303,22.986158]]]}},{"type":"Feature","properties":{"grid_id":"AHM-0151","row":7,"col":17,"coverage":1.0,"area_km2":1.0,"centroid_lon":72.615005,"centroid_lat":22.981866},"geometry":{"type":"Polygon","coordinates":[[[72.610051,22.986305],[72.6198,22.986452],[72.619958,22.977427],[72.61021,22.97728],[72.610051,22.986305]]]}},{"type":"Feature","properties":{"grid_id":"AHM-0152","row":7,"col":18,"coverage":1.0,"area_km2":1.0,"centroid_lon":72.624753,"centroid_lat":22.982013},"geometry":{"type":"Polygon","coordinates":[[[72.6198,22.986452],[72.629548,22.986598],[72.629706,22.977573],[72.619958,22.977427],[72.6198,22.986452]]]}},{"type":"Feature","properties":{"grid_id":"AHM-0153","row":7,"col":19,"coverage":1.0,"area_km2":1.0,"centroid_lon":72.634501,"centroid_lat":22.982159},"geometry":{"type":"Polygon","coordinates":[[[72.629548,22.986598],[72.639297,22.986744],[72.639454,22.977718],[72.629706,22.977573],[72.629548,22.986598]]]}},{"type":"Feature","properties":{"grid_id":"AHM-0154","row":7,"col":20,"coverage":1.0,"area_km2":1.0,"centroid_lon":72.644249,"centroid_lat":22.982304},"geometry":{"type":"Polygon","coordinates":[[[72.639297,22.986744],[72.649045,22.986889],[72.649202,22.977863],[72.639454,22.977718],[72.639297,22.986744]]]}},{"type":"Feature","properties":{"grid_id":"AHM-0155","row":7,"col":21,"coverage":1.0,"area_km2":1.0,"centroid_lon":72.653998,"centroid_lat":22.982448},"geometry":{"type":"Polygon","coordinates":[[[72.649045,22.986889],[72.658794,22.987034],[72.65895,22.978008],[72.649202,22.977863],[72.649045,22.986889]]]}},{"type":"Feature","properties":{"grid_id":"AHM-0156","row":7,"col":22,"coverage":1.0,"area_km2":1.0,"centroid_lon":72.663746,"centroid_lat":22.982593},"geometry":{"type":"Polygon","coordinates":[[[72.658794,22.987034],[72.668543,22.987177],[72.668698,22.978151],[72.65895,22.978008],[72.658794,22.987034]]]}},{"type":"Feature","properties":{"grid_id":"AHM-0157","row":7,"col":23,"coverage":0.875,"area_km2":0.875,"centroid_lon":72.672946,"centroid_lat":22.983049},"geometry":{"type":"Polygon","coordinates":[[[72.668698,22.978151],[72.668543,22.987177],[72.678292,22.987321],[72.678338,22.984609],[72.67768,22.983664],[72.676786,22.982044],[72.676073,22.980348],[72.675548,22.978595],[72.675485,22.978251],[72.668698,22.978151]]]}},{"type":"Feature","properties":{"grid_id":"AHM-0158","row":8,"col":2,"coverage":0.525,"area_km2":0.525,"centroid_lon":72.4708,"centroid_lat":22.989232},"geometry":{"type":"Polygon","coordinates":[[[72.473415,22.993212],[72.473583,22.984187],[72.469931,22.984129],[72.469869,22.984654],[72.469438,22.986498],[72.468801,22.988291],[72.467966,22.990013],[72.466941,22.991644],[72.465798,22.99309],[72.473415,22.993212]]]}},{"type":"Feature","properties":{"grid_id":"AHM-0159","row":8,"col":3,"coverage":1.0,"area_km2":1.0,"centroid_lon":72.478372,"centroid_lat":22.988777},"geometry":{"type":"Polygon","coordinates":[[[72.473415,22.993212],[72.483163,22.993367],[72.48333,22.984343],[72.473583,22.984187],[72.473415,22.993212]]]}},{"type":"Feature","properties":{"grid_id":"AHM-0160","row":8,"col":4,"coverage":1.0,"area_km2":1.0,"centroid_lon":72.48812,"centroid_lat":22.988932},"geometry":{"type":"Polygon","coordinates":[[[72.483163,22.993367],[72.49291,22.993522],[72.493077,22.984497],[72.48333,22.984343],[72.483163,22.993367]]]}},{"type":"Feature","properties":{"grid_id":"AHM-0161","row":8,"col":5,"coverage":1.0,"area_km2":1.0,"centroid_lon":72.497868,"centroid_lat":22.989087},"geometry":{"type":"Polygon","coordinates":[[[72.49291,22.993522],[72.502659,22.993676],[72.502825,22.984651],[72.493077,22.984497],[72.49291,22.993522]]]}},{"type":"Feature","properties":{"grid_id":"AHM-0162","row":8,"col":6,"coverage":1.0,"area_km2":1.0,"centroid_lon":72.507615,"centroid_lat":22.98924},"geometry":{"type":"Polygon","coordinates":[[[72.502659,22.993676],[72.512407,22.993829],[72.512572,22.984804],[72.502825,22.984651],[72.502659,22.993676]]]}},{"type":"Feature","properties":{"grid_id":"AHM-0163","row":8,"col":7,"coverage":1.0,"area_km2":1.0,"centroid_lon":72.517363,"centroid_lat":22.989393},"geometry":{"type":"Polygon","coordinates":[[[72.512407,22.993829],[72.522155,22.993982],[72.52232,22.984957],[72.512572,22.984804],[72.512407,22.993829]]]}},{"type":"Feature","properties":{"grid_id":"AHM-0164","row":8,"col":8,"coverage":1.0,"area_km2":1.0,"centroid_lon":72.527111,"centroid_lat":22.989546},"geometry":{"type":"Polygon","coordinates":[[[72.522155,22.993982],[72.531903,22.994135],[72.532067,22.985109],[72.52232,22.984957],[72.522155,22.993982]]]}},{"type":"Feature","properties":{"grid_id":"AHM-0165","row":8,"col":9,"coverage":1.0,"area_km2":1.0,"centroid_lon":72.536859,"centroid_lat":22.989698},"geometry":{"type":"Polygon","coordinates":[[[72.531903,22.994135],[72.541652,22.994286],[72.541815,22.985261],[72.532067,22.985109],[72.531903,22.994135]]]}},{"type":"Feature","properties":{"grid_id":"AHM-0166","row":8,"col":10,"coverage":1.0,"area_km2":1.0,"centroid_lon":72.546607,"centroid_lat":22.989849},"geometry":{"type":"Polygon","coordinates":[[[72.541652,22.994286],[72.5514,22.994437],[72.551563,22.985412],[72.541815,22.985261],[72.541652,22.994286]]]}},{"type":"Feature","properties":{"grid_id":"AHM-0167","row":8,"col":11,"coverage":1.0,"area_km2":1.0,"centroid_lon":72.556356,"centroid_lat":22.99},"geometry":{"type":"Polygon","coordinates":[[[72.5514,22.994437],[72.561149,22.994588],[72.561311,22.985562],[72.551563,22.985412],[72.5514,22.994437]]]}},{"type":"Feature","properties":{"grid_id":"AHM-0168","row":8,"col":12,"coverage":1.0,"area_km2":1.0,"centroid_lon":72.566104,"centroid_lat":22.99015},"geometry":{"type":"Polygon","coordinates":[[[72.561149,22.994588],[72.570897,22.994738],[72.571059,22.985712],[72.561311,22.985562],[72.561149,22.994588]]]}},{"type":"Feature","properties":{"grid_id":"AHM-0169","row":8,"col":13,"coverage":1.0,"area_km2":1.0,"centroid_lon":72.575852,"centroid_lat":22.9903},"geometry":{"type":"Polygon","coordinates":[[[72.570897,22.994738],[72.580646,22.994887],[72.580807,22.985861],[72.571059,22.985712],[72.570897,22.994738]]]}},{"type":"Feature","properties":{"grid_id":"AHM-0170","row":8,"col":14,"coverage":1.0,"area_km2":1.0,"centroid_lon":72.585601,"centroid_lat":22.990449},"geometry":{"type":"Polygon","coordinates":[[[72.580646,22.994887],[72.590395,22.995035],[72.590555,22.98601],[72.580807,22.985861],[72.580646,22.994887]]]}},{"type":"Feature","properties":{"grid_id":"AHM-0171","row":8,"col":15,"coverage":1.0,"area_km2":1.0,"centroid_lon":72.595349,"centroid_lat":22.990597},"geometry":{"type":"Polygon","coordinates":[[[72.590395,22.995035],[72.600144,22.995184],[72.600303,22.986158],[72.590555,22.98601],[72.590395,22.995035]]]}},{"type":"Feature","properties":{"grid_id":"AHM-0172","row":8,"col":16,"coverage":1.0,"area_km2":1.0,"centroid_lon":72.605098,"centroid_lat":22.990745},"geometry":{"type":"Polygon","coordinates":[[[72.600144,22.995184],[72.609892,22.995331],[72.610051,22.986305],[72.600303,22.986158],[72.600144,22.995184]]]}},{"type":"Feature","properties":{"grid_id":"AHM-0173","row":8,"col":17,"coverage":1.0,"area_km2":1.0,"centroid_lon":72.614846,"centroid_lat":22.990892},"geometry":{"type":"Polygon","coordinates":[[[72.609892,22.995331],[72.619642,22.995478],[72.6198,22.986452],[72.610051,22.986305],[72.609892,22.995331]]]}},{"type":"Feature","properties":{"grid_id":"AHM-0174","row":8,"col":18,"coverage":1.0,"area_km2":1.0,"centroid_lon":72.624595,"centroid_lat":22.991038},"geometry":{"type":"Polygon","coordinates":[[[72.619642,22.995478],[72.629391,22.995624],[72.629548,22.986598],[72.6198,22.986452],[72.619642,22.995478]]]}},{"type":"Feature","properties":{"grid_id":"AHM-0175","row":8,"col":19,"coverage":1.0,"area_km2":1.0,"centroid_lon":72.634344,"centroid_lat":22.991184},"geometry":{"type":"Polygon","coordinates":[[[72.629391,22.995624],[72.63914,22.99577],[72.639297,22.986744],[72.629548,22.986598],[72.629391,22.995624]]]}},{"type":"Feature","properties":{"grid_id":"AHM-0176","row":8,"col":20,"coverage":1.0,"area_km2":1.0,"centroid_lon":72.644093,"centroid_lat":22.99133},"geometry":{"type":"Polygon","coordinates":[[[72.63914,22.99577],[72.648889,22.995915],[72.649045,22.986889],[72.639297,22.986744],[72.63914,22.99577]]]}},{"type":"Feature","properties":{"grid_id":"AHM-0177","row":8,"col":21,"coverage":1.0,"area_km2":1.0,"centroid_lon":72.653842,"centroid_lat":22.991474},"geometry":{"type":"Polygon","coordinates":[[[72.648889,22.995915],[72.658638,22.996059],[72.658794,22.987034],[72.649045,22.986889],[72.648889,22.995915]]]}},{"type":"Feature","properties":{"grid_id":"AHM-0178","row":8,"col":22,"coverage":1.0,"area_km2":1.0,"centroid_lon":72.663591,"centroid_lat":22.991618},"geometry":{"type":"Polygon","coordinates":[[[72.658638,22.996059],[72.668388,22.996203],[72.668543,22.987177],[72.658794,22.987034],[72.658638,22.996059]]]}},{"type":"Feature","properties":{"grid_id":"AHM-0179","row":8,"col":23,"coverage":1.0,"area_km2":1.0,"centroid_lon":72.67334,"centroid_lat":22.991762},"geometry":{"type":"Polygon","coordinates":[[[72.668388,22.996203],[72.678137,22.996347],[72.678292,22.987321],[72.668543,22.987177],[72.668388,22.996203]]]}},{"type":"Feature","properties":{"grid_id":"AHM-0180","row":8,"col":24,"coverage":0.789,"area_km2":0.789,"centroid_lon":72.682452,"centroid_lat":22.992666},"geometry":{"type":"Polygon","coordinates":[[[72.678292,22.987321],[72.678137,22.996347],[72.687887,22.996489],[72.687957,22.992402],[72.686888,22.99162],[72.686063,22.99094],[72.685879,22.990815],[72.685509,22.990612],[72.684484,22.990101],[72.682856,22.989082],[72.681346,22.987916],[72.680755,22.987357],[72.678292,22.987321]]]}},{"type":"Feature","properties":{"grid_id":"AHM-0181","row":8,"col":25,"coverage":0.082,"area_km2":0.082,"centroid_lon":72.688935,"centroid_lat":22.994891},"geometry":{"type":"Polygon","coordinates":[[[72.687887,22.996489],[72.690497,22.996527],[72.690169,22.995412],[72.689977,22.994598],[72.68997,22.994584],[72.689863,22.994349],[72.689511,22.993563],[72.689308,22.99337],[72.689083,22.993194],[72.68871,22.992953],[72.687957,22.992402],[72.687887,22.996489]]]}},{"type":"Feature","properties":{"grid_id":"AHM-0182","row":9,"col":2,"coverage":0.775,"area_km2":0.775,"centroid_lon":72.469546,"centroid_lat":22.99757},"geometry":{"type":"Polygon","coordinates":[[[72.473247,23.002237],[72.473415,22.993212],[72.465798,22.99309],[72.465738,22.993167],[72.465135,22.993852],[72.465232,22.994276],[72.465408,22.994899],[72.465752,22.996356],[72.465966,22.997834],[72.465972,22.997898],[72.466047,23.000002],[72.46592,23.00141],[72.465939,23.001412],[72.465869,23.002108],[72.465869,23.002119],[72.473247,23.002237]]]}},{"type":"Feature","properties":{"grid_id":"AHM-0183","row":9,"col":3,"coverage":1.0,"area_km2":1.0,"centroid_lon":72.478205,"centroid_lat":22.997802},"geometry":{"type":"Polygon","coordinates":[[[72.473247,23.002237],[72.482995,23.002392],[72.483163,22.993367],[72.473415,22.993212],[72.473247,23.002237]]]}},{"type":"Feature","properties":{"grid_id":"AHM-0184","row":9,"col":4,"coverage":1.0,"area_km2":1.0,"centroid_lon":72.487953,"centroid_lat":22.997957},"geometry":{"type":"Polygon","coordinates":[[[72.482995,23.002392],[72.492744,23.002547],[72.49291,22.993522],[72.483163,22.993367],[72.482995,23.002392]]]}},{"type":"Feature","properties":{"grid_id":"AHM-0185","row":9,"col":5,"coverage":1.0,"area_km2":1.0,"centroid_lon":72.497701,"centroid_lat":22.998111},"geometry":{"type":"Polygon","coordinates":[[[72.492744,23.002547],[72.502492,23.002701],[72.502659,22.993676],[72.49291,22.993522],[72.492744,23.002547]]]}},{"type":"Feature","properties":{"grid_id":"AHM-0186","row":9,"col":6,"coverage":1.0,"area_km2":1.0,"centroid_lon":72.50745,"centroid_lat":22.998265},"geometry":{"type":"Polygon","coordinates":[[[72.502492,23.002701],[72.512241,23.002854],[72.512407,22.993829],[72.502659,22.993676],[72.502492,23.002701]]]}},{"type":"Feature","properties":{"grid_id":"AHM-0187","row":9,"col":7,"coverage":1.0,"area_km2":1.0,"centroid_lon":72.517198,"centroid_lat":22.998418},"geometry":{"type":"Polygon","coordinates":[[[72.512241,23.002854],[72.52199,23.003007],[72.522155,22.993982],[72.512407,22.993829],[72.512241,23.002854]]]}},{"type":"Feature","properties":{"grid_id":"AHM-0188","row":9,"col":8,"coverage":1.0,"area_km2":1.0,"centroid_lon":72.526947,"centroid_lat":22.998571},"geometry":{"type":"Polygon","coordinates":[[[72.52199,23.003007],[72.531739,23.00316],[72.531903,22.994135],[72.522155,22.993982],[72.52199,23.003007]]]}},{"type":"Feature","properties":{"grid_id":"AHM-0189","row":9,"col":9,"coverage":1.0,"area_km2":1.0,"centroid_lon":72.536695,"centroid_lat":22.998723},"geometry":{"type":"Polygon","coordinates":[[[72.531739,23.00316],[72.541488,23.003311],[72.541652,22.994286],[72.531903,22.994135],[72.531739,23.00316]]]}},{"type":"Feature","properties":{"grid_id":"AHM-0190","row":9,"col":10,"coverage":1.0,"area_km2":1.0,"centroid_lon":72.546444,"centroid_lat":22.998874},"geometry":{"type":"Polygon","coordinates":[[[72.541488,23.003311],[72.551237,23.003462],[72.5514,22.994437],[72.541652,22.994286],[72.541488,23.003311]]]}},{"type":"Feature","properties":{"grid_id":"AHM-0191","row":9,"col":11,"coverage":1.0,"area_km2":1.0,"centroid_lon":72.556193,"centroid_lat":22.999025},"geometry":{"type":"Polygon","coordinates":[[[72.551237,23.003462],[72.560986,23.003613],[72.561149,22.994588],[72.5514,22.994437],[72.551237,23.003462]]]}},{"type":"Feature","properties":{"grid_id":"AHM-0192","row":9,"col":12,"coverage":1.0,"area_km2":1.0,"centroid_lon":72.565942,"centroid_lat":22.999175},"geometry":{"type":"Polygon","coordinates":[[[72.560986,23.003613],[72.570736,23.003763],[72.570897,22.994738],[72.561149,22.994588],[72.560986,23.003613]]]}},{"type":"Feature","properties":{"grid_id":"AHM-0193","row":9,"col":13,"coverage":1.0,"area_km2":1.0,"centroid_lon":72.575691,"centroid_lat":22.999325},"geometry":{"type":"Polygon","coordinates":[[[72.570736,23.003763],[72.580485,23.003912],[72.580646,22.994887],[72.570897,22.994738],[72.570736,23.003763]]]}},{"type":"Feature","properties":{"grid_id":"AHM-0194","row":9,"col":14,"coverage":1.0,"area_km2":1.0,"centroid_lon":72.58544,"centroid_lat":22.999474},"geometry":{"type":"Polygon","coordinates":[[[72.580485,23.003912],[72.590234,23.004061],[72.590395,22.995035],[72.580646,22.994887],[72.580485,23.003912]]]}},{"type":"Feature","properties":{"grid_id":"AHM-0195","row":9,"col":15,"coverage":1.0,"area_km2":1.0,"centroid_lon":72.595189,"centroid_lat":22.999622},"geometry":{"type":"Polygon","coordinates":[[[72.590234,23.004061],[72.599984,23.004209],[72.600144,22.995184],[72.590395,22.995035],[72.590234,23.004061]]]}},{"type":"Feature","properties":{"grid_id":"AHM-0196","row":9,"col":16,"coverage":1.0,"area_km2":1.0,"centroid_lon":72.604938,"centroid_lat":22.99977},"geometry":{"type":"Polygon","coordinates":[[[72.599984,23.004209],[72.609733,23.004357],[72.609892,22.995331],[72.600144,22.995184],[72.599984,23.004209]]]}},{"type":"Feature","properties":{"grid_id":"AHM-0197","row":9,"col":17,"coverage":1.0,"area_km2":1.0,"centroid_lon":72.614688,"centroid_lat":22.999917},"geometry":{"type":"Polygon","coordinates":[[[72.609733,23.004357],[72.619483,23.004504],[72.619642,22.995478],[72.609892,22.995331],[72.609733,23.004357]]]}},{"type":"Feature","properties":{"grid_id":"AHM-0198","row":9,"col":18,"coverage":1.0,"area_km2":1.0,"centroid_lon":72.624437,"centroid_lat":23.000064},"geometry":{"type":"Polygon","coordinates":[[[72.619483,23.004504],[72.629233,23.00465],[72.629391,22.995624],[72.619642,22.995478],[72.619483,23.004504]]]}},{"type":"Feature","properties":{"grid_id":"AHM-0199","row":9,"col":19,"coverage":1.0,"area_km2":1.0,"centroid_lon":72.634187,"centroid_lat":23.00021},"geometry":{"type":"Polygon","coordinates":[[[72.629233,23.00465],[72.638983,23.004796],[72.63914,22.99577],[72.629391,22.995624],[72.629233,23.00465]]]}},{"type":"Feature","properties":{"grid_id":"AHM-0200","row":9,"col":20,"coverage":1.0,"area_km2":1.0,"centroid_lon":72.643936,"centroid_lat":23.000355},"geometry":{"type":"Polygon","coordinates":[[[72.638983,23.004796],[72.648733,23.004941],[72.648889,22.995915],[72.63914,22.99577],[72.638983,23.004796]]]}},{"type":"Feature","properties":{"grid_id":"AHM-0201","row":9,"col":21,"coverage":1.0,"area_km2":1.0,"centroid_lon":72.653686,"centroid_lat":23.0005},"geometry":{"type":"Polygon","coordinates":[[[72.648733,23.004941],[72.658483,23.005085],[72.658638,22.996059],[72.648889,22.995915],[72.648733,23.004941]]]}},{"type":"Feature","properties":{"grid_id":"AHM-0202","row":9,"col":22,"coverage":1.0,"area_km2":1.0,"centroid_lon":72.663435,"centroid_lat":23.000644},"geometry":{"type":"Polygon","coordinates":[[[72.658483,23.005085],[72.668233,23.005229],[72.668388,22.996203],[72.658638,22.996059],[72.658483,23.005085]]]}},{"type":"Feature","properties":{"grid_id":"AHM-0203","row":9,"col":23,"coverage":1.0,"area_km2":1.0,"centroid_lon":72.673185,"centroid_lat":23.000788},"geometry":{"type":"Polygon","coordinates":[[[72.668233,23.005229],[72.677983,23.005373],[72.678137,22.996347],[72.668388,22.996203],[72.668233,23.005229]]]}},{"type":"Feature","properties":{"grid_id":"AHM-0204","row":9,"col":24,"coverage":1.0,"area_km2":1.0,"centroid_lon":72.682935,"centroid_lat":23.000931},"geometry":{"type":"Polygon","coordinates":[[[72.677983,23.005373],[72.687733,23.005515],[72.687887,22.996489],[72.678137,22.996347],[72.677983,23.005373]]]}},{"type":"Feature","properties":{"grid_id":"AHM-0205","row":9,"col":25,"coverage":0.492,"area_km2":0.492,"centroid_lon":72.69039,"centroid_lat":23.001734},"geometry":{"type":"Polygon","coordinates":[[[72.687887,22.996489],[72.687733,23.005515],[72.692893,23.005591],[72.693862,23.004877],[72.694447,23.004486],[72.694575,23.004328],[72.69468,23.004168],[72.694386,23.003632],[72.694001,23.002881],[72.693989,23.002861],[72.693491,23.002214],[72.693335,23.002031],[72.692276,23.000496],[72.69139,22.99887],[72.690685,22.99717],[72.690497,22.996527],[72.687887,22.996489]]]}},{"type":"Feature","properties":{"grid_id":"AHM-0206","row":10,"col":2,"coverage":0.658,"area_km2":0.658,"centroid_lon":72.469931,"centroid_lat":23.006453},"geometry":{"type":"Polygon","coordinates":[[[72.473078,23.011261],[72.473247,23.002237],[72.465869,23.002119],[72.465849,23.00253],[72.465914,23.002949],[72.465994,23.00333],[72.466069,23.003655],[72.466141,23.003944],[72.466348,23.00463],[72.466724,23.00612],[72.466882,23.007124],[72.466889,23.007123],[72.466923,23.007342],[72.467019,23.008062],[72.467127,23.009026],[72.467207,23.009371],[72.467286,23.009623],[72.467456,23.010054],[72.467849,23.011178],[72.473078,23.011261]]]}},{"type":"Feature","properties":{"grid_id":"AHM-0207","row":10,"col":3,"coverage":1.0,"area_km2":1.0,"centroid_lon":72.478037,"centroid_lat":23.006827},"geometry":{"type":"Polygon","coordinates":[[[72.473078,23.011261],[72.482828,23.011417],[72.482995,23.002392],[72.473247,23.002237],[72.473078,23.011261]]]}},{"type":"Feature","properties":{"grid_id":"AHM-0208","row":10,"col":4,"coverage":1.0,"area_km2":1.0,"centroid_lon":72.487786,"centroid_lat":23.006982},"geometry":{"type":"Polygon","coordinates":[[[72.482828,23.011417],[72.492577,23.011571],[72.492744,23.002547],[72.482995,23.002392],[72.482828,23.011417]]]}},{"type":"Feature","properties":{"grid_id":"AHM-0209","row":10,"col":5,"coverage":1.0,"area_km2":1.0,"centroid_lon":72.497535,"centroid_lat":23.007136},"geometry":{"type":"Polygon","coordinates":[[[72.492577,23.011571],[72.502326,23.011726],[72.502492,23.002701],[72.492744,23.002547],[72.492577,23.011571]]]}},{"type":"Feature","properties":{"grid_id":"AHM-0210","row":10,"col":6,"coverage":1.0,"area_km2":1.0,"centroid_lon":72.507284,"centroid_lat":23.00729},"geometry":{"type":"Polygon","coordinates":[[[72.502326,23.011726],[72.512076,23.011879],[72.512241,23.002854],[72.502492,23.002701],[72.502326,23.011726]]]}},{"type":"Feature","properties":{"grid_id":"AHM-0211","row":10,"col":7,"coverage":1.0,"area_km2":1.0,"centroid_lon":72.517033,"centroid_lat":23.007443},"geometry":{"type":"Polygon","coordinates":[[[72.512076,23.011879],[72.521825,23.012032],[72.52199,23.003007],[72.512241,23.002854],[72.512076,23.011879]]]}},{"type":"Feature","properties":{"grid_id":"AHM-0212","row":10,"col":8,"coverage":1.0,"area_km2":1.0,"centroid_lon":72.526782,"centroid_lat":23.007596},"geometry":{"type":"Polygon","coordinates":[[[72.521825,23.012032],[72.531575,23.012185],[72.531739,23.00316],[72.52199,23.003007],[72.521825,23.012032]]]}},{"type":"Feature","properties":{"grid_id":"AHM-0213","row":10,"col":9,"coverage":1.0,"area_km2":1.0,"centroid_lon":72.536532,"centroid_lat":23.007748},"geometry":{"type":"Polygon","coordinates":[[[72.531575,23.012185],[72.541324,23.012336],[72.541488,23.003311],[72.531739,23.00316],[72.531575,23.012185]]]}},{"type":"Feature","properties":{"grid_id":"AHM-0214","row":10,"col":10,"coverage":1.0,"area_km2":1.0,"centroid_lon":72.546281,"centroid_lat":23.007899},"geometry":{"type":"Polygon","coordinates":[[[72.541324,23.012336],[72.551074,23.012488],[72.551237,23.003462],[72.541488,23.003311],[72.541324,23.012336]]]}},{"type":"Feature","properties":{"grid_id":"AHM-0215","row":10,"col":11,"coverage":1.0,"area_km2":1.0,"centroid_lon":72.55603,"centroid_lat":23.00805},"geometry":{"type":"Polygon","coordinates":[[[72.551074,23.012488],[72.560824,23.012638],[72.560986,23.003613],[72.551237,23.003462],[72.551074,23.012488]]]}},{"type":"Feature","properties":{"grid_id":"AHM-0216","row":10,"col":12,"coverage":1.0,"area_km2":1.0,"centroid_lon":72.56578,"centroid_lat":23.008201},"geometry":{"type":"Polygon","coordinates":[[[72.560824,23.012638],[72.570574,23.012788],[72.570736,23.003763],[72.560986,23.003613],[72.560824,23.012638]]]}},{"type":"Feature","properties":{"grid_id":"AHM-0217","row":10,"col":13,"coverage":1.0,"area_km2":1.0,"centroid_lon":72.57553,"centroid_lat":23.00835},"geometry":{"type":"Polygon","coordinates":[[[72.570574,23.012788],[72.580324,23.012938],[72.580485,23.003912],[72.570736,23.003763],[72.570574,23.012788]]]}},{"type":"Feature","properties":{"grid_id":"AHM-0218","row":10,"col":14,"coverage":1.0,"area_km2":1.0,"centroid_lon":72.585279,"centroid_lat":23.008499},"geometry":{"type":"Polygon","coordinates":[[[72.580324,23.012938],[72.590074,23.013086],[72.590234,23.004061],[72.580485,23.003912],[72.580324,23.012938]]]}},{"type":"Feature","properties":{"grid_id":"AHM-0219","row":10,"col":15,"coverage":1.0,"area_km2":1.0,"centroid_lon":72.595029,"centroid_lat":23.008648},"geometry":{"type":"Polygon","coordinates":[[[72.590074,23.013086],[72.599824,23.013235],[72.599984,23.004209],[72.590234,23.004061],[72.590074,23.013086]]]}},{"type":"Feature","properties":{"grid_id":"AHM-0220","row":10,"col":16,"coverage":1.0,"area_km2":1.0,"centroid_lon":72.604779,"centroid_lat":23.008796},"geometry":{"type":"Polygon","coordinates":[[[72.599824,23.013235],[72.609574,23.013382],[72.609733,23.004357],[72.599984,23.004209],[72.599824,23.013235]]]}},{"type":"Feature","properties":{"grid_id":"AHM-0221","row":10,"col":17,"coverage":1.0,"area_km2":1.0,"centroid_lon":72.614529,"centroid_lat":23.008943},"geometry":{"type":"Polygon","coordinates":[[[72.609574,23.013382],[72.619325,23.013529],[72.619483,23.004504],[72.609733,23.004357],[72.609574,23.013382]]]}},{"type":"Feature","properties":{"grid_id":"AHM-0222","row":10,"col":18,"coverage":1.0,"area_km2":1.0,"centroid_lon":72.624279,"centroid_lat":23.00909},"geometry":{"type":"Polygon","coordinates":[[[72.619325,23.013529],[72.629075,23.013676],[72.629233,23.00465],[72.619483,23.004504],[72.619325,23.013529]]]}},{"type":"Feature","properties":{"grid_id":"AHM-0223","row":10,"col":19,"coverage":1.0,"area_km2":1.0,"centroid_lon":72.634029,"centroid_lat":23.009236},"geometry":{"type":"Polygon","coordinates":[[[72.629075,23.013676],[72.638826,23.013821],[72.638983,23.004796],[72.629233,23.00465],[72.629075,23.013676]]]}},{"type":"Feature","properties":{"grid_id":"AHM-0224","row":10,"col":20,"coverage":1.0,"area_km2":1.0,"centroid_lon":72.643779,"centroid_lat":23.009381},"geometry":{"type":"Polygon","coordinates":[[[72.638826,23.013821],[72.648576,23.013967],[72.648733,23.004941],[72.638983,23.004796],[72.638826,23.013821]]]}},{"type":"Feature","properties":{"grid_id":"AHM-0225","row":10,"col":21,"coverage":1.0,"area_km2":1.0,"centroid_lon":72.65353,"centroid_lat":23.009526},"geometry":{"type":"Polygon","coordinates":[[[72.648576,23.013967],[72.658327,23.014111],[72.658483,23.005085],[72.648733,23.004941],[72.648576,23.013967]]]}},{"type":"Feature","properties":{"grid_id":"AHM-0226","row":10,"col":22,"coverage":1.0,"area_km2":1.0,"centroid_lon":72.66328,"centroid_lat":23.00967},"geometry":{"type":"Polygon","coordinates":[[[72.658327,23.014111],[72.668078,23.014255],[72.668233,23.005229],[72.658483,23.005085],[72.658327,23.014111]]]}},{"type":"Feature","properties":{"grid_id":"AHM-0227","row":10,"col":23,"coverage":1.0,"area_km2":1.0,"centroid_lon":72.67303,"centroid_lat":23.009814},"geometry":{"type":"Polygon","coordinates":[[[72.668078,23.014255],[72.677828,23.014399],[72.677983,23.005373],[72.668233,23.005229],[72.668078,23.014255]]]}},{"type":"Feature","properties":{"grid_id":"AHM-0228","row":10,"col":24,"coverage":0.983,"area_km2":0.983,"centroid_lon":72.682703,"centroid_lat":23.009893},"geometry":{"type":"Polygon","coordinates":[[[72.687733,23.005515],[72.677983,23.005373],[72.677828,23.014399],[72.686527,23.014526],[72.687058,23.013041],[72.687625,23.011852],[72.687733,23.005515]]]}},{"type":"Feature","properties":{"grid_id":"AHM-0229","row":10,"col":25,"coverage":0.157,"area_km2":0.157,"centroid_lon":72.689288,"centroid_lat":23.007475},"geometry":{"type":"Polygon","coordinates":[[[72.687733,23.005515],[72.687625,23.011852],[72.687818,23.011447],[72.68874,23.009929],[72.689817,23.0085],[72.691037,23.007173],[72.69239,23.005962],[72.692893,23.005591],[72.687733,23.005515]]]}},{"type":"Feature","properties":{"grid_id":"AHM-0230","row":11,"col":2,"coverage":0.202,"area_km2":0.202,"centroid_lon":72.471152,"centroid_lat":23.01333},"geometry":{"type":"Polygon","coordinates":[[[72.473078,23.011261],[72.467849,23.011178],[72.467919,23.011378],[72.46817,23.012202],[72.468229,23.012347],[72.46836,23.0126],[72.46853,23.012773],[72.469094,23.013258],[72.469083,23.013268],[72.469986,23.014063],[72.471193,23.015346],[72.472264,23.016729],[72.472956,23.017828],[72.473078,23.011261]]]}},{"type":"Feature","properties":{"grid_id":"AHM-0231","row":11,"col":3,"coverage":0.981,"area_km2":0.981,"centroid_lon":72.477956,"centroid_lat":23.015782},"geometry":{"type":"Polygon","coordinates":[[[72.48266,23.020441],[72.482828,23.011417],[72.473078,23.011261],[72.472956,23.017828],[72.47319,23.0182],[72.473962,23.019744],[72.474177,23.020306],[72.48266,23.020441]]]}},{"type":"Feature","properties":{"grid_id":"AHM-0232","row":11,"col":4,"coverage":1.0,"area_km2":1.0,"centroid_lon":72.487619,"centroid_lat":23.016006},"geometry":{"type":"Polygon","coordinates":[[[72.48266,23.020441],[72.49241,23.020596],[72.492577,23.011571],[72.482828,23.011417],[72.48266,23.020441]]]}},{"type":"Feature","properties":{"grid_id":"AHM-0233","row":11,"col":5,"coverage":1.0,"area_km2":1.0,"centroid_lon":72.497368,"centroid_lat":23.016161},"geometry":{"type":"Polygon","coordinates":[[[72.49241,23.020596],[72.50216,23.02075],[72.502326,23.011726],[72.492577,23.011571],[72.49241,23.020596]]]}},{"type":"Feature","properties":{"grid_id":"AHM-0234","row":11,"col":6,"coverage":1.0,"area_km2":1.0,"centroid_lon":72.507118,"centroid_lat":23.016315},"geometry":{"type":"Polygon","coordinates":[[[72.50216,23.02075],[72.51191,23.020904],[72.512076,23.011879],[72.502326,23.011726],[72.50216,23.02075]]]}},{"type":"Feature","properties":{"grid_id":"AHM-0235","row":11,"col":7,"coverage":1.0,"area_km2":1.0,"centroid_lon":72.516868,"centroid_lat":23.016468},"geometry":{"type":"Polygon","coordinates":[[[72.51191,23.020904],[72.52166,23.021057],[72.521825,23.012032],[72.512076,23.011879],[72.51191,23.020904]]]}},{"type":"Feature","properties":{"grid_id":"AHM-0236","row":11,"col":8,"coverage":1.0,"area_km2":1.0,"centroid_lon":72.526618,"centroid_lat":23.016621},"geometry":{"type":"Polygon","coordinates":[[[72.52166,23.021057],[72.53141,23.02121],[72.531575,23.012185],[72.521825,23.012032],[72.52166,23.021057]]]}},{"type":"Feature","properties":{"grid_id":"AHM-0237","row":11,"col":9,"coverage":1.0,"area_km2":1.0,"centroid_lon":72.536368,"centroid_lat":23.016773},"geometry":{"type":"Polygon","coordinates":[[[72.53141,23.02121],[72.541161,23.021361],[72.541324,23.012336],[72.531575,23.012185],[72.53141,23.02121]]]}},{"type":"Feature","properties":{"grid_id":"AHM-0238","row":11,"col":10,"coverage":1.0,"area_km2":1.0,"centroid_lon":72.546118,"centroid_lat":23.016925},"geometry":{"type":"Polygon","coordinates":[[[72.541161,23.021361],[72.550911,23.021513],[72.551074,23.012488],[72.541324,23.012336],[72.541161,23.021361]]]}},{"type":"Feature","properties":{"grid_id":"AHM-0239","row":11,"col":11,"coverage":1.0,"area_km2":1.0,"centroid_lon":72.555868,"centroid_lat":23.017076},"geometry":{"type":"Polygon","coordinates":[[[72.550911,23.021513],[72.560662,23.021663],[72.560824,23.012638],[72.551074,23.012488],[72.550911,23.021513]]]}},{"type":"Feature","properties":{"grid_id":"AHM-0240","row":11,"col":12,"coverage":1.0,"area_km2":1.0,"centroid_lon":72.565618,"centroid_lat":23.017226},"geometry":{"type":"Polygon","coordinates":[[[72.560662,23.021663],[72.570412,23.021813],[72.570574,23.012788],[72.560824,23.012638],[72.560662,23.021663]]]}},{"type":"Feature","properties":{"grid_id":"AHM-0241","row":11,"col":13,"coverage":1.0,"area_km2":1.0,"centroid_lon":72.575368,"centroid_lat":23.017376},"geometry":{"type":"Polygon","coordinates":[[[72.570412,23.021813],[72.580163,23.021963],[72.580324,23.012938],[72.570574,23.012788],[72.570412,23.021813]]]}},{"type":"Feature","properties":{"grid_id":"AHM-0242","row":11,"col":14,"coverage":1.0,"area_km2":1.0,"centroid_lon":72.585119,"centroid_lat":23.017525},"geometry":{"type":"Polygon","coordinates":[[[72.580163,23.021963],[72.589914,23.022112],[72.590074,23.013086],[72.580324,23.012938],[72.580163,23.021963]]]}},{"type":"Feature","properties":{"grid_id":"AHM-0243","row":11,"col":15,"coverage":1.0,"area_km2":1.0,"centroid_lon":72.594869,"centroid_lat":23.017673},"geometry":{"type":"Polygon","coordinates":[[[72.589914,23.022112],[72.599664,23.02226],[72.599824,23.013235],[72.590074,23.013086],[72.589914,23.022112]]]}},{"type":"Feature","properties":{"grid_id":"AHM-0244","row":11,"col":16,"coverage":1.0,"area_km2":1.0,"centroid_lon":72.60462,"centroid_lat":23.017821},"geometry":{"type":"Polygon","coordinates":[[[72.599664,23.02226],[72.609415,23.022408],[72.609574,23.013382],[72.599824,23.013235],[72.599664,23.02226]]]}},{"type":"Feature","properties":{"grid_id":"AHM-0245","row":11,"col":17,"coverage":1.0,"area_km2":1.0,"centroid_lon":72.61437,"centroid_lat":23.017968},"geometry":{"type":"Polygon","coordinates":[[[72.609415,23.022408],[72.619166,23.022555],[72.619325,23.013529],[72.609574,23.013382],[72.609415,23.022408]]]}},{"type":"Feature","properties":{"grid_id":"AHM-0246","row":11,"col":18,"coverage":1.0,"area_km2":1.0,"centroid_lon":72.624121,"centroid_lat":23.018115},"geometry":{"type":"Polygon","coordinates":[[[72.619166,23.022555],[72.628917,23.022701],[72.629075,23.013676],[72.619325,23.013529],[72.619166,23.022555]]]}},{"type":"Feature","properties":{"grid_id":"AHM-0247","row":11,"col":19,"coverage":1.0,"area_km2":1.0,"centroid_lon":72.633872,"centroid_lat":23.018261},"geometry":{"type":"Polygon","coordinates":[[[72.628917,23.022701],[72.638668,23.022847],[72.638826,23.013821],[72.629075,23.013676],[72.628917,23.022701]]]}},{"type":"Feature","properties":{"grid_id":"AHM-0248","row":11,"col":20,"coverage":1.0,"area_km2":1.0,"centroid_lon":72.643622,"centroid_lat":23.018407},"geometry":{"type":"Polygon","coordinates":[[[72.638668,23.022847],[72.64842,23.022992],[72.648576,23.013967],[72.638826,23.013821],[72.638668,23.022847]]]}},{"type":"Feature","properties":{"grid_id":"AHM-0249","row":11,"col":21,"coverage":1.0,"area_km2":1.0,"centroid_lon":72.653373,"centroid_lat":23.018552},"geometry":{"type":"Polygon","coordinates":[[[72.64842,23.022992],[72.658171,23.023137],[72.658327,23.014111],[72.648576,23.013967],[72.64842,23.022992]]]}},{"type":"Feature","properties":{"grid_id":"AHM-0250","row":11,"col":22,"coverage":1.0,"area_km2":1.0,"centroid_lon":72.663124,"centroid_lat":23.018696},"geometry":{"type":"Polygon","coordinates":[[[72.658171,23.023137],[72.667922,23.023281],[72.668078,23.014255],[72.658327,23.014111],[72.658171,23.023137]]]}},{"type":"Feature","properties":{"grid_id":"AHM-0251","row":11,"col":23,"coverage":1.0,"area_km2":1.0,"centroid_lon":72.672875,"centroid_lat":23.01884},"geometry":{"type":"Polygon","coordinates":[[[72.667922,23.023281],[72.677674,23.023424],[72.677828,23.014399],[72.668078,23.014255],[72.667922,23.023281]]]}},{"type":"Feature","properties":{"grid_id":"AHM-0252","row":11,"col":24,"coverage":0.842,"area_km2":0.842,"centroid_lon":72.681859,"centroid_lat":23.018952},"geometry":{"type":"Polygon","coordinates":[[[72.677828,23.014399],[72.677674,23.023424],[72.686071,23.023548],[72.686018,23.023124],[72.685922,23.022095],[72.685898,23.021715],[72.685884,23.021603],[72.685758,23.019864],[72.685814,23.018123],[72.686051,23.016395],[72.686467,23.014695],[72.686527,23.014526],[72.677828,23.014399]]]}},{"type":"Feature","properties":{"grid_id":"AHM-0253","row":12,"col":3,"coverage":0.764,"area_km2":0.764,"centroid_lon":72.478842,"centroid_lat":23.024763},"geometry":{"type":"Polygon","coordinates":[[[72.482492,23.029466],[72.48266,23.020441],[72.474177,23.020306],[72.474574,23.021349],[72.47502,23.023],[72.475295,23.024682],[72.475399,23.026381],[72.475406,23.027146],[72.475457,23.027948],[72.475399,23.029353],[72.482492,23.029466]]]}},{"type":"Feature","properties":{"grid_id":"AHM-0254","row":12,"col":4,"coverage":1.0,"area_km2":1.0,"centroid_lon":72.487451,"centroid_lat":23.025031},"geometry":{"type":"Polygon","coordinates":[[[72.482492,23.029466],[72.492243,23.029621],[72.49241,23.020596],[72.48266,23.020441],[72.482492,23.029466]]]}},{"type":"Feature","properties":{"grid_id":"AHM-0255","row":12,"col":5,"coverage":1.0,"area_km2":1.0,"centroid_lon":72.497202,"centroid_lat":23.025186},"geometry":{"type":"Polygon","coordinates":[[[72.492243,23.029621],[72.501994,23.029775],[72.50216,23.02075],[72.49241,23.020596],[72.492243,23.029621]]]}},{"type":"Feature","properties":{"grid_id":"AHM-0256","row":12,"col":6,"coverage":1.0,"area_km2":1.0,"centroid_lon":72.506952,"centroid_lat":23.02534},"geometry":{"type":"Polygon","coordinates":[[[72.501994,23.029775],[72.511744,23.029929],[72.51191,23.020904],[72.50216,23.02075],[72.501994,23.029775]]]}},{"type":"Feature","properties":{"grid_id":"AHM-0257","row":12,"col":7,"coverage":1.0,"area_km2":1.0,"centroid_lon":72.516702,"centroid_lat":23.025493},"geometry":{"type":"Polygon","coordinates":[[[72.511744,23.029929],[72.521495,23.030082],[72.52166,23.021057],[72.51191,23.020904],[72.511744,23.029929]]]}},{"type":"Feature","properties":{"grid_id":"AHM-0258","row":12,"col":8,"coverage":1.0,"area_km2":1.0,"centroid_lon":72.526453,"centroid_lat":23.025646},"geometry":{"type":"Polygon","coordinates":[[[72.521495,23.030082],[72.531246,23.030235],[72.53141,23.02121],[72.52166,23.021057],[72.521495,23.030082]]]}},{"type":"Feature","properties":{"grid_id":"AHM-0259","row":12,"col":9,"coverage":1.0,"area_km2":1.0,"centroid_lon":72.536203,"centroid_lat":23.025798},"geometry":{"type":"Polygon","coordinates":[[[72.531246,23.030235],[72.540997,23.030386],[72.541161,23.021361],[72.53141,23.02121],[72.531246,23.030235]]]}},{"type":"Feature","properties":{"grid_id":"AHM-0260","row":12,"col":10,"coverage":1.0,"area_km2":1.0,"centroid_lon":72.545954,"centroid_lat":23.02595},"geometry":{"type":"Polygon","coordinates":[[[72.540997,23.030386],[72.550748,23.030538],[72.550911,23.021513],[72.541161,23.021361],[72.540997,23.030386]]]}},{"type":"Feature","properties":{"grid_id":"AHM-0261","row":12,"col":11,"coverage":1.0,"area_km2":1.0,"centroid_lon":72.555705,"centroid_lat":23.026101},"geometry":{"type":"Polygon","coordinates":[[[72.550748,23.030538],[72.560499,23.030689],[72.560662,23.021663],[72.550911,23.021513],[72.550748,23.030538]]]}},{"type":"Feature","properties":{"grid_id":"AHM-0262","row":12,"col":12,"coverage":1.0,"area_km2":1.0,"centroid_lon":72.565456,"centroid_lat":23.026251},"geometry":{"type":"Polygon","coordinates":[[[72.560499,23.030689],[72.57025,23.030839],[72.570412,23.021813],[72.560662,23.021663],[72.560499,23.030689]]]}},{"type":"Feature","properties":{"grid_id":"AHM-0263","row":12,"col":13,"coverage":1.0,"area_km2":1.0,"centroid_lon":72.575207,"centroid_lat":23.026401},"geometry":{"type":"Polygon","coordinates":[[[72.57025,23.030839],[72.580002,23.030988],[72.580163,23.021963],[72.570412,23.021813],[72.57025,23.030839]]]}},{"type":"Feature","properties":{"grid_id":"AHM-0264","row":12,"col":14,"coverage":1.0,"area_km2":1.0,"centroid_lon":72.584958,"centroid_lat":23.02655},"geometry":{"type":"Polygon","coordinates":[[[72.580002,23.030988],[72.589753,23.031137],[72.589914,23.022112],[72.580163,23.021963],[72.580002,23.030988]]]}},{"type":"Feature","properties":{"grid_id":"AHM-0265","row":12,"col":15,"coverage":1.0,"area_km2":1.0,"centroid_lon":72.594709,"centroid_lat":23.026699},"geometry":{"type":"Polygon","coordinates":[[[72.589753,23.031137],[72.599504,23.031285],[72.599664,23.02226],[72.589914,23.022112],[72.589753,23.031137]]]}},{"type":"Feature","properties":{"grid_id":"AHM-0266","row":12,"col":16,"coverage":1.0,"area_km2":1.0,"centroid_lon":72.60446,"centroid_lat":23.026847},"geometry":{"type":"Polygon","coordinates":[[[72.599504,23.031285],[72.609256,23.031433],[72.609415,23.022408],[72.599664,23.02226],[72.599504,23.031285]]]}},{"type":"Feature","properties":{"grid_id":"AHM-0267","row":12,"col":17,"coverage":1.0,"area_km2":1.0,"centroid_lon":72.614211,"centroid_lat":23.026994},"geometry":{"type":"Polygon","coordinates":[[[72.609256,23.031433],[72.619008,23.03158],[72.619166,23.022555],[72.609415,23.022408],[72.609256,23.031433]]]}},{"type":"Feature","properties":{"grid_id":"AHM-0268","row":12,"col":18,"coverage":1.0,"area_km2":1.0,"centroid_lon":72.623963,"centroid_lat":23.027141},"geometry":{"type":"Polygon","coordinates":[[[72.619008,23.03158],[72.628759,23.031727],[72.628917,23.022701],[72.619166,23.022555],[72.619008,23.03158]]]}},{"type":"Feature","properties":{"grid_id":"AHM-0269","row":12,"col":19,"coverage":1.0,"area_km2":1.0,"centroid_lon":72.633714,"centroid_lat":23.027287},"geometry":{"type":"Polygon","coordinates":[[[72.628759,23.031727],[72.638511,23.031873],[72.638668,23.022847],[72.628917,23.022701],[72.628759,23.031727]]]}},{"type":"Feature","properties":{"grid_id":"AHM-0270","row":12,"col":20,"coverage":1.0,"area_km2":1.0,"centroid_lon":72.643466,"centroid_lat":23.027433},"geometry":{"type":"Polygon","coordinates":[[[72.638511,23.031873],[72.648263,23.032018],[72.64842,23.022992],[72.638668,23.022847],[72.638511,23.031873]]]}},{"type":"Feature","properties":{"grid_id":"AHM-0271","row":12,"col":21,"coverage":1.0,"area_km2":1.0,"centroid_lon":72.653217,"centroid_lat":23.027578},"geometry":{"type":"Polygon","coordinates":[[[72.648263,23.032018],[72.658015,23.032163],[72.658171,23.023137],[72.64842,23.022992],[72.648263,23.032018]]]}},{"type":"Feature","properties":{"grid_id":"AHM-0272","row":12,"col":22,"coverage":1.0,"area_km2":1.0,"centroid_lon":72.662969,"centroid_lat":23.027722},"geometry":{"type":"Polygon","coordinates":[[[72.658015,23.032163],[72.667767,23.032307],[72.667922,23.023281],[72.658171,23.023137],[72.658015,23.032163]]]}},{"type":"Feature","properties":{"grid_id":"AHM-0273","row":12,"col":23,"coverage":1.0,"area_km2":1.0,"centroid_lon":72.67272,"centroid_lat":23.027866},"geometry":{"type":"Polygon","coordinates":[[[72.667767,23.032307],[72.677519,23.03245],[72.677674,23.023424],[72.667922,23.023281],[72.667767,23.032307]]]}},{"type":"Feature","properties":{"grid_id":"AHM-0274","row":12,"col":24,"coverage":0.916,"area_km2":0.916,"centroid_lon":72.682068,"centroid_lat":23.028087},"geometry":{"type":"Polygon","coordinates":[[[72.677674,23.023424],[72.677519,23.03245],[72.686672,23.032585],[72.686703,23.032116],[72.686785,23.031219],[72.686825,23.030881],[72.686878,23.029975],[72.686867,23.02973],[72.68682,23.029372],[72.686678,23.02856],[72.686599,23.028164],[72.686596,23.028151],[72.68622,23.025529],[72.686151,23.024444],[72.686174,23.024443],[72.686144,23.024135],[72.686071,23.023548],[72.677674,23.023424]]]}},{"type":"Feature","properties":{"grid_id":"AHM-0275","row":13,"col":3,"coverage":0.839,"area_km2":0.839,"centroid_lon":72.478262,"centroid_lat":23.034189},"geometry":{"type":"Polygon","coordinates":[[[72.472573,23.038335],[72.482325,23.038491],[72.482492,23.029466],[72.475399,23.029353],[72.475384,23.02971],[72.475125,23.031457],[72.474683,23.033173],[72.474062,23.03484],[72.473268,23.036443],[72.472589,23.037523],[72.472573,23.038335]]]}},{"type":"Feature","properties":{"grid_id":"AHM-0276","row":13,"col":4,"coverage":1.0,"area_km2":1.0,"centroid_lon":72.487284,"centroid_lat":23.034056},"geometry":{"type":"Polygon","coordinates":[[[72.482325,23.038491],[72.492076,23.038646],[72.492243,23.029621],[72.482492,23.029466],[72.482325,23.038491]]]}},{"type":"Feature","properties":{"grid_id":"AHM-0277","row":13,"col":5,"coverage":1.0,"area_km2":1.0,"centroid_lon":72.497035,"centroid_lat":23.03421},"geometry":{"type":"Polygon","coordinates":[[[72.492076,23.038646],[72.501827,23.0388],[72.501994,23.029775],[72.492243,23.029621],[72.492076,23.038646]]]}},{"type":"Feature","properties":{"grid_id":"AHM-0278","row":13,"col":6,"coverage":1.0,"area_km2":1.0,"centroid_lon":72.506786,"centroid_lat":23.034365},"geometry":{"type":"Polygon","coordinates":[[[72.501827,23.0388],[72.511578,23.038954],[72.511744,23.029929],[72.501994,23.029775],[72.501827,23.0388]]]}},{"type":"Feature","properties":{"grid_id":"AHM-0279","row":13,"col":7,"coverage":1.0,"area_km2":1.0,"centroid_lon":72.516537,"centroid_lat":23.034518},"geometry":{"type":"Polygon","coordinates":[[[72.511578,23.038954],[72.52133,23.039107],[72.521495,23.030082],[72.511744,23.029929],[72.511578,23.038954]]]}},{"type":"Feature","properties":{"grid_id":"AHM-0280","row":13,"col":8,"coverage":1.0,"area_km2":1.0,"centroid_lon":72.526288,"centroid_lat":23.034671},"geometry":{"type":"Polygon","coordinates":[[[72.52133,23.039107],[72.531081,23.03926],[72.531246,23.030235],[72.521495,23.030082],[72.52133,23.039107]]]}},{"type":"Feature","properties":{"grid_id":"AHM-0281","row":13,"col":9,"coverage":1.0,"area_km2":1.0,"centroid_lon":72.536039,"centroid_lat":23.034823},"geometry":{"type":"Polygon","coordinates":[[[72.531081,23.03926],[72.540833,23.039412],[72.540997,23.030386],[72.531246,23.030235],[72.531081,23.03926]]]}},{"type":"Feature","properties":{"grid_id":"AHM-0282","row":13,"col":10,"coverage":1.0,"area_km2":1.0,"centroid_lon":72.545791,"centroid_lat":23.034975},"geometry":{"type":"Polygon","coordinates":[[[72.540833,23.039412],[72.550585,23.039563],[72.550748,23.030538],[72.540997,23.030386],[72.540833,23.039412]]]}},{"type":"Feature","properties":{"grid_id":"AHM-0283","row":13,"col":11,"coverage":1.0,"area_km2":1.0,"centroid_lon":72.555542,"centroid_lat":23.035126},"geometry":{"type":"Polygon","coordinates":[[[72.550585,23.039563],[72.560337,23.039714],[72.560499,23.030689],[72.550748,23.030538],[72.550585,23.039563]]]}},{"type":"Feature","properties":{"grid_id":"AHM-0284","row":13,"col":12,"coverage":1.0,"area_km2":1.0,"centroid_lon":72.565294,"centroid_lat":23.035276},"geometry":{"type":"Polygon","coordinates":[[[72.560337,23.039714],[72.570088,23.039864],[72.57025,23.030839],[72.560499,23.030689],[72.560337,23.039714]]]}},{"type":"Feature","properties":{"grid_id":"AHM-0285","row":13,"col":13,"coverage":1.0,"area_km2":1.0,"centroid_lon":72.575045,"centroid_lat":23.035426},"geometry":{"type":"Polygon","coordinates":[[[72.570088,23.039864],[72.57984,23.040013],[72.580002,23.030988],[72.57025,23.030839],[72.570088,23.039864]]]}},{"type":"Feature","properties":{"grid_id":"AHM-0286","row":13,"col":14,"coverage":1.0,"area_km2":1.0,"centroid_lon":72.584797,"centroid_lat":23.035575},"geometry":{"type":"Polygon","coordinates":[[[72.57984,23.040013],[72.589592,23.040162],[72.589753,23.031137],[72.580002,23.030988],[72.57984,23.040013]]]}},{"type":"Feature","properties":{"grid_id":"AHM-0287","row":13,"col":15,"coverage":1.0,"area_km2":1.0,"centroid_lon":72.594549,"centroid_lat":23.035724},"geometry":{"type":"Polygon","coordinates":[[[72.589592,23.040162],[72.599344,23.040311],[72.599504,23.031285],[72.589753,23.031137],[72.589592,23.040162]]]}},{"type":"Feature","properties":{"grid_id":"AHM-0288","row":13,"col":16,"coverage":1.0,"area_km2":1.0,"centroid_lon":72.6043,"centroid_lat":23.035872},"geometry":{"type":"Polygon","coordinates":[[[72.599344,23.040311],[72.609097,23.040459],[72.609256,23.031433],[72.599504,23.031285],[72.599344,23.040311]]]}},{"type":"Feature","properties":{"grid_id":"AHM-0289","row":13,"col":17,"coverage":1.0,"area_km2":1.0,"centroid_lon":72.614052,"centroid_lat":23.03602},"geometry":{"type":"Polygon","coordinates":[[[72.609097,23.040459],[72.618849,23.040606],[72.619008,23.03158],[72.609256,23.031433],[72.609097,23.040459]]]}},{"type":"Feature","properties":{"grid_id":"AHM-0290","row":13,"col":18,"coverage":1.0,"area_km2":1.0,"centroid_lon":72.623804,"centroid_lat":23.036166},"geometry":{"type":"Polygon","coordinates":[[[72.618849,23.040606],[72.628601,23.040752],[72.628759,23.031727],[72.619008,23.03158],[72.618849,23.040606]]]}},{"type":"Feature","properties":{"grid_id":"AHM-0291","row":13,"col":19,"coverage":1.0,"area_km2":1.0,"centroid_lon":72.633556,"centroid_lat":23.036313},"geometry":{"type":"Polygon","coordinates":[[[72.628601,23.040752],[72.638354,23.040898],[72.638511,23.031873],[72.628759,23.031727],[72.628601,23.040752]]]}},{"type":"Feature","properties":{"grid_id":"AHM-0292","row":13,"col":20,"coverage":1.0,"area_km2":1.0,"centroid_lon":72.643308,"centroid_lat":23.036458},"geometry":{"type":"Polygon","coordinates":[[[72.638354,23.040898],[72.648106,23.041044],[72.648263,23.032018],[72.638511,23.031873],[72.638354,23.040898]]]}},{"type":"Feature","properties":{"grid_id":"AHM-0293","row":13,"col":21,"coverage":1.0,"area_km2":1.0,"centroid_lon":72.653061,"centroid_lat":23.036603},"geometry":{"type":"Polygon","coordinates":[[[72.648106,23.041044],[72.657859,23.041189],[72.658015,23.032163],[72.648263,23.032018],[72.648106,23.041044]]]}},{"type":"Feature","properties":{"grid_id":"AHM-0294","row":13,"col":22,"coverage":1.0,"area_km2":1.0,"centroid_lon":72.662813,"centroid_lat":23.036748},"geometry":{"type":"Polygon","coordinates":[[[72.657859,23.041189],[72.667611,23.041333],[72.667767,23.032307],[72.658015,23.032163],[72.657859,23.041189]]]}},{"type":"Feature","properties":{"grid_id":"AHM-0295","row":13,"col":23,"coverage":1.0,"area_km2":1.0,"centroid_lon":72.672565,"centroid_lat":23.036892},"geometry":{"type":"Polygon","coordinates":[[[72.667611,23.041333],[72.677364,23.041476],[72.677519,23.03245],[72.667767,23.032307],[72.667611,23.041333]]]}},{"type":"Feature","properties":{"grid_id":"AHM-0296","row":13,"col":24,"coverage":0.697,"area_km2":0.697,"centroid_lon":72.680985,"centroid_lat":23.036497},"geometry":{"type":"Polygon","coordinates":[[[72.677519,23.03245],[72.677364,23.041476],[72.682301,23.041549],[72.682519,23.040587],[72.683129,23.038822],[72.68393,23.037125],[72.684916,23.035513],[72.686074,23.034003],[72.686598,23.03339],[72.686633,23.033193],[72.686672,23.032585],[72.677519,23.03245]]]}},{"type":"Feature","properties":{"grid_id":"AHM-0297","row":14,"col":1,"coverage":0.136,"area_km2":0.136,"centroid_lon":72.458506,"centroid_lat":23.046474},"geometry":{"type":"Polygon","coordinates":[[[72.452902,23.047046],[72.462653,23.047203],[72.462694,23.045048],[72.461911,23.04532],[72.46007,23.045776],[72.45819,23.046063],[72.456289,23.046179],[72.454384,23.046123],[72.453735,23.046075],[72.45292,23.046089],[72.452902,23.047046]]]}},{"type":"Feature","properties":{"grid_id":"AHM-0298","row":14,"col":2,"coverage":0.564,"area_km2":0.564,"centroid_lon":72.468744,"centroid_lat":23.044315},"geometry":{"type":"Polygon","coordinates":[[[72.462653,23.047203],[72.472405,23.04736],[72.472573,23.038335],[72.472029,23.038326],[72.471194,23.039397],[72.469933,23.04072],[72.468539,23.041922],[72.467025,23.042993],[72.465405,23.043922],[72.463695,23.0447],[72.462694,23.045048],[72.462653,23.047203]]]}},{"type":"Feature","properties":{"grid_id":"AHM-0299","row":14,"col":3,"coverage":1.0,"area_km2":1.0,"centroid_lon":72.477365,"centroid_lat":23.042925},"geometry":{"type":"Polygon","coordinates":[[[72.472405,23.04736],[72.482157,23.047515],[72.482325,23.038491],[72.472573,23.038335],[72.472405,23.04736]]]}},{"type":"Feature","properties":{"grid_id":"AHM-0300","row":14,"col":4,"coverage":1.0,"area_km2":1.0,"centroid_lon":72.487116,"centroid_lat":23.04308},"geometry":{"type":"Polygon","coordinates":[[[72.482157,23.047515],[72.491909,23.04767],[72.492076,23.038646],[72.482325,23.038491],[72.482157,23.047515]]]}},{"type":"Feature","properties":{"grid_id":"AHM-0301","row":14,"col":5,"coverage":1.0,"area_km2":1.0,"centroid_lon":72.496868,"centroid_lat":23.043235},"geometry":{"type":"Polygon","coordinates":[[[72.491909,23.04767],[72.501661,23.047825],[72.501827,23.0388],[72.492076,23.038646],[72.491909,23.04767]]]}},{"type":"Feature","properties":{"grid_id":"AHM-0302","row":14,"col":6,"coverage":1.0,"area_km2":1.0,"centroid_lon":72.50662,"centroid_lat":23.043389},"geometry":{"type":"Polygon","coordinates":[[[72.501661,23.047825],[72.511413,23.047979],[72.511578,23.038954],[72.501827,23.0388],[72.501661,23.047825]]]}},{"type":"Feature","properties":{"grid_id":"AHM-0303","row":14,"col":7,"coverage":1.0,"area_km2":1.0,"centroid_lon":72.516371,"centroid_lat":23.043543},"geometry":{"type":"Polygon","coordinates":[[[72.511413,23.047979],[72.521165,23.048132],[72.52133,23.039107],[72.511578,23.038954],[72.511413,23.047979]]]}},{"type":"Feature","properties":{"grid_id":"AHM-0304","row":14,"col":8,"coverage":1.0,"area_km2":1.0,"centroid_lon":72.526123,"centroid_lat":23.043696},"geometry":{"type":"Polygon","coordinates":[[[72.521165,23.048132],[72.530917,23.048285],[72.531081,23.03926],[72.52133,23.039107],[72.521165,23.048132]]]}},{"type":"Feature","properties":{"grid_id":"AHM-0305","row":14,"col":9,"coverage":1.0,"area_km2":1.0,"centroid_lon":72.535875,"centroid_lat":23.043848},"geometry":{"type":"Polygon","coordinates":[[[72.530917,23.048285],[72.540669,23.048437],[72.540833,23.039412],[72.531081,23.03926],[72.530917,23.048285]]]}},{"type":"Feature","properties":{"grid_id":"AHM-0306","row":14,"col":10,"coverage":1.0,"area_km2":1.0,"centroid_lon":72.545627,"centroid_lat":23.044},"geometry":{"type":"Polygon","coordinates":[[[72.540669,23.048437],[72.550421,23.048588],[72.550585,23.039563],[72.540833,23.039412],[72.540669,23.048437]]]}},{"type":"Feature","properties":{"grid_id":"AHM-0307","row":14,"col":11,"coverage":1.0,"area_km2":1.0,"centroid_lon":72.555379,"centroid_lat":23.044151},"geometry":{"type":"Polygon","coordinates":[[[72.550421,23.048588],[72.560174,23.048739],[72.560337,23.039714],[72.550585,23.039563],[72.550421,23.048588]]]}},{"type":"Feature","properties":{"grid_id":"AHM-0308","row":14,"col":12,"coverage":1.0,"area_km2":1.0,"centroid_lon":72.565131,"centroid_lat":23.044301},"geometry":{"type":"Polygon","coordinates":[[[72.560174,23.048739],[72.569926,23.048889],[72.570088,23.039864],[72.560337,23.039714],[72.560174,23.048739]]]}},{"type":"Feature","properties":{"grid_id":"AHM-0309","row":14,"col":13,"coverage":1.0,"area_km2":1.0,"centroid_lon":72.574884,"centroid_lat":23.044451},"geometry":{"type":"Polygon","coordinates":[[[72.569926,23.048889],[72.579679,23.049039],[72.57984,23.040013],[72.570088,23.039864],[72.569926,23.048889]]]}},{"type":"Feature","properties":{"grid_id":"AHM-0310","row":14,"col":14,"coverage":1.0,"area_km2":1.0,"centroid_lon":72.584636,"centroid_lat":23.044601},"geometry":{"type":"Polygon","coordinates":[[[72.579679,23.049039],[72.589432,23.049188],[72.589592,23.040162],[72.57984,23.040013],[72.579679,23.049039]]]}},{"type":"Feature","properties":{"grid_id":"AHM-0311","row":14,"col":15,"coverage":1.0,"area_km2":1.0,"centroid_lon":72.594388,"centroid_lat":23.044749},"geometry":{"type":"Polygon","coordinates":[[[72.589432,23.049188],[72.599184,23.049336],[72.599344,23.040311],[72.589592,23.040162],[72.589432,23.049188]]]}},{"type":"Feature","properties":{"grid_id":"AHM-0312","row":14,"col":16,"coverage":1.0,"area_km2":1.0,"centroid_lon":72.604141,"centroid_lat":23.044898},"geometry":{"type":"Polygon","coordinates":[[[72.599184,23.049336],[72.608937,23.049484],[72.609097,23.040459],[72.599344,23.040311],[72.599184,23.049336]]]}},{"type":"Feature","properties":{"grid_id":"AHM-0313","row":14,"col":17,"coverage":1.0,"area_km2":1.0,"centroid_lon":72.613893,"centroid_lat":23.045045},"geometry":{"type":"Polygon","coordinates":[[[72.608937,23.049484],[72.61869,23.049631],[72.618849,23.040606],[72.609097,23.040459],[72.608937,23.049484]]]}},{"type":"Feature","properties":{"grid_id":"AHM-0314","row":14,"col":18,"coverage":1.0,"area_km2":1.0,"centroid_lon":72.623646,"centroid_lat":23.045192},"geometry":{"type":"Polygon","coordinates":[[[72.61869,23.049631],[72.628443,23.049778],[72.628601,23.040752],[72.618849,23.040606],[72.61869,23.049631]]]}},{"type":"Feature","properties":{"grid_id":"AHM-0315","row":14,"col":19,"coverage":1.0,"area_km2":1.0,"centroid_lon":72.633399,"centroid_lat":23.045338},"geometry":{"type":"Polygon","coordinates":[[[72.628443,23.049778],[72.638196,23.049924],[72.638354,23.040898],[72.628601,23.040752],[72.628443,23.049778]]]}},{"type":"Feature","properties":{"grid_id":"AHM-0316","row":14,"col":20,"coverage":1.0,"area_km2":1.0,"centroid_lon":72.643151,"centroid_lat":23.045484},"geometry":{"type":"Polygon","coordinates":[[[72.638196,23.049924],[72.647949,23.05007],[72.648106,23.041044],[72.638354,23.040898],[72.638196,23.049924]]]}},{"type":"Feature","properties":{"grid_id":"AHM-0317","row":14,"col":21,"coverage":1.0,"area_km2":1.0,"centroid_lon":72.652904,"centroid_lat":23.045629},"geometry":{"type":"Polygon","coordinates":[[[72.647949,23.05007],[72.657703,23.050214],[72.657859,23.041189],[72.648106,23.041044],[72.647949,23.05007]]]}},{"type":"Feature","properties":{"grid_id":"AHM-0318","row":14,"col":22,"coverage":1.0,"area_km2":1.0,"centroid_lon":72.662657,"centroid_lat":23.045774},"geometry":{"type":"Polygon","coordinates":[[[72.657703,23.050214],[72.667456,23.050359],[72.667611,23.041333],[72.657859,23.041189],[72.657703,23.050214]]]}},{"type":"Feature","properties":{"grid_id":"AHM-0319","row":14,"col":23,"coverage":1.0,"area_km2":1.0,"centroid_lon":72.67241,"centroid_lat":23.045918},"geometry":{"type":"Polygon","coordinates":[[[72.667456,23.050359],[72.677209,23.050502],[72.677364,23.041476],[72.667611,23.041333],[72.667456,23.050359]]]}},{"type":"Feature","properties":{"grid_id":"AHM-0320","row":14,"col":24,"coverage":0.472,"area_km2":0.472,"centroid_lon":72.67959,"centroid_lat":23.045973},"geometry":{"type":"Polygon","coordinates":[[[72.677364,23.041476],[72.677209,23.050502],[72.681811,23.05057],[72.681715,23.049561],[72.681743,23.047728],[72.681885,23.046588],[72.681906,23.046269],[72.681896,23.046094],[72.681899,23.044241],[72.682108,23.042399],[72.682301,23.041549],[72.677364,23.041476]]]}},{"type":"Feature","properties":{"grid_id":"AHM-0321","row":15,"col":0,"coverage":0.54,"area_km2":0.54,"centroid_lon":72.45018,"centroid_lat":23.051444},"geometry":{"type":"Polygon","coordinates":[[[72.452732,23.056071],[72.452902,23.047046],[72.448446,23.046975],[72.447944,23.04714],[72.447875,23.047198],[72.447625,23.047405],[72.447444,23.047553],[72.447427,23.047659],[72.447426,23.047674],[72.447443,23.048369],[72.447433,23.048369],[72.447487,23.049408],[72.447341,23.051462],[72.447266,23.05202],[72.447272,23.052086],[72.447395,23.052778],[72.447509,23.053248],[72.447567,23.053486],[72.447664,23.053912],[72.44767,23.053941],[72.44775,23.054362],[72.447854,23.05487],[72.448022,23.055818],[72.448047,23.055995],[72.452732,23.056071]]]}},{"type":"Feature","properties":{"grid_id":"AHM-0322","row":15,"col":1,"coverage":1.0,"area_km2":1.0,"centroid_lon":72.457693,"centroid_lat":23.051637},"geometry":{"type":"Polygon","coordinates":[[[72.452732,23.056071],[72.462484,23.056228],[72.462653,23.047203],[72.452902,23.047046],[72.452732,23.056071]]]}},{"type":"Feature","properties":{"grid_id":"AHM-0323","row":15,"col":2,"coverage":1.0,"area_km2":1.0,"centroid_lon":72.467445,"centroid_lat":23.051794},"geometry":{"type":"Polygon","coordinates":[[[72.462484,23.056228],[72.472236,23.056384],[72.472405,23.04736],[72.462653,23.047203],[72.462484,23.056228]]]}},{"type":"Feature","properties":{"grid_id":"AHM-0324","row":15,"col":3,"coverage":1.0,"area_km2":1.0,"centroid_lon":72.477197,"centroid_lat":23.05195},"geometry":{"type":"Polygon","coordinates":[[[72.472236,23.056384],[72.481989,23.05654],[72.482157,23.047515],[72.472405,23.04736],[72.472236,23.056384]]]}},{"type":"Feature","properties":{"grid_id":"AHM-0325","row":15,"col":4,"coverage":1.0,"area_km2":1.0,"centroid_lon":72.486949,"centroid_lat":23.052105},"geometry":{"type":"Polygon","coordinates":[[[72.481989,23.05654],[72.491741,23.056695],[72.491909,23.04767],[72.482157,23.047515],[72.481989,23.05654]]]}},{"type":"Feature","properties":{"grid_id":"AHM-0326","row":15,"col":5,"coverage":1.0,"area_km2":1.0,"centroid_lon":72.496701,"centroid_lat":23.05226},"geometry":{"type":"Polygon","coordinates":[[[72.491741,23.056695],[72.501494,23.056849],[72.501661,23.047825],[72.491909,23.04767],[72.491741,23.056695]]]}},{"type":"Feature","properties":{"grid_id":"AHM-0327","row":15,"col":6,"coverage":1.0,"area_km2":1.0,"centroid_lon":72.506453,"centroid_lat":23.052414},"geometry":{"type":"Polygon","coordinates":[[[72.501494,23.056849],[72.511247,23.057003],[72.511413,23.047979],[72.501661,23.047825],[72.501494,23.056849]]]}},{"type":"Feature","properties":{"grid_id":"AHM-0328","row":15,"col":7,"coverage":1.0,"area_km2":1.0,"centroid_lon":72.516206,"centroid_lat":23.052568},"geometry":{"type":"Polygon","coordinates":[[[72.511247,23.057003],[72.520999,23.057157],[72.521165,23.048132],[72.511413,23.047979],[72.511247,23.057003]]]}},{"type":"Feature","properties":{"grid_id":"AHM-0329","row":15,"col":8,"coverage":1.0,"area_km2":1.0,"centroid_lon":72.525958,"centroid_lat":23.052721},"geometry":{"type":"Polygon","coordinates":[[[72.520999,23.057157],[72.530752,23.057309],[72.530917,23.048285],[72.521165,23.048132],[72.520999,23.057157]]]}},{"type":"Feature","properties":{"grid_id":"AHM-0330","row":15,"col":9,"coverage":1.0,"area_km2":1.0,"centroid_lon":72.535711,"centroid_lat":23.052873},"geometry":{"type":"Polygon","coordinates":[[[72.530752,23.057309],[72.540505,23.057462],[72.540669,23.048437],[72.530917,23.048285],[72.530752,23.057309]]]}},{"type":"Feature","properties":{"grid_id":"AHM-0331","row":15,"col":10,"coverage":1.0,"area_km2":1.0,"centroid_lon":72.545463,"centroid_lat":23.053025},"geometry":{"type":"Polygon","coordinates":[[[72.540505,23.057462],[72.550258,23.057613],[72.550421,23.048588],[72.540669,23.048437],[72.540505,23.057462]]]}},{"type":"Feature","properties":{"grid_id":"AHM-0332","row":15,"col":11,"coverage":1.0,"area_km2":1.0,"centroid_lon":72.555216,"centroid_lat":23.053176},"geometry":{"type":"Polygon","coordinates":[[[72.550258,23.057613],[72.560011,23.057764],[72.560174,23.048739],[72.550421,23.048588],[72.550258,23.057613]]]}},{"type":"Feature","properties":{"grid_id":"AHM-0333","row":15,"col":12,"coverage":1.0,"area_km2":1.0,"centroid_lon":72.564969,"centroid_lat":23.053327},"geometry":{"type":"Polygon","coordinates":[[[72.560011,23.057764],[72.569764,23.057914],[72.569926,23.048889],[72.560174,23.048739],[72.560011,23.057764]]]}},{"type":"Feature","properties":{"grid_id":"AHM-0334","row":15,"col":13,"coverage":1.0,"area_km2":1.0,"centroid_lon":72.574722,"centroid_lat":23.053477},"geometry":{"type":"Polygon","coordinates":[[[72.569764,23.057914],[72.579518,23.058064],[72.579679,23.049039],[72.569926,23.048889],[72.569764,23.057914]]]}},{"type":"Feature","properties":{"grid_id":"AHM-0335","row":15,"col":14,"coverage":1.0,"area_km2":1.0,"centroid_lon":72.584475,"centroid_lat":23.053626},"geometry":{"type":"Polygon","coordinates":[[[72.579518,23.058064],[72.589271,23.058213],[72.589432,23.049188],[72.579679,23.049039],[72.579518,23.058064]]]}},{"type":"Feature","properties":{"grid_id":"AHM-0336","row":15,"col":15,"coverage":1.0,"area_km2":1.0,"centroid_lon":72.594228,"centroid_lat":23.053775},"geometry":{"type":"Polygon","coordinates":[[[72.589271,23.058213],[72.599024,23.058362],[72.599184,23.049336],[72.589432,23.049188],[72.589271,23.058213]]]}},{"type":"Feature","properties":{"grid_id":"AHM-0337","row":15,"col":16,"coverage":1.0,"area_km2":1.0,"centroid_lon":72.603981,"centroid_lat":23.053923},"geometry":{"type":"Polygon","coordinates":[[[72.599024,23.058362],[72.608778,23.05851],[72.608937,23.049484],[72.599184,23.049336],[72.599024,23.058362]]]}},{"type":"Feature","properties":{"grid_id":"AHM-0338","row":15,"col":17,"coverage":1.0,"area_km2":1.0,"centroid_lon":72.613734,"centroid_lat":23.054071},"geometry":{"type":"Polygon","coordinates":[[[72.608778,23.05851],[72.618531,23.058657],[72.61869,23.049631],[72.608937,23.049484],[72.608778,23.05851]]]}},{"type":"Feature","properties":{"grid_id":"AHM-0339","row":15,"col":18,"coverage":1.0,"area_km2":1.0,"centroid_lon":72.623487,"centroid_lat":23.054218},"geometry":{"type":"Polygon","coordinates":[[[72.618531,23.058657],[72.628285,23.058804],[72.628443,23.049778],[72.61869,23.049631],[72.618531,23.058657]]]}},{"type":"Feature","properties":{"grid_id":"AHM-0340","row":15,"col":19,"coverage":1.0,"area_km2":1.0,"centroid_lon":72.633241,"centroid_lat":23.054364},"geometry":{"type":"Polygon","coordinates":[[[72.628285,23.058804],[72.638039,23.05895],[72.638196,23.049924],[72.628443,23.049778],[72.628285,23.058804]]]}},{"type":"Feature","properties":{"grid_id":"AHM-0341","row":15,"col":20,"coverage":1.0,"area_km2":1.0,"centroid_lon":72.642994,"centroid_lat":23.05451},"geometry":{"type":"Polygon","coordinates":[[[72.638039,23.05895],[72.647793,23.059095],[72.647949,23.05007],[72.638196,23.049924],[72.638039,23.05895]]]}},{"type":"Feature","properties":{"grid_id":"AHM-0342","row":15,"col":21,"coverage":1.0,"area_km2":1.0,"centroid_lon":72.652748,"centroid_lat":23.054655},"geometry":{"type":"Polygon","coordinates":[[[72.647793,23.059095],[72.657546,23.05924],[72.657703,23.050214],[72.647949,23.05007],[72.647793,23.059095]]]}},{"type":"Feature","properties":{"grid_id":"AHM-0343","row":15,"col":22,"coverage":1.0,"area_km2":1.0,"centroid_lon":72.662501,"centroid_lat":23.0548},"geometry":{"type":"Polygon","coordinates":[[[72.657546,23.05924],[72.6673,23.059385],[72.667456,23.050359],[72.657703,23.050214],[72.657546,23.05924]]]}},{"type":"Feature","properties":{"grid_id":"AHM-0344","row":15,"col":23,"coverage":1.0,"area_km2":1.0,"centroid_lon":72.672255,"centroid_lat":23.054944},"geometry":{"type":"Polygon","coordinates":[[[72.6673,23.059385],[72.677054,23.059528],[72.677209,23.050502],[72.667456,23.050359],[72.6673,23.059385]]]}},{"type":"Feature","properties":{"grid_id":"AHM-0345","row":15,"col":24,"coverage":0.547,"area_km2":0.547,"centroid_lon":72.679815,"centroid_lat":23.055268},"geometry":{"type":"Polygon","coordinates":[[[72.677209,23.050502],[72.677054,23.059528],[72.683351,23.059621],[72.683021,23.058636],[72.682635,23.056897],[72.682437,23.055131],[72.682365,23.053927],[72.682363,23.053903],[72.682028,23.052137],[72.682043,23.052134],[72.681888,23.051386],[72.681811,23.05057],[72.677209,23.050502]]]}},{"type":"Feature","properties":{"grid_id":"AHM-0346","row":16,"col":0,"coverage":0.258,"area_km2":0.258,"centroid_lon":72.45068,"centroid_lat":23.058662},"geometry":{"type":"Polygon","coordinates":[[[72.452732,23.056071],[72.448047,23.055995],[72.448073,23.056171],[72.448115,23.056448],[72.448146,23.056604],[72.448348,23.057887],[72.448364,23.058029],[72.448383,23.058198],[72.448484,23.058911],[72.448579,23.05943],[72.448606,23.059569],[72.44865,23.059787],[72.448693,23.059988],[72.448696,23.059999],[72.448819,23.060432],[72.449328,23.06069],[72.450028,23.061003],[72.451704,23.061955],[72.452609,23.062594],[72.452732,23.056071]]]}},{"type":"Feature","properties":{"grid_id":"AHM-0347","row":16,"col":1,"coverage":0.955,"area_km2":0.955,"centroid_lon":72.457708,"centroid_lat":23.060493},"geometry":{"type":"Polygon","coordinates":[[[72.462315,23.065252],[72.462484,23.056228],[72.452732,23.056071],[72.452609,23.062594],[72.453268,23.063059],[72.454705,23.064303],[72.455496,23.065143],[72.462315,23.065252]]]}},{"type":"Feature","properties":{"grid_id":"AHM-0348","row":16,"col":2,"coverage":1.0,"area_km2":1.0,"centroid_lon":72.467276,"centroid_lat":23.060818},"geometry":{"type":"Polygon","coordinates":[[[72.462315,23.065252],[72.472068,23.065409],[72.472236,23.056384],[72.462484,23.056228],[72.462315,23.065252]]]}},{"type":"Feature","properties":{"grid_id":"AHM-0349","row":16,"col":3,"coverage":1.0,"area_km2":1.0,"centroid_lon":72.477028,"centroid_lat":23.060974},"geometry":{"type":"Polygon","coordinates":[[[72.472068,23.065409],[72.481821,23.065564],[72.481989,23.05654],[72.472236,23.056384],[72.472068,23.065409]]]}},{"type":"Feature","properties":{"grid_id":"AHM-0350","row":16,"col":4,"coverage":1.0,"area_km2":1.0,"centroid_lon":72.486781,"centroid_lat":23.06113},"geometry":{"type":"Polygon","coordinates":[[[72.481821,23.065564],[72.491574,23.06572],[72.491741,23.056695],[72.481989,23.05654],[72.481821,23.065564]]]}},{"type":"Feature","properties":{"grid_id":"AHM-0351","row":16,"col":5,"coverage":1.0,"area_km2":1.0,"centroid_lon":72.496534,"centroid_lat":23.061285},"geometry":{"type":"Polygon","coordinates":[[[72.491574,23.06572],[72.501327,23.065874],[72.501494,23.056849],[72.491741,23.056695],[72.491574,23.06572]]]}},{"type":"Feature","properties":{"grid_id":"AHM-0352","row":16,"col":6,"coverage":1.0,"area_km2":1.0,"centroid_lon":72.506287,"centroid_lat":23.061439},"geometry":{"type":"Polygon","coordinates":[[[72.501327,23.065874],[72.511081,23.066028],[72.511247,23.057003],[72.501494,23.056849],[72.501327,23.065874]]]}},{"type":"Feature","properties":{"grid_id":"AHM-0353","row":16,"col":7,"coverage":1.0,"area_km2":1.0,"centroid_lon":72.51604,"centroid_lat":23.061593},"geometry":{"type":"Polygon","coordinates":[[[72.511081,23.066028],[72.520834,23.066182],[72.520999,23.057157],[72.511247,23.057003],[72.511081,23.066028]]]}},{"type":"Feature","properties":{"grid_id":"AHM-0354","row":16,"col":8,"coverage":1.0,"area_km2":1.0,"centroid_lon":72.525793,"centroid_lat":23.061746},"geometry":{"type":"Polygon","coordinates":[[[72.520834,23.066182],[72.530587,23.066334],[72.530752,23.057309],[72.520999,23.057157],[72.520834,23.066182]]]}},{"type":"Feature","properties":{"grid_id":"AHM-0355","row":16,"col":9,"coverage":1.0,"area_km2":1.0,"centroid_lon":72.535546,"centroid_lat":23.061898},"geometry":{"type":"Polygon","coordinates":[[[72.530587,23.066334],[72.540341,23.066487],[72.540505,23.057462],[72.530752,23.057309],[72.530587,23.066334]]]}},{"type":"Feature","properties":{"grid_id":"AHM-0356","row":16,"col":10,"coverage":1.0,"area_km2":1.0,"centroid_lon":72.5453,"centroid_lat":23.06205},"geometry":{"type":"Polygon","coordinates":[[[72.540341,23.066487],[72.550095,23.066638],[72.550258,23.057613],[72.540505,23.057462],[72.540341,23.066487]]]}},{"type":"Feature","properties":{"grid_id":"AHM-0357","row":16,"col":11,"coverage":1.0,"area_km2":1.0,"centroid_lon":72.555053,"centroid_lat":23.062201},"geometry":{"type":"Polygon","coordinates":[[[72.550095,23.066638],[72.559848,23.066789],[72.560011,23.057764],[72.550258,23.057613],[72.550095,23.066638]]]}},{"type":"Feature","properties":{"grid_id":"AHM-0358","row":16,"col":12,"coverage":1.0,"area_km2":1.0,"centroid_lon":72.564806,"centroid_lat":23.062352},"geometry":{"type":"Polygon","coordinates":[[[72.559848,23.066789],[72.569602,23.06694],[72.569764,23.057914],[72.560011,23.057764],[72.559848,23.066789]]]}},{"type":"Feature","properties":{"grid_id":"AHM-0359","row":16,"col":13,"coverage":1.0,"area_km2":1.0,"centroid_lon":72.57456,"centroid_lat":23.062502},"geometry":{"type":"Polygon","coordinates":[[[72.569602,23.06694],[72.579356,23.067089],[72.579518,23.058064],[72.569764,23.057914],[72.569602,23.06694]]]}},{"type":"Feature","properties":{"grid_id":"AHM-0360","row":16,"col":14,"coverage":1.0,"area_km2":1.0,"centroid_lon":72.584314,"centroid_lat":23.062651},"geometry":{"type":"Polygon","coordinates":[[[72.579356,23.067089],[72.58911,23.067239],[72.589271,23.058213],[72.579518,23.058064],[72.579356,23.067089]]]}},{"type":"Feature","properties":{"grid_id":"AHM-0361","row":16,"col":15,"coverage":1.0,"area_km2":1.0,"centroid_lon":72.594067,"centroid_lat":23.0628},"geometry":{"type":"Polygon","coordinates":[[[72.58911,23.067239],[72.598864,23.067387],[72.599024,23.058362],[72.589271,23.058213],[72.58911,23.067239]]]}},{"type":"Feature","properties":{"grid_id":"AHM-0362","row":16,"col":16,"coverage":1.0,"area_km2":1.0,"centroid_lon":72.603821,"centroid_lat":23.062948},"geometry":{"type":"Polygon","coordinates":[[[72.598864,23.067387],[72.608618,23.067535],[72.608778,23.05851],[72.599024,23.058362],[72.598864,23.067387]]]}},{"type":"Feature","properties":{"grid_id":"AHM-0363","row":16,"col":17,"coverage":1.0,"area_km2":1.0,"centroid_lon":72.613575,"centroid_lat":23.063096},"geometry":{"type":"Polygon","coordinates":[[[72.608618,23.067535],[72.618372,23.067683],[72.618531,23.058657],[72.608778,23.05851],[72.608618,23.067535]]]}},{"type":"Feature","properties":{"grid_id":"AHM-0364","row":16,"col":18,"coverage":1.0,"area_km2":1.0,"centroid_lon":72.623329,"centroid_lat":23.063243},"geometry":{"type":"Polygon","coordinates":[[[72.618372,23.067683],[72.628127,23.067829],[72.628285,23.058804],[72.618531,23.058657],[72.618372,23.067683]]]}},{"type":"Feature","properties":{"grid_id":"AHM-0365","row":16,"col":19,"coverage":1.0,"area_km2":1.0,"centroid_lon":72.633083,"centroid_lat":23.06339},"geometry":{"type":"Polygon","coordinates":[[[72.628127,23.067829],[72.637881,23.067975],[72.638039,23.05895],[72.628285,23.058804],[72.628127,23.067829]]]}},{"type":"Feature","properties":{"grid_id":"AHM-0366","row":16,"col":20,"coverage":1.0,"area_km2":1.0,"centroid_lon":72.642837,"centroid_lat":23.063535},"geometry":{"type":"Polygon","coordinates":[[[72.637881,23.067975],[72.647636,23.068121],[72.647793,23.059095],[72.638039,23.05895],[72.637881,23.067975]]]}},{"type":"Feature","properties":{"grid_id":"AHM-0367","row":16,"col":21,"coverage":1.0,"area_km2":1.0,"centroid_lon":72.652591,"centroid_lat":23.063681},"geometry":{"type":"Polygon","coordinates":[[[72.647636,23.068121],[72.65739,23.068266],[72.657546,23.05924],[72.647793,23.059095],[72.647636,23.068121]]]}},{"type":"Feature","properties":{"grid_id":"AHM-0368","row":16,"col":22,"coverage":1.0,"area_km2":1.0,"centroid_lon":72.662345,"centroid_lat":23.063825},"geometry":{"type":"Polygon","coordinates":[[[72.65739,23.068266],[72.667145,23.06841],[72.6673,23.059385],[72.657546,23.05924],[72.65739,23.068266]]]}},{"type":"Feature","properties":{"grid_id":"AHM-0369","row":16,"col":23,"coverage":1.0,"area_km2":1.0,"centroid_lon":72.6721,"centroid_lat":23.063969},"geometry":{"type":"Polygon","coordinates":[[[72.667145,23.06841],[72.676899,23.068554],[72.677054,23.059528],[72.6673,23.059385],[72.667145,23.06841]]]}},{"type":"Feature","properties":{"grid_id":"AHM-0370","row":16,"col":24,"coverage":0.87,"area_km2":0.87,"centroid_lon":72.681306,"centroid_lat":23.064472},"geometry":{"type":"Polygon","coordinates":[[[72.677054,23.059528],[72.676899,23.068554],[72.686654,23.068697],[72.68671,23.065424],[72.686328,23.064999],[72.685251,23.063529],[72.684335,23.061969],[72.683589,23.060332],[72.683351,23.059621],[72.677054,23.059528]]]}},{"type":"Feature","properties":{"grid_id":"AHM-0371","row":16,"col":25,"coverage":0.065,"area_km2":0.065,"centroid_lon":72.687889,"centroid_lat":23.067674},"geometry":{"type":"Polygon","coordinates":[[[72.686654,23.068697],[72.690459,23.068753],[72.690415,23.068726],[72.688923,23.06761],[72.687556,23.066364],[72.68671,23.065424],[72.686654,23.068697]]]}},{"type":"Feature","properties":{"grid_id":"AHM-0372","row":17,"col":1,"coverage":0.403,"area_km2":0.403,"centroid_lon":72.460054,"centroid_lat":23.068862},"geometry":{"type":"Polygon","coordinates":[[[72.462145,23.074277],[72.462315,23.065252],[72.455496,23.065143],[72.455998,23.065675],[72.457136,23.06716],[72.458106,23.068744],[72.458899,23.07041],[72.459506,23.072141],[72.459922,23.07392],[72.459962,23.074242],[72.462145,23.074277]]]}},{"type":"Feature","properties":{"grid_id":"AHM-0373","row":17,"col":2,"coverage":1.0,"area_km2":1.0,"centroid_lon":72.467107,"centroid_lat":23.069843},"geometry":{"type":"Polygon","coordinates":[[[72.462145,23.074277],[72.471899,23.074433],[72.472068,23.065409],[72.462315,23.065252],[72.462145,23.074277]]]}},{"type":"Feature","properties":{"grid_id":"AHM-0374","row":17,"col":3,"coverage":1.0,"area_km2":1.0,"centroid_lon":72.47686,"centroid_lat":23.069999},"geometry":{"type":"Polygon","coordinates":[[[72.471899,23.074433],[72.481653,23.074589],[72.481821,23.065564],[72.472068,23.065409],[72.471899,23.074433]]]}},{"type":"Feature","properties":{"grid_id":"AHM-0375","row":17,"col":4,"coverage":1.0,"area_km2":1.0,"centroid_lon":72.486614,"centroid_lat":23.070154},"geometry":{"type":"Polygon","coordinates":[[[72.481653,23.074589],[72.491407,23.074744],[72.491574,23.06572],[72.481821,23.065564],[72.481653,23.074589]]]}},{"type":"Feature","properties":{"grid_id":"AHM-0376","row":17,"col":5,"coverage":1.0,"area_km2":1.0,"centroid_lon":72.496367,"centroid_lat":23.070309},"geometry":{"type":"Polygon","coordinates":[[[72.491407,23.074744],[72.50116,23.074899],[72.501327,23.065874],[72.491574,23.06572],[72.491407,23.074744]]]}},{"type":"Feature","properties":{"grid_id":"AHM-0377","row":17,"col":6,"coverage":1.0,"area_km2":1.0,"centroid_lon":72.506121,"centroid_lat":23.070464},"geometry":{"type":"Polygon","coordinates":[[[72.50116,23.074899],[72.510914,23.075053],[72.511081,23.066028],[72.501327,23.065874],[72.50116,23.074899]]]}},{"type":"Feature","properties":{"grid_id":"AHM-0378","row":17,"col":7,"coverage":1.0,"area_km2":1.0,"centroid_lon":72.515874,"centroid_lat":23.070617},"geometry":{"type":"Polygon","coordinates":[[[72.510914,23.075053],[72.520668,23.075206],[72.520834,23.066182],[72.511081,23.066028],[72.510914,23.075053]]]}},{"type":"Feature","properties":{"grid_id":"AHM-0379","row":17,"col":8,"coverage":1.0,"area_km2":1.0,"centroid_lon":72.525628,"centroid_lat":23.070771},"geometry":{"type":"Polygon","coordinates":[[[72.520668,23.075206],[72.530423,23.075359],[72.530587,23.066334],[72.520834,23.066182],[72.520668,23.075206]]]}},{"type":"Feature","properties":{"grid_id":"AHM-0380","row":17,"col":9,"coverage":1.0,"area_km2":1.0,"centroid_lon":72.535382,"centroid_lat":23.070923},"geometry":{"type":"Polygon","coordinates":[[[72.530423,23.075359],[72.540177,23.075512],[72.540341,23.066487],[72.530587,23.066334],[72.530423,23.075359]]]}},{"type":"Feature","properties":{"grid_id":"AHM-0381","row":17,"col":10,"coverage":1.0,"area_km2":1.0,"centroid_lon":72.545136,"centroid_lat":23.071075},"geometry":{"type":"Polygon","coordinates":[[[72.540177,23.075512],[72.549931,23.075663],[72.550095,23.066638],[72.540341,23.066487],[72.540177,23.075512]]]}},{"type":"Feature","properties":{"grid_id":"AHM-0382","row":17,"col":11,"coverage":1.0,"area_km2":1.0,"centroid_lon":72.55489,"centroid_lat":23.071226},"geometry":{"type":"Polygon","coordinates":[[[72.549931,23.075663],[72.559685,23.075814],[72.559848,23.066789],[72.550095,23.066638],[72.549931,23.075663]]]}},{"type":"Feature","properties":{"grid_id":"AHM-0383","row":17,"col":12,"coverage":1.0,"area_km2":1.0,"centroid_lon":72.564644,"centroid_lat":23.071377},"geometry":{"type":"Polygon","coordinates":[[[72.559685,23.075814],[72.56944,23.075965],[72.569602,23.06694],[72.559848,23.066789],[72.559685,23.075814]]]}},{"type":"Feature","properties":{"grid_id":"AHM-0384","row":17,"col":13,"coverage":1.0,"area_km2":1.0,"centroid_lon":72.574398,"centroid_lat":23.071527},"geometry":{"type":"Polygon","coordinates":[[[72.56944,23.075965],[72.579194,23.076115],[72.579356,23.067089],[72.569602,23.06694],[72.56944,23.075965]]]}},{"type":"Feature","properties":{"grid_id":"AHM-0385","row":17,"col":14,"coverage":1.0,"area_km2":1.0,"centroid_lon":72.584152,"centroid_lat":23.071677},"geometry":{"type":"Polygon","coordinates":[[[72.579194,23.076115],[72.588949,23.076264],[72.58911,23.067239],[72.579356,23.067089],[72.579194,23.076115]]]}},{"type":"Feature","properties":{"grid_id":"AHM-0386","row":17,"col":15,"coverage":1.0,"area_km2":1.0,"centroid_lon":72.593907,"centroid_lat":23.071826},"geometry":{"type":"Polygon","coordinates":[[[72.588949,23.076264],[72.598704,23.076413],[72.598864,23.067387],[72.58911,23.067239],[72.588949,23.076264]]]}},{"type":"Feature","properties":{"grid_id":"AHM-0387","row":17,"col":16,"coverage":1.0,"area_km2":1.0,"centroid_lon":72.603661,"centroid_lat":23.071974},"geometry":{"type":"Polygon","coordinates":[[[72.598704,23.076413],[72.608459,23.076561],[72.608618,23.067535],[72.598864,23.067387],[72.598704,23.076413]]]}},{"type":"Feature","properties":{"grid_id":"AHM-0388","row":17,"col":17,"coverage":1.0,"area_km2":1.0,"centroid_lon":72.613416,"centroid_lat":23.072122},"geometry":{"type":"Polygon","coordinates":[[[72.608459,23.076561],[72.618213,23.076708],[72.618372,23.067683],[72.608618,23.067535],[72.608459,23.076561]]]}},{"type":"Feature","properties":{"grid_id":"AHM-0389","row":17,"col":18,"coverage":1.0,"area_km2":1.0,"centroid_lon":72.62317,"centroid_lat":23.072269},"geometry":{"type":"Polygon","coordinates":[[[72.618213,23.076708],[72.627968,23.076855],[72.628127,23.067829],[72.618372,23.067683],[72.618213,23.076708]]]}},{"type":"Feature","properties":{"grid_id":"AHM-0390","row":17,"col":19,"coverage":1.0,"area_km2":1.0,"centroid_lon":72.632925,"centroid_lat":23.072415},"geometry":{"type":"Polygon","coordinates":[[[72.627968,23.076855],[72.637723,23.077001],[72.637881,23.067975],[72.628127,23.067829],[72.627968,23.076855]]]}},{"type":"Feature","properties":{"grid_id":"AHM-0391","row":17,"col":20,"coverage":1.0,"area_km2":1.0,"centroid_lon":72.64268,"centroid_lat":23.072561},"geometry":{"type":"Polygon","coordinates":[[[72.637723,23.077001],[72.647478,23.077147],[72.647636,23.068121],[72.637881,23.067975],[72.637723,23.077001]]]}},{"type":"Feature","properties":{"grid_id":"AHM-0392","row":17,"col":21,"coverage":1.0,"area_km2":1.0,"centroid_lon":72.652434,"centroid_lat":23.072706},"geometry":{"type":"Polygon","coordinates":[[[72.647478,23.077147],[72.657234,23.077292],[72.65739,23.068266],[72.647636,23.068121],[72.647478,23.077147]]]}},{"type":"Feature","properties":{"grid_id":"AHM-0393","row":17,"col":22,"coverage":1.0,"area_km2":1.0,"centroid_lon":72.662189,"centroid_lat":23.072851},"geometry":{"type":"Polygon","coordinates":[[[72.657234,23.077292],[72.666989,23.077436],[72.667145,23.06841],[72.65739,23.068266],[72.657234,23.077292]]]}},{"type":"Feature","properties":{"grid_id":"AHM-0394","row":17,"col":23,"coverage":1.0,"area_km2":1.0,"centroid_lon":72.671944,"centroid_lat":23.072995},"geometry":{"type":"Polygon","coordinates":[[[72.666989,23.077436],[72.676744,23.07758],[72.676899,23.068554],[72.667145,23.06841],[72.666989,23.077436]]]}},{"type":"Feature","properties":{"grid_id":"AHM-0395","row":17,"col":24,"coverage":1.0,"area_km2":1.0,"centroid_lon":72.681699,"centroid_lat":23.073139},"geometry":{"type":"Polygon","coordinates":[[[72.676744,23.07758],[72.6865,23.077723],[72.686654,23.068697],[72.676899,23.068554],[72.676744,23.07758]]]}},{"type":"Feature","properties":{"grid_id":"AHM-0396","row":17,"col":25,"coverage":0.9,"area_km2":0.9,"centroid_lon":72.691138,"centroid_lat":23.073676},"geometry":{"type":"Polygon","coordinates":[[[72.686654,23.068697],[72.6865,23.077723],[72.696255,23.077866],[72.696364,23.071476],[72.696319,23.071457],[72.695498,23.071192],[72.693719,23.070526],[72.692019,23.069702],[72.690459,23.068753],[72.686654,23.068697]]]}},{"type":"Feature","properties":{"grid_id":"AHM-0397","row":17,"col":26,"coverage":0.271,"area_km2":0.271,"centroid_lon":72.698383,"centroid_lat":23.074979},"geometry":{"type":"Polygon","coordinates":[[[72.696255,23.077866],[72.699448,23.077913],[72.699641,23.077877],[72.699729,23.077865],[72.699823,23.077589],[72.700116,23.076798],[72.700142,23.076735],[72.700167,23.076671],[72.70036,23.076193],[72.700979,23.07483],[72.701,23.074789],[72.701062,23.074635],[72.70113,23.074407],[72.701332,23.073596],[72.701366,23.073384],[72.700495,23.073104],[72.699565,23.072781],[72.699083,23.0726],[72.697822,23.07215],[72.696823,23.071673],[72.696364,23.071476],[72.696255,23.077866]]]}},{"type":"Feature","properties":{"grid_id":"AHM-0398","row":18,"col":1,"coverage":0.22,"area_km2":0.22,"centroid_lon":72.460974,"centroid_lat":23.078958},"geometry":{"type":"Polygon","coordinates":[[[72.461976,23.083301],[72.462145,23.074277],[72.459962,23.074242],[72.460143,23.075729],[72.460165,23.077549],[72.459989,23.079363],[72.459616,23.08115],[72.459609,23.081179],[72.459494,23.081964],[72.459504,23.082141],[72.459603,23.082937],[72.459623,23.083176],[72.459632,23.083263],[72.461976,23.083301]]]}},{"type":"Feature","properties":{"grid_id":"AHM-0399","row":18,"col":2,"coverage":1.0,"area_km2":1.0,"centroid_lon":72.466938,"centroid_lat":23.078867},"geometry":{"type":"Polygon","coordinates":[[[72.461976,23.083301],[72.47173,23.083458],[72.471899,23.074433],[72.462145,23.074277],[72.461976,23.083301]]]}},{"type":"Feature","properties":{"grid_id":"AHM-0400","row":18,"col":3,"coverage":1.0,"area_km2":1.0,"centroid_lon":72.476692,"centroid_lat":23.079023},"geometry":{"type":"Polygon","coordinates":[[[72.47173,23.083458],[72.481485,23.083614],[72.481653,23.074589],[72.471899,23.074433],[72.47173,23.083458]]]}},{"type":"Feature","properties":{"grid_id":"AHM-0401","row":18,"col":4,"coverage":1.0,"area_km2":1.0,"centroid_lon":72.486446,"centroid_lat":23.079179},"geometry":{"type":"Polygon","coordinates":[[[72.481485,23.083614],[72.491239,23.083769],[72.491407,23.074744],[72.481653,23.074589],[72.481485,23.083614]]]}},{"type":"Feature","properties":{"grid_id":"AHM-0402","row":18,"col":5,"coverage":1.0,"area_km2":1.0,"centroid_lon":72.4962,"centroid_lat":23.079334},"geometry":{"type":"Polygon","coordinates":[[[72.491239,23.083769],[72.500994,23.083924],[72.50116,23.074899],[72.491407,23.074744],[72.491239,23.083769]]]}},{"type":"Feature","properties":{"grid_id":"AHM-0403","row":18,"col":6,"coverage":1.0,"area_km2":1.0,"centroid_lon":72.505954,"centroid_lat":23.079488},"geometry":{"type":"Polygon","coordinates":[[[72.500994,23.083924],[72.510748,23.084078],[72.510914,23.075053],[72.50116,23.074899],[72.500994,23.083924]]]}},{"type":"Feature","properties":{"grid_id":"AHM-0404","row":18,"col":7,"coverage":1.0,"area_km2":1.0,"centroid_lon":72.515708,"centroid_lat":23.079642},"geometry":{"type":"Polygon","coordinates":[[[72.510748,23.084078],[72.520503,23.084231],[72.520668,23.075206],[72.510914,23.075053],[72.510748,23.084078]]]}},{"type":"Feature","properties":{"grid_id":"AHM-0405","row":18,"col":8,"coverage":1.0,"area_km2":1.0,"centroid_lon":72.525463,"centroid_lat":23.079795},"geometry":{"type":"Polygon","coordinates":[[[72.520503,23.084231],[72.530258,23.084384],[72.530423,23.075359],[72.520668,23.075206],[72.520503,23.084231]]]}},{"type":"Feature","properties":{"grid_id":"AHM-0406","row":18,"col":9,"coverage":1.0,"area_km2":1.0,"centroid_lon":72.535217,"centroid_lat":23.079948},"geometry":{"type":"Polygon","coordinates":[[[72.530258,23.084384],[72.540012,23.084537],[72.540177,23.075512],[72.530423,23.075359],[72.530258,23.084384]]]}},{"type":"Feature","properties":{"grid_id":"AHM-0407","row":18,"col":10,"coverage":1.0,"area_km2":1.0,"centroid_lon":72.544972,"centroid_lat":23.0801},"geometry":{"type":"Polygon","coordinates":[[[72.540012,23.084537],[72.549767,23.084688],[72.549931,23.075663],[72.540177,23.075512],[72.540012,23.084537]]]}},{"type":"Feature","properties":{"grid_id":"AHM-0408","row":18,"col":11,"coverage":1.0,"area_km2":1.0,"centroid_lon":72.554727,"centroid_lat":23.080251},"geometry":{"type":"Polygon","coordinates":[[[72.549767,23.084688],[72.559522,23.084839],[72.559685,23.075814],[72.549931,23.075663],[72.549767,23.084688]]]}},{"type":"Feature","properties":{"grid_id":"AHM-0409","row":18,"col":12,"coverage":1.0,"area_km2":1.0,"centroid_lon":72.564481,"centroid_lat":23.080402},"geometry":{"type":"Polygon","coordinates":[[[72.559522,23.084839],[72.569278,23.08499],[72.56944,23.075965],[72.559685,23.075814],[72.559522,23.084839]]]}},{"type":"Feature","properties":{"grid_id":"AHM-0410","row":18,"col":13,"coverage":1.0,"area_km2":1.0,"centroid_lon":72.574236,"centroid_lat":23.080552},"geometry":{"type":"Polygon","coordinates":[[[72.569278,23.08499],[72.579033,23.08514],[72.579194,23.076115],[72.56944,23.075965],[72.569278,23.08499]]]}},{"type":"Feature","properties":{"grid_id":"AHM-0411","row":18,"col":14,"coverage":1.0,"area_km2":1.0,"centroid_lon":72.583991,"centroid_lat":23.080702},"geometry":{"type":"Polygon","coordinates":[[[72.579033,23.08514],[72.588788,23.085289],[72.588949,23.076264],[72.579194,23.076115],[72.579033,23.08514]]]}},{"type":"Feature","properties":{"grid_id":"AHM-0412","row":18,"col":15,"coverage":1.0,"area_km2":1.0,"centroid_lon":72.593746,"centroid_lat":23.080851},"geometry":{"type":"Polygon","coordinates":[[[72.588788,23.085289],[72.598543,23.085438],[72.598704,23.076413],[72.588949,23.076264],[72.588788,23.085289]]]}},{"type":"Feature","properties":{"grid_id":"AHM-0413","row":18,"col":16,"coverage":1.0,"area_km2":1.0,"centroid_lon":72.603501,"centroid_lat":23.080999},"geometry":{"type":"Polygon","coordinates":[[[72.598543,23.085438],[72.608299,23.085586],[72.608459,23.076561],[72.598704,23.076413],[72.598543,23.085438]]]}},{"type":"Feature","properties":{"grid_id":"AHM-0414","row":18,"col":17,"coverage":1.0,"area_km2":1.0,"centroid_lon":72.613256,"centroid_lat":23.081147},"geometry":{"type":"Polygon","coordinates":[[[72.608299,23.085586],[72.618054,23.085734],[72.618213,23.076708],[72.608459,23.076561],[72.608299,23.085586]]]}},{"type":"Feature","properties":{"grid_id":"AHM-0415","row":18,"col":18,"coverage":1.0,"area_km2":1.0,"centroid_lon":72.623012,"centroid_lat":23.081294},"geometry":{"type":"Polygon","coordinates":[[[72.618054,23.085734],[72.62781,23.08588],[72.627968,23.076855],[72.618213,23.076708],[72.618054,23.085734]]]}},{"type":"Feature","properties":{"grid_id":"AHM-0416","row":18,"col":19,"coverage":1.0,"area_km2":1.0,"centroid_lon":72.632767,"centroid_lat":23.081441},"geometry":{"type":"Polygon","coordinates":[[[72.62781,23.08588],[72.637566,23.086027],[72.637723,23.077001],[72.627968,23.076855],[72.62781,23.08588]]]}},{"type":"Feature","properties":{"grid_id":"AHM-0417","row":18,"col":20,"coverage":1.0,"area_km2":1.0,"centroid_lon":72.642522,"centroid_lat":23.081587},"geometry":{"type":"Polygon","coordinates":[[[72.637566,23.086027],[72.647321,23.086172],[72.647478,23.077147],[72.637723,23.077001],[72.637566,23.086027]]]}},{"type":"Feature","properties":{"grid_id":"AHM-0418","row":18,"col":21,"coverage":1.0,"area_km2":1.0,"centroid_lon":72.652278,"centroid_lat":23.081732},"geometry":{"type":"Polygon","coordinates":[[[72.647321,23.086172],[72.657077,23.086318],[72.657234,23.077292],[72.647478,23.077147],[72.647321,23.086172]]]}},{"type":"Feature","properties":{"grid_id":"AHM-0419","row":18,"col":22,"coverage":1.0,"area_km2":1.0,"centroid_lon":72.662033,"centroid_lat":23.081877},"geometry":{"type":"Polygon","coordinates":[[[72.657077,23.086318],[72.666833,23.086462],[72.666989,23.077436],[72.657234,23.077292],[72.657077,23.086318]]]}},{"type":"Feature","properties":{"grid_id":"AHM-0420","row":18,"col":23,"coverage":1.0,"area_km2":1.0,"centroid_lon":72.671789,"centroid_lat":23.082021},"geometry":{"type":"Polygon","coordinates":[[[72.666833,23.086462],[72.676589,23.086606],[72.676744,23.07758],[72.666989,23.077436],[72.666833,23.086462]]]}},{"type":"Feature","properties":{"grid_id":"AHM-0421","row":18,"col":24,"coverage":0.99,"area_km2":0.99,"centroid_lon":72.6815,"centroid_lat":23.08212},"geometry":{"type":"Polygon","coordinates":[[[72.6865,23.077723],[72.676744,23.07758],[72.676589,23.086606],[72.684568,23.086723],[72.686107,23.08588],[72.686145,23.085862],[72.686286,23.085668],[72.686365,23.08557],[72.6865,23.077723]]]}},{"type":"Feature","properties":{"grid_id":"AHM-0422","row":18,"col":25,"coverage":0.391,"area_km2":0.391,"centroid_lon":72.689761,"centroid_lat":23.080104},"geometry":{"type":"Polygon","coordinates":[[[72.696255,23.077866],[72.6865,23.077723],[72.686365,23.08557],[72.687505,23.084165],[72.688886,23.082787],[72.690415,23.08155],[72.692074,23.080467],[72.693846,23.079549],[72.695711,23.078806],[72.696242,23.078653],[72.696255,23.077866]]]}},{"type":"Feature","properties":{"grid_id":"AHM-0423","row":19,"col":2,"coverage":0.188,"area_km2":0.188,"centroid_lon":72.468232,"centroid_lat":23.084468},"geometry":{"type":"Polygon","coordinates":[[[72.47173,23.083458],[72.461976,23.083301],[72.461964,23.083942],[72.463995,23.08417],[72.466108,23.084631],[72.466179,23.08465],[72.467958,23.085224],[72.46967,23.085955],[72.471297,23.086835],[72.471662,23.087079],[72.47173,23.083458]]]}},{"type":"Feature","properties":{"grid_id":"AHM-0424","row":19,"col":3,"coverage":0.799,"area_km2":0.799,"centroid_lon":72.477248,"centroid_lat":23.087409},"geometry":{"type":"Polygon","coordinates":[[[72.481316,23.092638],[72.481485,23.083614],[72.47173,23.083458],[72.471662,23.087079],[72.472825,23.087856],[72.47424,23.089008],[72.475527,23.090282],[72.476676,23.091664],[72.477291,23.092574],[72.481316,23.092638]]]}},{"type":"Feature","properties":{"grid_id":"AHM-0425","row":19,"col":4,"coverage":1.0,"area_km2":1.0,"centroid_lon":72.486278,"centroid_lat":23.088204},"geometry":{"type":"Polygon","coordinates":[[[72.481316,23.092638],[72.491071,23.092794],[72.491239,23.083769],[72.481485,23.083614],[72.481316,23.092638]]]}},{"type":"Feature","properties":{"grid_id":"AHM-0426","row":19,"col":5,"coverage":1.0,"area_km2":1.0,"centroid_lon":72.496033,"centroid_lat":23.088359},"geometry":{"type":"Polygon","coordinates":[[[72.491071,23.092794],[72.500827,23.092948],[72.500994,23.083924],[72.491239,23.083769],[72.491071,23.092794]]]}},{"type":"Feature","properties":{"grid_id":"AHM-0427","row":19,"col":6,"coverage":1.0,"area_km2":1.0,"centroid_lon":72.505788,"centroid_lat":23.088513},"geometry":{"type":"Polygon","coordinates":[[[72.500827,23.092948],[72.510582,23.093103],[72.510748,23.084078],[72.500994,23.083924],[72.500827,23.092948]]]}},{"type":"Feature","properties":{"grid_id":"AHM-0428","row":19,"col":7,"coverage":1.0,"area_km2":1.0,"centroid_lon":72.515542,"centroid_lat":23.088667},"geometry":{"type":"Polygon","coordinates":[[[72.510582,23.093103],[72.520337,23.093256],[72.520503,23.084231],[72.510748,23.084078],[72.510582,23.093103]]]}},{"type":"Feature","properties":{"grid_id":"AHM-0429","row":19,"col":8,"coverage":1.0,"area_km2":1.0,"centroid_lon":72.525298,"centroid_lat":23.08882},"geometry":{"type":"Polygon","coordinates":[[[72.520337,23.093256],[72.530093,23.093409],[72.530258,23.084384],[72.520503,23.084231],[72.520337,23.093256]]]}},{"type":"Feature","properties":{"grid_id":"AHM-0430","row":19,"col":9,"coverage":1.0,"area_km2":1.0,"centroid_lon":72.535053,"centroid_lat":23.088973},"geometry":{"type":"Polygon","coordinates":[[[72.530093,23.093409],[72.539848,23.093562],[72.540012,23.084537],[72.530258,23.084384],[72.530093,23.093409]]]}},{"type":"Feature","properties":{"grid_id":"AHM-0431","row":19,"col":10,"coverage":1.0,"area_km2":1.0,"centroid_lon":72.544808,"centroid_lat":23.089125},"geometry":{"type":"Polygon","coordinates":[[[72.539848,23.093562],[72.549604,23.093713],[72.549767,23.084688],[72.540012,23.084537],[72.539848,23.093562]]]}},{"type":"Feature","properties":{"grid_id":"AHM-0432","row":19,"col":11,"coverage":1.0,"area_km2":1.0,"centroid_lon":72.554563,"centroid_lat":23.089277},"geometry":{"type":"Polygon","coordinates":[[[72.549604,23.093713],[72.559359,23.093865],[72.559522,23.084839],[72.549767,23.084688],[72.549604,23.093713]]]}},{"type":"Feature","properties":{"grid_id":"AHM-0433","row":19,"col":12,"coverage":1.0,"area_km2":1.0,"centroid_lon":72.564319,"centroid_lat":23.089427},"geometry":{"type":"Polygon","coordinates":[[[72.559359,23.093865],[72.569115,23.094015],[72.569278,23.08499],[72.559522,23.084839],[72.559359,23.093865]]]}},{"type":"Feature","properties":{"grid_id":"AHM-0434","row":19,"col":13,"coverage":1.0,"area_km2":1.0,"centroid_lon":72.574074,"centroid_lat":23.089578},"geometry":{"type":"Polygon","coordinates":[[[72.569115,23.094015],[72.578871,23.094165],[72.579033,23.08514],[72.569278,23.08499],[72.569115,23.094015]]]}},{"type":"Feature","properties":{"grid_id":"AHM-0435","row":19,"col":14,"coverage":1.0,"area_km2":1.0,"centroid_lon":72.58383,"centroid_lat":23.089727},"geometry":{"type":"Polygon","coordinates":[[[72.578871,23.094165],[72.588627,23.094315],[72.588788,23.085289],[72.579033,23.08514],[72.578871,23.094165]]]}},{"type":"Feature","properties":{"grid_id":"AHM-0436","row":19,"col":15,"coverage":1.0,"area_km2":1.0,"centroid_lon":72.593585,"centroid_lat":23.089876},"geometry":{"type":"Polygon","coordinates":[[[72.588627,23.094315],[72.598383,23.094463],[72.598543,23.085438],[72.588788,23.085289],[72.588627,23.094315]]]}},{"type":"Feature","properties":{"grid_id":"AHM-0437","row":19,"col":16,"coverage":1.0,"area_km2":1.0,"centroid_lon":72.603341,"centroid_lat":23.090025},"geometry":{"type":"Polygon","coordinates":[[[72.598383,23.094463],[72.608139,23.094611],[72.608299,23.085586],[72.598543,23.085438],[72.598383,23.094463]]]}},{"type":"Feature","properties":{"grid_id":"AHM-0438","row":19,"col":17,"coverage":1.0,"area_km2":1.0,"centroid_lon":72.613097,"centroid_lat":23.090173},"geometry":{"type":"Polygon","coordinates":[[[72.608139,23.094611],[72.617895,23.094759],[72.618054,23.085734],[72.608299,23.085586],[72.608139,23.094611]]]}},{"type":"Feature","properties":{"grid_id":"AHM-0439","row":19,"col":18,"coverage":1.0,"area_km2":1.0,"centroid_lon":72.622853,"centroid_lat":23.09032},"geometry":{"type":"Polygon","coordinates":[[[72.617895,23.094759],[72.627651,23.094906],[72.62781,23.08588],[72.618054,23.085734],[72.617895,23.094759]]]}},{"type":"Feature","properties":{"grid_id":"AHM-0440","row":19,"col":19,"coverage":1.0,"area_km2":1.0,"centroid_lon":72.632609,"centroid_lat":23.090466},"geometry":{"type":"Polygon","coordinates":[[[72.627651,23.094906],[72.637408,23.095052],[72.637566,23.086027],[72.62781,23.08588],[72.627651,23.094906]]]}},{"type":"Feature","properties":{"grid_id":"AHM-0441","row":19,"col":20,"coverage":1.0,"area_km2":1.0,"centroid_lon":72.642365,"centroid_lat":23.090613},"geometry":{"type":"Polygon","coordinates":[[[72.637408,23.095052],[72.647164,23.095198],[72.647321,23.086172],[72.637566,23.086027],[72.637408,23.095052]]]}},{"type":"Feature","properties":{"grid_id":"AHM-0442","row":19,"col":21,"coverage":1.0,"area_km2":1.0,"centroid_lon":72.652121,"centroid_lat":23.090758},"geometry":{"type":"Polygon","coordinates":[[[72.647164,23.095198],[72.656921,23.095343],[72.657077,23.086318],[72.647321,23.086172],[72.647164,23.095198]]]}},{"type":"Feature","properties":{"grid_id":"AHM-0443","row":19,"col":22,"coverage":0.979,"area_km2":0.979,"centroid_lon":72.661798,"centroid_lat":23.090814},"geometry":{"type":"Polygon","coordinates":[[[72.666833,23.086462],[72.657077,23.086318],[72.656921,23.095343],[72.66351,23.095441],[72.664185,23.095186],[72.665839,23.094636],[72.665841,23.094642],[72.666697,23.094353],[72.666833,23.086462]]]}},{"type":"Feature","properties":{"grid_id":"AHM-0444","row":19,"col":23,"coverage":0.739,"area_km2":0.739,"centroid_lon":72.67138,"centroid_lat":23.089896},"geometry":{"type":"Polygon","coordinates":[[[72.676589,23.086606],[72.666833,23.086462],[72.666697,23.094353],[72.666882,23.09429],[72.667655,23.094066],[72.667707,23.094048],[72.669369,23.093655],[72.669367,23.093648],[72.670513,23.093396],[72.672169,23.093004],[72.67443,23.092723],[72.67458,23.092713],[72.674941,23.09262],[72.675255,23.092508],[72.675769,23.092273],[72.675805,23.092255],[72.676498,23.091924],[72.676589,23.086606]]]}},{"type":"Feature","properties":{"grid_id":"AHM-0445","row":19,"col":24,"coverage":0.268,"area_km2":0.268,"centroid_lon":72.679263,"centroid_lat":23.088591},"geometry":{"type":"Polygon","coordinates":[[[72.676589,23.086606],[72.676498,23.091924],[72.676498,23.091923],[72.678338,23.091152],[72.679001,23.090911],[72.679448,23.09072],[72.679863,23.090562],[72.67999,23.090445],[72.680536,23.089875],[72.680953,23.089469],[72.682524,23.088099],[72.684249,23.086898],[72.684568,23.086723],[72.676589,23.086606]]]}},{"type":"Feature","properties":{"grid_id":"AHM-0446","row":20,"col":3,"coverage":0.12,"area_km2":0.12,"centroid_lon":72.479801,"centroid_lat":23.094217},"geometry":{"type":"Polygon","coordinates":[[[72.481316,23.092638],[72.477291,23.092574],[72.477676,23.093143],[72.478516,23.094704],[72.478682,23.095052],[72.478768,23.09519],[72.478869,23.095318],[72.478985,23.095436],[72.479165,23.095581],[72.479641,23.095883],[72.480873,23.096629],[72.481237,23.096888],[72.481316,23.092638]]]}},{"type":"Feature","properties":{"grid_id":"AHM-0447","row":20,"col":4,"coverage":0.689,"area_km2":0.689,"centroid_lon":72.486717,"centroid_lat":23.095971},"geometry":{"type":"Polygon","coordinates":[[[72.491071,23.092794],[72.481316,23.092638],[72.481237,23.096888],[72.481487,23.097066],[72.481709,23.097205],[72.482395,23.0974],[72.483041,23.097548],[72.484856,23.098145],[72.486598,23.098906],[72.488252,23.099821],[72.489799,23.100883],[72.490904,23.101811],[72.491071,23.092794]]]}},{"type":"Feature","properties":{"grid_id":"AHM-0448","row":20,"col":5,"coverage":1.0,"area_km2":1.0,"centroid_lon":72.495865,"centroid_lat":23.097383},"geometry":{"type":"Polygon","coordinates":[[[72.50066,23.101973],[72.500827,23.092948],[72.491071,23.092794],[72.490904,23.101811],[72.490913,23.101818],[72.50066,23.101973]]]}},{"type":"Feature","properties":{"grid_id":"AHM-0449","row":20,"col":6,"coverage":1.0,"area_km2":1.0,"centroid_lon":72.505621,"centroid_lat":23.097538},"geometry":{"type":"Polygon","coordinates":[[[72.50066,23.101973],[72.510415,23.102127],[72.510582,23.093103],[72.500827,23.092948],[72.50066,23.101973]]]}},{"type":"Feature","properties":{"grid_id":"AHM-0450","row":20,"col":7,"coverage":1.0,"area_km2":1.0,"centroid_lon":72.515376,"centroid_lat":23.097692},"geometry":{"type":"Polygon","coordinates":[[[72.510415,23.102127],[72.520171,23.102281],[72.520337,23.093256],[72.510582,23.093103],[72.510415,23.102127]]]}},{"type":"Feature","properties":{"grid_id":"AHM-0451","row":20,"col":8,"coverage":1.0,"area_km2":1.0,"centroid_lon":72.525132,"centroid_lat":23.097845},"geometry":{"type":"Polygon","coordinates":[[[72.520171,23.102281],[72.529928,23.102434],[72.530093,23.093409],[72.520337,23.093256],[72.520171,23.102281]]]}},{"type":"Feature","properties":{"grid_id":"AHM-0452","row":20,"col":9,"coverage":1.0,"area_km2":1.0,"centroid_lon":72.534888,"centroid_lat":23.097998},"geometry":{"type":"Polygon","coordinates":[[[72.529928,23.102434],[72.539684,23.102587],[72.539848,23.093562],[72.530093,23.093409],[72.529928,23.102434]]]}},{"type":"Feature","properties":{"grid_id":"AHM-0453","row":20,"col":10,"coverage":1.0,"area_km2":1.0,"centroid_lon":72.544644,"centroid_lat":23.09815},"geometry":{"type":"Polygon","coordinates":[[[72.539684,23.102587],[72.54944,23.102738],[72.549604,23.093713],[72.539848,23.093562],[72.539684,23.102587]]]}},{"type":"Feature","properties":{"grid_id":"AHM-0454","row":20,"col":11,"coverage":1.0,"area_km2":1.0,"centroid_lon":72.5544,"centroid_lat":23.098302},"geometry":{"type":"Polygon","coordinates":[[[72.54944,23.102738],[72.559196,23.10289],[72.559359,23.093865],[72.549604,23.093713],[72.54944,23.102738]]]}},{"type":"Feature","properties":{"grid_id":"AHM-0455","row":20,"col":12,"coverage":1.0,"area_km2":1.0,"centroid_lon":72.564156,"centroid_lat":23.098452},"geometry":{"type":"Polygon","coordinates":[[[72.559196,23.10289],[72.568953,23.10304],[72.569115,23.094015],[72.559359,23.093865],[72.559196,23.10289]]]}},{"type":"Feature","properties":{"grid_id":"AHM-0456","row":20,"col":13,"coverage":1.0,"area_km2":1.0,"centroid_lon":72.573912,"centroid_lat":23.098603},"geometry":{"type":"Polygon","coordinates":[[[72.568953,23.10304],[72.578709,23.10319],[72.578871,23.094165],[72.569115,23.094015],[72.568953,23.10304]]]}},{"type":"Feature","properties":{"grid_id":"AHM-0457","row":20,"col":14,"coverage":1.0,"area_km2":1.0,"centroid_lon":72.583668,"centroid_lat":23.098753},"geometry":{"type":"Polygon","coordinates":[[[72.578709,23.10319],[72.588466,23.10334],[72.588627,23.094315],[72.578871,23.094165],[72.578709,23.10319]]]}},{"type":"Feature","properties":{"grid_id":"AHM-0458","row":20,"col":15,"coverage":1.0,"area_km2":1.0,"centroid_lon":72.593424,"centroid_lat":23.098902},"geometry":{"type":"Polygon","coordinates":[[[72.588466,23.10334],[72.598222,23.103489],[72.598383,23.094463],[72.588627,23.094315],[72.588466,23.10334]]]}},{"type":"Feature","properties":{"grid_id":"AHM-0459","row":20,"col":16,"coverage":1.0,"area_km2":1.0,"centroid_lon":72.603181,"centroid_lat":23.09905},"geometry":{"type":"Polygon","coordinates":[[[72.598222,23.103489],[72.607979,23.103637],[72.608139,23.094611],[72.598383,23.094463],[72.598222,23.103489]]]}},{"type":"Feature","properties":{"grid_id":"AHM-0460","row":20,"col":17,"coverage":1.0,"area_km2":1.0,"centroid_lon":72.612937,"centroid_lat":23.099198},"geometry":{"type":"Polygon","coordinates":[[[72.607979,23.103637],[72.617736,23.103785],[72.617895,23.094759],[72.608139,23.094611],[72.607979,23.103637]]]}},{"type":"Feature","properties":{"grid_id":"AHM-0461","row":20,"col":18,"coverage":0.973,"area_km2":0.973,"centroid_lon":72.622585,"centroid_lat":23.099236},"geometry":{"type":"Polygon","coordinates":[[[72.627651,23.094906],[72.617895,23.094759],[72.617736,23.103785],[72.625,23.103894],[72.625293,23.103638],[72.626821,23.102548],[72.627524,23.102142],[72.627651,23.094906]]]}},{"type":"Feature","properties":{"grid_id":"AHM-0462","row":20,"col":19,"coverage":0.589,"area_km2":0.589,"centroid_lon":72.632039,"centroid_lat":23.097698},"geometry":{"type":"Polygon","coordinates":[[[72.637408,23.095052],[72.627651,23.094906],[72.627524,23.102142],[72.628458,23.101603],[72.630187,23.100812],[72.631993,23.100183],[72.633857,23.099722],[72.635761,23.099433],[72.637333,23.099341],[72.637408,23.095052]]]}},{"type":"Feature","properties":{"grid_id":"AHM-0463","row":20,"col":20,"coverage":0.536,"area_km2":0.536,"centroid_lon":72.642557,"centroid_lat":23.097582},"geometry":{"type":"Polygon","coordinates":[[[72.647164,23.095198],[72.637408,23.095052],[72.637333,23.099341],[72.637687,23.09932],[72.639615,23.099383],[72.641527,23.099622],[72.643404,23.100034],[72.645228,23.100616],[72.646273,23.10106],[72.646631,23.101193],[72.64706,23.101189],[72.647164,23.095198]]]}},{"type":"Feature","properties":{"grid_id":"AHM-0464","row":20,"col":21,"coverage":0.475,"area_km2":0.475,"centroid_lon":72.651158,"centroid_lat":23.097598},"geometry":{"type":"Polygon","coordinates":[[[72.656921,23.095343],[72.647164,23.095198],[72.64706,23.101189],[72.647107,23.101188],[72.647594,23.10116],[72.647718,23.101152],[72.647967,23.101135],[72.648483,23.101086],[72.649015,23.101004],[72.649321,23.100941],[72.649329,23.100939],[72.649332,23.100938],[72.649648,23.100859],[72.64992,23.100773],[72.650041,23.100725],[72.650368,23.100558],[72.651015,23.100135],[72.652714,23.099139],[72.654514,23.098311],[72.656397,23.097658],[72.656883,23.097541],[72.656921,23.095343]]]}},{"type":"Feature","properties":{"grid_id":"AHM-0465","row":20,"col":22,"coverage":0.096,"area_km2":0.096,"centroid_lon":72.659267,"centroid_lat":23.096182},"geometry":{"type":"Polygon","coordinates":[[[72.656921,23.095343],[72.656883,23.097541],[72.658343,23.097188],[72.659614,23.097008],[72.660403,23.096867],[72.661157,23.096472],[72.662641,23.095769],[72.66351,23.095441],[72.656921,23.095343]]]}},{"type":"Feature","properties":{"grid_id":"AHM-0466","row":21,"col":5,"coverage":0.64,"area_km2":0.64,"centroid_lon":72.497253,"centroid_lat":23.105762},"geometry":{"type":"Polygon","coordinates":[[[72.500492,23.110998],[72.50066,23.101973],[72.490913,23.101818],[72.491226,23.102081],[72.492518,23.103403],[72.493663,23.104837],[72.494649,23.106368],[72.495468,23.107981],[72.49611,23.109662],[72.496449,23.110934],[72.500492,23.110998]]]}},{"type":"Feature","properties":{"grid_id":"AHM-0467","row":21,"col":6,"coverage":1.0,"area_km2":1.0,"centroid_lon":72.505454,"centroid_lat":23.106563},"geometry":{"type":"Polygon","coordinates":[[[72.500492,23.110998],[72.510249,23.111152],[72.510415,23.102127],[72.50066,23.101973],[72.500492,23.110998]]]}},{"type":"Feature","properties":{"grid_id":"AHM-0468","row":21,"col":7,"coverage":1.0,"area_km2":1.0,"centroid_lon":72.51521,"centroid_lat":23.106717},"geometry":{"type":"Polygon","coordinates":[[[72.510249,23.111152],[72.520006,23.111306],[72.520171,23.102281],[72.510415,23.102127],[72.510249,23.111152]]]}},{"type":"Feature","properties":{"grid_id":"AHM-0469","row":21,"col":8,"coverage":1.0,"area_km2":1.0,"centroid_lon":72.524967,"centroid_lat":23.10687},"geometry":{"type":"Polygon","coordinates":[[[72.520006,23.111306],[72.529762,23.111459],[72.529928,23.102434],[72.520171,23.102281],[72.520006,23.111306]]]}},{"type":"Feature","properties":{"grid_id":"AHM-0470","row":21,"col":9,"coverage":1.0,"area_km2":1.0,"centroid_lon":72.534723,"centroid_lat":23.107023},"geometry":{"type":"Polygon","coordinates":[[[72.529762,23.111459],[72.539519,23.111612],[72.539684,23.102587],[72.529928,23.102434],[72.529762,23.111459]]]}},{"type":"Feature","properties":{"grid_id":"AHM-0471","row":21,"col":10,"coverage":1.0,"area_km2":1.0,"centroid_lon":72.54448,"centroid_lat":23.107175},"geometry":{"type":"Polygon","coordinates":[[[72.539519,23.111612],[72.549276,23.111763],[72.54944,23.102738],[72.539684,23.102587],[72.539519,23.111612]]]}},{"type":"Feature","properties":{"grid_id":"AHM-0472","row":21,"col":11,"coverage":1.0,"area_km2":1.0,"centroid_lon":72.554236,"centroid_lat":23.107327},"geometry":{"type":"Polygon","coordinates":[[[72.549276,23.111763],[72.559033,23.111915],[72.559196,23.10289],[72.54944,23.102738],[72.549276,23.111763]]]}},{"type":"Feature","properties":{"grid_id":"AHM-0473","row":21,"col":12,"coverage":1.0,"area_km2":1.0,"centroid_lon":72.563993,"centroid_lat":23.107478},"geometry":{"type":"Polygon","coordinates":[[[72.559033,23.111915],[72.56879,23.112065],[72.568953,23.10304],[72.559196,23.10289],[72.559033,23.111915]]]}},{"type":"Feature","properties":{"grid_id":"AHM-0474","row":21,"col":13,"coverage":0.696,"area_km2":0.696,"centroid_lon":72.572821,"centroid_lat":23.106605},"geometry":{"type":"Polygon","coordinates":[[[72.578709,23.10319],[72.568953,23.10304],[72.56879,23.112065],[72.571034,23.1121],[72.57218,23.110725],[72.573471,23.109452],[72.574888,23.1083],[72.57642,23.10728],[72.57805,23.106402],[72.578656,23.106145],[72.578709,23.10319]]]}},{"type":"Feature","properties":{"grid_id":"AHM-0475","row":21,"col":14,"coverage":0.179,"area_km2":0.179,"centroid_lon":72.582648,"centroid_lat":23.104154},"geometry":{"type":"Polygon","coordinates":[[[72.588466,23.10334],[72.578709,23.10319],[72.578656,23.106145],[72.579765,23.105674],[72.581547,23.105102],[72.583381,23.104692],[72.58525,23.104447],[72.587135,23.104371],[72.588446,23.104435],[72.588466,23.10334]]]}},{"type":"Feature","properties":{"grid_id":"AHM-0476","row":21,"col":15,"coverage":0.237,"area_km2":0.237,"centroid_lon":72.594437,"centroid_lat":23.104679},"geometry":{"type":"Polygon","coordinates":[[[72.598222,23.103489],[72.588466,23.10334],[72.588446,23.104435],[72.589019,23.104463],[72.590885,23.104724],[72.592714,23.105149],[72.594491,23.105737],[72.594622,23.105786],[72.596256,23.106494],[72.597813,23.107338],[72.59815,23.107562],[72.598222,23.103489]]]}},{"type":"Feature","properties":{"grid_id":"AHM-0477","row":21,"col":16,"coverage":0.814,"area_km2":0.814,"centroid_lon":72.603656,"centroid_lat":23.107443},"geometry":{"type":"Polygon","coordinates":[[[72.607819,23.112662],[72.607979,23.103637],[72.598222,23.103489],[72.59815,23.107562],[72.599279,23.108312],[72.600642,23.109406],[72.600922,23.109678],[72.601487,23.110174],[72.60184,23.110429],[72.60341,23.111693],[72.604328,23.112609],[72.607819,23.112662]]]}},{"type":"Feature","properties":{"grid_id":"AHM-0478","row":21,"col":17,"coverage":1.0,"area_km2":1.0,"centroid_lon":72.612778,"centroid_lat":23.108224},"geometry":{"type":"Polygon","coordinates":[[[72.607819,23.112662],[72.617577,23.11281],[72.617736,23.103785],[72.607979,23.103637],[72.607819,23.112662]]]}},{"type":"Feature","properties":{"grid_id":"AHM-0479","row":21,"col":18,"coverage":0.383,"area_km2":0.383,"centroid_lon":72.619907,"centroid_lat":23.107199},"geometry":{"type":"Polygon","coordinates":[[[72.617736,23.103785],[72.617577,23.11281],[72.619084,23.112833],[72.619156,23.112539],[72.619764,23.110845],[72.62055,23.109215],[72.621506,23.107665],[72.622622,23.106209],[72.623889,23.104863],[72.625,23.103894],[72.617736,23.103785]]]}},{"type":"Feature","properties":{"grid_id":"AHM-0480","row":22,"col":5,"coverage":0.192,"area_km2":0.192,"centroid_lon":72.4988,"centroid_lat":23.113311},"geometry":{"type":"Polygon","coordinates":[[[72.500492,23.110998],[72.496449,23.110934],[72.496571,23.111393],[72.496844,23.113157],[72.496855,23.113262],[72.496923,23.113593],[72.497031,23.113934],[72.49716,23.114118],[72.497542,23.114669],[72.497584,23.114717],[72.49821,23.115324],[72.498229,23.115344],[72.498494,23.11558],[72.498828,23.115822],[72.499776,23.116554],[72.500013,23.116748],[72.500381,23.117025],[72.500492,23.110998]]]}},{"type":"Feature","properties":{"grid_id":"AHM-0481","row":22,"col":6,"coverage":0.906,"area_km2":0.906,"centroid_lon":72.505587,"centroid_lat":23.115219},"geometry":{"type":"Polygon","coordinates":[[[72.510082,23.120177],[72.510249,23.111152],[72.500492,23.110998],[72.500381,23.117025],[72.50101,23.117497],[72.501277,23.117723],[72.50148,23.117863],[72.501921,23.118112],[72.502684,23.118565],[72.502768,23.118618],[72.502826,23.11864],[72.504632,23.119236],[72.506476,23.120055],[72.506592,23.120122],[72.510082,23.120177]]]}},{"type":"Feature","properties":{"grid_id":"AHM-0482","row":22,"col":7,"coverage":1.0,"area_km2":1.0,"centroid_lon":72.515044,"centroid_lat":23.115741},"geometry":{"type":"Polygon","coordinates":[[[72.510082,23.120177],[72.51984,23.120331],[72.520006,23.111306],[72.510249,23.111152],[72.510082,23.120177]]]}},{"type":"Feature","properties":{"grid_id":"AHM-0483","row":22,"col":8,"coverage":1.0,"area_km2":1.0,"centroid_lon":72.524801,"centroid_lat":23.115895},"geometry":{"type":"Polygon","coordinates":[[[72.51984,23.120331],[72.529597,23.120484],[72.529762,23.111459],[72.520006,23.111306],[72.51984,23.120331]]]}},{"type":"Feature","properties":{"grid_id":"AHM-0484","row":22,"col":9,"coverage":1.0,"area_km2":1.0,"centroid_lon":72.534558,"centroid_lat":23.116048},"geometry":{"type":"Polygon","coordinates":[[[72.529597,23.120484],[72.539355,23.120636],[72.539519,23.111612],[72.529762,23.111459],[72.529597,23.120484]]]}},{"type":"Feature","properties":{"grid_id":"AHM-0485","row":22,"col":10,"coverage":1.0,"area_km2":1.0,"centroid_lon":72.544315,"centroid_lat":23.1162},"geometry":{"type":"Polygon","coordinates":[[[72.539355,23.120636],[72.549112,23.120788],[72.549276,23.111763],[72.539519,23.111612],[72.539355,23.120636]]]}},{"type":"Feature","properties":{"grid_id":"AHM-0486","row":22,"col":11,"coverage":1.0,"area_km2":1.0,"centroid_lon":72.554073,"centroid_lat":23.116352},"geometry":{"type":"Polygon","coordinates":[[[72.549112,23.120788],[72.55887,23.12094],[72.559033,23.111915],[72.549276,23.111763],[72.549112,23.120788]]]}},{"type":"Feature","properties":{"grid_id":"AHM-0487","row":22,"col":12,"coverage":0.965,"area_km2":0.965,"centroid_lon":72.563669,"centroid_lat":23.1164},"geometry":{"type":"Polygon","coordinates":[[[72.56879,23.112065],[72.559033,23.111915],[72.55887,23.12094],[72.567603,23.121075],[72.567678,23.120178],[72.568003,23.118459],[72.568506,23.116777],[72.568714,23.116275],[72.56879,23.112065]]]}},{"type":"Feature","properties":{"grid_id":"AHM-0488","row":22,"col":16,"coverage":0.077,"area_km2":0.077,"centroid_lon":72.606622,"centroid_lat":23.113938},"geometry":{"type":"Polygon","coordinates":[[[72.607819,23.112662],[72.604328,23.112609],[72.604825,23.113105],[72.606069,23.114649],[72.606597,23.115473],[72.606908,23.115917],[72.607362,23.115933],[72.607402,23.115933],[72.607762,23.115911],[72.607819,23.112662]]]}},{"type":"Feature","properties":{"grid_id":"AHM-0489","row":22,"col":17,"coverage":0.297,"area_km2":0.297,"centroid_lon":72.61235,"centroid_lat":23.114091},"geometry":{"type":"Polygon","coordinates":[[[72.617577,23.11281],[72.607819,23.112662],[72.607762,23.115911],[72.608481,23.115868],[72.608658,23.115848],[72.609645,23.11569],[72.612164,23.115441],[72.612421,23.115431],[72.612485,23.115428],[72.613843,23.115293],[72.613844,23.1153],[72.615203,23.115138],[72.61675,23.115068],[72.617094,23.115065],[72.617465,23.115061],[72.617537,23.115061],[72.617577,23.11281]]]}},{"type":"Feature","properties":{"grid_id":"AHM-0490","row":23,"col":7,"coverage":0.755,"area_km2":0.755,"centroid_lon":72.515829,"centroid_lat":23.124102},"geometry":{"type":"Polygon","coordinates":[[[72.519674,23.129355],[72.51984,23.120331],[72.510082,23.120177],[72.510042,23.122386],[72.511315,23.123511],[72.512639,23.124953],[72.513792,23.126516],[72.513998,23.12683],[72.514114,23.127009],[72.514121,23.12702],[72.514198,23.12714],[72.51428,23.127259],[72.514385,23.127418],[72.51438,23.127421],[72.514879,23.128195],[72.515357,23.128871],[72.515623,23.129292],[72.519674,23.129355]]]}},{"type":"Feature","properties":{"grid_id":"AHM-0491","row":23,"col":8,"coverage":1.0,"area_km2":1.0,"centroid_lon":72.524636,"centroid_lat":23.12492},"geometry":{"type":"Polygon","coordinates":[[[72.519674,23.129355],[72.529432,23.129509],[72.529597,23.120484],[72.51984,23.120331],[72.519674,23.129355]]]}},{"type":"Feature","properties":{"grid_id":"AHM-0492","row":23,"col":9,"coverage":1.0,"area_km2":1.0,"centroid_lon":72.534393,"centroid_lat":23.125073},"geometry":{"type":"Polygon","coordinates":[[[72.529432,23.129509],[72.53919,23.129661],[72.539355,23.120636],[72.529597,23.120484],[72.529432,23.129509]]]}},{"type":"Feature","properties":{"grid_id":"AHM-0493","row":23,"col":10,"coverage":1.0,"area_km2":1.0,"centroid_lon":72.544151,"centroid_lat":23.125225},"geometry":{"type":"Polygon","coordinates":[[[72.53919,23.129661],[72.548948,23.129813],[72.549112,23.120788],[72.539355,23.120636],[72.53919,23.129661]]]}},{"type":"Feature","properties":{"grid_id":"AHM-0494","row":23,"col":11,"coverage":1.0,"area_km2":1.0,"centroid_lon":72.553909,"centroid_lat":23.125377},"geometry":{"type":"Polygon","coordinates":[[[72.548948,23.129813],[72.558706,23.129965],[72.55887,23.12094],[72.549112,23.120788],[72.548948,23.129813]]]}},{"type":"Feature","properties":{"grid_id":"AHM-0495","row":23,"col":12,"coverage":0.915,"area_km2":0.915,"centroid_lon":72.563254,"centroid_lat":23.125562},"geometry":{"type":"Polygon","coordinates":[[[72.55887,23.12094],[72.558706,23.129965],[72.567652,23.130103],[72.567669,23.130031],[72.567782,23.129014],[72.567816,23.128202],[72.567852,23.127615],[72.567911,23.126851],[72.567898,23.126408],[72.56785,23.125823],[72.567834,23.125628],[72.567792,23.125397],[72.567572,23.123663],[72.567534,23.121918],[72.567603,23.121075],[72.55887,23.12094]]]}},{"type":"Feature","properties":{"grid_id":"AHM-0496","row":24,"col":7,"coverage":0.203,"area_km2":0.203,"centroid_lon":72.518379,"centroid_lat":23.132576},"geometry":{"type":"Polygon","coordinates":[[[72.519674,23.129355],[72.515623,23.129292],[72.516348,23.130438],[72.517164,23.132089],[72.517797,23.133807],[72.518239,23.135576],[72.518488,23.137376],[72.518513,23.137677],[72.518816,23.137791],[72.519514,23.138013],[72.519674,23.129355]]]}},{"type":"Feature","properties":{"grid_id":"AHM-0497","row":24,"col":8,"coverage":0.998,"area_km2":0.998,"centroid_lon":72.52448,"centroid_lat":23.133935},"geometry":{"type":"Polygon","coordinates":[[[72.529266,23.138534],[72.529432,23.129509],[72.519674,23.129355],[72.519514,23.138013],[72.519971,23.138159],[72.520531,23.138396],[72.529266,23.138534]]]}},{"type":"Feature","properties":{"grid_id":"AHM-0498","row":24,"col":9,"coverage":0.793,"area_km2":0.793,"centroid_lon":72.53368,"centroid_lat":23.133301},"geometry":{"type":"Polygon","coordinates":[[[72.53919,23.129661],[72.529432,23.129509],[72.529266,23.138534],[72.5314,23.138567],[72.531486,23.138528],[72.531755,23.138337],[72.532631,23.13764],[72.534166,23.136639],[72.535799,23.135779],[72.537513,23.135069],[72.5391,23.134574],[72.53919,23.129661]]]}},{"type":"Feature","properties":{"grid_id":"AHM-0499","row":24,"col":10,"coverage":0.477,"area_km2":0.477,"centroid_lon":72.543943,"centroid_lat":23.131892},"geometry":{"type":"Polygon","coordinates":[[[72.548948,23.129813],[72.53919,23.129661],[72.5391,23.134574],[72.539292,23.134514],[72.541122,23.13412],[72.542983,23.13389],[72.54486,23.133826],[72.546735,23.13393],[72.548591,23.1342],[72.548867,23.134266],[72.548948,23.129813]]]}},{"type":"Feature","properties":{"grid_id":"AHM-0500","row":24,"col":11,"coverage":0.696,"area_km2":0.696,"centroid_lon":72.554361,"centroid_lat":23.13318},"geometry":{"type":"Polygon","coordinates":[[[72.558706,23.129965],[72.548948,23.129813],[72.548867,23.134266],[72.55041,23.134634],[72.552175,23.135227],[72.553871,23.135975],[72.555481,23.136869],[72.55699,23.137903],[72.557399,23.138244],[72.557887,23.13861],[72.558339,23.138643],[72.558549,23.138642],[72.558706,23.129965]]]}},{"type":"Feature","properties":{"grid_id":"AHM-0501","row":24,"col":12,"coverage":0.628,"area_km2":0.628,"centroid_lon":72.562225,"centroid_lat":23.133512},"geometry":{"type":"Polygon","coordinates":[[[72.558706,23.129965],[72.558549,23.138642],[72.558725,23.138642],[72.559206,23.138603],[72.559266,23.138592],[72.560267,23.138282],[72.561217,23.137915],[72.56204,23.137555],[72.562228,23.137463],[72.562606,23.137256],[72.562625,23.137238],[72.563959,23.136067],[72.564688,23.135484],[72.564944,23.135191],[72.565056,23.13505],[72.56612,23.133714],[72.566723,23.13286],[72.566751,23.132816],[72.566957,23.132447],[72.567113,23.132088],[72.567385,23.131239],[72.56748,23.130875],[72.567509,23.130715],[72.567652,23.130103],[72.558706,23.129965]]]}},{"type":"Feature","properties":{"grid_id":"AHM-0502","row":25,"col":8,"coverage":0.134,"area_km2":0.134,"centroid_lon":72.525522,"centroid_lat":23.13929},"geometry":{"type":"Polygon","coordinates":[[[72.529266,23.138534],[72.520531,23.138396],[72.52172,23.138901],[72.523381,23.1398],[72.524351,23.140451],[72.524673,23.140648],[72.524688,23.140656],[72.524843,23.140717],[72.525107,23.140645],[72.52581,23.140469],[72.527062,23.140177],[72.527103,23.140165],[72.52748,23.140041],[72.52918,23.13959],[72.529247,23.13957],[72.529266,23.138534]]]}}]}